doc_id,certainty,hedged_body,hedged_title,mech: pathogen named (incl. speculation),"mech: spoilage / off food (basi, bau, berlendir)",mech: timing / storage / temperature,"mech: hygiene / sanitation (higienis, sanitasi, SLHS)",mech: water / utensils,mech: allergy / non-food cause,mech: denies MBG link,food mentioned: ayam,food suspected: ayam,food mentioned: telur,food suspected: telur,food mentioned: ikan,food suspected: ikan,food mentioned: susu,food suspected: susu,food mentioned: tahu/tempe,food suspected: tahu/tempe,food mentioned: sayur,food suspected: sayur,food mentioned: buah,food suspected: buah,food mentioned: daging/olahan,food suspected: daging/olahan,food mentioned: mie/pasta,food suspected: mie/pasta,food mentioned: nasi,food suspected: nasi,symptom: mual,symptom: muntah,symptom: pusing,symptom: diare,symptom: sakit perut,symptom: lemas,symptom: demam,symptom: sesak,symptom: gatal/ruam,symptom: pingsan,care: rawat inap / rujuk,care: rawat jalan / puskesmas,response: SPPG halted / closed,response: KLB declared / mentioned,response: police involved,response: BGN (national agency) cited,response: BPOM cited,response: apology,response: costs covered,response: SLHS / hygiene certificate,response: DPR / legislators,response: calls for programme halt / full evaluation,domain,publish_date,venue_level,n_events,original_url,title_text,quarter
bb75514590fa,"samples taken, no result stated",True,False,False,True,False,False,False,False,False,True,False,False,False,False,False,False,False,False,False,False,False,False,False,False,False,False,False,False,False,True,False,False,True,False,False,False,False,False,False,False,False,False,False,False,True,True,False,False,False,False,False,regional.kompas.com,2025-01-17,primary,1,https://regional.kompas.com/read/2025/01/17/133943478/puluhan-anak-sd-di-nunukan-keracunan-mbg-begini-penjelasan-penyedia-menu,"Puluhan Anak SD di Nunukan Keracunan MBG, Begini Penjelasan Penyedia Menu dan Perwakilan BGN",2025Q1
7a1459e7613e,no cause information,False,False,False,True,False,False,False,False,False,True,False,False,False,True,True,False,False,True,True,False,False,False,False,False,False,False,False,False,False,True,False,False,True,False,False,False,False,False,False,False,False,False,False,False,False,False,False,False,False,False,False,regional.kompas.com,2025-01-19,senior_secondary,1,https://regional.kompas.com/read/2025/01/19/094801178/siswa-sma-di-nunukan-juga-keracunan-mbg-lauk-tongkol-berulat,"Siswa SMA di Nunukan Juga Keracunan MBG, Lauk Tongkol Berulat",2025Q1
60e2e6ff1f8f,"samples taken, no result stated",False,True,False,True,False,False,False,False,False,False,False,False,False,False,False,False,False,True,True,False,False,False,False,False,False,False,False,False,False,True,True,True,False,True,False,False,False,False,False,False,True,False,False,True,False,False,False,False,False,False,False,sumba.inews.id,2025-02-18,primary,1,https://sumba.inews.id/read/558543/puluhan-siswa-sdk-andaluri-diduga-keracunan-usai-santap-menu-makan-bergizi-gratis,Puluhan Siswa SDK Andaluri Diduga Keracunan Usai Santap Menu Makan Bergizi Gratis,2025Q1
740b58b4eb68,"samples taken, no result stated",False,False,False,True,False,False,False,False,False,True,False,False,False,False,False,False,False,False,False,True,False,True,True,False,False,False,False,True,False,True,True,True,True,True,False,False,False,False,False,False,True,False,False,False,False,False,False,False,False,False,False,regional.kompas.com,2025-02-21,primary,1,https://regional.kompas.com/read/2025/02/21/175529378/28-siswa-sd-di-pandeglang-alami-gejala-keracunan-usai-santap-mbg,28 Siswa SD di Pandeglang Alami Gejala Keracunan Usai Santap MBG,2025Q1
90d9eb5c84be,no cause information,True,True,False,False,False,False,False,False,False,False,False,False,False,True,False,False,False,True,False,True,False,True,False,False,False,False,False,True,False,False,False,False,False,False,False,False,False,False,False,False,False,False,False,False,False,False,False,False,False,False,False,metrotvnews.com,2025-02-26,,3,https://www.metrotvnews.com/read/bzGCRJ8g-belasan-siswa-di-takalar-diduga-keracunan-usai-makan-menu-mbg,Belasan Siswa di Takalar Diduga Keracunan Usai Makan Menu MBG,2025Q1
28a0f17e6b68,no cause information,True,True,False,False,False,True,False,False,False,False,False,False,False,False,False,False,False,False,False,False,False,False,False,False,False,False,False,False,False,True,True,False,False,False,False,False,False,False,False,False,False,False,False,False,False,False,False,False,False,False,False,merdekami.com,2025-04-23,primary,1,https://merdekami.com/2025/04/gejala-diduga-keracunan-muncul-di-sdn-33-kasipute-program-makanan-gratis-disorot/,"Gejala Diduga Keracunan Muncul di SDN 33 Kasipute, Program Makanan Gratis Disorot - Merdekami",2025Q2
a50719c41d30,no cause information,True,False,False,True,False,False,False,False,False,True,True,False,False,False,False,False,False,False,False,False,False,False,False,False,False,False,False,False,False,True,True,True,False,True,False,False,False,False,False,False,False,False,True,False,False,False,False,False,False,False,False,nasional.kompas.com,2025-04-24,primary,1,https://nasional.kompas.com/read/2025/04/24/18431321/rentetan-keracunan-massal-mbg-lebih-dari-200-siswa-jadi-korban,"Rentetan Keracunan Massal MBG, Lebih dari 200 Siswa Jadi Korban",2025Q2
41837c358474,no cause information,True,False,True,False,False,True,False,True,False,True,False,False,False,False,False,False,False,False,False,False,False,False,False,True,False,False,False,False,False,True,True,True,True,False,False,False,False,False,False,False,True,False,False,False,False,False,False,False,False,False,False,ntthits.com,2025-04-25,primary,1,https://www.ntthits.com/politik/57715026614/rentetan-kasus-keracunan-mbg-di-berbagai-daerah-program-bergizi-yang-kini-dikhawatirkan,Rentetan Kasus Keracunan MBG di Berbagai Daerah: Program Bergizi yang Kini Dikhawatirkan - NTT Hits,2025Q2
86c6227bc664,no cause information,True,True,False,True,True,False,False,False,False,True,False,False,False,False,False,True,False,True,True,False,False,False,False,True,True,False,False,False,False,False,False,False,True,True,False,False,False,False,False,False,False,False,False,False,False,False,False,False,False,False,False,cnnindonesia.com,2025-04-29,primary,1,https://www.cnnindonesia.com/nasional/20250429174012-20-1223999/kepala-sekolah-dan-dua-siswa-di-karanganyar-diduga-keracunan-mbg,Kepala Sekolah dan Dua Siswa di Karanganyar Diduga Keracunan MBG,2025Q2
edf3d29c2e88,no cause information,True,False,False,False,False,False,False,False,False,False,False,False,False,False,False,False,False,True,False,False,False,False,False,False,False,False,False,False,False,True,True,True,False,False,False,False,False,False,False,False,False,False,False,False,False,False,False,False,False,False,False,viva.co.id,2025-05-07,mixed,1,https://www.viva.co.id/berita/nasional/1821155-ratusan-siswa-keracunan-program-mbg-di-pali-sumatera-selatan-disetop-sementara?page=1,"Ratusan Siswa Keracunan, Program MBG di PALI Sumatera Selatan Disetop Sementara",2025Q2
8285d0076d4e,lab: contamination reported,False,False,True,False,False,True,True,False,False,False,False,True,True,False,False,False,False,False,False,False,False,True,True,False,False,False,False,True,True,False,False,False,False,False,True,False,False,False,False,False,False,False,False,False,False,True,False,False,False,False,False,detik.com,2025-05-09,primary,1,https://www.detik.com/bali/nusra/d-7907093/5-siswa-lombok-tengah-keracunan-menu-mbg-ada-bakteri-e-coli-di-telur,"5 Siswa Lombok Tengah Keracunan Menu MBG, Ada Bakteri E-Coli di Telur",2025Q2
e90765994401,"samples taken, no result stated",True,True,False,False,True,True,True,False,False,True,False,False,False,True,False,False,False,True,False,False,False,False,False,True,False,False,False,True,False,False,False,False,False,False,False,False,False,False,False,False,True,True,True,False,True,False,False,False,False,False,False,surabaya.kompas.com,2025-05-24,early_childhood,1,https://surabaya.kompas.com/read/2026/05/24/101632678/diduga-abaikan-edaran-bgn-dan-buat-25-anak-di-jember-keracunan-sppg?page=all,"Diduga Abaikan Edaran BGN dan Buat 25 Anak di Jember Keracunan, SPPG Kaliwates 3 Terancam Ditutup",2025Q2
5c72bbbc5a08,"samples taken, no result stated",True,True,False,False,False,False,True,False,False,False,False,True,False,False,False,False,False,False,False,False,False,True,False,False,False,False,False,True,False,False,True,False,True,False,False,False,False,False,False,True,True,False,False,False,False,False,False,False,False,False,True,joglosemarnews.com,2025-06-21,early_childhood,1,https://joglosemarnews.com/2025/06/diare-massal-di-tk-aba-kasatriyan-kulonprogo-bakmi-mbg-diduga-jadi-pemicu/,"Diare Massal di TK ABA Kasatriyan Kulonprogo, Bakmi MBG Diduga Jadi Pemicu » JOGLOSEMAR NEWS",2025Q2
76ffce7b239b,no cause information,True,False,False,False,False,False,False,False,False,False,False,False,False,False,False,False,False,False,False,True,False,False,False,True,False,False,False,True,False,True,False,False,False,False,True,False,False,False,False,True,False,False,False,False,True,False,False,False,False,False,False,kompas.id,2025-07-22,junior_secondary,1,https://www.kompas.id/artikel/mereka-lemas-keracunan-mbg-di-samping-balai-kota-kupang,Mereka Lemas Keracunan Paket MBG di Samping Balai Kota Kupang,2025Q3
d3f831bcd132,no cause information,True,False,False,False,False,False,False,False,False,False,False,False,False,True,False,False,False,True,False,True,False,True,False,False,False,False,False,True,False,True,False,True,False,False,False,False,False,True,False,False,True,False,False,False,False,False,False,False,False,False,False,suara.com,2025-07-24,,3,https://www.suara.com/news/2025/07/24/122257/puluhan-siswa-sma-di-sumba-barat-daya-keracunan-mbg,Puluhan Siswa SMA di Sumba Barat Daya Keracunan MBG,2025Q3
e041b842686a,no cause information,True,False,False,False,False,False,False,False,False,False,False,False,False,False,False,False,False,False,False,False,False,False,False,False,False,False,False,False,False,False,False,False,False,False,False,False,False,False,False,False,False,False,False,False,False,False,False,False,False,False,False,koranmedia.com,2025-07-26,,2,https://www.koranmedia.com/daerah/1351442883/tersebar-di-6-sekolah-ombudsman-ri-perwakilan-ntt-catat-jumlah-korban-keracunan-mbg-capai-ratusan,"Tersebar di 6 Sekolah, Ombudsman RI Perwakilan NTT Catat Jumlah Korban Keracunan MBG Capai Ratusan - Koran Media",2025Q3
a191b3a05e29,awaiting lab / cause unknown,True,True,True,False,False,False,False,False,False,False,False,True,False,False,False,False,False,True,False,False,False,True,False,False,False,False,False,True,False,False,False,False,False,False,False,False,False,False,False,False,False,False,False,False,True,False,True,False,False,False,False,kadera.id,2025-07-27,senior_secondary,1,https://www.kadera.id/2025/07/27/diduga-keracunan-mbg-sampel-darah-17-siswa-smkn-5-ternate-diperiksa/,"Diduga Keracunan MBG, Sampel Darah 17 Siswa SMKN 5 Ternate Diperiksa",2025Q3
0c55465a87bf,no cause information,False,False,False,False,False,False,False,False,False,False,False,False,False,False,False,True,False,True,False,False,False,True,False,False,False,False,False,True,False,True,True,True,False,True,False,False,False,False,True,False,False,False,False,True,False,False,False,False,False,False,False,kuninganmass.com,2025-07-31,junior_secondary,1,https://kuninganmass.com/setelah-makan-siang-gratis-puluhan-siswa-smpn-1-cilimus-sakit-perut/,"Setelah Makan Siang Gratis, Puluhan Siswa SMPN 1 Cilimus Sakit Perut - Kuningan Mass",2025Q3
a65d6e05f203,"samples taken, no result stated",True,False,False,False,True,False,False,False,False,False,False,False,False,False,False,False,False,False,False,False,False,False,False,False,False,False,False,False,False,True,True,True,False,False,False,False,True,False,False,True,True,False,False,False,False,False,False,False,False,False,False,koran-jakarta.com,2025-07-31,mixed,1,https://koran-jakarta.com/2025-07-31/ombudsman-selidiki-dapur-mbg-usai-insiden-keracunan-makanan-di-manokwari,Ombudsman Selidiki Dapur MBG Usai Insiden Keracunan Makanan di Manokwari,2025Q3
d74247c673b8,awaiting lab / cause unknown,True,False,False,False,False,False,False,False,False,False,False,False,False,False,False,False,False,False,False,False,False,False,False,False,False,False,False,False,False,True,True,False,True,True,True,True,False,False,False,False,True,False,False,True,False,False,False,False,False,False,False,detik.com,2025-08-07,mixed,1,https://www.detik.com/jabar/berita/d-8049711/32-pelajar-sukabumi-keracunan-sampel-makanan-dikirim-ke-lab,"32 Pelajar Sukabumi Keracunan, Sampel Makanan Dikirim ke Lab",2025Q3
44f10f3e9ed5,awaiting lab / cause unknown,True,False,False,False,False,True,False,False,False,False,False,False,False,True,False,False,False,True,False,True,False,True,False,False,False,False,False,True,False,True,True,False,False,True,True,False,False,False,False,False,True,False,False,True,False,False,False,False,False,False,False,liputan6.com,2025-08-12,primary,1,https://www.liputan6.com/regional/read/6130634/18-siswa-di-lampung-mual-hingga-lemas-usai-santap-lele-disdikbud-perketat-pengawasan-mbg,"18 Siswa di Lampung Mual hingga Lemas Usai Santap Lele, Disdikbud Perketat Pengawasan MBG",2025Q3
24da9b6b9816,no cause information,True,False,False,False,False,True,False,False,False,False,False,False,False,False,False,False,False,False,False,False,False,False,False,False,False,False,False,False,False,False,False,False,False,False,False,False,False,False,False,False,False,False,False,False,False,False,False,False,False,False,False,regional.kompas.com,2025-08-13,,6,https://regional.kompas.com/read/2025/08/13/060240278/buntut-keracunan-massal-251-siswa-bupati-sragen-hentikan-distribusi-mbg-di,"Buntut Keracunan Massal 251 Siswa, Bupati Sragen Hentikan Distribusi MBG di Gemolong 2 Hari",2025Q3
131c33e1bf39,"samples taken, no result stated",True,False,True,False,False,True,False,False,False,False,False,False,False,False,False,False,False,True,True,True,True,True,True,False,False,False,False,True,True,False,True,False,True,True,False,False,False,False,False,True,False,False,False,False,False,False,False,False,False,False,False,yogyakarta.kompas.com,2025-08-20,mixed,1,https://yogyakarta.kompas.com/read/2025/08/20/164930478/497-siswa-kulon-progo-keracunan-3-jenis-bakteri-berbahaya-ditemukan-di,"497 Siswa Kulon Progo Keracunan, 3 Jenis Bakteri Berbahaya Ditemukan di Menu MBG",2025Q3
aa6f25918e22,no cause information,True,True,False,False,False,True,True,False,False,False,False,False,False,False,False,False,False,False,False,False,False,False,False,False,False,False,False,False,False,True,True,True,False,False,False,False,False,False,False,False,True,False,False,False,False,False,False,False,False,False,True,radarlombok.co.id,2025-08-21,senior_secondary,1,https://radarlombok.co.id/siswa-smk-diduga-keracunan-usai-santap-mbg.html,Siswa SMK Diduga Keracunan Usai Santap MBG,2025Q3
b85502fbb0ac,"samples taken, no result stated",True,True,False,True,False,False,False,False,False,False,False,False,False,False,False,False,False,False,False,False,False,False,False,True,False,True,False,True,False,True,True,True,False,True,False,False,False,False,False,False,True,False,False,False,False,False,False,False,False,False,False,detik.com,2025-08-21,pesantren,1,https://www.detik.com/jabar/berita/d-8072825/12-santriwati-di-cianjur-dibawa-ke-rs-diduga-keracunan-makanan-mbg,"12 Santriwati di Cianjur Dibawa ke RS, Diduga Keracunan Makanan MBG",2025Q3
35759a5ff594,awaiting lab / cause unknown,False,False,False,False,False,False,False,False,False,False,False,True,True,False,False,True,True,True,True,True,True,True,True,False,False,False,False,True,True,True,True,True,False,False,False,False,False,False,False,False,True,False,False,False,False,False,False,False,False,False,False,detik.com,2025-08-22,primary,1,https://www.detik.com/jabar/berita/d-8074457/kronologi-24-siswa-sd-parakansalak-keracunan-usai-santap-mbg,Kronologi 24 Siswa SD Parakansalak Keracunan Usai Santap MBG,2025Q3
e64e57e5584b,no cause information,True,True,False,False,False,False,False,False,False,False,False,False,False,False,False,False,False,False,False,False,False,False,False,False,False,False,False,False,False,True,True,False,False,False,True,False,False,False,False,False,True,False,False,False,False,False,False,False,False,False,False,jabarekspres.com,2025-08-22,primary,1,https://jabarekspres.com/berita/2025/08/22/12-siswa-sdn-legokhayam-cimenyan-alami-keracunan-diduga-dari-makanan-program-mbg/,"12 Siswa SDN Legokhayam Cimenyan Alami Keracunan, Diduga dari Makanan Program MBG!",2025Q3
0c8806dafd2f,"samples taken, no result stated",True,True,False,False,False,False,False,False,False,False,False,False,False,False,False,False,False,False,False,False,False,False,False,False,False,False,False,False,False,True,True,True,False,False,False,False,True,True,False,True,False,False,False,False,False,False,False,False,False,False,False,manado.antaranews.com,2025-08-27,,2,https://manado.antaranews.com/berita/292405/18-pelajar-diduga-keracunan-mbg-dirawat-di-rs-bala-keselamatan,18 pelajar diduga keracunan MBG dirawat di RS Bala Keselamatan,2025Q3
c3cd0eed3e8b,no cause information,True,True,False,False,False,False,False,False,False,False,False,True,False,False,False,False,False,True,False,False,False,True,False,False,False,False,False,True,False,False,False,False,False,False,False,False,False,False,False,False,True,False,False,False,False,False,False,False,False,False,False,detik.com,2025-08-27,junior_secondary,1,https://www.detik.com/jogja/berita/d-8081852/135-siswa-2-guru-smpn-3-berbah-sleman-diduga-keracunan-mbg,135 Siswa-2 Guru SMPN 3 Berbah Sleman Diduga Keracunan MBG,2025Q3
b376cecd8a9d,awaiting lab / cause unknown,True,True,False,False,False,False,False,False,False,False,False,False,False,False,False,False,False,False,False,False,False,False,False,False,False,False,False,False,False,True,True,True,False,True,False,False,False,False,False,False,True,False,False,True,False,False,False,False,False,False,False,lampung.inews.id,2025-08-28,pesantren,1,https://lampung.inews.id/berita/40-siswa-smp-di-lampung-timur-diduga-keracunan-mbg-31-dirawat-inap,"40 Siswa SMP di Lampung Timur Diduga Keracunan MBG, 31 Dirawat Inap",2025Q3
f7590539b83a,no cause information,True,False,False,False,False,True,False,False,False,True,False,False,False,False,False,False,False,False,False,False,False,False,False,False,False,True,False,True,False,True,True,True,False,True,False,False,False,False,False,True,True,False,False,False,False,False,False,False,False,False,False,lampost.co,2025-08-30,primary,1,https://lampost.co/lampung/16-pelajar-lampung-utara-keracunan-makan-bergizi-gratis/,16 Pelajar Lampung Utara Keracunan Makan Bergizi Gratis,2025Q3
b07d66336b34,no cause information,True,False,False,False,True,False,True,False,False,False,False,False,False,False,False,False,False,False,False,False,False,False,False,False,False,False,False,False,False,True,True,True,False,True,False,False,False,False,False,False,False,False,False,True,True,False,False,False,False,False,True,indonesiainvestigasi.com,2025-08-31,mixed,1,https://indonesiainvestigasi.com/orang-tua-murid-meminta-polda-lampung-periksa-dan-proses-yayasan-penyedia-mbg-yang-menyebabkan-puluhan-murid-mengalami-keracunan-massal/31/,"Orang Tua Murid, Meminta Polda Lampung Periksa dan Proses Yayasan Penyedia MBG, Yang Menyebabkan Puluhan Murid Mengalami Keracunan Massal - Indonesia Investigasi",2025Q3
13d5be3544ea,no cause information,True,False,False,False,False,False,False,False,False,False,False,False,False,False,False,False,False,False,False,False,False,False,False,False,False,False,False,True,False,False,True,False,False,True,False,False,True,False,False,False,False,False,False,False,False,False,False,False,False,False,False,iniriau.com,2025-09-02,primary,1,https://www.iniriau.com/detail/48677/orang-tua-siswa-resah-usai-insiden-keracunan-mbg-di-bangkinang,Orang Tua Siswa Resah Usai Insiden Keracunan MBG di Bangkinang,2025Q3
c15831d0fe51,"samples taken, no result stated",True,True,True,True,False,False,False,False,False,False,False,True,False,False,False,False,False,True,False,False,False,True,False,False,False,False,False,True,False,False,True,False,False,True,False,False,False,False,False,True,True,False,False,False,False,False,False,False,False,False,False,detik.com,2025-09-03,primary,1,https://www.detik.com/bali/nusra/d-8095139/17-siswa-di-lombok-barat-diduga-keracunan-mbg-sempat-dibawa-ke-puskesmas,"17 Siswa di Lombok Barat Diduga Keracunan MBG, Sempat Dibawa ke Puskesmas",2025Q3
056f1cfe4980,no cause information,True,True,False,True,False,False,False,False,False,False,False,False,False,False,False,False,False,False,False,False,False,False,False,False,False,False,False,False,False,True,True,True,True,False,False,False,False,False,False,True,False,False,False,False,False,False,False,False,False,False,False,inews.id,2025-09-04,junior_secondary,1,https://www.inews.id/news/nasional/27-siswa-smp-di-serang-banten-diduga-keracunan-mbg-gejala-mual-hingga-diare,"27 Siswa SMP di Serang Banten Diduga Keracunan MBG, Gejala Mual hingga Diare",2025Q3
2d22664ab4dc,no cause information,True,True,False,False,False,False,False,False,False,False,False,False,False,False,False,False,False,False,False,False,False,False,False,False,False,False,False,False,False,False,False,False,True,True,False,False,False,False,False,False,False,False,False,False,False,False,False,False,False,False,False,memorandum.disway.id,2025-09-04,senior_secondary,1,https://memorandum.disway.id/read/138688/232-siswa-sman-1-panji-diduga-mengalami-keracunan-mbg,232 Siswa SMAN 1 Panji Diduga Mengalami Keracunan MBG,2025Q3
a5d88cbfd9b7,no cause information,True,True,True,False,False,False,False,False,False,False,False,False,False,False,False,False,False,False,False,False,False,False,False,False,False,False,False,False,False,True,True,True,False,False,False,False,False,False,False,False,False,False,False,False,False,False,False,False,False,False,False,detik.com,2025-09-04,junior_secondary,1,https://www.detik.com/jogja/berita/d-8096710/5-anak-mual-muntah-usai-santap-mbg-di-gunungkidul-dinkes-diduga-keracunan-makanan,"5 Anak Mual-Muntah Usai Santap MBG di Gunungkidul, Dinkes: Diduga Keracunan Makanan",2025Q3
dde41cb3f32a,awaiting lab / cause unknown,True,False,False,False,False,False,False,False,False,False,False,False,False,False,False,False,False,True,False,False,False,False,False,False,False,False,False,False,False,False,True,False,False,True,False,False,False,False,False,False,True,False,False,False,False,True,False,False,False,False,False,detik.com,2025-09-04,mixed,1,https://www.detik.com/sumbagsel/berita/d-8095058/program-mbg-di-oki-dihentikan-sementara-usai-80-siswa-sd-smp-keracunan,Program MBG di OKI Dihentikan Sementara Usai 80 Siswa SD-SMP Keracunan,2025Q3
405aa07fea66,awaiting lab / cause unknown,True,True,False,False,False,False,False,False,False,False,False,False,False,True,True,False,False,True,False,True,False,True,False,False,False,False,False,True,False,True,True,True,False,False,False,False,False,False,False,False,True,False,False,False,True,True,False,False,False,False,False,kompas.com,2025-09-05,primary,1,https://www.kompas.com/sumatera-selatan/read/2025/09/05/153000688/9-siswa-sd-di-muba-diduga-keracunan-makanan-program-makan,9 Siswa SD di Muba Diduga Keracunan Makanan Program Makan Bergizi Gratis,2025Q3
6f5d6ac21ba1,no cause information,True,False,False,True,True,False,False,False,False,False,False,False,False,False,False,False,False,False,False,False,False,False,False,False,False,False,False,False,False,False,False,False,False,False,False,False,False,False,False,False,False,False,False,False,True,False,False,False,False,False,False,regional.kompas.com,2025-09-05,primary,1,https://regional.kompas.com/read/2025/09/05/140802578/ketua-gugus-di-ntb-sebut-2-sekolah-keracunan-mbg-kita-tidak-mau-anak-anak,Ketua Gugus di NTB Sebut 2 Sekolah Keracunan MBG: Kita Tidak Mau Anak-anak Dikasih Makanan Basi Terus,2025Q3
1ab4d9f0cef0,"samples taken, no result stated",True,False,False,False,False,False,False,False,False,False,False,True,True,False,False,False,False,False,False,False,False,False,False,False,False,False,False,True,True,True,True,True,False,False,False,False,False,False,False,True,True,False,False,False,False,False,False,False,False,False,False,detik.com,2025-09-11,mixed,1,https://www.detik.com/jabar/hukum-dan-kriminal/d-8107679/36-siswa-sd-smp-di-cianjur-keracunan-usai-santap-mbg,36 Siswa SD-SMP di Cianjur Keracunan Usai Santap MBG,2025Q3
25ec472ce230,no cause information,True,True,False,False,False,False,False,False,False,False,False,True,False,False,False,False,False,True,False,True,False,False,False,False,False,False,False,True,False,False,True,False,True,False,False,False,False,False,False,False,False,False,False,False,False,False,False,False,False,False,False,joglosemarnews.com,2025-09-12,senior_secondary,1,https://joglosemarnews.com/2025/09/geger-di-wonogiri-110-pelajar-diduga-keracunan-usai-santap-menu-makan-bergizi-gratis-mbg/,Geger di Wonogiri! 110 Pelajar Diduga Keracunan Usai Santap Menu Makan Bergizi Gratis (MBG) » JOGLOSEMAR NEWS,2025Q3
701b8b51a7bf,awaiting lab / cause unknown,True,False,False,False,False,False,False,False,False,False,False,False,False,False,False,False,False,False,False,False,False,False,False,False,False,False,False,False,False,False,False,False,False,False,False,False,False,False,False,False,False,False,False,False,False,False,False,False,False,False,False,halosultra.com,2025-09-12,primary,1,https://www.halosultra.com/sultra-raya/buton/50849/puluhan-siswa-sd-di-buton-keracunan-makanan-mbg-wabup-minta-evaluasi-program/,"Puluhan Siswa SD di Buton Keracunan Makanan MBG, Wabup Minta Evaluasi Program",2025Q3
82e1785389de,no cause information,True,False,False,False,False,False,False,False,False,False,False,False,False,False,False,False,False,False,False,False,False,False,False,False,False,False,False,False,False,False,False,False,False,False,False,False,False,False,False,False,False,False,False,False,False,False,False,False,False,False,False,rri.co.id,2025-09-12,junior_secondary,1,https://rri.co.id/daerah/1827811/pilihan-siswa-di-maluku-barat-daya-keracunan-mbg,Puluhan Siswa di Maluku Barat Daya Keracunan MBG - RRI.co.id,2025Q3
21b9daf46d5c,"samples taken, no result stated",True,True,False,False,False,True,True,False,False,False,False,True,True,False,False,True,True,True,True,False,False,True,True,False,False,False,False,True,True,True,True,True,True,False,False,False,False,False,False,True,True,False,False,False,False,False,False,False,False,False,False,koran-gala.id,2025-09-16,senior_secondary,1,https://www.koran-gala.id/news/58715927443/sebanyak-69-siswa-smkn-1-cibadak-sukabumi-diduga-keracunan-menu-mbg,Sebanyak 69 Siswa SMKN 1 Cibadak Sukabumi Diduga Keracunan Menu MBG - Koran Gala,2025Q3
87ade11c8fe6,"samples taken, no result stated",True,True,False,False,False,False,False,False,False,True,True,False,False,False,False,False,False,True,True,True,True,True,True,False,False,False,False,True,True,False,True,True,False,True,False,True,False,False,False,False,True,False,False,False,False,False,False,False,False,False,False,detik.com,2025-09-16,mixed,1,https://www.detik.com/jogja/berita/d-8115413/19-siswa-di-semin-gunungkidul-diduga-keracunan-mbg,19 Siswa di Semin Gunungkidul Diduga Keracunan MBG,2025Q3
f524069084e1,awaiting lab / cause unknown,True,True,False,False,False,False,False,False,False,False,False,False,False,False,False,False,False,False,False,False,False,False,False,False,False,False,False,False,False,True,True,True,False,True,False,False,False,False,False,False,True,False,False,False,False,False,False,False,False,False,False,sulawesitoday.com,2025-09-16,primary,1,https://www.sulawesitoday.com/berita/1221584838/18-siswa-sdk-toboli-barat-diduga-keracunan-makanan-bergizi-gratis-disdikbud-parigi-moutong-belum-terima-laporan-resmi,"18 Siswa SDK Toboli Barat Diduga Keracunan Makanan Bergizi Gratis, Disdikbud Parigi Moutong Belum Terima Laporan Resmi - Sulawesi Today",2025Q3
1400584a98d8,"samples taken, no result stated",True,True,False,False,False,False,False,False,False,False,False,False,False,False,False,False,False,False,False,False,False,False,False,False,False,False,False,False,False,True,False,True,False,True,False,False,False,False,False,False,True,False,False,False,False,False,False,False,False,False,False,kompas.tv,2025-09-17,mixed,1,https://www.kompas.tv/regional/617981/37-siswa-di-baubau-diduga-keracunan-massal-usai-santap-makan-bergizi-gratis-sapa-pagi,37 Siswa di Baubau Diduga Keracunan Massal Usai Santap Makan Bergizi Gratis | SAPA PAGI,2025Q3
e4ff09898817,no cause information,True,True,False,False,False,False,False,False,False,False,False,False,False,False,False,False,False,False,False,False,False,False,False,False,False,False,False,False,False,True,True,True,True,True,False,False,False,False,False,False,True,False,False,False,False,False,False,False,False,False,False,detik.com,2025-09-17,,4,https://www.detik.com/bali/nusra/d-8117464/ratusan-siswa-di-sumbawa-diduga-keracunan-mbg-keluhkan-mual-mencret?page=2,"Ratusan Siswa di Sumbawa Diduga Keracunan MBG, Keluhkan Mual-Mencret",2025Q3
6b7281443502,no cause information,True,False,False,False,False,False,False,False,False,False,False,False,False,False,False,False,False,False,False,False,False,False,False,False,False,False,False,False,False,False,True,False,False,False,False,False,False,False,False,False,False,False,False,True,False,False,False,False,False,False,False,pamekasanchannel.com,2025-09-18,primary,1,https://pamekasanchannel.com/news/daerah/menu-mbg-di-pegantenan-pamekasan-penyebab-keracunan-polisi-8-siswa-alami-muntah-muntah/,"Menu MBG di Pegantenan Pamekasan Penyebab Keracunan, Polisi : 8 Siswa Alami Muntah-muntah",2025Q3
2bd293f9d80e,no cause information,True,False,False,False,False,False,False,False,False,False,False,False,False,False,False,False,False,False,False,False,False,False,False,False,False,False,False,False,False,True,True,True,True,False,False,False,False,False,False,False,True,False,False,False,False,False,False,False,False,False,False,bandung.kompas.com,2025-09-19,mixed,1,https://bandung.kompas.com/read/2025/09/19/202607678/update-korban-keracunan-mbg-di-tasikmalaya-total-52-siswa-sudah-pulang-ke,"Update Korban Keracunan MBG di Tasikmalaya: Total 52 Siswa, Sudah Pulang ke Rumah",2025Q3
13b2b6ceea41,awaiting lab / cause unknown,True,False,False,False,False,True,False,False,False,True,False,False,False,False,False,False,False,True,False,False,False,False,False,False,False,False,False,False,False,True,True,True,False,False,False,False,False,False,False,True,True,False,False,True,True,False,False,True,False,False,True,koran.pikiran-rakyat.com,2025-09-20,mixed,1,https://koran.pikiran-rakyat.com/news/pr-3039659563/korban-keracunan-mbg-di-garut-capai-657-siswa-bupati-janji-evaluasi-menyeluruh,"Korban Keracunan MBG di Garut Capai 657 Siswa, Bupati Janji Evaluasi Menyeluruh - Pikiran Rakyat Koran",2025Q3
4e843b3765f3,no cause information,False,False,True,False,True,True,False,False,False,False,False,False,False,False,False,False,False,False,False,False,False,False,False,False,False,False,False,False,False,False,False,False,False,False,False,False,False,False,False,False,False,False,False,False,True,True,False,False,False,False,False,antaranews.com,2025-09-22,unknown,1,https://www.antaranews.com/berita/5126560/bpom-bakteri-salmonella-di-lauk-picu-keracunan-mbg-belitung-timur,BPOM: Bakteri Salmonella di lauk picu keracunan MBG Belitung Timur,2025Q3
7e6bd3bbe0d8,no cause information,True,True,False,False,False,False,False,False,False,False,False,False,False,False,False,False,False,False,False,False,False,False,False,False,False,False,False,True,False,True,True,True,False,False,False,False,True,False,False,False,False,False,False,False,False,False,False,False,False,False,True,mediakaltimtara.com,2025-09-23,senior_secondary,1,https://mediakaltimtara.com/diduga-keracunan-makanan-mbg-2-pelajar-sman-1-tanjung-selor-dilarikan-ke-rumah-sakit/,"Diduga Keracunan Makanan MBG, 2 Pelajar SMAN 1 Tanjung Selor Dilarikan ke Rumah Sakit - MEDIA KALTIMTARA",2025Q3
8c2717451407,"samples taken, no result stated",True,False,False,False,False,False,False,False,False,True,False,False,False,False,False,False,False,False,False,False,False,True,False,False,False,False,False,False,False,True,False,False,False,True,False,False,False,False,False,True,False,False,False,False,True,True,False,False,False,False,False,news.republika.co.id,2025-09-23,senior_secondary,1,https://news.republika.co.id/berita/t31pal484/tujuh-siswa-sman-15-jakarta-alami-gejala-keracunan-usai-santap-mbg,Tujuh Siswa SMAN 15 Jakarta Alami Gejala Keracunan Usai Santap MBG |Republika Online,2025Q3
40db7c3551f9,no cause information,True,True,False,False,False,False,False,False,False,False,False,False,False,False,False,False,False,False,False,False,False,False,False,False,False,False,False,False,False,True,False,True,False,False,True,False,False,False,False,True,True,False,False,False,False,False,False,False,False,False,False,surabaya.kompas.com,2025-09-24,primary,1,https://surabaya.kompas.com/read/2025/09/24/201250978/7-siswa-sd-diduga-keracunan-mbg-di-bojonegoro-4-di-antaranya-dirujuk-ke-igd,"7 Siswa SD Diduga Keracunan MBG di Bojonegoro, 4 di Antaranya Dirujuk ke IGD RSUD Sosodoro",2025Q3
4605d3cb2a52,no cause information,True,True,False,False,False,False,False,False,False,False,False,False,False,False,False,False,False,False,False,False,False,False,False,False,False,False,False,False,False,False,True,False,False,False,False,False,False,False,False,True,False,False,False,True,False,False,False,False,False,False,False,regional.kompas.com,2025-09-24,primary,1,https://regional.kompas.com/read/2025/09/24/161744578/diduga-keracunan-mbg-11-siswa-sd-di-kupang-dilarikan-ke-rumah-sakit,"Diduga Keracunan MBG, 11 Siswa SD di Kupang Dilarikan ke Rumah Sakit",2025Q3
56f311c67402,no cause information,True,True,False,False,False,False,False,False,False,False,False,True,False,False,False,False,False,False,False,False,False,True,False,False,False,False,False,True,False,False,True,False,False,False,False,False,True,False,False,False,False,False,False,False,False,False,False,False,False,False,False,kompas.com,2025-09-24,senior_secondary,1,https://www.kompas.com/jawa-timur/read/2025/09/24/203000788/6-siswa-smk-di-tuban-diduga-keracunan-mbg-satu-murid-sempat-muntah,"6 Siswa SMK di Tuban Diduga Keracunan MBG, Satu Murid Sempat Muntah Darah",2025Q3
6700e733368f,no cause information,True,True,False,False,False,False,False,False,False,True,True,False,False,False,False,False,False,False,False,False,False,False,False,False,False,False,False,False,False,True,True,True,True,False,True,False,False,False,False,True,True,False,False,False,False,False,False,False,False,False,False,regional.kompas.com,2025-09-24,junior_secondary,1,https://regional.kompas.com/read/2025/09/24/164242578/173-siswa-smp-di-rembang-diduga-keracunan-mbg-13-orang-harus-rawat-inap,"173 Siswa SMP di Rembang Diduga Keracunan MBG, 13 Orang Harus Rawat Inap",2025Q3
8f37c859b902,no cause information,True,True,False,True,False,True,False,False,False,True,True,False,False,False,False,False,False,False,False,True,True,False,False,False,False,False,False,False,False,True,True,True,False,False,False,False,True,False,False,False,True,False,False,False,False,False,False,False,False,False,False,sumsel.idntimes.com,2025-09-24,junior_secondary,1,https://sumsel.idntimes.com/news/sumatera-selatan/belasan-siswa-smp-di-oku-dilarikan-ke-puskesmas-diduga-keracunan-mbg-c1c2-01-fzf3x-vxzcjc,"Belasan Siswa SMP di OKU Dilarikan ke Puskesmas, Diduga Keracunan MBG",2025Q3
df9f81cec4eb,"samples taken, no result stated",True,False,False,False,False,False,False,False,False,False,False,False,False,True,True,False,False,True,True,True,True,True,True,False,False,False,False,True,True,True,False,False,False,True,False,True,False,False,False,False,False,True,False,True,False,True,False,True,False,False,False,regional.kompas.com,2025-09-24,primary,1,https://regional.kompas.com/read/2025/09/24/213525178/korban-keracunan-mbg-di-ketapang-bertambah-jadi-25-orang-dapur-ditutup,"Korban Keracunan MBG di Ketapang Bertambah Jadi 25 Orang, Dapur Ditutup Sementara",2025Q3
023d4af2d7d3,awaiting lab / cause unknown,True,False,False,False,False,False,False,False,False,False,False,False,False,False,False,False,False,False,False,False,False,False,False,False,False,False,False,False,False,False,False,False,False,False,False,False,False,False,False,True,True,False,False,False,False,True,False,False,False,False,False,regional.kompas.com,2025-09-25,mixed,1,https://regional.kompas.com/read/2025/09/25/133740178/imbas-25-siswa-keracunan-dapur-mbg-di-mamuju-ditutup-sementara,"Imbas 25 Siswa Keracunan, Dapur MBG di Mamuju Ditutup Sementara",2025Q3
4076090e7dcc,no cause information,True,False,False,True,False,False,False,False,False,False,False,False,False,True,False,False,False,True,False,True,False,False,False,False,False,False,False,True,False,True,True,False,False,False,False,False,False,False,False,False,True,False,False,False,False,False,False,False,False,False,False,detik.com,2025-09-25,primary,1,https://www.detik.com/jabar/berita/d-8130733/11-siswa-sd-di-subang-alami-mual-muntah-usai-santap-mbg,11 Siswa SD di Subang Alami Mual Muntah Usai Santap MBG,2025Q3
41ea92dc60f1,no cause information,True,False,False,False,False,False,False,False,False,True,False,False,False,False,False,False,False,True,True,True,False,False,False,False,False,False,False,True,False,False,False,False,False,False,False,False,False,False,False,False,True,False,False,False,False,False,False,False,False,False,False,bandung.kompas.com,2025-09-25,primary,1,https://bandung.kompas.com/read/2025/09/25/160208478/puluhan-siswa-sd-di-cianjur-alami-gejala-keracunan-usai-santap-mbg,Puluhan Siswa SD di Cianjur Alami Gejala Keracunan Usai Santap MBG,2025Q3
89fa4e5f8199,"samples taken, no result stated",True,True,False,False,False,False,False,False,False,False,False,False,False,True,False,False,False,False,False,True,False,True,False,True,False,False,False,False,False,True,True,True,False,False,False,False,False,False,False,True,True,False,False,True,False,False,False,False,False,False,False,bandung.kompas.com,2025-09-25,senior_secondary,1,https://bandung.kompas.com/read/2025/09/25/111248678/32-pelajar-di-pelabuhanratu-sukabumi-diduga-keracunan-mbg,32 Pelajar di Pelabuhanratu Sukabumi Diduga Keracunan MBG,2025Q3
a2283052c9bf,"samples taken, no result stated",True,False,False,False,False,False,False,False,False,False,False,False,False,False,False,False,False,False,False,False,False,False,False,False,False,False,False,False,False,True,True,True,False,False,False,False,False,False,False,True,True,False,False,True,True,False,False,False,False,True,False,kompas.id,2025-09-25,junior_secondary,1,https://www.kompas.id/artikel/keracunan-mbg-di-sulawesi-tengah-27-siswa-di-parigi-moutong-dirawat-di-rs,"Keracunan MBG di Sulawesi Tengah, 27 Siswa di Parigi Moutong Dirawat di RS",2025Q3
a36803a852a1,awaiting lab / cause unknown,False,True,False,False,False,False,False,False,False,False,False,True,True,False,False,False,False,True,True,False,False,True,True,False,False,False,False,True,True,True,True,False,False,True,False,False,False,False,False,False,True,False,False,True,False,False,False,False,False,False,False,kompas.com,2025-09-25,junior_secondary,1,https://www.kompas.com/sumatera-selatan/read/2025/09/25/204500088/14-siswa-smp-negeri-2-karimun-diduga-keracunan-mbg-polisi-ambil,"14 Siswa SMP Negeri 2 Karimun Diduga Keracunan MBG, Polisi Ambil Sampel Menu",2025Q3
aab43222ca34,no cause information,False,False,False,False,False,False,False,False,False,False,False,False,False,False,False,False,False,False,False,False,False,False,False,False,False,False,False,False,False,True,False,True,False,False,False,False,True,False,False,False,True,False,False,False,False,False,False,False,False,False,False,bandung.kompas.com,2025-09-25,mixed,1,https://bandung.kompas.com/read/2025/09/25/165121378/update-korban-keracunan-mbg-di-bandung-barat-tembus-1333-orang,Update Korban Keracunan MBG di Bandung Barat Tembus 1.333 Orang,2025Q3
c05864a816aa,"samples taken, no result stated",True,False,False,True,False,False,False,False,False,False,False,False,False,False,False,False,False,False,False,False,False,False,False,False,False,False,False,False,False,True,True,True,False,False,False,False,False,False,False,False,True,False,False,False,False,False,False,False,False,False,False,detik.com,2025-09-25,junior_secondary,1,https://www.detik.com/bali/nusra/d-8129652/26-santri-ponpes-di-lombok-barat-keracunan-setelah-30-menit-santap-mbg,26 Santri Ponpes di Lombok Barat Keracunan Setelah 30 Menit Santap MBG,2025Q3
d23d8c564aa9,awaiting lab / cause unknown,True,True,False,False,False,False,False,False,False,False,False,False,False,False,False,False,False,True,False,False,False,False,False,False,False,False,False,False,False,True,True,False,False,False,True,False,True,False,False,False,True,False,False,False,False,False,False,False,False,False,False,regional.kompas.com,2025-09-25,primary,1,https://regional.kompas.com/read/2025/09/25/162236478/diduga-usai-santap-mbg-15-murid-sd-di-palembang-mual-dan-muntah,"Diduga Usai Santap MBG, 15 Murid SD di Palembang Mual dan Muntah",2025Q3
d9e44d6f3a8b,awaiting lab / cause unknown,False,False,False,False,False,False,False,False,False,False,False,False,False,False,False,False,False,True,True,False,False,False,False,False,False,False,False,False,False,False,False,False,False,False,False,False,False,False,False,False,True,False,False,False,False,False,False,False,False,False,False,detik.com,2025-09-25,primary,1,https://www.detik.com/kalimantan/berita/d-8130024/siswa-di-sanggau-keracunan-satgas-mbg-turunkan-tim-investigasi,"Siswa di Sanggau Keracunan, Satgas MBG Turunkan Tim Investigasi",2025Q3
ed9c3e009e61,no cause information,True,False,False,True,False,False,True,False,False,False,False,False,False,False,False,False,False,False,False,True,True,True,True,False,False,False,False,False,False,True,True,False,False,False,False,False,False,False,False,True,True,False,False,False,False,False,False,False,False,False,False,megapolitan.kompas.com,2025-09-25,primary,1,https://megapolitan.kompas.com/read/2025/09/25/13450971/kronologi-6-siswa-sdn-07-pulogebang-alami-mual-dan-muntah-usai-santap-mbg,Kronologi 6 Siswa SDN 07 Pulogebang Alami Mual dan Muntah Usai Santap MBG,2025Q3
18b06c155343,awaiting lab / cause unknown,False,False,False,False,False,False,False,False,False,False,False,False,False,False,False,False,False,False,False,False,False,False,False,False,False,False,False,False,False,False,False,False,False,False,False,False,False,False,False,False,True,False,False,False,False,False,False,False,False,False,False,detik.com,2025-09-26,senior_secondary,1,https://www.detik.com/jabar/berita/d-8131647/korban-keracunan-mbg-di-sumedang-capai-164-siswa,Korban Keracunan MBG di Sumedang Capai 164 Siswa,2025Q3
676d0ea65463,awaiting lab / cause unknown,True,True,False,False,False,False,False,False,False,False,False,False,False,False,False,False,False,False,False,False,False,False,False,False,False,False,False,False,False,False,False,False,False,False,False,False,False,False,False,False,False,False,False,False,False,False,False,False,False,False,False,news.detik.com,2025-09-26,junior_secondary,1,https://news.detik.com/berita/d-8131586/4-siswa-smp-di-jonggol-bogor-diduga-keracunan-menu-makan-bergizi-gratis,4 Siswa SMP di Jonggol Bogor Diduga Keracunan Menu Makan Bergizi Gratis,2025Q3
72992a7c8cf7,no cause information,True,False,False,True,True,False,False,False,False,False,False,False,False,False,False,False,False,False,False,False,False,False,False,False,False,False,False,False,False,False,False,False,False,False,False,False,False,False,False,False,False,False,False,False,True,False,False,False,False,False,False,radarlampung.disway.id,2025-09-26,unknown,1,https://radarlampung.disway.id/read/716610/sikapi-kasus-keracunan-siswa-mbg-wagub-jihan-kuota-dapur-terlalu-besar-perlu-dievaluasi,"Sikapi Kasus Keracunan Siswa MBG, Wagub Jihan: Kuota Dapur Terlalu Besar, Perlu Dievaluasi",2025Q3
7f284b71b393,"samples taken, no result stated",True,False,True,True,False,False,False,False,False,True,False,False,False,False,False,False,False,False,False,False,False,False,False,False,False,False,False,False,False,True,False,False,True,True,False,False,False,False,False,True,True,False,False,False,True,False,False,False,False,False,False,regional.kompas.com,2025-09-26,senior_secondary,1,https://regional.kompas.com/read/2025/09/26/183320878/ayam-mbg-bau-dan-rasanya-kecut-belasan-siswa-di-konawe-dilarikan-ke-rs,"Ayam MBG Bau dan Rasanya Kecut, Belasan Siswa di Konawe Dilarikan ke RS",2025Q3
9847678ee136,no cause information,False,False,False,False,False,False,True,False,False,False,False,False,False,False,False,False,False,False,False,False,False,False,False,False,False,False,False,False,False,False,False,False,False,False,False,False,False,False,False,False,False,True,True,False,False,True,False,False,False,False,True,liputan6.com,2025-09-26,unknown,1,https://www.liputan6.com/regional/read/6169729/siswa-keracunan-massal-mbg-pemprov-lampung-hentikan-sementara-dapur-makanan,"Siswa Keracunan Massal MBG, Pemprov Lampung Hentikan Sementara Dapur Makanan",2025Q3
c6d4c226f03d,awaiting lab / cause unknown,True,True,False,True,False,False,False,True,False,False,False,False,False,False,False,False,False,True,False,False,False,False,False,False,False,False,False,False,False,False,False,True,False,False,True,False,True,False,True,False,False,False,False,False,False,True,False,False,False,False,False,kaltim.idntimes.com,2025-09-26,senior_secondary,1,https://kaltim.idntimes.com/news/kalimantan-timur/dugaan-keracunan-mbg-di-balikpapan-sampel-dikirim-ke-bpom-samarinda-00-htmy4-92b081,"Dugaan Keracunan MBG di Balikpapan, Sampel Dikirim ke BPOM Samarinda",2025Q3
4a5617f5743b,"samples taken, no result stated",True,True,True,False,False,False,False,False,False,False,False,False,False,False,False,False,False,True,False,False,False,False,False,False,False,False,False,False,False,True,True,False,True,False,False,False,False,False,False,True,True,False,False,False,False,False,False,False,False,False,False,detik.com,2025-09-27,primary,1,https://www.detik.com/jateng/berita/d-8133239/26-siswa-di-kebumen-diduga-keracunan-mbg-dipulangkan-dari-rs,26 Siswa di Kebumen Diduga Keracunan MBG Dipulangkan dari RS,2025Q3
aab9af95c3c1,no cause information,True,False,False,False,False,False,False,True,False,False,False,False,False,False,False,False,False,False,False,False,False,False,False,False,False,False,False,False,False,True,True,True,False,False,False,False,False,False,False,False,True,False,True,False,True,False,False,False,False,False,True,kompas.com,2025-09-27,,3,https://www.kompas.com/jawa-barat/read/2025/09/27/130000188/9-daerah-di-jawa-barat-tertinggi-kasus-keracunan-mbg-korban-tembus?page=all#page2,"9 Daerah di Jawa Barat Tertinggi Kasus Keracunan MBG, Korban Tembus Ribuan",2025Q3
d831eb75c251,no cause information,False,False,False,True,False,False,False,False,False,False,False,False,False,False,False,False,False,False,False,False,False,False,False,False,False,False,False,False,False,False,False,False,False,False,False,False,False,False,False,False,False,False,False,False,False,False,False,False,False,False,False,tempo.co,2025-09-27,junior_secondary,1,https://www.tempo.co/politik/keracunan-makan-bergizi-gratis-2073995,Pangkal Soal Keracunan Massal Makan Bergizi Gratis,2025Q3
a45c6c3db10e,"samples taken, no result stated",True,True,False,False,False,False,False,False,False,False,False,True,False,False,False,True,False,True,False,False,False,False,False,False,False,False,False,False,False,True,False,False,False,True,False,False,False,False,False,False,True,False,False,False,False,False,False,False,False,False,False,regional.kompas.com,2025-09-28,primary,1,https://regional.kompas.com/read/2025/09/28/101559678/diduga-keracunan-16-siswa-sd-di-jember-mual-dan-sakit-perut-usai-santap-mbg,"Diduga Keracunan, 16 Siswa SD di Jember Mual dan Sakit Perut Usai Santap MBG",2025Q3
2952931eb9cc,no cause information,True,False,False,True,False,False,False,False,False,False,False,False,False,False,False,False,False,False,False,True,True,False,False,False,False,False,False,False,False,False,True,False,False,True,False,False,False,False,False,True,False,False,True,False,False,False,False,False,False,False,False,surabaya.kompas.com,2025-09-29,mixed,1,https://surabaya.kompas.com/read/2025/09/29/122807778/kepala-smpn-1-batu-ungkap-kronologi-belasan-siswa-sakit-perut-usai-santap,Kepala SMPN 1 Batu Ungkap Kronologi Belasan Siswa Sakit Perut Usai Santap Menu MBG,2025Q3
2b80613f6882,awaiting lab / cause unknown,True,True,False,False,False,False,False,False,False,True,False,True,False,False,False,False,False,False,False,False,False,True,False,False,False,True,False,True,False,False,False,False,False,False,False,False,False,False,False,True,False,False,False,False,False,False,False,False,False,False,False,regional.kompas.com,2025-09-29,mixed,1,https://regional.kompas.com/read/2025/09/29/125310878/dugaan-keracunan-mbg-di-banyumas-korban-bertambah-jadi-408-siswa,"Dugaan Keracunan MBG di Banyumas, Korban Bertambah Jadi 408 Siswa",2025Q3
6a7c15a47675,no cause information,True,True,False,False,False,False,False,False,False,True,False,False,False,False,False,True,False,True,False,True,False,True,False,False,False,False,False,True,False,True,True,True,False,False,False,False,False,False,True,True,False,False,False,True,False,False,False,False,False,False,False,lampung.idntimes.com,2025-09-29,primary,1,https://lampung.idntimes.com/news/lampung/siswa-sekolah-tubaba-dan-lampura-diduga-keracunan-santap-mbg-00-5h6fh-4dw7l1,Siswa Sekolah Tubaba dan Lampura Diduga Keracunan Santap MBG,2025Q3
612309682ee6,awaiting lab / cause unknown,True,True,False,False,False,True,False,False,False,False,False,False,False,False,False,False,False,True,False,False,False,False,False,True,False,False,False,True,False,True,True,True,False,False,False,False,True,False,False,False,True,False,False,True,False,False,False,False,False,False,False,regional.kompas.com,2025-09-30,primary,1,https://regional.kompas.com/read/2025/09/30/142743778/20-siswa-sd-di-ungaran-diduga-keracunan-mbg,20 Siswa SD di Ungaran Diduga Keracunan MBG,2025Q3
bc38b63875ee,awaiting lab / cause unknown,True,True,False,False,False,False,False,False,False,False,False,False,False,False,False,False,False,False,False,False,False,False,False,False,False,False,False,False,False,False,True,False,True,False,False,False,False,False,False,True,True,False,True,False,False,False,False,False,False,False,False,detik.com,2025-09-30,primary,1,https://www.detik.com/jateng/berita/d-8138233/siswa-sd-diduga-keracunan-mbg-spageti-di-banyumas-jadi-94-begini-kondisinya,"Siswa SD Diduga Keracunan MBG Spageti di Banyumas Jadi 94, Begini Kondisinya",2025Q3
be8ea133defb,"samples taken, no result stated",True,True,False,False,False,False,False,False,False,False,False,True,False,False,False,False,False,True,True,True,False,False,False,False,False,False,False,False,False,True,True,False,False,True,False,False,False,False,False,False,True,False,False,False,False,True,False,False,False,False,False,detik.com,2025-09-30,junior_secondary,1,https://www.detik.com/kalimantan/berita/d-8136915/9-pelajar-smp-di-kayong-utara-diduga-keracunan-mbg-muntahan-diuji-lab,"9 Pelajar SMP di Kayong Utara Diduga Keracunan MBG, Muntahan Diuji Lab",2025Q3
ee3b38c1f335,awaiting lab / cause unknown,False,False,False,False,False,False,False,False,False,True,False,False,False,False,False,False,False,False,False,False,False,False,False,False,False,False,False,False,False,False,True,True,False,False,True,False,False,False,False,False,False,False,False,True,False,False,False,False,False,False,False,detik.com,2025-09-30,senior_secondary,1,https://www.detik.com/sumbagsel/berita/d-8138143/52-pelajar-sma-di-lampung-utara-keracunan-mbg-usai-santap-ayam-crispy,52 pelajar SMA di Lampung Utara Keracunan MBG Usai Santap Ayam Crispy,2025Q3
f7a40f926da6,awaiting lab / cause unknown,True,False,False,False,False,False,False,False,False,True,True,False,False,False,False,True,True,False,False,True,True,True,True,False,False,False,False,True,True,True,True,True,False,False,True,False,False,False,False,False,False,False,False,False,False,False,False,False,False,False,False,suaramerdeka.com,2025-09-30,mixed,1,https://www.suaramerdeka.com/jawa-tengah/0416003607/kasus-keracunan-di-jepara-program-makan-bergizi-gratis-tetap-jalan-pengawasan-diperketat,"Kasus Keracunan di Jepara: Program Makan Bergizi Gratis Tetap Jalan, Pengawasan Diperketat - Suara Merdeka",2025Q3
fda341f33ea9,no cause information,True,False,False,False,False,False,False,False,False,False,False,False,False,False,False,True,True,False,False,False,False,False,False,True,False,False,False,False,False,True,False,True,False,False,False,False,False,False,False,False,False,False,False,False,True,False,False,False,False,False,False,news.detik.com,2025-09-30,primary,1,https://news.detik.com/berita/d-8137416/27-siswa-sd-di-palangka-raya-mual-pusing-usai-santap-burger-mbg,27 Siswa SD di Palangka Raya Mual-Pusing Usai Santap Burger MBG,2025Q3
113d2044018d,no cause information,True,False,False,True,False,False,False,False,False,False,False,False,False,False,False,False,False,False,False,False,False,False,False,False,False,True,False,False,False,False,False,False,False,False,False,False,False,False,False,False,False,False,False,False,True,False,False,False,False,False,False,suara.com,2025-10-01,primary,1,https://www.suara.com/news/2025/10/01/144207/korban-keracunan-mbg-di-sdn-gedong-jadi-22-siswa-komnas-pa-kritik-guru-jadi-pencicip-makanan,"Korban Keracunan MBG di SDN Gedong Jadi 22 Siswa, Komnas PA Kritik Guru Jadi Pencicip Makanan",2025Q4
2ef797c38f6d,no cause information,False,False,False,False,False,False,False,True,False,False,False,False,False,True,False,False,False,False,False,False,False,False,False,False,False,False,False,False,False,False,False,False,False,False,False,False,False,False,False,False,False,False,False,False,True,False,False,False,False,True,False,tvonenews.com,2025-10-01,mixed,1,https://www.tvonenews.com/berita/nasional/376029-338-siswa-keracunan-mbg-di-banggai-kepala-bgn-sebut-karena-ganti-supplier-ikan-cakalang,"338 Siswa Keracunan MBG di Banggai, Kepala BGN Sebut karena Ganti Supplier Ikan Cakalang",2025Q4
94e8865656ad,no cause information,True,False,False,False,False,False,False,False,False,False,False,False,False,False,False,False,False,False,False,False,False,False,False,False,False,False,False,False,False,True,True,False,False,False,False,False,False,False,False,True,False,False,False,False,False,False,False,False,False,False,False,news.republika.co.id,2025-10-01,,2,https://news.republika.co.id/berita/t3fv80487/ditanya-kejadian-keracunan-mbg-di-jakarta-pramono-tanyakan-pemerintah-pusat,"Ditanya Kejadian Keracunan MBG di Jakarta, Pramono: Tanyakan Pemerintah Pusat |Republika Online",2025Q4
bdb59b57adad,awaiting lab / cause unknown,True,True,False,True,False,False,False,False,False,True,False,False,False,False,False,False,False,False,False,False,False,False,False,False,False,False,False,False,False,True,True,True,False,True,False,False,False,False,False,False,True,False,False,False,False,False,False,False,False,False,False,detik.com,2025-10-01,primary,1,https://www.detik.com/jabar/berita/d-8139574/8-siswa-mi-di-pangandaran-diduga-keracunan-usai-santap-mbg,8 Siswa MI di Pangandaran Diduga Keracunan Usai Santap MBG,2025Q4
cd7fdddd77ec,awaiting lab / cause unknown,True,False,False,False,False,False,False,False,False,False,False,False,False,False,False,False,False,False,False,False,False,False,False,False,False,False,False,False,False,False,True,False,False,False,False,False,False,False,False,True,False,False,False,False,False,False,False,False,False,False,False,detik.com,2025-10-01,primary,1,https://www.detik.com/jabar/bisnis/d-8139357/3-dari-107-siswa-sdn-pasir-angin-02-bogor-muntah-usai-santap-mbg,3 dari 107 Siswa SDN Pasir Angin 02 Bogor Muntah Usai Santap MBG,2025Q4
296c7108e7ad,no cause information,True,False,False,False,False,False,False,False,False,True,False,False,False,False,False,False,False,False,False,False,False,False,False,True,False,False,False,True,False,True,True,True,True,False,False,False,False,False,False,False,True,False,False,False,False,False,False,False,False,False,False,detik.com,2025-10-02,junior_secondary,1,https://www.detik.com/jatim/berita/d-8141008/belum-selesai-keracunan-smkn-1-sine-5-siswi-mts-di-ngawi-alami-mual-mual,"Belum Selesai Keracunan SMKN 1 Sine, 5 Siswi MTs di Ngawi Alami Mual-mual",2025Q4
3cb98fe13609,awaiting lab / cause unknown,True,True,False,False,False,False,True,False,False,False,False,False,False,False,False,False,False,False,False,False,False,False,False,False,False,False,False,False,False,False,False,True,False,True,False,False,False,False,False,False,True,True,False,False,False,False,False,False,False,False,False,blokbojonegoro.com,2025-10-02,junior_secondary,1,https://blokbojonegoro.com/2025/10/02/dugaan-keracunan-massal-mbg-di-kedungadem-bojonegoro-seluruh-siswa-telah-dipulangkan/,"Dugaan Keracunan Massal MBG di Kedungadem Bojonegoro, Seluruh Siswa Telah Dipulangkan",2025Q4
7346c99b77ef,no cause information,True,True,False,True,False,False,False,False,False,False,False,False,False,False,False,False,False,False,False,False,False,True,True,False,False,False,False,False,False,False,True,False,False,True,False,False,False,False,False,False,False,False,False,False,False,False,False,False,False,False,False,megapolitan.kompas.com,2025-10-02,primary,1,https://megapolitan.kompas.com/read/2025/10/02/16383171/6-siswa-sdn-kota-baru-3-bekasi-diduga-keracunan-usai-santap-mbg,6 Siswa SDN Kota Baru 3 Bekasi Diduga Keracunan Usai Santap MBG,2025Q4
7b8e68e12170,"samples taken, no result stated",True,True,False,False,False,False,False,False,False,False,False,False,False,False,False,False,False,False,False,False,False,False,False,False,False,False,False,False,False,True,False,True,False,False,False,False,True,False,False,False,True,False,False,False,True,True,False,False,False,False,False,disway.id,2025-10-02,junior_secondary,1,https://disway.id/read/901860/79-siswa-smp-di-banjar-diduga-keracunan-mbg-41-masih-dirawat,"79 Siswa SMP di Banjar Diduga Keracunan MBG, 41 Masih Dirawat",2025Q4
8912f7f25840,"samples taken, no result stated",True,True,False,False,False,True,False,False,False,False,False,True,False,False,False,False,False,True,False,True,False,True,False,False,False,False,False,False,False,False,True,False,False,False,False,False,False,False,False,False,True,True,False,False,True,True,False,False,True,False,False,regional.kompas.com,2025-10-02,mixed,1,https://regional.kompas.com/read/2025/10/02/142025478/keracunan-mbg-di-nunukan-bertambah-jadi-145-anak-telur-rebus-diduga-jadi,"Keracunan MBG di Nunukan Bertambah Jadi 145 Anak, Telur Rebus Diduga Jadi Penyebab",2025Q4
c17d9961ed19,"samples taken, no result stated",True,True,False,False,False,False,False,False,False,False,False,False,False,False,False,False,False,True,False,False,False,False,False,False,False,False,False,False,False,True,False,False,False,True,True,False,False,False,False,True,True,False,False,False,False,False,False,False,False,False,False,detik.com,2025-10-02,primary,1,https://www.detik.com/jatim/berita/d-8141923/7-siswa-sdn-bojonegoro-dilarikan-ke-puskesmas-diduga-keracunan-mbg,7 Siswa SDN Bojonegoro Dilarikan ke Puskesmas Diduga Keracunan MBG,2025Q4
d4130040fdb2,no cause information,True,True,False,True,False,False,False,False,False,True,True,False,False,False,False,False,False,True,False,False,False,False,False,False,False,False,False,True,True,True,False,True,True,True,False,False,False,False,False,False,True,False,False,False,False,False,False,False,False,False,False,beritajatim.com,2025-10-02,senior_secondary,1,https://beritajatim.com/ratusan-siswa-sman-1-kedungadem-bojonegoro-diduga-keracunan-usai-santap-mbg,Ratusan Siswa SMAN 1 Kedungadem Bojonegoro Diduga Keracunan Usai Santap MBG | beritajatim.com,2025Q4
404c7458b8f4,"samples taken, no result stated",True,False,False,False,False,False,False,False,False,False,False,False,False,False,False,True,True,True,False,False,False,True,False,False,False,False,False,True,False,True,True,True,False,False,False,False,False,False,False,False,False,False,False,False,False,False,False,False,False,False,False,detik.com,2025-10-03,primary,1,https://www.detik.com/jogja/berita/d-8143427/keracunan-mbg-hari-ini-juga-terjadi-di-gunungkidul,Keracunan MBG Hari Ini Juga Terjadi di Gunungkidul,2025Q4
42585c280e9b,no cause information,True,True,False,False,False,False,False,False,False,False,False,False,False,False,False,False,False,False,False,False,False,False,False,False,False,False,False,False,False,True,True,False,False,False,False,False,False,False,False,True,True,False,False,False,False,False,False,True,False,False,False,regional.kompas.com,2025-10-03,primary,1,https://regional.kompas.com/read/2025/10/03/143203478/3-murid-sd-aceh-utara-mual-dan-muntah-diduga-setelah-makan-mbg,3 Murid SD Aceh Utara Mual dan Muntah Diduga Setelah Makan MBG,2025Q4
6243ed724c96,no cause information,False,False,False,True,False,False,False,False,False,True,False,False,False,False,False,False,False,False,False,False,False,False,False,True,False,False,False,True,True,False,False,False,False,False,False,False,False,False,False,False,True,False,False,False,False,False,False,False,False,False,True,detik.com,2025-10-03,mixed,1,https://www.detik.com/jabar/berita/d-8143212/korban-keracunan-mbg-di-tasikmalaya-tembus-115-orang,Korban Keracunan MBG di Tasikmalaya Tembus 115 Orang,2025Q4
6c838d3ac88b,no cause information,True,False,False,False,False,False,False,False,False,False,False,False,False,False,False,True,True,False,False,False,False,False,False,False,False,False,False,False,False,False,False,False,False,False,False,False,False,False,False,True,True,False,True,False,False,False,False,True,False,False,False,rri.co.id,2025-10-03,mixed,1,https://rri.co.id/makan-bergizi-gratis/1879386/keracunan-massal-mbg-di-garut-capai-307-orang,Keracunan Massal MBG di Garut Capai 307 Orang - RRI.co.id,2025Q4
6cefa7ea83f9,awaiting lab / cause unknown,True,True,False,False,False,False,False,True,False,False,False,True,True,False,False,False,False,True,True,False,False,False,False,False,False,False,False,True,True,True,False,True,False,False,False,False,False,False,False,False,True,False,True,False,False,True,False,False,False,False,False,kompas.com,2025-10-03,mixed,1,https://www.kompas.com/sumatera-barat/read/2025/10/03/181500288/-kronologi-122-korban-keracunan-program-mbg-di-agam-diduga-akibat,"Kronologi 122 Korban Keracunan Program MBG di Agam, Diduga akibat Nasi Goreng",2025Q4
f3a7a53436f7,no cause information,True,False,False,False,False,False,False,False,False,False,False,False,False,False,False,False,False,False,False,False,False,False,False,False,False,False,False,False,False,True,True,False,False,True,True,False,True,False,False,False,True,False,False,False,False,False,False,False,False,False,False,jabar.suara.com,2025-10-03,primary,1,https://jabar.suara.com/read/2025/10/03/184731/lagi-siswa-sd-di-ciamis-keracunan-massal-usai-santap-mbg,Lagi! Siswa SD di Ciamis Keracunan Massal Usai Santap MBG,2025Q4
ce8d774f2bc5,no cause information,True,False,False,False,False,True,False,False,False,False,False,False,False,False,False,False,False,False,False,False,False,False,False,False,False,False,False,True,False,True,True,False,True,False,False,False,False,False,False,False,True,False,False,False,False,False,False,False,False,False,False,regional.kompas.com,2025-10-04,,2,https://regional.kompas.com/read/2025/10/04/064836178/satu-hari-usai-santap-mbg-ratusan-siswa-di-kuningan-muntah-dan-diare,"Satu Hari Usai Santap MBG, Ratusan Siswa di Kuningan Muntah dan Diare",2025Q4
f06a8fdd3f9a,"samples taken, no result stated",True,False,False,True,False,False,False,False,False,False,False,False,False,False,False,False,False,False,False,False,False,False,False,False,False,False,False,False,False,False,False,False,False,False,False,False,False,False,False,True,True,False,False,False,False,False,False,True,False,False,False,regional.kompas.com,2025-10-04,mixed,1,https://regional.kompas.com/read/2025/10/04/105048078/bertambah-lagi-jumlah-korban-keracunan-mbg-di-purworejo-kini-134-orang,"Bertambah Lagi, Jumlah Korban Keracunan MBG di Purworejo Kini 134 Orang",2025Q4
2681103a47db,no cause information,True,True,False,False,False,False,False,True,False,False,False,True,False,False,False,False,False,True,False,True,False,True,False,True,False,False,False,False,False,True,True,True,True,False,False,False,False,False,False,False,False,False,False,False,False,False,False,False,False,False,False,harian7.com,2025-10-06,junior_secondary,1,https://harian7.com/2025/10/ratusan-siswa-smpn-8-salatiga-absen-diduga-keracunan-makanan-mbg.html,"Ratusan Siswa SMPN 8 Salatiga Absen, Diduga Keracunan Makanan MBG",2025Q4
67ac30879c11,awaiting lab / cause unknown,True,True,False,False,False,True,False,False,False,False,False,False,False,False,False,False,False,False,False,False,False,False,False,False,False,False,False,False,False,False,False,False,False,False,False,False,False,False,False,False,False,True,False,False,True,False,False,False,False,False,True,solopos.espos.id,2025-10-07,unknown,1,https://solopos.espos.id/imbas-12-pelajar-diduga-keracunan-mbg-sppg-karanganyar-ditutup-2149197,"Imbas 12 Pelajar Diduga Keracunan MBG, SPPG Karanganyar Ditutup",2025Q4
6bfd37cad43f,awaiting lab / cause unknown,False,True,False,False,False,False,False,False,False,True,False,False,False,False,False,False,False,False,False,True,False,False,False,False,False,False,False,True,False,False,False,True,False,False,False,False,False,False,False,False,False,False,False,False,True,False,False,False,False,False,False,regional.kompas.com,2025-10-07,unknown,1,https://regional.kompas.com/read/2025/10/07/165931478/168-siswa-diduga-keracunan-mbg-sppg-popongan-2-karanganyar-dihentikan,"168 Siswa Diduga Keracunan MBG, SPPG Popongan 2 Karanganyar Dihentikan Sementara",2025Q4
724b8b13ba82,awaiting lab / cause unknown,True,False,False,False,False,False,False,False,False,False,False,False,False,False,False,False,False,False,False,False,False,False,False,False,False,False,False,False,False,True,False,True,True,False,False,False,False,False,False,False,False,True,False,False,True,False,False,False,False,False,False,regional.kompas.com,2025-10-07,senior_secondary,1,https://regional.kompas.com/read/2025/10/07/162259678/414-siswa-keracunan-mbg-operasional-sppg-giyanti-temanggung-dihentikan,"414 Siswa Keracunan MBG, Operasional SPPG Giyanti Temanggung Dihentikan Sementara",2025Q4
4397c1f2a8a7,no cause information,True,True,False,False,False,True,False,False,False,False,False,False,False,False,False,False,False,False,False,True,False,False,False,True,False,False,False,False,False,True,True,True,False,True,False,False,False,False,False,True,False,False,False,True,False,False,False,False,False,False,False,lampung.idntimes.com,2025-10-08,senior_secondary,1,https://lampung.idntimes.com/news/lampung/belasan-siswa-sma-di-lamteng-diduga-keracunan-mbg-jaksa-turun-tangan-00-5h6fh-5xq1g3,"Belasan Siswa SMA di Lamteng Diduga Keracunan MBG, Jaksa Turun Tangan",2025Q4
caf5f48d7cd8,no cause information,True,False,False,False,True,True,False,False,False,True,True,False,False,False,False,False,False,False,False,False,False,False,False,True,True,False,False,False,False,True,True,True,False,False,False,False,True,False,False,False,False,True,True,False,True,False,False,False,True,False,False,tempo.co,2025-10-08,mixed,1,https://www.tempo.co/politik/bgn-hentikan-operasional-sppg-kota-soe-1-setelah-terjadi-keracunan-mbg-2077551,BGN Hentikan Operasional SPPG Kota Soe 1 Setelah Terjadi Keracunan MBG,2025Q4
f0929d35217d,lab: contamination reported,True,True,True,False,False,False,False,False,False,True,False,False,False,False,False,False,False,False,False,True,False,False,False,False,False,False,False,False,False,True,True,False,True,False,False,False,False,False,False,False,True,False,False,False,False,False,True,False,False,False,False,detik.com,2025-10-08,mixed,1,https://www.detik.com/jateng/berita/d-8151170/ratusan-siswa-dan-santri-di-slogohimo-wonogiri-diduga-keracunan-mbg,Ratusan Siswa dan Santri di Slogohimo Wonogiri Diduga Keracunan MBG,2025Q4
465ff6e8304c,awaiting lab / cause unknown,True,True,False,False,False,False,False,False,False,False,False,False,False,True,False,False,False,True,False,True,False,True,False,False,False,False,False,True,False,False,False,False,False,False,False,False,False,False,False,True,True,False,True,False,False,False,False,False,False,False,False,hulondalo.id,2025-10-09,senior_secondary,1,https://www.hulondalo.id/news/96416054595/11-siswa-smk-tridarma-kota-gorontalo-diduga-keracunan-usai-konsumsi-mbg,11 Siswa SMK Tridarma Kota Gorontalo Diduga Keracunan usai Konsumsi MBG - Hulondalo,2025Q4
4bbf0bab0120,awaiting lab / cause unknown,True,False,False,False,False,False,False,False,False,False,False,False,False,False,False,False,False,False,False,True,False,False,False,False,False,False,False,True,False,True,True,True,False,True,False,True,False,False,False,True,True,False,False,False,False,False,False,False,False,False,False,detik.com,2025-10-09,junior_secondary,1,https://www.detik.com/jateng/berita/d-8153672/korban-keracunan-mbg-di-wedi-klaten-bertambah-total-49-siswa,"Korban Keracunan MBG di Wedi Klaten Bertambah, Total 49 Siswa",2025Q4
e73bb4ca9bbb,awaiting lab / cause unknown,True,True,False,False,False,False,False,False,False,True,False,False,False,False,False,False,False,True,False,False,False,True,False,False,False,False,False,True,False,True,True,True,False,False,False,False,False,False,False,False,True,False,False,False,False,False,False,False,False,False,False,cianjurekspres.disway.id,2025-10-09,unknown,1,https://cianjurekspres.disway.id/read/19461/kasus-dugaan-keracunan-mbg-terulang-kembali-di-cianjur-16-siswa-jadi-korban,"Kasus Dugaan Keracunan MBG Terulang Kembali di Cianjur, 16 Siswa Jadi Korban",2025Q4
4e09e313edb4,"samples taken, no result stated",True,False,False,False,False,False,False,False,False,False,False,False,False,False,False,False,False,False,False,False,False,False,False,False,False,False,False,False,False,True,False,False,True,False,False,False,False,False,False,True,True,False,False,False,False,False,False,False,False,False,False,kilasbanggai.com,2025-10-11,senior_secondary,1,https://www.kilasbanggai.com/uncategorized/keracunan-mbg-di-moilong-terus-bertambah-tembus-123-siswa-44-orang-rawat-inap/,"Keracunan MBG di Moilong Terus Bertambah: Tembus 123 Siswa, 44 Orang Rawat Inap",2025Q4
efcac9afd9cf,no cause information,True,False,False,False,False,False,False,False,False,False,False,False,False,False,False,False,False,False,False,False,False,False,False,False,False,False,False,False,False,False,True,False,True,False,True,False,False,False,False,True,False,False,False,False,False,False,False,False,False,False,False,detik.com,2025-10-12,primary,1,https://www.detik.com/bali/nusra/d-8157046/mbg-makan-korban-lagi-guru-siswa-dua-sd-di-bima-keracunan,"MBG Makan Korban Lagi, Guru-Siswa Dua SD di Bima Keracunan",2025Q4
bef880f91205,no cause information,True,True,False,False,False,False,False,False,False,False,False,False,False,False,False,False,False,False,False,False,False,False,False,False,False,False,False,False,False,True,False,True,False,False,True,False,False,False,False,False,True,False,False,False,False,False,False,False,False,False,False,news.detik.com,2025-10-13,junior_secondary,1,https://news.detik.com/berita/d-8159232/17-siswa-smp-di-karanganyar-diduga-keracunan-mbg-dilarikan-ke-puskesmas,"17 Siswa SMP di Karanganyar Diduga Keracunan MBG, Dilarikan ke Puskesmas",2025Q4
0f2f218c39e7,no cause information,True,False,False,False,False,False,False,False,False,False,False,True,False,False,False,False,False,False,False,False,False,False,False,False,False,False,False,True,False,True,False,True,False,False,False,False,True,False,False,False,True,False,False,False,False,False,False,False,False,False,False,detik.com,2025-10-14,senior_secondary,1,https://www.detik.com/jatim/berita/d-8160971/8-siswa-smkn-tambakboyo-tuban-dilarikan-ke-puskesmas-gegara-mbg,8 Siswa SMKN Tambakboyo Tuban Dilarikan ke Puskesmas gegara MBG,2025Q4
eb58fdf02aa1,no cause information,True,True,False,False,True,False,True,False,False,True,False,False,False,False,False,True,False,True,False,True,False,False,False,False,False,False,False,True,False,True,True,False,False,False,False,False,False,False,False,False,True,False,False,False,False,False,False,False,False,False,False,bandung.kompas.com,2025-10-14,community_health_post,1,https://bandung.kompas.com/read/2025/10/14/182839778/balita-di-tasikmalaya-diduga-keracunan-mbg-orangtua-pembagian-siang-dimakan,"Balita di Tasikmalaya Diduga Keracunan MBG, Orangtua: Pembagian Siang Dimakan Sore Hari",2025Q4
f9bb442386bf,no cause information,True,False,False,False,False,False,False,False,False,False,False,False,False,False,False,False,False,False,False,False,False,False,False,False,False,False,False,False,False,False,False,False,False,False,False,False,False,False,False,True,True,False,False,False,True,False,False,True,False,False,False,surabaya.kompas.com,2025-10-14,mixed,1,https://surabaya.kompas.com/read/2025/10/14/130005978/keracunan-mbg-di-tulungagung-bertambah-jadi-68-siswa-kadinkes-dari-awal,"Keracunan MBG di Tulungagung Bertambah Jadi 68 Siswa, Kadinkes: Dari Awal, Kami Sudah Siaga",2025Q4
66fe0ae8fde8,awaiting lab / cause unknown,True,True,False,False,False,False,False,False,False,False,False,False,False,False,False,True,False,False,False,True,True,True,False,False,False,False,False,True,True,True,True,False,False,True,True,False,False,False,False,False,True,False,False,False,False,False,False,False,False,False,False,sekitarjatim.com,2025-10-15,primary,1,https://sekitarjatim.com/2025/10/15/sembilan-siswa-sd-di-pamekasan-diduga-keracunan-makanan-program-bergizi-gratis/,Sembilan Siswa SD di Pamekasan Diduga Keracunan Makanan Program Bergizi Gratis,2025Q4
fe318cd6adfc,no cause information,True,True,False,False,False,False,False,False,True,False,False,False,False,False,False,False,False,False,False,False,False,False,False,False,False,False,False,False,False,True,False,False,True,True,False,False,False,False,False,False,True,False,False,True,False,False,False,False,False,False,False,mataram.antaranews.com,2025-10-15,senior_secondary,1,https://mataram.antaranews.com/berita/496981/puluhan-santri-di-lotim-diare-diduga-usai-santap-mbg-begini-tanggapan-sppg,"Puluhan santri di Lotim diare diduga usai santap MBG, begini tanggapan SPPG",2025Q4
26132a3ed76e,awaiting lab / cause unknown,True,False,False,False,True,False,False,False,False,False,False,False,False,False,False,False,False,False,False,False,False,False,False,False,False,False,False,False,False,True,False,False,True,True,False,False,False,False,False,True,True,False,False,False,False,False,False,False,False,False,False,jateng.harianjogja.com,2025-10-16,junior_secondary,1,https://jateng.harianjogja.com/read/2025/10/16/648/1232160/santap-menu-mbg-ratusan-siswa-smp-di-karanganyar-alami-keracunan,"Santap Menu MBG, Ratusan Siswa SMP di Karanganyar Alami Keracunan",2025Q4
481d2c0b4a0b,no cause information,True,False,False,False,True,False,False,False,False,True,True,False,False,False,False,False,False,False,False,True,False,False,False,False,False,False,False,True,False,False,False,False,True,True,False,False,False,False,False,False,True,False,False,False,False,False,False,False,False,False,False,yogyakarta.kompas.com,2025-10-16,senior_secondary,1,https://yogyakarta.kompas.com/read/2025/10/16/141711978/426-siswa-sma-1-yogyakarta-sakit-perut-usai-santap-mbg,426 Siswa SMA 1 Yogyakarta Sakit Perut usai Santap MBG,2025Q4
57edc95d4a4f,no cause information,True,False,False,False,False,False,True,False,False,False,False,False,False,False,False,False,False,False,False,False,False,False,False,False,False,False,False,False,False,False,False,False,True,True,False,False,False,False,False,False,False,False,False,False,False,False,False,False,False,False,False,yogyakarta.kompas.com,2025-10-16,senior_secondary,1,https://yogyakarta.kompas.com/read/2025/10/16/175003078/65-siswa-sma-muhammadiyah-7-yogyakarta-diare-usai-santap-mbg-dari-sppg,65 Siswa SMA Muhammadiyah 7 Yogyakarta Diare Usai Santap MBG dari SPPG yang Sama dengan SMAN 1 Yogyakarta,2025Q4
687f40b8980e,"samples taken, no result stated",False,False,True,False,False,False,False,False,False,False,False,False,False,False,False,False,False,False,False,False,False,False,False,False,False,False,False,False,False,False,True,False,False,False,False,False,False,False,False,False,True,False,False,False,True,False,False,False,False,False,False,bandung.kompas.com,2025-10-16,mixed,1,https://bandung.kompas.com/read/2025/10/16/135546578/korban-keracunan-mbg-di-bandung-barat-tembus-518-korban-50-siswa-masih,"Korban Keracunan MBG di Bandung Barat Tembus 518 Korban, 50 Siswa Masih Dirawat",2025Q4
878f0a4b9d26,"samples taken, no result stated",True,True,False,False,False,False,False,False,False,True,True,False,False,False,False,False,False,True,True,True,True,True,True,False,False,False,False,True,True,True,True,True,False,True,False,False,False,False,False,False,True,False,False,False,False,False,False,False,False,False,False,bandung.kompas.com,2025-10-17,primary,1,https://bandung.kompas.com/read/2025/10/17/222324678/diduga-keracunan-mbg-7-siswa-sdn-ciangsana-02-bogor-mual-dan-muntah,"Diduga Keracunan MBG, 7 Siswa SDN Ciangsana 02 Bogor Mual dan Muntah",2025Q4
f5fe23071b83,no cause information,True,True,False,True,False,False,False,False,False,False,False,False,False,False,False,False,False,True,True,True,False,True,False,False,False,False,False,True,True,True,True,True,False,False,False,False,False,False,False,False,True,False,False,True,False,False,False,False,False,False,False,bandung.kompas.com,2025-10-17,primary,1,https://bandung.kompas.com/read/2025/10/17/163905178/13-siswa-sd-di-tasikmalaya-diduga-keracunan-mbg-menu-nasi-goreng-guru,"13 Siswa SD di Tasikmalaya Diduga Keracunan MBG Menu Nasi Goreng, Guru: Nasgornya Sudah Bau Tak Sedap",2025Q4
e0c32e6b1c96,no cause information,True,True,False,False,False,False,False,False,False,True,True,False,False,False,False,False,False,False,False,False,False,False,False,False,False,False,False,False,False,True,True,False,True,False,False,False,False,False,False,False,True,False,False,False,False,False,False,False,False,False,False,detik.com,2025-10-21,junior_secondary,1,https://www.detik.com/kalimantan/berita/d-8170946/puluhan-siswa-smpn-33-banjarmasin-diduga-keracunan-mbg,Puluhan Siswa SMPN 33 Banjarmasin Diduga Keracunan MBG,2025Q4
2817a80ba84f,"samples taken, no result stated",True,True,False,False,False,False,False,False,False,False,False,False,False,False,False,False,False,False,False,False,False,False,False,False,False,False,False,False,False,True,False,False,True,True,False,False,False,False,False,False,True,False,False,False,False,False,False,False,False,False,False,seblang.com,2025-10-23,senior_secondary,1,https://seblang.com/bencana/dugaan-keracunan-massal-mbg-112-siswa-man-1-banyuwangi-terserang-diare/,"Dugaan Keracunan Massal MBG, 112 Siswa MAN 1 Banyuwangi Terserang Diare",2025Q4
62946289cf84,"samples taken, no result stated",True,False,False,False,False,True,False,False,False,False,False,True,True,False,False,True,True,True,True,False,False,True,True,False,False,False,False,True,True,True,True,True,False,False,False,False,False,False,False,False,True,False,True,True,False,True,False,False,False,False,False,regional.kompas.com,2025-10-23,junior_secondary,1,https://regional.kompas.com/read/2025/10/23/155851478/siswa-mts-di-mamuju-yang-keracunan-mbg-bertambah-jadi-25-orang-dinkes,"Siswa MTS di Mamuju yang Keracunan MBG Bertambah Jadi 25 Orang, Dinkes Sulbar Tetapkan KLB",2025Q4
ad57a298b32a,no cause information,True,False,False,False,False,False,False,False,False,True,False,False,False,False,False,False,False,True,False,True,False,True,False,False,False,False,False,True,False,True,True,True,False,False,False,False,False,False,False,False,True,False,False,False,False,False,False,False,False,False,False,rejabar.republika.co.id,2025-10-23,junior_secondary,1,https://rejabar.republika.co.id/berita/t4l7g2512/lagi-keracunan-terjadi-usai-konsumsi-mbg-di-bandung-barat-korban-puluhan-siswa,"Lagi, Keracunan Terjadi Usai Konsumsi MBG di Bandung Barat Korban Puluhan Siswa |Republika Online",2025Q4
0b0a35abd39d,awaiting lab / cause unknown,True,False,False,False,False,False,False,False,False,True,False,False,False,False,False,False,False,True,False,False,False,False,False,False,False,False,False,False,False,False,False,True,True,False,False,False,False,False,False,False,True,False,False,False,False,False,False,False,False,False,False,jogja.suara.com,2025-10-24,mixed,1,https://jogja.suara.com/read/2025/10/24/125019/terjadi-lagi-ratusan-siswa-di-sleman-diare-dan-pusing-massal-setelah-santap-mbg,"Terjadi Lagi, Ratusan Siswa di Sleman Diare dan Pusing Massal setelah Santap MBG",2025Q4
cf28a2f2d095,awaiting lab / cause unknown,True,True,True,False,False,False,False,False,False,False,False,False,False,False,False,False,False,True,False,False,False,False,False,False,False,False,False,True,False,True,False,True,False,False,False,True,False,False,False,False,True,False,False,False,False,False,False,False,False,False,False,suaracirebon.com,2025-10-24,primary,1,https://suaracirebon.com/2025/10/24/13-murid-sdn-kesenden-cirebon-diduga-keracunan-mbg/,13 Murid SDN Kesenden Cirebon Diduga Keracunan MBG - Suara Cirebon,2025Q4
3e2a9e681159,lab: contamination reported,False,False,True,False,False,False,True,False,False,True,False,False,False,False,False,False,False,False,False,True,False,False,False,False,False,False,False,True,False,True,True,False,True,False,False,True,False,False,False,False,True,True,False,False,True,False,False,False,False,False,False,surabaya.kompas.com,2025-10-29,mixed,1,https://surabaya.kompas.com/read/2025/10/29/161955078/siswa-korban-keracunan-mbg-di-kalipuro-banyuwangi-bertambah-jadi-133-orang,Siswa Korban Keracunan MBG di Kalipuro Banyuwangi Bertambah Jadi 133 Orang,2025Q4
40fa13bf0f2b,no cause information,True,True,False,False,False,False,False,False,False,False,False,False,False,False,False,False,False,False,False,False,False,False,False,False,False,False,False,False,False,True,True,False,True,True,False,False,False,False,False,False,True,False,False,False,False,False,False,False,False,False,False,yogyakarta.kompas.com,2025-10-29,mixed,1,https://yogyakarta.kompas.com/read/2025/10/29/151239178/hampir-700-anak-dari-2-sekolah-diduga-keracunan-mbg-di-gunungkidul,Hampir 700 anak dari 2 Sekolah Diduga Keracunan MBG di Gunungkidul,2025Q4
0f24059c9f99,awaiting lab / cause unknown,True,False,False,False,True,True,False,False,False,True,False,False,False,False,False,False,False,True,False,True,False,False,False,False,False,False,False,True,False,True,True,True,False,False,False,False,False,False,False,False,False,False,False,False,False,False,False,False,False,False,True,koran-gala.id,2025-10-30,mixed,1,https://www.koran-gala.id/news/58716170691/dapur-sppg-cibodas-2-ditutup-sementara-imbas-kasus-keracunan-mbg-yang-mencapai-236-korban-di-lembang,"Dapur SPPG Cibodas 2 Ditutup Sementara, Imbas Kasus Keracunan MBG yang Mencapai 236 Korban di Lembang - Koran Gala",2025Q4
28417fecb4f1,awaiting lab / cause unknown,True,True,False,False,False,False,False,False,False,False,False,True,False,False,False,False,False,False,False,False,False,False,False,False,False,False,False,False,False,True,False,True,False,False,False,False,False,False,False,False,True,False,False,False,False,False,False,False,False,False,False,indonesia.jakartadaily.id,2025-11-01,primary,1,https://indonesia.jakartadaily.id/ekonomi-bisnis/69316182933/sdn-meruya-selatan-01-hentikan-sementara-program-mbg-20-siswa-diduga-keracunan,"SDN Meruya Selatan 01 Hentikan Sementara Program MBG, 20 Siswa Diduga Keracunan - Jakarta Daily Indonesia",2025Q4
ae77c7d3c189,awaiting lab / cause unknown,True,False,False,False,False,True,False,False,False,True,True,False,False,False,False,False,False,False,False,True,False,False,False,False,False,False,False,False,False,True,True,True,False,False,False,False,False,False,False,False,True,False,False,True,False,False,False,False,False,False,False,detik.com,2025-11-04,primary,1,https://www.detik.com/jabar/cirebon-raya/d-8193968/20-siswa-sd-di-cirebon-keracunan-soto-mbg-polisi-dinkes-turun-tangan,"20 Siswa SD di Cirebon Keracunan Soto MBG, Polisi-Dinkes Turun Tangan",2025Q4
345b0a08ce6a,"samples taken, no result stated",True,False,False,False,False,False,False,False,False,False,False,False,False,False,False,False,False,False,False,False,False,False,False,False,False,False,False,False,False,True,True,False,False,False,True,False,False,False,False,False,False,True,False,False,True,False,False,False,False,False,False,joglosemarnews.com,2025-11-05,unknown,1,https://joglosemarnews.com/2025/11/547-siswa-di-gunungkidul-keracunan-usai-makan-menu-mbg-dapur-masih-jalan-terus/,"547 Siswa di Gunungkidul Keracunan Usai Makan Menu MBG, Dapur Masih Jalan Terus! » JOGLOSEMAR NEWS",2025Q4
bcf207fb03a5,no cause information,True,True,False,False,False,False,False,True,False,False,False,False,False,False,False,True,False,False,False,False,False,False,False,False,False,False,False,False,False,False,False,False,False,False,False,False,True,True,False,True,True,False,False,False,False,False,False,False,False,False,False,tandaseru.com,2025-11-06,primary,1,https://www.tandaseru.com/2025/11/06/25-siswa-sd-di-ternate-diduga-keracunan-usai-santap-mbg/,25 Siswa SD di Ternate Diduga Keracunan Usai Santap MBG,2025Q4
25bfc678ad75,awaiting lab / cause unknown,True,True,False,False,False,False,False,False,False,False,False,False,False,False,False,False,False,False,False,False,False,False,False,False,False,False,False,False,False,True,True,False,False,True,False,False,False,False,False,False,True,False,False,False,False,True,False,False,False,False,False,harianmuba.disway.id,2025-11-07,pesantren,1,https://harianmuba.disway.id/utama/read/665577/diduga-keracunan-menu-mbg-20-santri-ponpes-zaadul-maad-palembang-sempat-dilarikan-ke-klinik,"Diduga Keracunan Menu MBG, 20 Santri Ponpes Zaadul Ma’ad Palembang Sempat Dilarikan ke Klinik",2025Q4
824626bdd8c0,no cause information,True,False,True,True,False,False,False,False,False,True,False,False,False,True,True,False,False,False,False,True,False,False,False,False,False,False,False,True,False,True,True,True,False,True,False,False,False,False,False,True,False,False,False,True,False,False,False,False,False,False,False,metropolitan.id,2025-11-12,senior_secondary,1,https://www.metropolitan.id/berita-hari-ini/95316240989/252-siswa-sma-di-ntt-keracunan-massal-setelah-makan-bergizi-gratis-mengeluh-gejala-pusing-dan-mual,"252 Siswa SMA di NTT Keracunan Massal Setelah Makan Bergizi Gratis, Mengeluh Gejala Pusing dan Mual - Metropolitan",2025Q4
c51b76c34085,"samples taken, no result stated",True,False,False,False,False,False,False,False,False,True,True,False,False,False,False,False,False,True,True,False,False,True,True,False,False,False,False,True,True,True,True,True,False,False,False,False,False,False,False,False,True,False,False,False,False,False,False,False,False,False,False,detik.com,2025-11-12,junior_secondary,1,https://www.detik.com/jabar/berita/d-8206996/21-siswa-keracunan-mbg-di-kbb-satu-masih-dirawat,"21 Siswa Keracunan MBG di KBB, Satu Masih Dirawat",2025Q4
f1b223b25695,lab: contamination reported,False,False,True,True,False,True,False,False,False,True,False,True,False,False,False,True,False,True,False,True,False,True,False,True,False,False,False,True,False,True,True,True,True,True,False,True,False,False,False,True,True,False,False,False,True,False,False,False,True,True,True,kompas.id,2025-11-15,mixed,1,https://www.kompas.id/artikel/kasus-berulang-50-murid-keracunan-mbg-di-kota-bogor,"Kasus Berulang, 50 Murid di Bogor Keracunan MBG",2025Q4
4cb9c646cc28,awaiting lab / cause unknown,True,False,False,False,False,True,False,False,False,False,False,True,True,False,False,False,False,True,True,False,False,True,True,False,False,False,False,True,True,True,True,True,True,False,False,False,False,False,False,True,True,True,False,False,False,False,False,False,False,False,True,banyumasekspres.id,2025-11-22,pesantren,1,https://banyumasekspres.id/112-santri-ponpes-nurul-ali-magelang-alami-keracunan-usai-konsumsi-makanan-mbg/,112 Santri Ponpes Nurul Ali Magelang Alami Keracunan Usai Konsumsi Makanan MBG – BANYUMASEKSPRES.ID,2025Q4
70b8825741d2,"samples taken, no result stated",True,True,False,True,False,False,False,False,False,False,False,False,False,False,False,False,False,False,False,False,False,False,False,False,False,False,False,False,False,True,True,True,False,False,False,False,False,False,False,True,True,False,False,False,False,False,False,False,False,False,False,harianmuria.com,2025-11-26,junior_secondary,1,https://harianmuria.com/news/17-siswa-smp-kendal-di-rs-puskesmas/,"17 Siswa SMPN 1 Kendal Dilarikan Ke RS Dan Puskesmas, Diduga Keracunan Menu MBG - Harian Muria",2025Q4
619f00e3bf1d,"samples taken, no result stated",True,True,False,False,False,False,False,False,False,False,False,False,False,False,False,False,False,False,False,False,False,False,False,False,False,False,False,False,False,False,True,False,False,True,False,False,False,False,False,True,True,False,False,False,False,False,False,False,False,False,False,memorandum.disway.id,2025-11-27,mixed,1,https://memorandum.disway.id/ngawi/read/145178/87-siswa-ngawi-diduga-keracunan-massal-dua-anak-masih-jalani-perawatan,"87 Siswa Ngawi Diduga Keracunan Massal, Dua Anak Masih Jalani Perawatan",2025Q4
d48eac005d63,awaiting lab / cause unknown,True,True,False,False,False,False,False,False,False,False,False,False,False,False,False,False,False,False,False,False,False,False,False,False,False,False,False,False,False,True,True,True,False,True,False,False,False,False,False,False,False,False,False,True,False,False,False,False,False,False,False,ttu.inews.id,2025-11-27,mixed,1,https://ttu.inews.id/read/655286/anak-sekolah-di-ttu-diduga-keracunan-mbg-dilarikan-ke-rsud-kefamenanu,"Anak Sekolah di TTU Diduga Keracunan MBG, Dilarikan ke RSUD Kefamenanu",2025Q4
df29b027bddc,awaiting lab / cause unknown,True,True,False,False,False,False,False,False,False,False,False,True,False,False,False,True,False,False,False,False,False,True,False,False,False,False,False,True,False,True,False,True,False,False,False,False,False,False,False,True,True,False,False,True,True,False,False,False,False,False,False,jatimnet.com,2025-11-27,primary,1,https://jatimnet.com/puluhan-siswa-sd-di-mejayan-madiun-diduga-keracunan-mbg,Puluhan Siswa SD di Mejayan Madiun Diduga Keracunan MBG - Jatimnet.com,2025Q4
5656b9997a8b,awaiting lab / cause unknown,True,True,False,False,False,False,False,False,False,False,False,False,False,False,False,False,False,False,False,False,False,False,False,False,False,False,False,False,False,False,False,False,True,True,False,False,False,False,False,False,False,False,False,False,False,False,False,False,False,False,False,blokbojonegoro.com,2025-11-29,pesantren,1,https://blokbojonegoro.com/2025/11/29/puluhan-siswa-diduga-keracunan-makanan-kepala-man-1-bojonegoro-pilih-tunggu-hasil-medis,"Puluhan Siswa Diduga Keracunan Makanan, Kepala MAN 1 Bojonegoro Pilih Tunggu Hasil Medis",2025Q4
7e2a051352e4,awaiting lab / cause unknown,True,False,False,False,False,True,False,False,False,False,False,False,False,False,False,False,False,False,False,False,False,False,False,False,False,False,False,False,False,False,False,False,False,False,False,False,False,False,False,False,True,True,False,False,True,False,False,False,False,False,False,koranmandala.com,2025-11-29,unknown,1,https://www.koranmandala.com/daerah/206780/74-siswa-keracunan-usai-konsumsi-menu-mbg-dapur-cigandamekar/,74 Siswa Keracunan Usai Konsumsi Menu MBG Dapur Cigandamekar - Koran Mandala,2025Q4
27349c249fce,awaiting lab / cause unknown,True,True,False,False,False,False,False,False,False,False,False,False,False,False,False,True,True,False,False,False,False,False,False,False,False,False,False,False,False,True,True,True,False,False,False,False,False,False,False,False,True,False,False,False,False,False,False,False,False,False,False,detik.com,2025-12-03,mixed,1,https://www.detik.com/jatim/berita/d-8241365/77-siswa-di-sumberwringin-bondowoso-diduga-keracunan-mbg,77 Siswa di Sumberwringin Bondowoso Diduga Keracunan MBG,2025Q4
7575858eeb4d,awaiting lab / cause unknown,True,False,False,False,False,True,False,False,False,False,False,False,False,False,False,False,False,False,False,False,False,False,False,False,False,False,False,False,False,True,True,True,False,False,False,False,False,False,False,False,False,False,False,True,False,False,False,False,False,False,True,cnnnusantara.com,2025-12-03,junior_secondary,1,https://cnnnusantara.com/berita-pulau-sumatera/belasan-siswa-dan-guru-keracunan-program-mbg-di-way-kanan-ketua-for-win-desak-polres-usut-tuntas/,"Belasan Siswa dan Guru Keracunan Program MBG di Way Kanan, Ketua For-WIN Desak Polres Usut Tuntas",2025Q4
cec4d43aff3a,no cause information,True,False,False,True,False,False,False,False,False,False,False,True,False,False,False,False,False,False,False,False,False,False,False,False,False,False,False,False,False,False,False,False,False,False,True,False,False,False,False,False,False,True,False,False,False,False,False,False,False,False,False,mediabbc.co.id,2025-12-03,senior_secondary,1,https://mediabbc.co.id/sppg-di-bawah-sorotan-krisis-tata-kelola-dan-transparansi-mencuat-setelah-puluhan-siswa-sman-2-palembang-sakit-usai-konsumsi-mbg/,SPPG Di Bawah Sorotan: Krisis Tata Kelola dan Transparansi Mencuat Setelah Puluhan Siswa SMAN 2 Palembang Sakit Usai Konsumsi MBG - mediabbc.co.id,2025Q4
0584f4028a2e,awaiting lab / cause unknown,True,True,False,False,True,False,False,False,False,False,False,False,False,False,False,False,False,False,False,False,False,False,False,False,False,False,False,False,False,True,True,True,False,False,False,False,False,False,False,False,True,False,False,True,False,False,False,False,False,False,False,infodesanews.com,2025-12-04,junior_secondary,1,https://www.infodesanews.com/langkah-cepat-tim-dinkes-lamsel-telusuri-dugaan-keracunan-makanan-mbg-di-smpn-kalianda/,Langkah Cepat Tim Dinkes Lamsel Telusuri Dugaan Keracunan Makanan MBG di SMPN Kalianda - INFODESANEWS,2025Q4
fadd7d414772,no cause information,True,False,False,False,False,False,False,False,False,False,False,False,False,False,False,False,False,False,False,False,False,False,False,False,False,False,False,False,False,False,False,False,False,False,False,False,False,False,False,True,False,False,False,False,False,False,False,False,False,False,False,nabirenews.com,2025-12-04,mixed,1,https://www.nabirenews.com/kesehatan/2622005342/kasus-keracunan-mbg-waisai-86-pasien-dirawat-83-sudah-pulih-3-masih-dirawat,"Kasus Keracunan MBG Waisai: 86 Pasien Dirawat, 83 Sudah Pulih, 3 Masih Dirawat - Nabirenews.com",2025Q4
4717c85102c6,no cause information,True,False,False,False,False,True,False,False,False,False,False,False,False,False,False,False,False,False,False,False,False,False,False,False,False,False,False,False,False,False,False,False,False,False,False,False,False,False,False,False,True,True,False,False,True,False,False,False,True,False,True,beritajatim.com,2025-12-05,mixed,1,https://beritajatim.com/total-220-siswa-keracunan-mbg-di-ngawi-gagal-ikut-ujian-akhir-semester,"Total 220 Siswa Keracunan MBG di Ngawi, Gagal Ikut Ujian Akhir Semester",2025Q4
bde2a8e86ab9,"samples taken, no result stated",True,False,False,False,False,False,False,False,False,False,False,False,False,True,True,False,False,False,False,False,False,False,False,False,False,False,False,False,False,True,True,False,True,True,False,False,False,False,False,False,True,False,False,True,False,False,False,False,False,False,False,jurnalpost.com,2025-12-09,mixed,1,https://jurnalpost.com/keracunan-massal-mbg-di-pangkep-74-siswa-dilarikan-ke-puskesmas-rs/88893/,"Keracunan Massal MBG di Pangkep, 74 Siswa Dilarikan ke Puskesmas-RS",2025Q4
0f4feebe8e03,no cause information,True,True,False,False,True,False,False,False,False,False,False,False,False,False,False,False,False,False,False,False,False,False,False,False,False,False,False,False,False,True,True,False,False,True,False,False,False,False,False,False,True,False,False,True,False,False,False,False,False,False,False,rri.co.id,2025-12-11,primary,1,https://rri.co.id/palu/daerah/2033850/lima-siswa-tampanombo-diduga-keracunan-usai-konsumsi-mbg,Lima Siswa Tampanombo Diduga Keracunan Usai Konsumsi MBG - RRI.co.id,2025Q4
49a9c416a8c7,no cause information,True,True,False,False,False,False,False,False,False,False,False,False,False,False,False,False,False,False,False,False,False,False,False,False,False,False,False,False,False,False,False,False,False,False,False,False,False,False,False,True,False,False,False,False,True,False,False,False,False,False,False,lintasmuria.com,2025-12-13,unknown,1,https://lintasmuria.com/2025/12/13/puluhan-balita-di-grobogan-diduga-keracunan-menu-mbg-pemkab-lapor-bgn/,"Puluhan Balita di Grobogan Diduga Keracunan Menu MBG, Pemkab Lapor BGN - LINTAS MURIA",2025Q4
0d52cf6849c0,no cause information,True,True,False,True,False,False,False,False,False,False,False,False,False,False,False,False,False,False,False,False,False,False,False,False,False,True,True,False,False,True,False,True,False,True,False,False,False,False,False,False,True,False,False,False,False,False,False,False,False,False,False,radarpekalongan.disway.id,2026-01-13,primary,1,https://radarpekalongan.disway.id/read/108184/diduga-keracunan-mbg-15-pelajar-sdn-1-kedungwuni-sempat-dilarikan-ke-puskesmas-dan-rumah-sakit,"Diduga Keracunan MBG, 15 Pelajar SDN 1 Kedungwuni Sempat Dilarikan ke Puskesmas dan Rumah Sakit",2026Q1
1347e8278cc4,no cause information,False,False,False,True,False,False,False,False,False,False,False,False,False,False,False,False,False,True,False,True,False,True,False,False,False,False,False,False,False,True,True,True,False,False,False,False,False,False,False,False,False,False,False,True,False,False,False,False,False,False,False,regional.kompas.com,2026-01-13,,2,https://regional.kompas.com/read/2026/01/13/134340278/11-siswa-sd-di-lampung-utara-keracunan-makan-bergizi-gratis-kepsek-ngamuk,"11 Siswa SD di Lampung Utara Keracunan Makan Bergizi Gratis, Kepsek Ngamuk Diberi Menu Busuk",2026Q1
ba00e884edc5,no cause information,True,True,False,False,False,False,False,False,False,True,False,True,False,False,False,False,False,True,False,False,False,False,False,False,False,False,False,True,False,False,False,False,False,False,False,False,False,False,False,False,False,False,True,False,True,False,False,True,False,False,False,news.detik.com,2026-01-13,mixed,1,https://news.detik.com/berita/d-8305630/803-orang-di-grobogan-diduga-keracunan-mbg-dari-menu-ayam,803 Orang di Grobogan Diduga Keracunan MBG dari Menu Ayam,2026Q1
1e02cc951a3d,no cause information,True,True,False,False,False,True,False,False,False,False,False,False,False,False,False,False,False,True,False,False,False,False,False,False,False,False,False,False,False,True,True,False,True,True,False,False,False,False,False,False,False,False,False,False,False,False,False,False,True,False,False,suaramerdeka.com,2026-01-14,unknown,1,https://www.suaramerdeka.com/jawa-tengah/0416564471/korban-keracunan-massal-di-jatisrono-wonogiri-capai-206-siswa-diduga-karena-mbg,"Korban Keracunan Massal di Jatisrono Wonogiri Capai 206 Siswa, Diduga Karena MBG - Suara Merdeka",2026Q1
8d57bb272637,no cause information,True,True,False,False,True,False,False,False,False,False,False,False,False,False,False,False,False,False,False,False,False,False,False,False,False,False,False,False,False,False,False,False,False,False,False,False,False,False,False,False,True,False,False,False,False,False,False,False,False,False,False,jatim.suaramerdeka.com,2026-01-14,mixed,1,https://jatim.suaramerdeka.com/jatim/108816561588/korban-dugaan-keracunan-mbg-di-mojokerto-tembus-780-orang-dispendik-dan-kemenag-buka-data-terbaru?page=2,"Korban Dugaan Keracunan MBG di Mojokerto Tembus 780 Orang, Dispendik dan Kemenag Buka Data Terbaru - Suara Merdeka Jatim - Halaman 2",2026Q1
fbef6b66822f,no cause information,True,True,False,False,False,False,False,False,False,False,False,False,False,False,False,False,False,False,False,False,False,False,False,False,False,False,False,False,False,False,False,False,False,False,True,False,False,False,False,False,False,False,False,False,True,False,False,False,False,False,True,kalderanews.com,2026-01-14,unknown,1,https://www.kalderanews.com/2026/01/lebih-dari-seribu-anak-keracunan-mbg-sepanjang-januari-jppi-sekolah-diduga-dibungkam/,"Lebih dari Seribu Anak Keracunan MBG Sepanjang Januari, JPPI: Sekolah Diduga Dibungkam – https://www.kalderanews.com",2026Q1
36f89f9b2a21,"samples taken, no result stated",True,False,False,False,False,False,False,False,False,False,False,False,False,False,False,True,True,False,False,False,False,False,False,False,False,False,False,False,False,True,False,True,False,True,False,False,False,False,False,True,True,False,False,False,False,False,False,False,False,False,False,merdeka.com,2026-01-17,primary,1,https://www.merdeka.com/peristiwa/puluhan-pelajar-di-lombok-tengah-keracunan-usai-konsumsi-susu-program-mbg-522733-mvk.html,Puluhan Pelajar di Lombok Tengah Keracunan Usai Konsumsi Susu Program MBG - merdeka.com,2026Q1
1e2835fc6007,awaiting lab / cause unknown,True,True,False,False,False,False,False,False,False,False,False,True,False,False,False,False,False,True,False,False,False,False,False,False,False,False,False,True,False,False,True,False,False,True,False,False,False,False,False,False,True,False,False,False,False,False,False,False,False,False,False,detik.com,2026-01-23,junior_secondary,1,https://www.detik.com/jateng/berita/d-8322042/75-siswa-5-guru-smpn-10-kota-magelang-diduga-keracunan-mbg,75 Siswa-5 Guru SMPN 10 Kota Magelang Diduga Keracunan MBG,2026Q1
8adb3be61b89,awaiting lab / cause unknown,True,False,False,False,False,False,False,False,False,False,False,False,False,False,False,False,False,False,False,False,False,False,False,False,False,False,False,False,False,False,True,False,True,False,False,False,False,False,False,True,True,False,False,False,False,False,False,False,False,False,False,yogyakarta.kompas.com,2026-01-23,mixed,1,https://yogyakarta.kompas.com/read/2026/01/23/054238878/korban-keracunan-mbg-di-kulon-progo-capai-104-orang?page=all#page3,Korban Keracunan MBG di Kulon Progo Capai 104 Orang,2026Q1
9c15ec0ae6cb,no cause information,True,True,False,True,False,False,False,False,False,False,False,False,False,False,False,False,False,False,False,False,False,False,False,False,False,False,False,False,False,False,False,False,True,False,False,False,False,False,False,False,True,False,False,False,True,False,False,False,False,False,False,riauonline.co.id,2026-01-23,senior_secondary,1,https://www.riauonline.co.id/riau/read/2026/01/23/puluhan-siswa-smkn-1-kandis-dilarikan-ke-klinik-usai-santap-mbg-diduga-keracunan,"Puluhan Siswa SMKN 1 Kandis Dilarikan ke Klinik Usai Santap MBG, Diduga Keracunan",2026Q1
005de1fcd2e6,awaiting lab / cause unknown,True,False,False,False,False,False,False,False,False,False,False,False,False,False,False,False,False,True,False,False,False,True,False,False,False,False,False,True,False,True,True,True,True,True,False,True,False,False,False,True,True,False,False,True,False,False,False,False,False,False,False,regional.kompas.com,2026-01-27,unknown,1,https://regional.kompas.com/read/2026/01/27/190043678/korban-keracunan-makanan-di-sekolah-cianjur-bertambah-jadi-33-siswa-12-anak,"Korban Keracunan Makanan di Sekolah Cianjur Bertambah Jadi 33 Siswa, 12 Anak Dirujuk ke RS",2026Q1
37d0c6db710e,no cause information,True,True,False,True,False,False,False,False,False,False,False,False,False,False,False,True,True,False,False,False,False,False,False,False,False,False,False,False,False,False,False,False,False,False,False,False,False,False,False,False,False,False,False,False,True,False,False,False,False,False,False,koran-jakarta.com,2026-01-27,unknown,1,https://koran-jakarta.com/2026-01-27/dugaan-keracunan-mbg-di-lombok-timur-dinkes-turunkan-tim-investigasi,"Dugaan Keracunan MBG di Lombok Timur, Dinkes Turunkan Tim Investigasi",2026Q1
e0658587a245,no cause information,True,False,False,False,False,False,False,False,False,False,False,False,False,False,False,False,False,False,False,False,False,False,False,False,False,False,False,False,False,True,True,False,True,False,False,False,False,False,False,False,False,False,False,False,False,False,False,False,False,False,False,yogyakarta.kompas.com,2026-01-27,junior_secondary,1,https://yogyakarta.kompas.com/read/2026/01/27/192839378/puluhan-siswa-dan-guru-smp-muhammadiyah-playen-mengeluh-diare-dan-mual,"Puluhan Siswa dan Guru SMP Muhammadiyah Playen Mengeluh Diare dan Mual usai Santap MBG, SPPG Lakukan Penelusuran",2026Q1
0586da3cb9ad,no cause information,False,False,False,False,False,False,False,False,False,True,False,False,False,False,False,False,False,True,False,False,False,False,False,False,False,False,False,False,False,True,False,True,True,True,False,False,False,False,False,True,True,False,False,False,False,False,False,False,False,False,False,kompas.tv,2026-01-29,senior_secondary,1,https://www.kompas.tv/regional/647214/600-siswa-sma-di-kudus-keracunan-mbg-118-di-antaranya-dirawat-di-rumah-sakit,"600 Siswa SMA di Kudus Keracunan MBG, 118 di Antaranya Dirawat di Rumah Sakit",2026Q1
52beaa1de197,no cause information,False,False,False,False,False,False,False,False,False,False,False,False,False,False,False,False,False,False,False,False,False,False,False,False,False,False,False,False,False,True,False,True,False,False,False,False,False,False,False,True,True,False,False,False,False,False,False,False,False,False,False,liputan6.com,2026-01-29,mixed,1,https://www.liputan6.com/regional/read/6267651/update-keracunan-massal-mbg-tomohon-64-siswa-masih-jalani-rawat-inap,Update Keracunan Massal MBG Tomohon: 64 Siswa Masih Jalani Rawat Inap,2026Q1
59685da99b9b,no cause information,True,True,False,False,False,False,False,False,False,False,False,False,False,False,False,False,False,False,False,False,False,False,False,False,False,False,False,False,False,True,True,False,False,False,False,False,False,False,False,True,True,False,False,True,False,False,False,False,False,False,False,detik.com,2026-01-29,mixed,1,https://www.detik.com/sulsel/berita/d-8330979/141-siswa-tk-smp-diduga-keracunan-mbg-di-buol-korban-dirawat-di-rs-puskesmas,"141 Siswa TK-SMP Diduga Keracunan MBG di Buol, Korban Dirawat di RS-Puskesmas",2026Q1
7c3b47193ac6,no cause information,False,False,False,False,False,False,False,False,False,False,False,False,False,False,False,False,False,False,False,False,False,False,False,False,False,False,False,False,False,True,True,True,True,False,False,False,False,False,False,False,True,True,False,False,False,True,False,False,False,False,False,prfmnews.pikiran-rakyat.com,2026-01-29,primary,1,https://prfmnews.pikiran-rakyat.com/jawa-barat/pr-139967875/buntut-keracunan-mbg-3-dapur-sppg-di-cianjur-ditutup,"Buntut Keracunan MBG, 3 Dapur SPPG di Cianjur Ditutup - PRFM News",2026Q1
ee9eacd52217,no cause information,True,True,False,True,False,False,False,False,False,True,True,False,False,False,False,False,False,False,False,False,False,False,False,False,False,False,False,False,False,True,True,False,False,True,False,False,False,False,False,False,True,False,False,False,False,False,False,False,False,False,False,medialintastimurnews.com,2026-01-29,mixed,1,https://medialintastimurnews.com/2026/01/29/terjadi-lagi-di-lamtim-ratusan-anak-diduga-keracunan-usai-santap-mbg/,"Terjadi Lagi di Lamtim, Ratusan Anak Diduga Keracunan Usai Santap MBG - Media Lintas Timur News",2026Q1
fc8ce5cd3555,"samples taken, no result stated",True,True,False,False,False,False,False,False,False,False,False,False,False,False,False,True,False,False,False,False,False,False,False,True,False,False,False,True,False,True,True,True,False,False,False,False,False,False,False,False,True,False,False,False,False,False,True,False,False,False,False,regional.kompas.com,2026-01-30,primary,1,https://regional.kompas.com/read/2026/01/30/161147778/8-pelajar-sd-di-grobogan-diduga-keracunan-mbg-dilarikan-ke-puskesmas,"8 Pelajar SD di Grobogan Diduga Keracunan MBG, Dilarikan ke Puskesmas",2026Q1
0ed741c399b0,awaiting lab / cause unknown,True,False,False,False,False,False,False,False,False,False,False,False,False,False,False,False,False,False,False,False,False,False,False,False,False,False,False,False,False,True,True,False,False,True,False,False,False,False,False,True,True,False,False,False,False,False,False,False,False,False,False,jambiseru.com,2026-01-31,mixed,1,https://www.jambiseru.com/berita/31/01/korban-keracunan-mbg-di-muaro-jambi-tembus-150-pelajar-puluhan-masih-dirawat-inap,"Korban Keracunan MBG di Muaro Jambi Tembus 150 Pelajar, Puluhan Masih Dirawat Inap",2026Q1
32c4e2095e74,"samples taken, no result stated",True,False,False,False,False,False,False,False,False,False,False,True,False,False,False,False,False,True,False,True,False,True,False,False,False,False,False,True,False,True,True,False,True,True,False,False,False,False,False,False,True,True,False,False,True,False,False,False,False,False,False,kumbanews.com,2026-01-31,mixed,1,https://kumbanews.com/132-siswa-di-manggarai-barat-ntt-keracunan-makan-bergizi-gratis-dapur-mbg-ditutup-sementara/,"132 Siswa di Manggarai Barat NTT Keracunan Makan Bergizi Gratis, Dapur MBG Ditutup Sementara - KUMBANEWS.COM",2026Q1
592574316dae,no cause information,False,False,False,False,False,False,False,False,False,False,False,False,False,False,False,True,False,False,False,False,False,False,False,False,False,False,False,False,False,True,True,False,False,True,False,False,False,False,False,False,True,False,False,False,False,False,False,False,False,False,False,merdeka.com,2026-02-01,junior_secondary,1,https://www.merdeka.com/peristiwa/baru-makan-dua-suap-empat-siswa-smp-di-palembang-keracunan-mbg-529726-mvk.html,"Baru Makan Dua Suap, Empat Siswa SMP di Palembang Keracunan MBG - merdeka.com",2026Q1
258903495764,no cause information,True,True,False,True,False,False,False,False,False,True,True,False,False,False,False,False,False,True,False,False,False,True,False,False,False,False,False,True,False,True,False,True,False,False,False,False,False,False,False,False,True,False,False,False,False,False,False,False,False,False,False,beritasulsel.com,2026-02-02,pesantren,1,https://beritasulsel.com/baca/diduga-keracunan-mbg-8-santri-pesantren-di-pinrang-dilarikan-ke-puskesmas,"Diduga Keracunan MBG, 8 Santri Pesantren di Pinrang Dilarikan ke Puskesmas",2026Q1
b43e8fcb204e,"samples taken, no result stated",True,False,False,False,False,True,False,False,False,False,False,False,False,False,False,False,False,False,False,False,False,False,False,False,False,False,False,False,False,True,True,True,False,False,False,False,False,False,False,True,True,False,False,True,True,False,True,False,False,False,True,minakonews.com,2026-02-05,mixed,1,https://minakonews.com/gelombang-keracunan-massal-siswa-program-mbg-disorot/,"Gelombang Keracunan Massal Siswa, Program MBG Disorot",2026Q1
46fa7810922a,no cause information,True,True,False,False,False,False,False,False,False,False,False,False,False,False,False,False,False,False,False,False,False,False,False,False,False,True,True,False,False,True,True,True,False,True,False,False,False,False,False,False,True,False,False,False,False,False,False,False,False,False,False,wartapontianak.pikiran-rakyat.com,2026-02-06,senior_secondary,1,https://wartapontianak.pikiran-rakyat.com/kalbar/pr-1179990397/puluhan-siswa-man-model-kota-singkawang-diduga-keracunan-usai-santap-mbg,Puluhan Siswa MAN Model Kota Singkawang Diduga Keracunan Usai Santap MBG - Warta Pontianak,2026Q1
4f8fc7ead11c,awaiting lab / cause unknown,True,False,False,False,False,False,False,False,False,False,False,True,True,False,False,False,False,True,True,True,True,True,True,True,True,False,False,False,False,True,True,False,False,False,False,False,False,False,False,False,False,False,False,False,True,False,False,False,False,False,False,beritasampit.com,2026-02-09,community_health_post,1,https://beritasampit.com/2026/02/09/16-warga-palangka-raya-keracunan-usai-santap-mbg-pemprov-kalteng-turun-tangan/,"16 Warga Palangka Raya Keracunan Usai Santap MBG, Pemprov Kalteng Turun Tangan - Berita Sampit",2026Q1
d47d8eb66ae5,awaiting lab / cause unknown,True,True,False,False,True,False,False,False,False,True,False,False,False,False,False,False,False,True,False,True,False,True,False,False,False,False,False,True,False,True,True,True,False,False,False,False,False,False,False,False,False,False,False,False,False,False,False,False,False,False,False,harianmuria.com,2026-02-09,senior_secondary,1,https://harianmuria.com/pati/puluhan-siswa-smkn-4-pati-diduga-keracunan-usai-makan-mbg/,Puluhan Siswa SMKN 4 Pati Diduga Keracunan Usai Makan MBG - Harian Muria,2026Q1
a657b61430cc,no cause information,True,False,False,False,False,False,False,False,False,True,True,False,False,False,False,False,False,True,False,False,False,False,False,False,False,False,False,True,False,True,True,True,True,False,True,False,False,False,False,False,True,False,False,True,True,False,False,False,False,False,False,bacaini.id,2026-02-10,primary,1,https://bacaini.id/tumbal-mbg-24-siswa-sd-tulungagung-keracunan-massal/,"‘Tumbal’ MBG Kembali Berjatuhan, 24 Siswa SD di Tulungagung Keracunan Massal",2026Q1
369466bb9946,no cause information,True,True,False,False,False,False,False,False,False,False,False,False,False,False,False,False,False,False,False,False,False,False,False,False,False,False,False,False,False,True,True,False,False,True,False,False,False,False,False,True,True,False,False,False,False,False,False,False,False,False,False,merdeka.com,2026-02-11,pesantren,1,https://www.merdeka.com/peristiwa/15-santri-di-ogan-ilir-diduga-keracunan-mbg-korban-muntah-muntah-sebelum-dilarikan-ke-rs-533475-mvk.html,"15 Santri di Ogan Ilir Diduga Keracunan MBG, Korban Muntah-Muntah Sebelum Dilarikan ke RS - merdeka.com",2026Q1
b01a35b48371,no cause information,True,False,False,True,False,False,False,False,False,False,False,True,True,False,False,False,False,False,False,False,False,False,False,False,False,False,False,False,False,False,False,False,False,False,False,False,False,False,False,False,True,True,False,False,False,False,False,False,False,False,False,wartaindonesianews.co.id,2026-02-11,primary,1,https://www.wartaindonesianews.co.id/2026/02/lagi-lagi-mbg-bermasalah-telur-puyuh.html,Lagi-Lagi MBG Bermasalah: Telur Puyuh Busuk dari Dapur SPPG,2026Q1
ba0d89cf2479,awaiting lab / cause unknown,True,False,True,False,False,True,True,False,False,False,False,False,False,False,False,False,False,False,False,False,False,False,False,False,False,False,False,False,False,True,False,True,False,False,False,False,False,False,False,True,False,False,False,False,True,False,False,False,False,False,False,mistar.id,2026-02-12,senior_secondary,1,https://mistar.id/news/hukum-peristiwa/siswa-keracunan-mbg-di-dairi-terus-bertambah-total-271-orang,"Siswa Keracunan MBG di Dairi Terus Bertambah, Total 271 Orang",2026Q1
bcd83736124e,no cause information,True,True,False,False,False,False,False,False,False,False,False,False,False,False,False,False,False,False,False,False,False,False,False,False,False,False,False,False,False,True,True,True,True,False,False,False,False,False,False,True,True,False,False,False,False,False,False,False,False,False,False,detik.com,2026-02-15,pesantren,1,https://www.detik.com/jatim/berita/d-8356836/puluhan-santri-diduga-keracunan-mbg-di-ngawi-masih-dirawat,Puluhan Santri Diduga Keracunan MBG di Ngawi Masih Dirawat,2026Q1
ed6eb3aa9790,no cause information,True,False,False,False,True,False,False,False,False,False,False,False,False,False,False,False,False,False,False,False,False,False,False,False,False,False,False,False,False,False,False,False,True,False,False,False,False,False,False,False,True,False,False,False,True,False,False,False,False,False,False,lampung.viva.co.id,2026-02-15,,3,https://lampung.viva.co.id/pendidikan/8169-ratusan-siswa-di-kemiling-keracunan-massal-mbg-badan-gizi-nasional-tegaskan-evaluasi-sppg,"Ratusan Siswa di Kemiling Keracunan Massal MBG, Badan Gizi Nasional Tegaskan Evaluasi SPPG",2026Q1
86e8e5095159,no cause information,True,True,False,False,False,False,False,False,False,False,False,False,False,False,False,False,False,False,False,False,False,False,False,False,False,False,False,False,False,False,True,False,False,False,False,False,False,False,False,False,True,False,False,True,False,False,False,False,False,False,False,puskapik.com,2026-02-23,junior_secondary,1,https://puskapik.com/tegal/tiga-siswa-smp-pius-tegal-diduga-keracunan-roti-mbg-sempat-dilarikan-ke-rs,"Tiga Siswa SMP PIUS Tegal Diduga Keracunan Roti MBG, Semp...",2026Q1
2d4128fc7c85,no cause information,True,False,False,False,False,True,False,False,False,False,False,True,True,False,False,False,False,False,False,False,False,False,False,False,False,False,False,False,False,False,False,False,False,False,True,False,False,False,False,False,False,False,False,False,False,False,False,False,True,False,False,lampungcity.co,2026-02-25,primary,1,https://lampungcity.co/kasus-keracunan-massal-mbg-menggala-bertambah-35-siswa-jadi-korban-dapur-sppg-belum-kantongi-sertifikat-higiene/,"Kasus Keracunan Massal MBG Menggala Bertambah: 35 Siswa Jadi Korban, Dapur SPPG Belum Kantongi Sertifikat Higiene - Lampung City News",2026Q1
245c4431ed35,"samples taken, no result stated",True,False,False,False,False,True,False,False,False,False,False,True,False,False,False,True,False,False,False,False,False,False,False,False,False,False,False,True,False,True,True,True,False,True,False,False,False,False,False,False,False,True,False,False,True,False,False,False,True,False,False,bandungbergerak.id,2026-02-28,mixed,1,https://bandungbergerak.id/article/detail/1546036135/keracunan-massal-mbg-terulang-46-siswa-dan-guru-di-kota-cimahi-jadi-korban,"Keracunan Massal MBG Terulang, 46 Siswa dan Guru di Kota Cimah...",2026Q1
4934da5eff12,no cause information,True,True,False,True,False,False,False,False,False,False,False,True,False,False,False,True,False,False,False,False,False,True,False,False,False,False,False,False,False,False,True,False,True,False,True,False,False,False,False,False,False,False,False,False,False,False,False,False,False,False,False,lampung77.com,2026-02-28,unknown,1,https://lampung77.com/lampung/belasan-pelajar-di-lampung-timur-diduga-keracunan-mbg-ada-siswa-paud/,"Belasan Pelajar di Lampung Timur Diduga Keracunan MBG, Ada Siswa PAUD - Lampung77.com",2026Q1
5fe4e416f679,awaiting lab / cause unknown,True,True,False,False,False,True,False,True,False,False,False,False,False,False,False,False,False,True,False,False,False,False,False,True,True,False,False,False,False,True,True,False,False,True,False,False,False,True,False,True,True,False,True,False,False,False,True,False,True,False,False,merdeka.com,2026-02-28,mixed,1,https://www.merdeka.com/peristiwa/dinkes-tetapkan-dugaan-keracunan-makanan-bergizi-gratis-aceh-selatan-sebagai-klb-542158-mvk.html,Dinkes Tetapkan Dugaan Keracunan Makanan Bergizi Gratis Aceh Selatan sebagai KLB - merdeka.com,2026Q1
a8b6e80bd286,no cause information,True,True,False,False,False,False,False,False,False,False,False,False,False,False,False,False,False,False,False,False,False,False,False,False,False,False,False,False,False,False,False,False,False,False,False,False,False,False,True,True,False,False,False,False,False,False,False,False,False,False,False,daerahpost.com,2026-03-02,unknown,1,https://daerahpost.com/polhukam/diduga-keracunan-burger-mbg-siswa-min-2-ketahun-tutup-usia-di-rs-bhayangkara-bengkulu/,"Diduga Keracunan Burger MBG, Siswa MIN 2 Ketahun Tutup Usia di RS Bhayangkara Bengkulu",2026Q1
e474188d3696,no cause information,True,False,False,False,False,False,False,False,False,False,False,False,False,False,False,False,False,False,False,False,False,False,False,False,False,False,False,False,False,False,True,False,True,True,False,False,False,False,False,True,True,False,False,False,False,False,False,False,False,False,False,victorynews.id,2026-03-05,senior_secondary,1,https://www.victorynews.id/nasional/33116819723/ratusan-siswa-sman-1-insana-alami-gejala-keracunan-usai-santap-menu-mbg-dari-sppg-susulaku,Ratusan Siswa SMAN 1 Insana Alami Gejala Keracunan Usai Santap Menu MBG dari SPPG Susulaku - Victory News,2026Q1
f7e5f9a64e6f,awaiting lab / cause unknown,False,False,False,False,False,False,False,False,False,False,False,True,True,False,False,True,False,True,False,False,False,True,False,False,False,False,False,True,False,True,True,False,False,False,True,False,False,False,True,True,False,False,False,False,False,False,False,False,False,False,False,detik.com,2026-03-05,pesantren,1,https://www.detik.com/jatim/berita/d-8386411/31-santri-di-jombang-keracunan-usai-santap-telur-asin-mbg,31 Santri di Jombang Keracunan Usai Santap Telur Asin MBG,2026Q1
380047def5fa,awaiting lab / cause unknown,True,True,False,False,False,False,False,False,False,False,False,False,False,False,False,False,False,False,False,False,False,False,False,False,False,False,False,False,False,False,False,False,False,False,False,False,False,False,False,False,False,False,False,False,False,False,False,False,False,False,True,lingkarjabar.com,2026-03-11,pesantren,1,https://lingkarjabar.com/puluhan-santri-dan-guru-di-sukabumi-diduga-keracunan-usai-santap-program-mbg-47-orang-sempat-alami-keluhan/,"Puluhan Santri dan Guru di Sukabumi Diduga Keracunan Usai Santap Program MBG, 47 Orang Sempat Alami Keluhan - Lingkar Jabar",2026Q1
d0139f8ed60c,no cause information,True,True,True,False,False,False,False,False,False,False,False,False,False,False,False,False,False,False,False,False,False,False,False,False,False,False,False,False,False,True,True,True,False,False,False,False,False,False,False,True,False,False,False,False,False,False,False,False,False,False,False,cirebonraya.com,2026-03-12,senior_secondary,1,https://www.cirebonraya.com/ciayumajakuning/43716855496/usai-santap-roti-dan-makanan-mbg-diduga-keracunan-siswi-sma-negeri-1-jamblang-cirebon-dilarikan-ke-rumah-sakit,"Usai Santap Roti dan Makanan MBG, Diduga Keracunan, Siswi SMA Negeri 1 Jamblang, Cirebon Dilarikan ke Rumah Sakit - Cirebon Raya",2026Q1
ce2cc8245216,no cause information,True,False,False,False,False,False,False,False,False,True,True,False,False,False,False,False,False,False,False,False,False,False,False,True,True,False,False,False,False,False,True,True,True,False,True,False,False,False,False,True,True,False,False,False,False,False,False,False,False,False,False,detik.com,2026-04-01,primary,1,https://www.detik.com/sulsel/berita/d-8425094/17-siswa-sd-di-enrekang-muntah-diare-usai-santap-mbg,17 Siswa SD di Enrekang Muntah-Diare Usai Santap MBG,2026Q2
1de41b0f0355,awaiting lab / cause unknown,True,True,False,False,False,False,False,False,False,False,False,False,False,False,False,True,True,False,False,False,False,False,False,False,False,False,False,False,False,False,False,False,False,False,False,False,False,False,False,False,True,False,False,False,False,False,False,False,False,False,False,mediakrimsustnipolri.com,2026-04-02,mixed,1,https://mediakrimsustnipolri.com/kabar-terkini/diduga-keracunan-susu-program-mbg-puluhan-siswa-di-bantaeng-dilarikan-ke-puskesmas/,"Diduga Keracunan Susu Program MBG, Puluhan Siswa di Bantaeng Dilarikan ke Puskesmas",2026Q2
83889ffd419f,no cause information,True,False,False,True,False,True,False,False,False,False,False,False,False,False,False,False,False,False,False,True,True,False,False,False,False,False,False,False,False,True,True,False,False,False,True,False,False,False,False,False,True,False,False,False,False,False,False,False,False,False,False,jatim.wartaglobal.id,2026-04-07,primary,1,https://jatim.wartaglobal.id/2026/04/insiden-murid-keracunan-program-mbg-di.html,"Insiden murid Keracunan Program MBG di SDN Mojokendil ,Menuai Protes keras Puguh Santoso (Aktivis Peduli Nganjuk)",2026Q2
74c3e7597788,awaiting lab / cause unknown,False,True,False,False,True,False,False,False,False,True,False,False,False,False,False,False,False,True,False,False,False,False,False,False,False,True,False,False,False,False,False,False,False,False,False,False,False,False,False,False,False,False,False,False,False,False,False,False,False,False,False,detik.com,2026-04-08,unknown,1,https://www.detik.com/jabar/berita/d-8435452/107-warga-diduga-keracunan-mbg-sppg-menu-sama-sekolah-nihil-keluhan,"107 Warga Diduga Keracunan MBG, SPPG: Menu Sama, Sekolah Nihil Keluhan",2026Q2
4a8b96182d3d,"samples taken, no result stated",True,True,False,True,False,False,True,False,False,False,False,False,False,False,False,True,True,False,False,False,False,False,False,False,False,False,False,False,False,False,False,False,False,False,False,False,False,False,False,False,True,True,False,False,True,False,False,False,False,False,False,detik.com,2026-04-09,primary,1,https://www.detik.com/jogja/berita/d-8437025/19-murid-sd-diduga-keracunan-mbg-sppg-ditutup-sementara,"19 Murid SD Diduga Keracunan MBG, SPPG Ditutup Sementara",2026Q2
c983500b35fc,awaiting lab / cause unknown,True,True,False,False,False,False,False,False,False,True,False,False,False,False,False,False,False,True,True,False,False,False,False,False,False,False,False,False,False,False,False,False,True,True,False,False,False,False,False,False,False,False,False,False,False,False,False,False,False,False,False,detik.com,2026-04-09,senior_secondary,1,https://www.detik.com/jateng/berita/d-8436385/murid-smkn-1-klaten-diduga-keracunan-usai-makan-mi-ayam-mbg,Murid SMKN 1 Klaten Diduga Keracunan Usai Makan Mi Ayam MBG,2026Q2
4ecb88db9eca,awaiting lab / cause unknown,True,True,False,False,False,False,False,False,False,False,False,False,False,False,False,False,False,False,False,False,False,False,False,False,False,False,False,False,False,False,True,False,False,False,True,False,False,False,False,False,False,False,False,False,True,False,False,False,False,False,False,jambitv.disway.id,2026-04-10,junior_secondary,1,https://jambitv.disway.id/kota-jambi/read/13307/heboh-dugaan-keracunan-mbg-di-smpn-7-kota-jambi-ini-fakta-dan-klarifikasi-sekolah,"Heboh Dugaan Keracunan MBG di SMPN 7 Kota Jambi, Ini Fakta dan Klarifikasi Sekolah",2026Q2
bb2f929011a4,no cause information,True,True,False,True,False,False,False,False,False,True,False,True,False,False,False,False,False,True,False,False,False,True,False,False,False,False,False,False,False,True,False,False,True,False,False,False,False,False,False,False,False,False,False,False,False,False,False,False,False,False,False,jatim.suaramerdeka.com,2026-04-10,mixed,1,https://jatim.suaramerdeka.com/jatim/108816976765/sejumlah-siswa-di-mojokerto-diduga-keracunan-usai-makan-menu-mbg,Sejumlah Siswa di Mojokerto Diduga Keracunan Usai Makan Menu MBG - Suara Merdeka Jatim,2026Q2
d9694521d669,no cause information,True,False,False,False,False,False,False,False,False,False,False,True,False,False,False,False,False,False,False,False,False,False,False,False,False,False,False,False,False,False,True,False,False,False,True,False,False,False,False,False,False,False,False,False,True,False,False,False,False,True,False,banten.akurat.co,2026-04-12,mixed,1,https://banten.akurat.co/news/848143/puluhan-siswa-keracunan-di-kecamatan-pinang-kota-tangerang-wahidin-halim-semprot-yayasan-banten-hebat,"Puluhan Siswa Keracunan di Kecamatan Pinang Kota Tangerang, Wahidin Halim Semprot Yayasan Banten Hebat",2026Q2
e1c059d209f2,no cause information,True,False,False,False,False,True,False,False,False,False,False,False,False,False,False,False,False,False,False,False,False,False,False,False,False,False,False,False,False,True,True,False,False,False,False,False,False,False,False,False,True,False,False,False,False,False,False,False,False,False,True,priangan.com,2026-04-13,senior_secondary,1,https://priangan.com/pasca-119-siswa-terdampak-suplai-mbg-di-sman-1-cisayong-dihentikan-total/,"Pasca 119 Siswa Terdampak, Suplai MBG di SMAN 1 Cisayong Dihentikan Total",2026Q2
6043980bc5a5,awaiting lab / cause unknown,True,True,False,False,False,True,True,False,False,True,False,False,False,False,False,False,False,False,False,False,False,False,False,False,False,False,False,False,False,True,False,True,True,False,False,False,False,False,False,False,True,False,False,False,True,False,False,False,True,False,False,koranlombok.id,2026-04-14,primary,1,https://koranlombok.id/2026/04/14/bgn-cabut-suspend-tujuh-sppg-muncul-11-korban-dugaan-keracunan-mbg-di-prai-meke/,"BGN Cabut Suspend Tujuh SPPG, Muncul 11 Korban Dugaan Keracunan MBG di Prai Meke - koranlombok.id",2026Q2
607a2b77b7eb,no cause information,False,True,False,False,False,False,False,False,False,False,False,False,False,False,False,False,False,False,False,False,False,False,False,False,False,False,False,False,False,True,True,True,True,False,False,False,False,False,False,True,True,False,False,False,False,False,False,False,False,False,False,pojoksatu.id,2026-04-15,junior_secondary,1,https://www.pojoksatu.id/nasional/1087357559/geger-80-siswa-dan-guru-di-bantul-diduga-keracunan-makan-bergizi-gratis-gejalanya-muncul-sehari-setelah-makan,"Geger! 80 Siswa dan Guru di Bantul Diduga Keracunan Makan Bergizi Gratis, Gejalanya Muncul Sehari Setelah Makan - Pojok Satu",2026Q2
62785e11e1b5,awaiting lab / cause unknown,True,True,False,False,False,False,False,False,False,False,False,False,False,False,False,False,False,False,False,False,False,False,False,False,False,False,False,False,False,True,True,True,False,False,False,False,False,False,False,True,True,False,False,True,False,False,False,False,False,False,False,memorandum.disway.id,2026-04-16,primary,1,https://memorandum.disway.id/madiun/read/156554/diduga-keracunan-mbg-belasan-siswa-sdn-1-demangan-madiun-dilarikan-ke-rumah-sakit,"Diduga Keracunan MBG, Belasan Siswa SDN 1 Demangan Madiun Dilarikan ke Rumah Sakit",2026Q2
692cb35cc10e,awaiting lab / cause unknown,True,False,False,False,False,False,True,False,False,False,False,False,False,False,False,False,False,True,False,False,False,False,False,False,False,False,False,False,False,True,True,True,True,True,False,False,False,False,False,False,True,True,False,False,True,False,False,False,False,False,False,detik.com,2026-04-16,mixed,1,https://www.detik.com/jatim/berita/d-8447730/17-warga-di-bojonegoro-keracunan-usai-santap-menu-mbg-ada-ibu-hamil,"17 Warga di Bojonegoro Keracunan Usai Santap Menu MBG, Ada Ibu Hamil",2026Q2
0369902538ec,no cause information,True,True,False,False,False,True,False,False,False,False,False,False,False,False,False,False,False,False,False,False,False,False,False,False,False,False,False,False,False,True,False,True,True,True,False,False,False,False,False,False,True,False,False,False,False,False,False,True,False,False,False,lensapurwakarta.com,2026-04-17,unknown,1,https://www.lensapurwakarta.com/saba-desa/28517009190/46-warga-desa-cariumulya-kabupaten-karawang-diduga-keracunan-mbg-korban-merasa-pusing-dan-mual,46 Warga Desa Cariumulya Kabupaten Karawang Diduga Keracunan MBG Korban Merasa Pusing dan Mual - Lensa Purwakarta,2026Q2
8ae56e72e45c,awaiting lab / cause unknown,True,True,False,True,False,False,False,True,False,False,False,False,False,False,False,False,False,False,False,False,False,False,False,False,False,False,False,False,False,False,False,False,False,False,False,False,False,False,False,False,True,False,False,True,False,False,False,False,False,False,False,suara.com,2026-04-17,junior_secondary,1,https://www.suara.com/news/2026/04/17/213500/49-siswa-di-cilegon-diduga-keracunan-mbg-polisi-telusuri-sisa-makanan-hingga-darah-korban,"49 Siswa di Cilegon Diduga Keracunan MBG, Polisi Telusuri Sisa Makanan Hingga Darah Korban",2026Q2
add23f2fed11,awaiting lab / cause unknown,True,True,False,False,False,False,False,False,False,False,False,False,False,False,False,False,False,False,False,False,False,False,False,False,False,False,False,False,False,False,False,False,False,False,False,False,False,False,False,False,True,False,False,False,False,False,False,False,False,False,False,nabirenews.com,2026-04-17,primary,1,https://www.nabirenews.com/kesehatan/2622532683/kronologi-7-siswa-sd-inpres-oyehe-diduga-keracunan-mbg-sempat-dirawat-di-klinik,"KRONOLOGI 7 Siswa SD Inpres Oyehe Diduga Keracunan MBG, Sempat Dirawat di Klinik - Nabirenews.com",2026Q2
c8688d8ea8c6,no cause information,False,False,True,False,False,True,False,False,False,False,False,False,False,False,False,False,False,True,False,True,True,True,False,False,False,True,True,False,False,True,True,False,True,False,False,False,False,False,False,False,True,True,False,False,True,False,False,False,False,False,True,pacitanku.com,2026-04-18,mixed,1,https://pacitanku.com/2026/04/18/bakteri-jadi-biang-keracunan-dprd-pacitan-desak-evaluasi-total-mbg/,"Bakteri Jadi Biang Keracunan, DPRD Desak Evaluasi Total MBG",2026Q2
9e08be7dbe63,awaiting lab / cause unknown,True,True,False,False,False,False,False,False,False,False,False,False,False,False,False,False,False,False,False,False,False,False,False,False,False,False,False,True,False,True,True,True,False,False,False,False,False,False,False,True,True,False,True,False,True,False,False,False,False,False,False,regional.kompas.com,2026-04-19,mixed,1,https://regional.kompas.com/read/2026/04/19/174048678/ratusan-santri-demak-diduga-keracunan-usai-santap-mbg?page=all,Ratusan Santri Demak Diduga Keracunan Usai Santap MBG,2026Q2
d69cc19d5e15,no cause information,True,True,False,False,False,False,False,False,False,False,False,False,False,False,False,False,False,False,False,False,False,False,False,False,False,False,False,False,False,True,True,True,False,False,False,False,False,False,False,False,True,False,False,False,True,False,False,False,False,False,False,rri.co.id,2026-04-21,primary,1,https://rri.co.id/banten/nasional/2351429/dugaan-keracunan-mbg-kembali-terjadi-di-kota-cilegon,Dugaan Keracunan MBG Kembali Terjadi di Kota Cilegon - RRI.co.id,2026Q2
ba1d142541fe,"samples taken, no result stated",True,False,False,False,False,False,False,False,False,False,False,True,False,False,False,True,True,True,False,True,False,False,False,False,False,False,False,True,False,True,True,True,False,True,False,False,True,False,False,False,True,False,False,False,False,False,False,False,False,False,False,semarang.viva.co.id,2026-04-22,primary,1,https://semarang.viva.co.id/berita/6843-diduga-keracun22-siswa-sd-di-rembang-dilarikan-ke-puskesmas-setelah-makan-menu-mbg,22 Siswa SD di Rembang Dilarikan ke Puskesmas Setelah Makan Menu MBG,2026Q2
4da5c5be60ee,no cause information,True,False,False,False,False,False,False,False,False,False,False,True,False,False,False,True,False,False,False,False,False,False,False,False,False,False,False,True,False,True,True,True,False,False,True,False,False,False,False,False,True,False,False,False,False,False,False,False,False,False,False,radarbanten.co.id,2026-04-23,junior_secondary,1,https://www.radarbanten.co.id/2026/04/23/keracunan-mbg-terjadi-lagi-kini-menimpa-11-siswa-smp-pgri-cilegon/,"Keracunan MBG Terjadi Lagi, Kini Menimpa 11 Siswa SMP PGRI Cilegon - radarbanten.co.id",2026Q2
99ce90035029,awaiting lab / cause unknown,True,False,False,False,False,False,False,True,False,False,False,False,False,False,False,False,False,False,False,False,False,False,False,False,False,False,False,False,False,False,False,False,False,False,False,False,False,True,False,True,True,False,False,False,False,False,False,False,False,False,False,detik.com,2026-04-23,primary,1,https://www.detik.com/jatim/berita/d-8458292/kondisi-terkini-belasan-siswa-di-sampang-yang-gatal-gatal-usai-santap-mbg,Kondisi Terkini Belasan Siswa di Sampang yang Gatal-gatal Usai Santap MBG,2026Q2
2ca4ba8f3aa4,lab: result reported clean,True,True,False,False,True,True,True,False,False,False,False,False,False,False,False,False,False,False,False,False,False,False,False,False,False,False,False,False,False,False,True,False,True,True,False,False,False,False,True,True,False,True,False,True,True,False,False,False,False,False,True,kupastuntas.co,2026-04-24,senior_secondary,1,https://kupastuntas.co/2026/04/24/ratusan-siswa-sman-6-diduga-keracunan-mbg-dapur-way-lunik-disetop-sementara,"Ratusan Siswa SMAN 6 Diduga Keracunan MBG, Dapur Way Lunik Disetop Sementara",2026Q2
99a94e42c82b,lab: contamination reported,True,False,True,True,True,False,False,False,False,True,False,False,False,False,False,False,False,True,False,False,False,False,False,False,False,False,False,False,False,True,True,True,True,False,False,True,False,False,False,False,False,True,False,False,True,False,False,False,False,False,True,detik.com,2026-04-24,primary,1,https://www.detik.com/jatim/berita/d-8460176/siswa-di-3-sd-kediri-keracunan-mbg-walkot-vinanda-perintahkan-investigasi,"Siswa di 3 SD Kediri Keracunan MBG, Walkot Vinanda Perintahkan Investigasi",2026Q2
b3dacbf8a241,no cause information,True,False,False,False,False,False,False,False,False,False,False,False,False,True,True,False,False,False,False,False,False,False,False,False,False,False,False,False,False,False,False,False,False,False,False,False,False,False,False,False,True,False,False,False,False,False,False,False,False,False,True,updatesulsel.id,2026-04-24,primary,1,https://updatesulsel.id/28-siswa-keracunan-mbg-di-bontomanai-jeneponto-diminta-ditutup-sementara/,"28 Siswa Keracunan, MBG di Bontomanai Jeneponto Diminta Ditutup Sementara • Update Sulsel",2026Q2
82b3bbe49131,no cause information,True,True,False,False,False,False,False,False,False,False,False,False,False,False,False,False,False,False,False,False,False,False,False,False,False,False,False,False,False,True,False,True,True,False,True,False,False,False,False,True,True,False,False,False,False,False,False,False,False,False,False,cianjurekspres.disway.id,2026-04-26,unknown,1,https://cianjurekspres.disway.id/metropolis/read/20790/balita-keracunan-diduga-usai-santap-mbg-di-leles-cianjur-meninggal-dunia,Balita Keracunan Diduga Usai Santap MBG di Leles Cianjur Meninggal Dunia,2026Q2
2aeebf64029c,awaiting lab / cause unknown,True,False,False,False,False,False,False,False,False,False,False,False,False,False,False,False,False,False,False,False,False,False,False,False,False,False,False,False,False,True,True,True,False,False,True,False,False,False,False,True,True,False,False,True,False,False,False,False,False,False,False,kicknews.today,2026-04-27,primary,1,https://kicknews.today/keracunan-massal-mbg-di-lombok-timur-bertambah-ibu-hamil-ikut-dirawat/,"Keracunan massal MBG di Lombok Timur bertambah, ibu hamil ikut dirawat - kicknews.today",2026Q2
c8beaca492d4,awaiting lab / cause unknown,True,False,False,False,False,False,False,False,False,False,False,False,False,False,False,False,False,False,False,False,False,False,False,False,False,True,False,False,False,True,False,True,False,False,False,False,False,False,False,False,False,False,False,False,False,False,False,False,False,False,True,beritaborneo.com,2026-04-28,senior_secondary,1,https://beritaborneo.com/main/61-korban-keracunan-dprd-kalsel-minta-sistem-mbg-dibongkar-ulang/,"61 Korban Keracunan, DPRD Kalsel Minta Sistem MBG Dibongkar Ulang",2026Q2
5ac30e8e1778,no cause information,True,True,False,False,False,False,False,False,False,False,False,False,False,False,False,False,False,False,False,False,False,False,False,False,False,False,False,False,False,False,False,False,False,False,False,False,False,False,False,False,False,False,False,False,False,False,False,False,False,False,False,regional.kompas.com,2026-04-30,mixed,1,https://regional.kompas.com/read/2026/04/30/224346078/diduga-keracunan-mbg-37-siswa-dan-6-guru-di-kabupaten-timor-tengah-selatan?,"Diduga Keracunan MBG, 37 Siswa dan 6 Guru di Kabupaten Timor Tengah Selatan Dirawat",2026Q2
64a6489d8ae4,no cause information,True,True,False,False,False,True,False,False,False,False,False,False,False,False,False,False,False,False,False,False,False,False,False,False,False,False,False,False,False,False,False,False,False,True,False,False,False,False,False,False,True,False,False,False,False,False,False,False,False,False,True,inspirasitoday.com,2026-04-30,senior_secondary,1,https://inspirasitoday.com/ratusan-siswa-smkn-3-batam-diduga-keracunan-mbg-banyak-yang-sakit-perut/,"Ratusan Siswa SMKN 3 Batam Diduga Keracunan MBG, Banyak yang Sakit Perut - Inspirasi Today",2026Q2
ab10534b1848,awaiting lab / cause unknown,True,True,True,False,True,True,True,False,False,True,False,False,False,False,False,False,False,True,False,False,False,True,False,True,False,False,False,False,False,True,True,False,True,True,False,False,False,False,False,True,True,False,False,False,False,False,False,False,False,False,False,selatanindonesia.com,2026-04-30,unknown,1,https://selatanindonesia.com/diduga-keracunan-mbg-lebih-dari-100-anak-di-sumba-tengah-dilarikan-ke-fasilitas-kesehatan/,"Diduga Keracunan MBG, Lebih dari 100 Anak di Sumba Tengah Dilarikan ke Fasilitas Kesehatan - SI | Selatan Indonesia",2026Q2
efddb0542965,awaiting lab / cause unknown,True,True,False,True,True,False,False,False,False,False,False,True,True,False,False,False,False,False,False,True,True,True,True,True,True,False,False,True,True,True,False,True,True,True,False,True,False,False,False,True,True,True,False,False,False,False,False,False,False,False,False,jateng.harianjogja.com,2026-04-30,junior_secondary,1,https://jateng.harianjogja.com/read/2026/04/30/648/1254508/584-siswa-dan-guru-di-klaten-diduga-keracunan-mbg,584 Siswa dan Guru di Klaten Diduga Keracunan MBG,2026Q2
90667f00209a,no cause information,True,True,False,False,False,False,False,False,False,True,True,False,False,False,False,False,False,False,False,False,False,False,False,False,False,False,False,False,False,True,True,False,False,False,False,False,False,False,False,False,True,False,False,False,False,False,False,False,False,False,False,hariansib.com,2026-05-02,primary,1,https://www.hariansib.com/Marsipature-Hutanabe/443537/11-pelajar-sd-diduga-keracunan-mbg-di-deliserdang/,11 Pelajar SD Diduga Keracunan MBG di Deliserdang,2026Q2
b78dbec6715c,awaiting lab / cause unknown,True,True,False,False,False,False,False,False,False,False,False,False,False,False,False,False,False,False,False,False,False,False,False,False,False,False,False,False,False,False,False,False,True,True,False,False,False,False,False,False,False,False,False,False,False,False,False,False,False,False,False,rinews.id,2026-05-08,senior_secondary,1,https://www.rinews.id/dugaan-keracunan-massal-mbg-di-smkn-1-jatiroto-ratusan-siswa-dan-guru-alami-diare-penyebab-masih-diselidiki/,"PORTAL BERITA INDONESIA | Berita hari ini | Dugaan Keracunan Massal MBG di SMKN 1 Jatiroto: Ratusan Siswa dan Guru Alami Diare, Penyebab Masih Diselidiki - RI NEWS",2026Q2
70aa8a5f74b7,no cause information,True,True,False,False,False,True,False,False,False,False,False,False,False,False,False,False,False,True,True,False,False,False,False,False,False,False,False,False,False,False,False,False,False,False,False,False,False,False,False,True,False,False,False,False,True,False,False,False,True,False,False,news.detik.com,2026-05-09,primary,1,https://news.detik.com/berita/d-8481654/252-siswa-di-jaktim-diduga-keracunan-mbg-alami-gejala-usai-makan-pangsit-tahu,"252 Siswa di Jaktim Diduga Keracunan MBG, Alami Gejala Usai Makan Pangsit Tahu",2026Q2
a1259dd54ae4,no cause information,True,False,False,True,True,False,False,False,False,True,True,False,False,False,False,False,False,False,False,True,False,True,False,True,True,False,False,False,False,True,True,False,False,True,True,False,False,False,False,False,True,False,False,False,False,False,False,False,False,False,False,penafaktual.com,2026-05-09,primary,1,https://penafaktual.com/sakit-perut-hingga-muntah-muntah-11-siswa-sd-di-kolaka-tumbang-usai-makan-program-mbg/,"Sakit Perut hingga Muntah-muntah, 11 Siswa SD di Kolaka Tumbang Usai Makan Program MBG",2026Q2
9f77f162bebb,no cause information,True,True,False,False,False,False,False,False,False,False,False,False,False,False,False,False,False,False,False,False,False,False,False,False,False,False,False,False,False,True,True,True,False,False,True,False,False,False,False,False,True,False,False,False,False,False,False,False,False,False,False,cianjurekspres.disway.id,2026-05-13,primary,1,https://cianjurekspres.disway.id/metropolis/read/20901/belasan-siswa-sd-di-pagelaran-cianjur-diduga-keracunan-usai-konsumsi-mbg-dan-jajanan-es,"Belasan Siswa SD di Pagelaran Cianjur Diduga Keracunan, Usai Konsumsi MBG dan Jajanan Es",2026Q2
a9a45b4b9941,no cause information,False,True,False,False,False,False,False,False,False,False,False,False,False,False,False,False,False,False,False,False,False,False,False,False,False,False,False,False,False,False,False,False,False,False,False,False,False,False,False,True,True,False,False,False,False,False,False,False,False,False,False,atlasnews.id,2026-05-13,primary,1,https://atlasnews.id/daerah/geger-23-siswa-di-kupang-barat-diduga-keracunan-mbg-puskesmas-batakte-sigap-beri-pertolongan-pertama/,"Geger! 23 Siswa Di Kupang Barat Diduga Keracunan MBG, Puskesmas Batakte Sigap Beri Pertolongan Pertama - AtlasNews.ID",2026Q2
58e072a43fd4,awaiting lab / cause unknown,True,False,True,False,True,True,False,False,False,False,False,False,False,False,False,False,False,False,False,False,False,False,False,True,False,False,False,False,False,True,True,True,True,False,False,False,False,False,False,False,True,False,False,False,False,False,True,False,True,False,False,detik.com,2026-05-15,mixed,1,https://www.detik.com/jatim/berita/d-8489569/keracunan-mbg-210-siswa-surabaya-bongkar-banyak-sppg-tak-kantongi-slhs,Keracunan MBG 210 Siswa Surabaya Bongkar Banyak SPPG Tak Kantongi SLHS,2026Q2
20a05ccec68a,no cause information,True,True,False,False,False,False,False,False,False,False,False,True,False,False,False,True,False,True,False,True,False,True,False,False,False,False,False,False,False,True,False,True,False,False,True,True,False,False,False,False,True,False,False,False,False,False,False,False,False,False,False,prianganinsider.pikiran-rakyat.com,2026-05-21,primary,1,https://prianganinsider.pikiran-rakyat.com/priangan/pr-38310221715/heboh-di-garut-program-mbg-berujung-dugaan-keracunan-massal-orang-tua-panik,"Heboh di Garut! Program MBG Berujung Dugaan Keracunan Massal, Orang Tua Panik - Priangan Insider",2026Q2
70feadd7d4f5,no cause information,True,True,False,True,False,False,False,False,False,True,True,False,False,False,False,False,False,False,False,False,False,False,False,False,False,False,False,False,False,False,False,False,False,False,False,False,False,False,False,False,True,False,False,False,False,True,False,False,False,False,False,mataexpose.co.id,2026-05-22,primary,1,https://mataexpose.co.id/post/15-siswa-sd-di-sambas-diduga-alami-keracunan-usai-santap-menu-makan-bergizi-gratis-investigasi-dapur-mitra-dimulai,"15 Siswa SD di Sambas Diduga Alami Keracunan Usai Santap Menu Makan Bergizi Gratis, Investigasi Dapur Mitra Dimulai",2026Q2
66b3ebb5db92,awaiting lab / cause unknown,True,True,False,False,False,False,False,False,False,True,False,False,False,False,False,False,False,True,True,True,False,True,False,False,False,False,False,True,False,True,True,True,False,True,False,False,False,False,False,True,True,False,False,False,False,False,False,False,False,False,False,megapolitan.kompas.com,2026-05-26,junior_secondary,1,https://megapolitan.kompas.com/read/2026/05/26/15212251/116-siswa-smp-di-grogol-jakbar-diduga-keracunan-usai-santap-mbg,116 Siswa SMP di Grogol Jakbar Diduga Keracunan Usai Santap MBG,2026Q2
e9936e468e90,awaiting lab / cause unknown,True,False,False,False,False,False,False,False,False,False,False,False,False,False,False,False,False,False,False,False,False,False,False,False,False,False,False,False,False,False,False,False,False,False,False,False,False,False,False,True,False,False,False,False,True,False,False,False,False,False,False,detik.com,2026-06-01,mixed,1,https://www.detik.com/jabar/cirebon-raya/d-8512997/sppg-di-talaga-majalengka-disetop-sementara-usai-22-siswa-dirawat-rs,SPPG di Talaga Majalengka Disetop Sementara Usai 22 Siswa Dirawat RS,2026Q2
b75515ac0ef7,no cause information,True,False,False,False,False,False,False,False,False,False,False,True,False,False,False,False,False,True,False,False,False,False,False,False,False,False,False,False,False,False,True,True,False,False,False,False,False,True,False,False,True,False,False,True,False,True,False,False,False,False,False,betv.disway.id,2026-06-04,primary,1,https://betv.disway.id/daerah/read/73679/bertambah-menjadi-16-orang-korban-keracunan-mbg-di-kepahiang-termasuk-guru-dan-penjaga-sekolah,"Bertambah Menjadi 16 Orang, Korban Keracunan MBG di Kepahiang Termasuk Guru dan Penjaga Sekolah",2026Q2
41042cccf8cb,no cause information,True,False,False,True,False,False,False,False,False,False,False,False,False,False,False,False,False,True,False,False,False,True,False,False,False,False,False,True,False,True,True,True,False,False,False,False,False,False,False,True,True,False,False,False,False,False,False,False,False,False,False,detik.com,2026-06-05,senior_secondary,1,https://www.detik.com/jatim/berita/d-8518917/total-84-siswa-sman-1-kokop-bangkalan-keracunan-mbg-12-masih-dirawat,"Total 84 Siswa SMAN 1 Kokop Bangkalan Keracunan MBG, 12 Masih Dirawat",2026Q2
295843dc6bd2,no cause information,True,True,False,False,False,False,False,False,False,True,False,False,False,False,False,False,False,False,False,False,False,True,False,False,False,False,False,False,False,True,True,False,False,True,False,False,False,False,False,False,False,False,False,False,False,False,False,False,False,False,False,atlasnews.id,2026-06-07,primary,1,https://atlasnews.id/daerah/diduga-keracunan-mbg-delapan-siswa-dan-seorang-guru-di-takari-jalani-observasi-medis/,"Diduga Keracunan MBG, Delapan Siswa Dan Seorang Guru Di Takari Jalani Observasi Medis - AtlasNews.ID",2026Q2
2a137651f484,"samples taken, no result stated",True,True,False,False,False,False,False,False,False,False,False,False,False,False,False,False,False,True,False,False,False,False,False,False,False,False,False,False,False,False,True,True,True,True,False,False,False,False,False,False,True,False,False,False,True,False,False,True,False,False,False,regional.espos.id,2026-06-07,primary,1,https://regional.espos.id/23-siswa-sd-di-bantul-diduga-keracunan-mbg-sampel-makanan-diuji-lab-2213609,"23 Siswa SD di Bantul Diduga Keracunan MBG, Sampel Makanan Diuji Lab",2026Q2
f07891896c12,no cause information,True,True,False,False,True,False,False,False,False,False,False,False,False,False,False,True,True,False,False,False,False,False,False,False,False,False,False,False,False,True,True,True,True,False,False,False,False,False,False,True,False,False,False,False,False,False,False,False,False,False,False,liputan6.com,2026-06-21,unknown,1,https://www.liputan6.com/regional/read/7894521/ibu-dan-dua-anak-diduga-keracunan-susu-mbg-ini-kata-pengelola-sppg,"Ibu dan Dua Anak Diduga Keracunan Susu MBG, Ini Kata Pengelola SPPG",2026Q2
88fdcb9f057d,no cause information,True,True,False,False,False,False,False,False,False,False,False,False,False,False,False,False,False,False,False,False,False,False,False,False,False,False,False,False,False,True,True,False,False,True,False,False,False,True,False,False,True,False,False,False,False,False,False,False,False,False,False,beritajatim.com,2026-07-22,senior_secondary,1,https://beritajatim.com/diduga-keracunan-makanan-mbg-14-siswa-sman-1-pandaan-mual-dan-muntah-9-dilarikan-ke-igd,"Diduga Keracunan Makanan MBG, 14 Siswa SMAN 1 Pandaan Mual dan Muntah, 9 Dilarikan ke IGD | beritajatim.com",2026Q3
c9b77e81e7e2,no cause information,True,True,False,False,True,False,False,False,False,False,False,False,False,False,False,False,False,False,False,False,False,False,False,False,False,False,False,False,False,True,True,True,False,False,True,False,False,False,False,False,True,False,True,True,True,True,False,False,False,False,False,transtwonews.com,2026-07-23,mixed,1,https://transtwonews.com/2026/07/sebanyak-117-orang-diduga-keracunan-makan-bergizi-gratis-kembali-terulang-di-garut-jawa-barat/,Sebanyak 117 Orang Diduga Keracunan Makan BerGizi Gratis Kembali Terulang Di Garut Jawa Barat. | transtwonews.com,2026Q3
e1bb389ecb23,no cause information,True,True,False,False,False,False,False,False,False,False,False,False,False,False,False,False,False,False,False,False,False,False,False,False,False,False,False,False,False,False,False,False,False,True,False,False,False,False,False,False,True,False,False,False,False,False,False,False,False,False,False,detik.com,2026-07-24,primary,1,https://www.detik.com/sumbagsel/berita/d-8588523/puluhan-siswa-guru-sd-di-pesawaran-keracunan-diduga-usai-santap-menu-mbg,Puluhan Siswa-Guru SD di Pesawaran Keracunan Diduga Usai Santap Menu MBG,2026Q3
562170129a08,awaiting lab / cause unknown,True,False,False,False,False,False,False,False,False,False,False,False,False,False,False,False,False,False,False,False,False,False,False,False,False,False,False,False,False,True,True,False,True,False,False,False,False,False,False,False,True,False,False,False,True,False,False,False,False,False,False,kediritangguh.co,2026-07-27,mixed,1,https://kediritangguh.co/update-keracunan-211-orang-alami-gejala-usai-santap-mbg-di-kediri-kadinkes-penghentian-sppg-kewenangan-bgn/,"UPDATE KERACUNAN! 211 Orang Alami Gejala Usai Santap MBG di Kediri, Kadinkes: Penghentian SPPG Kewenangan BGN",2026Q3
e2f6882a2681,lab: contamination reported,False,False,True,False,True,True,False,False,False,False,False,True,False,False,False,False,False,False,False,False,False,False,False,False,False,False,False,False,False,False,False,False,True,False,False,False,False,False,False,False,False,False,False,False,True,False,False,False,False,False,True,afu.id,2026-07-28,primary,1,https://afu.id/nusantara/33-siswa-sdn-kauman-1-malang-keracunan-distribusi-mbg-dihentikan-usai-temuan-e-coli,"Puluhan Siswa SDN Kauman 1 Malang Keracunan, Distribusi MBG Dihentikan usai Temuan E. coli | AFU.id",2026Q3
ce521f01ce91,awaiting lab / cause unknown,True,True,False,False,False,False,False,False,False,False,False,False,False,False,False,True,True,False,False,False,False,False,False,False,False,False,False,False,False,True,True,False,False,True,False,False,False,False,False,True,False,False,False,False,False,False,False,False,False,False,False,jabar.idntimes.com,2026-07-29,primary,1,https://jabar.idntimes.com/news/jawa-barat/puluhan-siswa-sd-di-sukabumi-keracunan-susu-mbg-diduga-kedaluwarsa-00-6snxf-yg9t08,"Puluhan Siswa SD di Sukabumi Keracunan Susu MBG, Diduga Kedaluwarsa",2026Q3
3224be6a304e,"samples taken, no result stated",True,True,False,True,False,False,False,False,False,False,False,False,False,False,False,False,False,False,False,False,False,False,False,False,False,False,False,False,False,False,False,True,False,False,False,False,False,False,False,False,True,False,False,False,False,False,False,False,False,False,False,eksposkaltim.com,2026-08-03,mixed,1,https://eksposkaltim.com/berita-18043-dugaan-keracunan-massal-mbg-di-kukar-puluhan-pelajar-dilarikan-ke-puskesmas-.html,"EKSPOSKALTIM - Dugaan Keracunan Massal MBG di Kukar, Puluhan Pelajar Dilarikan ke Puskesmas",2026Q3
74c2d534b0b3,no cause information,True,True,False,False,False,False,False,False,False,False,False,False,False,False,False,False,False,False,False,False,False,False,False,False,False,False,False,False,False,False,False,False,False,False,False,False,False,False,False,False,True,True,False,False,False,False,False,False,False,False,False,detik.com,2026-08-03,junior_secondary,1,https://www.detik.com/kalimantan/berita/d-8601733/sppg-di-seruyan-dihentikan-usai-156-penerima-mbg-diduga-keracunan,SPPG di Seruyan Dihentikan Usai 156 Penerima MBG Diduga Keracunan,2026Q3
324416f4b9ad,no cause information,True,True,False,False,False,False,False,False,False,False,False,True,False,False,False,True,False,True,False,False,False,True,False,False,False,False,False,True,False,False,False,False,True,False,False,False,False,False,False,False,True,False,False,False,False,False,True,True,False,False,False,rmoljawatengah.id,2026-08-06,junior_secondary,1,https://www.rmoljawatengah.id/korban-dugaan-keracunan-mbg-rembang-bertambah-jadi-299-orang,Korban Dugaan Keracunan MBG Rembang Bertambah Jadi 299 Orang,2026Q3
4cbdaced5c07,awaiting lab / cause unknown,True,True,False,False,True,False,False,False,False,True,False,True,False,False,False,False,False,True,False,False,False,False,False,True,False,False,False,False,False,True,True,False,True,True,False,False,False,False,False,False,True,False,False,False,False,False,False,False,False,False,False,inilahcianjur.com,2026-08-08,mixed,1,https://inilahcianjur.com/2026/08/250-siswa-tumbang-usai-santap-mbg-dugaan-keracunan-gegerkan-warungkondang/,"250 Siswa Tumbang Usai Santap MBG, Dugaan Keracunan Gegerkan Warungkondang - INILAH CIANJUR || www.inilahcianjur.com",2026Q3
6f217b526d2b,"samples taken, no result stated",True,False,False,False,True,True,False,False,False,False,False,False,False,False,False,False,False,False,False,False,False,False,False,False,False,False,False,False,False,True,True,False,False,False,False,False,False,False,False,True,True,False,False,False,True,False,False,False,False,False,False,detik.com,2026-08-08,junior_secondary,1,https://www.detik.com/jateng/berita/d-8609653/korban-keracunan-mbg-di-candimulyo-magelang-capai-28-orang,Korban Keracunan MBG di Candimulyo Magelang Capai 28 Orang,2026Q3
8b743b5fbe0c,lab: contamination reported,False,False,True,False,False,True,True,False,False,True,True,False,False,False,False,False,False,False,False,True,True,False,False,False,False,False,False,False,False,False,False,False,False,False,False,False,False,False,False,False,False,True,False,False,False,False,False,False,False,False,False,detik.com,2026-08-11,unknown,1,https://www.detik.com/kalimantan/berita/d-8614428/puluhan-siswa-di-bontang-sakit-usai-santap-mbg-2-kepala-sppg-dicopot,"Puluhan Siswa di Bontang Sakit Usai Santap MBG, 2 Kepala SPPG Dicopot",2026Q3
685a4ffe0206,awaiting lab / cause unknown,True,True,False,False,False,False,False,False,False,True,False,False,False,False,False,False,False,True,False,False,False,True,False,False,False,False,False,True,False,False,False,False,True,True,False,False,False,False,False,True,True,True,False,False,False,False,False,False,False,False,False,detik.com,2026-08-12,senior_secondary,1,https://www.detik.com/jateng/berita/d-8615906/165-siswa-man-2-banyumas-diduga-keracunan-mbg-104-masih-bergejala,"165 Siswa MAN 2 Banyumas Diduga Keracunan MBG, 104 Masih Bergejala",2026Q3
290cf9f5f626,no cause information,True,False,False,False,False,False,False,False,False,False,False,False,False,False,False,False,False,True,False,True,False,False,False,True,False,False,False,True,False,True,True,True,False,False,False,False,False,False,False,False,False,False,False,True,False,False,False,False,False,False,False,pekanbaru.inews.id,2026-08-13,primary,1,https://pekanbaru.inews.id/read/709211/puluhan-siswa-sd-di-dumai-keracunan-mbg,Puluhan Siswa SD di Dumai Keracunan MBG,2026Q3
78a530b0cdb9,no cause information,True,False,False,False,False,False,False,False,False,True,False,False,False,False,False,False,False,False,False,False,False,False,False,False,False,False,False,False,False,True,True,False,True,False,False,False,False,False,False,True,True,False,False,False,False,False,False,False,False,False,False,detik.com,2026-08-13,mixed,1,https://www.detik.com/jatim/berita/d-8616277/jumlah-siswa-keracunan-mbg-di-trenggalek-bertambah-ada-yang-rawat-inap,"Jumlah Siswa Keracunan MBG di Trenggalek Bertambah, Ada yang Rawat Inap",2026Q3
8088f2e955d1,"samples taken, no result stated",False,True,False,False,False,True,False,False,False,False,False,True,False,False,False,True,False,True,False,False,False,False,False,False,False,False,False,True,False,True,True,True,True,False,False,False,False,False,False,False,False,False,False,False,False,False,False,False,False,False,False,sukabumisatu.com,2026-08-15,pesantren,1,https://sukabumisatu.com/dugaan-keracunan-massal-mbg-di-ponpes-baiti-jannati-sukabumi-134-santri-tumbang-pengawasan-penyedia-makanan-dipertanyakan/,"Dugaan Keracunan Massal MBG di Ponpes Baiti Jannati Sukabumi: 134 Santri Tumbang, Pengawasan Penyedia Makanan Dipertanyakan - Sukabumisatu.com",2026Q3
aa28868fd059,awaiting lab / cause unknown,True,True,False,False,True,False,False,False,False,False,False,False,False,False,False,False,False,False,False,False,False,False,False,False,False,False,False,False,False,False,False,False,False,False,False,False,False,False,False,True,True,False,False,False,False,False,False,False,False,False,False,news.harianjogja.com,2026-08-16,mixed,1,https://news.harianjogja.com/r-1267563/361-siswa-diduga-keracunan-mbg-di-karo-1-dirawat-intensif-di-medan,"361 Siswa Diduga Keracunan MBG di Karo, 1 Dirawat Intensif di Medan",2026Q3
bb93f1261249,awaiting lab / cause unknown,True,False,False,False,False,False,False,False,False,False,False,False,False,False,False,False,False,False,False,False,False,False,False,False,False,False,False,False,False,False,False,False,False,False,False,False,False,False,False,True,False,False,False,False,False,False,False,False,False,False,False,portal.banggaikep.go.id,2026-08-20,primary,1,https://portal.banggaikep.go.id/puluhan-siswa-di-banggai-kepulauan-diduga-keracunan-usai-santap-mbg-pemda-bangkep-turun-ke-lokasi/,Website Kabupaten Banggai kepulauan,2026Q3
1c99ac369afe,no cause information,True,True,False,False,False,False,False,False,False,True,True,False,False,False,False,False,False,True,False,True,False,False,False,False,False,False,False,True,False,False,False,False,True,True,False,False,False,False,False,False,True,False,False,False,False,False,False,False,False,False,False,detik.com,2026-08-21,junior_secondary,1,https://www.detik.com/jateng/berita/d-8629066/seratusan-murid-guru-2-smpn-di-boyolali-diduga-keracunan-mbg,Seratusan Murid-Guru 2 SMPN di Boyolali Diduga Keracunan MBG,2026Q3
04f4d3657036,no cause information,True,False,False,False,True,False,False,False,False,False,False,False,False,False,False,False,False,False,False,False,False,False,False,False,False,False,False,False,False,False,False,False,False,False,False,False,False,False,False,False,False,False,False,False,True,False,False,False,False,False,True,memorandum.disway.id,2026-09-03,unknown,1,https://memorandum.disway.id/jatim/read/168455/tragedi-ratusan-siswa-jadi-korban-keracunan-mbg-fraksi-pdip-dprd-jatim-desak-evaluasi-total-tata-kelola-sppg,"Tragedi Ratusan Siswa Jadi Korban Keracunan MBG, Fraksi PDIP DPRD Jatim Desak Evaluasi Total Tata Kelola SPPG",2026Q3
fc4ffd93b1d9,awaiting lab / cause unknown,True,True,False,False,False,False,False,False,False,True,False,False,False,False,False,False,False,True,False,False,False,True,True,False,False,False,False,True,False,False,True,False,True,True,False,False,False,False,False,False,True,False,False,False,True,False,True,True,False,False,True,mediaindonesia.com,2026-09-03,senior_secondary,1,https://mediaindonesia.com/nusantara/929333/777-siswa-dan-guru-sma-negeri-1-lasem-rembang-diduga-keracunan-makan-bergizi-grati,777 Siswa dan Guru SMA Negeri 1 Lasem Rembang Diduga Keracunan Makan Bergizi Gratis,2026Q3
697ac7f64af7,awaiting lab / cause unknown,True,True,False,False,False,False,False,False,False,False,False,False,False,False,False,False,False,True,True,True,True,True,True,False,False,False,False,True,True,True,False,True,False,True,False,False,False,False,False,False,True,False,False,False,True,False,False,False,False,False,False,regional.kompas.com,2026-09-04,primary,1,https://regional.kompas.com/read/2026/09/04/194652378/313-siswa-mim-di-klaten-diduga-keracunan-mbg-76-diperiksa-dan-tak-ada-yang,"313 Siswa MIM di Klaten Diduga Keracunan MBG, 76 Diperiksa dan Tak Ada yang Dirawat",2026Q3
b270efffbc79,awaiting lab / cause unknown,True,False,False,False,False,False,False,False,False,True,True,False,False,False,False,False,False,False,False,False,False,False,False,False,False,False,False,False,False,True,True,True,False,True,False,False,False,False,False,True,True,True,False,False,False,True,False,False,False,False,True,tempo.co,2026-09-04,primary,1,https://www.tempo.co/politik/keracunan-mbg-terus-terjadi-kali-ini-terjadi-di-bengkulu-2285541,"Keracunan MBG Terus Terjadi, Kali Ini Terjadi di Bengkulu",2026Q3
bcc4eec726a7,"samples taken, no result stated",True,True,False,False,False,True,False,False,False,False,False,False,False,True,True,False,False,False,False,False,False,True,True,False,False,False,False,True,True,True,False,False,True,False,True,False,False,False,False,True,True,False,False,False,True,False,False,True,True,False,False,surabaya.kompas.com,2026-09-04,junior_secondary,1,https://surabaya.kompas.com/read/2026/09/04/182005678/korban-diduga-keracunan-mbg-di-jombang-bertambah-jadi-260-orang-dinkes,"Korban Diduga Keracunan MBG di Jombang Bertambah Jadi 260 Orang, Dinkes Evaluasi SLHS SPPG",2026Q3
c3974f9a5bdd,no cause information,False,False,False,False,False,False,False,False,False,False,False,False,False,False,False,False,False,False,False,False,False,False,False,False,False,False,False,False,False,False,False,False,False,False,False,False,False,False,False,False,False,False,False,False,False,False,False,False,False,False,False,sumbarkita.id,2026-09-04,mixed,1,https://sumbarkita.id/korban-keracunan-mbg-di-agam-capai-344-orang-lima-masih-dirawat/,"Korban Keracunan MBG di Agam Capai 344 Orang, Lima Masih Dirawat - Sumbarkita.id",2026Q3
f6d59ebefe97,"samples taken, no result stated",False,False,False,False,False,False,False,False,False,False,False,True,False,False,False,False,False,True,False,True,False,True,False,False,False,False,False,True,False,True,True,True,False,False,False,False,False,False,False,True,True,False,False,False,True,False,False,False,False,False,False,detik.com,2026-09-04,mixed,1,https://www.detik.com/jatim/berita/d-8648306/korban-keracunan-mbg-di-sidoarjo-jadi-748-orang,Korban Keracunan MBG di Sidoarjo Jadi 748 Orang!,2026Q3
d7ccc09818e2,no cause information,True,False,False,False,False,False,False,False,False,True,False,False,False,False,False,False,False,True,False,True,False,True,False,False,False,False,False,True,False,True,True,True,True,False,True,False,False,False,False,False,False,False,False,False,False,False,False,False,False,False,False,detik.com,2026-09-08,senior_secondary,1,https://www.detik.com/jateng/berita/d-8653953/137-siswa-guru-sman-1-tunjungan-blora-keracunan-mbg,137 Siswa-Guru SMAN 1 Tunjungan Blora Keracunan MBG,2026Q3
5487f0c42f28,no cause information,True,True,False,True,False,False,False,False,False,False,False,False,False,True,False,False,False,True,True,False,False,False,False,False,False,False,False,False,False,True,True,True,False,True,False,False,False,False,False,False,True,False,False,False,False,False,False,False,False,False,False,surabaya.kompas.com,2026-09-09,primary,1,https://surabaya.kompas.com/read/2026/09/09/162042878/guru-dan-siswa-sd-di-madiun-diduga-keracunan-mbg-dirawat-di-puskesmas-dan,"Guru dan Siswa SD di Madiun Diduga Keracunan MBG, Dirawat di Puskesmas dan RSUD",2026Q3
3e08bdb714d6,no cause information,True,True,False,False,False,False,False,False,False,True,False,False,False,False,False,False,False,True,False,False,False,False,False,False,False,False,False,False,False,False,False,False,True,False,False,False,False,False,False,False,True,False,False,False,False,False,False,False,False,False,False,cirebonraya.com,2026-09-11,mixed,1,https://www.cirebonraya.com/nusantara/43717620491/lagi-ratusan-siswa-dan-guru-di-jepara-diduga-keracunan-massal-menu-mbg-operasional-sppg-sekuro-disetop-sementara,"Lagi, Ratusan Siswa dan Guru di Jepara Diduga Keracunan Massal Menu MBG, Operasional SPPG Sekuro Disetop Sementara - Cirebon Raya",2026Q3
6b16c2552b5c,awaiting lab / cause unknown,True,False,False,False,False,False,False,False,False,False,False,False,False,False,False,False,False,False,False,False,False,False,False,False,False,False,False,False,False,False,False,False,False,False,False,False,False,False,False,False,False,False,True,True,True,False,False,True,False,False,False,serikatnews.com,2026-09-11,mixed,1,https://serikatnews.com/korban-keracunan-mbg-di-pati-capai-424-orang/,Korban Keracunan MBG di Pati Capai 424 Orang - serikatnews.com,2026Q3
89b73ceff7a7,"samples taken, no result stated",True,False,False,False,False,False,False,False,False,True,False,False,False,False,False,False,False,True,False,True,False,False,False,False,False,False,False,True,False,True,True,True,False,True,True,False,False,False,False,False,True,False,False,True,True,True,False,False,False,False,True,afu.id,2026-09-11,mixed,1,https://afu.id/nasional/keracunan-mbg-di-lombok-tengah-masif-352-siswa-sd-jadi-korban-wali-murid-geram-desak-program-dihentikan,"Keracunan MBG di Lombok Tengah Masif, 352 Siswa SD jadi Korban, Wali Murid Geram Desak Program Dihentikan | AFU.id",2026Q3
fcf0be269ac9,lab: contamination reported,False,False,True,False,False,False,False,False,False,True,True,False,False,True,False,False,False,True,False,True,False,True,True,False,False,False,False,True,False,True,True,True,True,True,False,False,False,False,False,False,True,False,False,False,False,False,False,False,False,False,False,cnnindonesia.com,2026-09-11,junior_secondary,1,https://www.cnnindonesia.com/nasional/20260911180218-20-1402945/keracunan-massal-mbg-toraja-ayam-bumbu-kuning-positif-bakteri,"Keracunan Massal MBG Toraja, Ayam Bumbu Kuning Positif Bakteri",2026Q3
e2567de0711c,no cause information,True,True,False,False,False,False,False,False,False,False,False,False,False,False,False,False,False,True,False,False,False,False,False,True,False,False,False,False,False,False,False,False,True,False,True,False,False,False,False,False,True,False,False,False,True,False,False,False,False,False,False,info86news.com,2026-09-12,junior_secondary,1,https://info86news.com/5-orang-siswa-smp-swasta-ahmad-dahlan-aek-kanopan-labuhanbatu-utara-diduga-keracuan-usai-mengkonsumsi-mbg/,5 Orang Siswa SMP Swasta Ahmad Dahlan Aek Kanopan Labuhanbatu Utara Diduga Keracuan Usai Mengkonsumsi MBG. - Info86News,2026Q3
9fcddf7ba6ff,awaiting lab / cause unknown,True,True,False,True,False,False,True,False,False,True,True,False,False,False,False,False,False,True,True,True,True,True,False,True,True,False,False,False,False,True,True,True,False,False,False,False,False,False,False,False,False,False,False,False,False,False,False,False,False,False,False,medan.kompas.com,2026-09-14,junior_secondary,1,https://medan.kompas.com/read/2026/09/14/162019778/puluhan-siswa-di-asahan-diduga-keracunan-mbg-sejumlah-ompreng-berbau-tak-sedap,"Puluhan Siswa di Asahan Diduga Keracunan MBG, Sejumlah Ompreng Berbau Tak Sedap",2026Q3
0a3f3f801c8a,awaiting lab / cause unknown,True,False,True,False,False,True,False,False,False,True,False,False,False,False,False,False,False,True,False,True,False,True,False,True,False,False,False,False,False,False,False,False,True,True,False,False,False,False,False,False,True,False,False,False,True,False,False,False,False,False,False,afu.id,2026-09-16,mixed,1,https://afu.id/humaniora/keracunan-mbg-77-siswa-dan-guru-di-trenggalek-alami-diare-massal,"Keracunan MBG, 77 Siswa dan Guru di Trenggalek Alami Diare Massal | AFU.id",2026Q3
bdfe93b41b2e,no cause information,True,True,False,False,False,False,False,False,False,False,False,False,False,False,False,False,False,False,False,False,False,False,False,False,False,False,False,False,False,False,False,False,False,False,False,False,False,False,False,True,True,False,False,False,False,False,False,False,False,False,False,beritanusa.com,2026-09-16,senior_secondary,1,https://www.beritanusa.com/sumatera-utara/2503031129/kembali-terjadi-35-siswa-smkn-1-merdeka-karo-diduga-keracunan-menu-mbg-30-dirawat-di-rs,"Kembali Terjadi! 35 Siswa SMKN 1 Merdeka Karo Diduga Keracunan Menu MBG, 30 Dirawat di RS - BeritaNusa.com",2026Q3
84203d48e39b,awaiting lab / cause unknown,True,True,False,False,False,True,False,False,False,False,False,False,False,False,False,False,False,True,False,False,False,False,False,False,False,False,False,False,False,False,False,False,False,False,False,False,False,False,False,True,True,False,False,True,False,False,False,False,False,False,False,lampung.viva.co.id,2026-09-17,primary,1,https://lampung.viva.co.id/pendidikan/10127-11-siswa-mi-syamsul-maarif-diduga-keracunan-puskesmas-ketapang-ambil-sampel-dapur-mbg-sppg,"11 Siswa MI Syamsul Maarif Diduga Keracunan, Puskesmas Ketapang Ambil Sampel Dapur MBG-SPPG",2026Q3
92c51abaf7b1,"samples taken, no result stated",True,True,False,True,True,False,False,False,False,True,True,False,False,False,False,False,False,True,False,True,True,False,False,True,True,False,False,False,False,True,True,True,False,True,False,False,False,False,False,True,True,False,False,False,False,False,False,False,False,False,False,jogjapolitan.harianjogja.com,2026-09-17,junior_secondary,1,https://jogjapolitan.harianjogja.com/r-1271607/kronologi-puluhan-siswa-temon-kulonprogo-keracunan-mbg-menu-diduga-berlendir,"Kronologi Puluhan Siswa Temon Kulonprogo Keracunan MBG, Menu Diduga Berlendir",2026Q3
dce34c3c9c90,no cause information,True,True,False,False,False,False,False,False,False,True,False,False,False,False,False,False,False,True,False,False,False,True,False,False,False,False,False,True,False,True,False,False,True,False,False,False,False,False,False,True,True,False,False,True,False,False,False,False,False,False,False,detik.com,2026-09-17,senior_secondary,1,https://www.detik.com/jatim/berita/d-8667384/200-siswa-dan-guru-smkn-1-boyolangu-tulungagung-diduga-keracunan-mbg,200 Siswa dan Guru SMKN 1 Boyolangu Tulungagung Diduga Keracunan MBG,2026Q3
2d4be4eb8edf,"samples taken, no result stated",True,False,False,False,False,True,False,False,False,False,False,False,False,False,False,False,False,False,False,False,False,False,False,False,False,False,False,False,False,False,False,False,False,False,False,False,False,False,False,False,False,True,False,False,True,False,False,False,False,False,True,klikwarta.com,2026-09-18,mixed,1,https://www.klikwarta.com/105-siswa-di-tawangmangu-karanganyar-keracunan-menu-mbg-satu-dapur-sppg-ditutup-sementara,"105 Siswa di Tawangmangu Karanganyar Keracunan Menu MBG, Satu Dapur SPPG Ditutup Sementara",2026Q3
55227906d5c7,awaiting lab / cause unknown,True,False,True,False,True,True,False,False,False,True,True,False,False,False,False,False,False,True,True,True,True,True,True,False,False,False,False,True,True,False,False,False,False,False,False,False,False,False,False,True,False,False,False,False,True,True,False,False,False,False,False,afu.id,2026-09-18,junior_secondary,1,https://afu.id/humaniora/127-siswa-keracunan-usai-santap-mbg-di-pariaman-sppg-ditutup,"127 Siswa Keracunan Usai Santap MBG di Pariaman, SPPG Ditutup | AFU.id",2026Q3
770f88293b3a,awaiting lab / cause unknown,True,False,False,False,False,False,False,False,False,False,False,False,False,True,False,False,False,True,False,True,False,True,False,False,False,False,False,True,False,True,False,True,True,False,False,True,False,False,False,True,True,False,False,True,False,False,False,False,False,False,False,solo.suaramerdeka.com,2026-09-18,,2,https://solo.suaramerdeka.com/solo-raya/0517648110/ratusan-siswa-smp-di-bulukerto-wonogiri-tidak-masuk-sekolah-karena-sakit-akibat-mbg,"Ratusan Siswa SMP di Bulukerto Wonogiri Tidak Masuk Sekolah Karena Sakit, Akibat MBG? - Suara Merdeka Solo",2026Q3
c2b8e1795155,no cause information,False,True,False,False,False,False,False,False,False,False,False,False,False,False,False,False,False,False,False,False,False,False,False,False,False,False,False,False,False,True,True,False,False,False,False,False,False,False,False,True,True,False,False,False,False,False,False,False,False,False,False,surabaya.kompas.com,2026-09-18,primary,1,https://surabaya.kompas.com/read/2026/09/18/113044678/dugaan-keracunan-mbg-di-kediri-meluas-37-siswa-dari-3-sekolah-terdampak,"Dugaan Keracunan MBG di Kediri Meluas, 37 Siswa dari 3 Sekolah Terdampak",2026Q3
ca45b5d6d816,no cause information,True,True,False,False,False,False,False,False,False,False,False,False,False,False,False,True,True,True,False,False,False,False,False,False,False,False,False,False,False,True,True,True,False,True,False,False,False,False,False,False,True,False,False,False,False,False,False,False,False,False,False,doorstop.id,2026-09-18,unknown,1,https://doorstop.id/enam-siswa-mi-al-arifin-dilarikan-ke-puskesmas-diduga-usai-santap-mbg-guru-temukan-ulat-dalam-susu/,"Enam Siswa MI Al-Arifin Dilarikan ke Puskesmas, Diduga Usai Santap MBG, Guru Temukan Ulat dalam Susu – DOORSTOP ID",2026Q3
e5eb444e0548,"samples taken, no result stated",True,True,False,False,False,False,False,False,False,False,False,False,False,False,False,True,True,False,False,False,False,False,False,False,False,False,False,False,False,False,True,True,False,False,False,False,False,False,False,True,False,False,False,False,True,False,False,False,False,False,True,liputan7.id,2026-09-18,primary,1,https://www.liputan7.id/berita/2123036685/dugaan-keracunan-susu-program-mbg-di-sdn-maitan-01-pati-dinkes-lakukan-investigasi,"Dugaan Keracunan Susu Program MBG di SDN Maitan 01 Pati, Dinkes Lakukan Investigasi - Liputan7.id",2026Q3
f2a7ad28413a,"samples taken, no result stated",True,True,False,False,False,False,False,False,False,True,False,False,False,False,False,False,False,False,False,False,False,False,False,False,False,False,False,False,False,True,True,False,False,False,False,False,False,False,False,False,True,False,False,True,False,False,False,False,False,False,False,postkotantb.com,2026-09-18,mixed,1,https://www.postkotantb.com/2025/11/71-santri-dan-siswa-di-brang-rea-ksb.html,"71 Santri dan Siswa di Brang Rea KSB Diduga Keracunan MBG, Dapur UD Nabila Erni Dihentikan Sementara",2026Q3
529fe8a8827c,"samples taken, no result stated",True,True,False,True,False,False,False,True,False,True,True,False,False,False,False,False,False,False,False,True,False,False,False,False,False,False,False,True,False,True,True,False,False,True,False,False,False,True,False,False,False,False,False,False,False,True,False,False,False,False,False,insidepontianak.com,2026-09-19,primary,1,https://insidepontianak.com/article/42255/lagi-siswa-sd-di-kubu-raya-diduga-keracunan-mbg-ayam-goreng-disebut-berbau-dan-keras,"Lagi, Siswa SD di Kubu Raya Diduga Keracunan MBG: Ayam Goreng Disebut Berbau dan Keras",2026Q3
e7701cc2a200,no cause information,True,True,False,False,False,False,False,False,False,False,False,False,False,False,False,False,False,False,False,False,False,False,False,False,False,False,False,False,False,False,False,False,True,False,False,False,False,False,False,False,False,False,False,False,False,False,False,False,False,False,False,jatim.antaranews.com,2026-09-19,senior_secondary,1,https://jatim.antaranews.com/berita/1025378/ratusan-siswa-smkn-3-boyolangu-alami-diare-diduga-keracunan-mbg,Ratusan siswa SMKN 3 Boyolangu alami diare diduga keracunan MBG - ANTARA News Jawa Timur,2026Q3
