doc_id,url,original_url,date_start,publish_date,lag_days,title_text,date_is_crawl_day
bb75514590fa,https://web.archive.org/web/20250312155351/https://regional.kompas.com/read/2025/01/17/133943478/puluhan-anak-sd-di-nunukan-keracunan-mbg-begini-penjelasan-penyedia-menu,https://regional.kompas.com/read/2025/01/17/133943478/puluhan-anak-sd-di-nunukan-keracunan-mbg-begini-penjelasan-penyedia-menu,2025-01-13,2025-01-17,4,"Puluhan Anak SD di Nunukan Keracunan MBG, Begini Penjelasan Penyedia Menu dan Perwakilan BGN",False
7a1459e7613e,https://web.archive.org/web/20250505070755/https://regional.kompas.com/read/2025/01/19/094801178/siswa-sma-di-nunukan-juga-keracunan-mbg-lauk-tongkol-berulat,https://regional.kompas.com/read/2025/01/19/094801178/siswa-sma-di-nunukan-juga-keracunan-mbg-lauk-tongkol-berulat,2025-01-13,2025-01-19,6,"Siswa SMA di Nunukan Juga Keracunan MBG, Lauk Tongkol Berulat",False
60e2e6ff1f8f,https://sumba.inews.id/read/558543/puluhan-siswa-sdk-andaluri-diduga-keracunan-usai-santap-menu-makan-bergizi-gratis,https://sumba.inews.id/read/558543/puluhan-siswa-sdk-andaluri-diduga-keracunan-usai-santap-menu-makan-bergizi-gratis,2025-02-18,2025-02-18,0,Puluhan Siswa SDK Andaluri Diduga Keracunan Usai Santap Menu Makan Bergizi Gratis,False
740b58b4eb68,https://web.archive.org/web/20250222022850/https://regional.kompas.com/read/2025/02/21/175529378/28-siswa-sd-di-pandeglang-alami-gejala-keracunan-usai-santap-mbg,https://regional.kompas.com/read/2025/02/21/175529378/28-siswa-sd-di-pandeglang-alami-gejala-keracunan-usai-santap-mbg,2025-01-19,2025-02-21,33,28 Siswa SD di Pandeglang Alami Gejala Keracunan Usai Santap MBG,False
28a0f17e6b68,https://merdekami.com/2025/04/gejala-diduga-keracunan-muncul-di-sdn-33-kasipute-program-makanan-gratis-disorot/,https://merdekami.com/2025/04/gejala-diduga-keracunan-muncul-di-sdn-33-kasipute-program-makanan-gratis-disorot/,2025-04-23,2025-04-23,0,"Gejala Diduga Keracunan Muncul di SDN 33 Kasipute, Program Makanan Gratis Disorot - Merdekami",False
a50719c41d30,https://nasional.kompas.com/read/2025/04/24/18431321/rentetan-keracunan-massal-mbg-lebih-dari-200-siswa-jadi-korban,https://nasional.kompas.com/read/2025/04/24/18431321/rentetan-keracunan-massal-mbg-lebih-dari-200-siswa-jadi-korban,2025-04-14,2025-04-24,10,"Rentetan Keracunan Massal MBG, Lebih dari 200 Siswa Jadi Korban",False
41837c358474,https://www.ntthits.com/politik/57715026614/rentetan-kasus-keracunan-mbg-di-berbagai-daerah-program-bergizi-yang-kini-dikhawatirkan,https://www.ntthits.com/politik/57715026614/rentetan-kasus-keracunan-mbg-di-berbagai-daerah-program-bergizi-yang-kini-dikhawatirkan,2024-10-02,2025-04-25,205,Rentetan Kasus Keracunan MBG di Berbagai Daerah: Program Bergizi yang Kini Dikhawatirkan - NTT Hits,False
86c6227bc664,https://www.cnnindonesia.com/nasional/20250429174012-20-1223999/kepala-sekolah-dan-dua-siswa-di-karanganyar-diduga-keracunan-mbg,https://www.cnnindonesia.com/nasional/20250429174012-20-1223999/kepala-sekolah-dan-dua-siswa-di-karanganyar-diduga-keracunan-mbg,2025-04-24,2025-04-29,5,Kepala Sekolah dan Dua Siswa di Karanganyar Diduga Keracunan MBG,False
edf3d29c2e88,https://www.viva.co.id/berita/nasional/1821155-ratusan-siswa-keracunan-program-mbg-di-pali-sumatera-selatan-disetop-sementara?page=1,https://www.viva.co.id/berita/nasional/1821155-ratusan-siswa-keracunan-program-mbg-di-pali-sumatera-selatan-disetop-sementara?page=1,2025-05-05,2025-05-07,2,"Ratusan Siswa Keracunan, Program MBG di PALI Sumatera Selatan Disetop Sementara",False
8285d0076d4e,https://www.detik.com/bali/nusra/d-7907093/5-siswa-lombok-tengah-keracunan-menu-mbg-ada-bakteri-e-coli-di-telur,https://www.detik.com/bali/nusra/d-7907093/5-siswa-lombok-tengah-keracunan-menu-mbg-ada-bakteri-e-coli-di-telur,2025-04-23,2025-05-09,16,"5 Siswa Lombok Tengah Keracunan Menu MBG, Ada Bakteri E-Coli di Telur",False
e90765994401,https://surabaya.kompas.com/read/2026/05/24/101632678/diduga-abaikan-edaran-bgn-dan-buat-25-anak-di-jember-keracunan-sppg?page=all,https://surabaya.kompas.com/read/2026/05/24/101632678/diduga-abaikan-edaran-bgn-dan-buat-25-anak-di-jember-keracunan-sppg?page=all,2026-05-20,2025-05-24,-361,"Diduga Abaikan Edaran BGN dan Buat 25 Anak di Jember Keracunan, SPPG Kaliwates 3 Terancam Ditutup",False
5c72bbbc5a08,https://joglosemarnews.com/2025/06/diare-massal-di-tk-aba-kasatriyan-kulonprogo-bakmi-mbg-diduga-jadi-pemicu/,https://joglosemarnews.com/2025/06/diare-massal-di-tk-aba-kasatriyan-kulonprogo-bakmi-mbg-diduga-jadi-pemicu/,2025-06-17,2025-06-21,4,"Diare Massal di TK ABA Kasatriyan Kulonprogo, Bakmi MBG Diduga Jadi Pemicu » JOGLOSEMAR NEWS",False
76ffce7b239b,https://www.kompas.id/artikel/mereka-lemas-keracunan-mbg-di-samping-balai-kota-kupang,https://www.kompas.id/artikel/mereka-lemas-keracunan-mbg-di-samping-balai-kota-kupang,2025-07-22,2025-07-22,0,Mereka Lemas Keracunan Paket MBG di Samping Balai Kota Kupang,False
a191b3a05e29,https://www.kadera.id/2025/07/27/diduga-keracunan-mbg-sampel-darah-17-siswa-smkn-5-ternate-diperiksa/,https://www.kadera.id/2025/07/27/diduga-keracunan-mbg-sampel-darah-17-siswa-smkn-5-ternate-diperiksa/,2025-07-22,2025-07-27,5,"Diduga Keracunan MBG, Sampel Darah 17 Siswa SMKN 5 Ternate Diperiksa",False
0c55465a87bf,https://kuninganmass.com/setelah-makan-siang-gratis-puluhan-siswa-smpn-1-cilimus-sakit-perut/,https://kuninganmass.com/setelah-makan-siang-gratis-puluhan-siswa-smpn-1-cilimus-sakit-perut/,2025-07-31,2025-07-31,0,"Setelah Makan Siang Gratis, Puluhan Siswa SMPN 1 Cilimus Sakit Perut - Kuningan Mass",False
a65d6e05f203,https://koran-jakarta.com/2025-07-31/ombudsman-selidiki-dapur-mbg-usai-insiden-keracunan-makanan-di-manokwari,https://koran-jakarta.com/2025-07-31/ombudsman-selidiki-dapur-mbg-usai-insiden-keracunan-makanan-di-manokwari,2025-07-30,2025-07-31,1,Ombudsman Selidiki Dapur MBG Usai Insiden Keracunan Makanan di Manokwari,False
d74247c673b8,https://www.detik.com/jabar/berita/d-8049711/32-pelajar-sukabumi-keracunan-sampel-makanan-dikirim-ke-lab,https://www.detik.com/jabar/berita/d-8049711/32-pelajar-sukabumi-keracunan-sampel-makanan-dikirim-ke-lab,2025-08-06,2025-08-07,1,"32 Pelajar Sukabumi Keracunan, Sampel Makanan Dikirim ke Lab",False
44f10f3e9ed5,https://www.liputan6.com/regional/read/6130634/18-siswa-di-lampung-mual-hingga-lemas-usai-santap-lele-disdikbud-perketat-pengawasan-mbg,https://www.liputan6.com/regional/read/6130634/18-siswa-di-lampung-mual-hingga-lemas-usai-santap-lele-disdikbud-perketat-pengawasan-mbg,2025-08-06,2025-08-12,6,"18 Siswa di Lampung Mual hingga Lemas Usai Santap Lele, Disdikbud Perketat Pengawasan MBG",False
131c33e1bf39,https://yogyakarta.kompas.com/read/2025/08/20/164930478/497-siswa-kulon-progo-keracunan-3-jenis-bakteri-berbahaya-ditemukan-di,https://yogyakarta.kompas.com/read/2025/08/20/164930478/497-siswa-kulon-progo-keracunan-3-jenis-bakteri-berbahaya-ditemukan-di,2025-07-31,2025-08-20,20,"497 Siswa Kulon Progo Keracunan, 3 Jenis Bakteri Berbahaya Ditemukan di Menu MBG",False
aa6f25918e22,https://radarlombok.co.id/siswa-smk-diduga-keracunan-usai-santap-mbg.html,https://radarlombok.co.id/siswa-smk-diduga-keracunan-usai-santap-mbg.html,2025-08-19,2025-08-21,2,Siswa SMK Diduga Keracunan Usai Santap MBG,False
b85502fbb0ac,https://www.detik.com/jabar/berita/d-8072825/12-santriwati-di-cianjur-dibawa-ke-rs-diduga-keracunan-makanan-mbg,https://www.detik.com/jabar/berita/d-8072825/12-santriwati-di-cianjur-dibawa-ke-rs-diduga-keracunan-makanan-mbg,2025-08-20,2025-08-21,1,"12 Santriwati di Cianjur Dibawa ke RS, Diduga Keracunan Makanan MBG",False
35759a5ff594,https://www.detik.com/jabar/berita/d-8074457/kronologi-24-siswa-sd-parakansalak-keracunan-usai-santap-mbg,https://www.detik.com/jabar/berita/d-8074457/kronologi-24-siswa-sd-parakansalak-keracunan-usai-santap-mbg,2025-08-22,2025-08-22,0,Kronologi 24 Siswa SD Parakansalak Keracunan Usai Santap MBG,False
e64e57e5584b,https://jabarekspres.com/berita/2025/08/22/12-siswa-sdn-legokhayam-cimenyan-alami-keracunan-diduga-dari-makanan-program-mbg/,https://jabarekspres.com/berita/2025/08/22/12-siswa-sdn-legokhayam-cimenyan-alami-keracunan-diduga-dari-makanan-program-mbg/,2025-08-21,2025-08-22,1,"12 Siswa SDN Legokhayam Cimenyan Alami Keracunan, Diduga dari Makanan Program MBG!",False
c3cd0eed3e8b,https://www.detik.com/jogja/berita/d-8081852/135-siswa-2-guru-smpn-3-berbah-sleman-diduga-keracunan-mbg,https://www.detik.com/jogja/berita/d-8081852/135-siswa-2-guru-smpn-3-berbah-sleman-diduga-keracunan-mbg,2025-08-27,2025-08-27,0,135 Siswa-2 Guru SMPN 3 Berbah Sleman Diduga Keracunan MBG,False
b376cecd8a9d,https://lampung.inews.id/berita/40-siswa-smp-di-lampung-timur-diduga-keracunan-mbg-31-dirawat-inap,https://lampung.inews.id/berita/40-siswa-smp-di-lampung-timur-diduga-keracunan-mbg-31-dirawat-inap,2025-08-26,2025-08-28,2,"40 Siswa SMP di Lampung Timur Diduga Keracunan MBG, 31 Dirawat Inap",False
f7590539b83a,https://lampost.co/lampung/16-pelajar-lampung-utara-keracunan-makan-bergizi-gratis/,https://lampost.co/lampung/16-pelajar-lampung-utara-keracunan-makan-bergizi-gratis/,2025-08-29,2025-08-30,1,16 Pelajar Lampung Utara Keracunan Makan Bergizi Gratis,False
b07d66336b34,https://indonesiainvestigasi.com/orang-tua-murid-meminta-polda-lampung-periksa-dan-proses-yayasan-penyedia-mbg-yang-menyebabkan-puluhan-murid-mengalami-keracunan-massal/31/,https://indonesiainvestigasi.com/orang-tua-murid-meminta-polda-lampung-periksa-dan-proses-yayasan-penyedia-mbg-yang-menyebabkan-puluhan-murid-mengalami-keracunan-massal/31/,2025-08-29,2025-08-31,2,"Orang Tua Murid, Meminta Polda Lampung Periksa dan Proses Yayasan Penyedia MBG, Yang Menyebabkan Puluhan Murid Mengalami Keracunan Massal - Indonesia Investigasi",False
13d5be3544ea,https://www.iniriau.com/detail/48677/orang-tua-siswa-resah-usai-insiden-keracunan-mbg-di-bangkinang,https://www.iniriau.com/detail/48677/orang-tua-siswa-resah-usai-insiden-keracunan-mbg-di-bangkinang,2025-08-28,2025-09-02,5,Orang Tua Siswa Resah Usai Insiden Keracunan MBG di Bangkinang,False
c15831d0fe51,https://www.detik.com/bali/nusra/d-8095139/17-siswa-di-lombok-barat-diduga-keracunan-mbg-sempat-dibawa-ke-puskesmas,https://www.detik.com/bali/nusra/d-8095139/17-siswa-di-lombok-barat-diduga-keracunan-mbg-sempat-dibawa-ke-puskesmas,2025-09-03,2025-09-03,0,"17 Siswa di Lombok Barat Diduga Keracunan MBG, Sempat Dibawa ke Puskesmas",False
056f1cfe4980,https://www.inews.id/news/nasional/27-siswa-smp-di-serang-banten-diduga-keracunan-mbg-gejala-mual-hingga-diare,https://www.inews.id/news/nasional/27-siswa-smp-di-serang-banten-diduga-keracunan-mbg-gejala-mual-hingga-diare,2025-09-02,2025-09-04,2,"27 Siswa SMP di Serang Banten Diduga Keracunan MBG, Gejala Mual hingga Diare",False
2d22664ab4dc,https://memorandum.disway.id/read/138688/232-siswa-sman-1-panji-diduga-mengalami-keracunan-mbg,https://memorandum.disway.id/read/138688/232-siswa-sman-1-panji-diduga-mengalami-keracunan-mbg,2025-09-04,2025-09-04,0,232 Siswa SMAN 1 Panji Diduga Mengalami Keracunan MBG,False
a5d88cbfd9b7,https://www.detik.com/jogja/berita/d-8096710/5-anak-mual-muntah-usai-santap-mbg-di-gunungkidul-dinkes-diduga-keracunan-makanan,https://www.detik.com/jogja/berita/d-8096710/5-anak-mual-muntah-usai-santap-mbg-di-gunungkidul-dinkes-diduga-keracunan-makanan,2025-09-03,2025-09-04,1,"5 Anak Mual-Muntah Usai Santap MBG di Gunungkidul, Dinkes: Diduga Keracunan Makanan",False
dde41cb3f32a,https://www.detik.com/sumbagsel/berita/d-8095058/program-mbg-di-oki-dihentikan-sementara-usai-80-siswa-sd-smp-keracunan,https://www.detik.com/sumbagsel/berita/d-8095058/program-mbg-di-oki-dihentikan-sementara-usai-80-siswa-sd-smp-keracunan,2025-09-02,2025-09-04,2,Program MBG di OKI Dihentikan Sementara Usai 80 Siswa SD-SMP Keracunan,False
405aa07fea66,https://www.kompas.com/sumatera-selatan/read/2025/09/05/153000688/9-siswa-sd-di-muba-diduga-keracunan-makanan-program-makan,https://www.kompas.com/sumatera-selatan/read/2025/09/05/153000688/9-siswa-sd-di-muba-diduga-keracunan-makanan-program-makan,2025-09-03,2025-09-05,2,9 Siswa SD di Muba Diduga Keracunan Makanan Program Makan Bergizi Gratis,False
6f5d6ac21ba1,https://regional.kompas.com/read/2025/09/05/140802578/ketua-gugus-di-ntb-sebut-2-sekolah-keracunan-mbg-kita-tidak-mau-anak-anak,https://regional.kompas.com/read/2025/09/05/140802578/ketua-gugus-di-ntb-sebut-2-sekolah-keracunan-mbg-kita-tidak-mau-anak-anak,2025-09-03,2025-09-05,2,Ketua Gugus di NTB Sebut 2 Sekolah Keracunan MBG: Kita Tidak Mau Anak-anak Dikasih Makanan Basi Terus,False
1ab4d9f0cef0,https://www.detik.com/jabar/hukum-dan-kriminal/d-8107679/36-siswa-sd-smp-di-cianjur-keracunan-usai-santap-mbg,https://www.detik.com/jabar/hukum-dan-kriminal/d-8107679/36-siswa-sd-smp-di-cianjur-keracunan-usai-santap-mbg,2025-09-11,2025-09-11,0,36 Siswa SD-SMP di Cianjur Keracunan Usai Santap MBG,False
25ec472ce230,https://joglosemarnews.com/2025/09/geger-di-wonogiri-110-pelajar-diduga-keracunan-usai-santap-menu-makan-bergizi-gratis-mbg/,https://joglosemarnews.com/2025/09/geger-di-wonogiri-110-pelajar-diduga-keracunan-usai-santap-menu-makan-bergizi-gratis-mbg/,2025-09-12,2025-09-12,0,Geger di Wonogiri! 110 Pelajar Diduga Keracunan Usai Santap Menu Makan Bergizi Gratis (MBG) » JOGLOSEMAR NEWS,False
701b8b51a7bf,https://www.halosultra.com/sultra-raya/buton/50849/puluhan-siswa-sd-di-buton-keracunan-makanan-mbg-wabup-minta-evaluasi-program/,https://www.halosultra.com/sultra-raya/buton/50849/puluhan-siswa-sd-di-buton-keracunan-makanan-mbg-wabup-minta-evaluasi-program/,2025-09-11,2025-09-12,1,"Puluhan Siswa SD di Buton Keracunan Makanan MBG, Wabup Minta Evaluasi Program",False
82e1785389de,https://rri.co.id/daerah/1827811/pilihan-siswa-di-maluku-barat-daya-keracunan-mbg,https://rri.co.id/daerah/1827811/pilihan-siswa-di-maluku-barat-daya-keracunan-mbg,2025-09-11,2025-09-12,1,Puluhan Siswa di Maluku Barat Daya Keracunan MBG - RRI.co.id,False
21b9daf46d5c,https://www.koran-gala.id/news/58715927443/sebanyak-69-siswa-smkn-1-cibadak-sukabumi-diduga-keracunan-menu-mbg,https://www.koran-gala.id/news/58715927443/sebanyak-69-siswa-smkn-1-cibadak-sukabumi-diduga-keracunan-menu-mbg,2025-09-11,2025-09-16,5,Sebanyak 69 Siswa SMKN 1 Cibadak Sukabumi Diduga Keracunan Menu MBG - Koran Gala,False
87ade11c8fe6,https://www.detik.com/jogja/berita/d-8115413/19-siswa-di-semin-gunungkidul-diduga-keracunan-mbg,https://www.detik.com/jogja/berita/d-8115413/19-siswa-di-semin-gunungkidul-diduga-keracunan-mbg,2025-09-15,2025-09-16,1,19 Siswa di Semin Gunungkidul Diduga Keracunan MBG,False
f524069084e1,https://www.sulawesitoday.com/berita/1221584838/18-siswa-sdk-toboli-barat-diduga-keracunan-makanan-bergizi-gratis-disdikbud-parigi-moutong-belum-terima-laporan-resmi,https://www.sulawesitoday.com/berita/1221584838/18-siswa-sdk-toboli-barat-diduga-keracunan-makanan-bergizi-gratis-disdikbud-parigi-moutong-belum-terima-laporan-resmi,2025-09-16,2025-09-16,0,"18 Siswa SDK Toboli Barat Diduga Keracunan Makanan Bergizi Gratis, Disdikbud Parigi Moutong Belum Terima Laporan Resmi - Sulawesi Today",False
1400584a98d8,https://www.kompas.tv/regional/617981/37-siswa-di-baubau-diduga-keracunan-massal-usai-santap-makan-bergizi-gratis-sapa-pagi,https://www.kompas.tv/regional/617981/37-siswa-di-baubau-diduga-keracunan-massal-usai-santap-makan-bergizi-gratis-sapa-pagi,2025-09-16,2025-09-17,1,37 Siswa di Baubau Diduga Keracunan Massal Usai Santap Makan Bergizi Gratis | SAPA PAGI,False
6b7281443502,https://pamekasanchannel.com/news/daerah/menu-mbg-di-pegantenan-pamekasan-penyebab-keracunan-polisi-8-siswa-alami-muntah-muntah/,https://pamekasanchannel.com/news/daerah/menu-mbg-di-pegantenan-pamekasan-penyebab-keracunan-polisi-8-siswa-alami-muntah-muntah/,2025-09-17,2025-09-18,1,"Menu MBG di Pegantenan Pamekasan Penyebab Keracunan, Polisi : 8 Siswa Alami Muntah-muntah",False
2bd293f9d80e,https://bandung.kompas.com/read/2025/09/19/202607678/update-korban-keracunan-mbg-di-tasikmalaya-total-52-siswa-sudah-pulang-ke,https://bandung.kompas.com/read/2025/09/19/202607678/update-korban-keracunan-mbg-di-tasikmalaya-total-52-siswa-sudah-pulang-ke,2025-09-18,2025-09-19,1,"Update Korban Keracunan MBG di Tasikmalaya: Total 52 Siswa, Sudah Pulang ke Rumah",False
13b2b6ceea41,https://koran.pikiran-rakyat.com/news/pr-3039659563/korban-keracunan-mbg-di-garut-capai-657-siswa-bupati-janji-evaluasi-menyeluruh,https://koran.pikiran-rakyat.com/news/pr-3039659563/korban-keracunan-mbg-di-garut-capai-657-siswa-bupati-janji-evaluasi-menyeluruh,2025-09-17,2025-09-20,3,"Korban Keracunan MBG di Garut Capai 657 Siswa, Bupati Janji Evaluasi Menyeluruh - Pikiran Rakyat Koran",False
7e6bd3bbe0d8,https://mediakaltimtara.com/diduga-keracunan-makanan-mbg-2-pelajar-sman-1-tanjung-selor-dilarikan-ke-rumah-sakit/,https://mediakaltimtara.com/diduga-keracunan-makanan-mbg-2-pelajar-sman-1-tanjung-selor-dilarikan-ke-rumah-sakit/,2025-09-22,2025-09-23,1,"Diduga Keracunan Makanan MBG, 2 Pelajar SMAN 1 Tanjung Selor Dilarikan ke Rumah Sakit - MEDIA KALTIMTARA",False
8c2717451407,https://news.republika.co.id/berita/t31pal484/tujuh-siswa-sman-15-jakarta-alami-gejala-keracunan-usai-santap-mbg,https://news.republika.co.id/berita/t31pal484/tujuh-siswa-sman-15-jakarta-alami-gejala-keracunan-usai-santap-mbg,2025-09-23,2025-09-23,0,Tujuh Siswa SMAN 15 Jakarta Alami Gejala Keracunan Usai Santap MBG |Republika Online,False
40db7c3551f9,https://surabaya.kompas.com/read/2025/09/24/201250978/7-siswa-sd-diduga-keracunan-mbg-di-bojonegoro-4-di-antaranya-dirujuk-ke-igd,https://surabaya.kompas.com/read/2025/09/24/201250978/7-siswa-sd-diduga-keracunan-mbg-di-bojonegoro-4-di-antaranya-dirujuk-ke-igd,2025-09-24,2025-09-24,0,"7 Siswa SD Diduga Keracunan MBG di Bojonegoro, 4 di Antaranya Dirujuk ke IGD RSUD Sosodoro",False
4605d3cb2a52,https://regional.kompas.com/read/2025/09/24/161744578/diduga-keracunan-mbg-11-siswa-sd-di-kupang-dilarikan-ke-rumah-sakit,https://regional.kompas.com/read/2025/09/24/161744578/diduga-keracunan-mbg-11-siswa-sd-di-kupang-dilarikan-ke-rumah-sakit,2025-09-24,2025-09-24,0,"Diduga Keracunan MBG, 11 Siswa SD di Kupang Dilarikan ke Rumah Sakit",False
56f311c67402,https://www.kompas.com/jawa-timur/read/2025/09/24/203000788/6-siswa-smk-di-tuban-diduga-keracunan-mbg-satu-murid-sempat-muntah,https://www.kompas.com/jawa-timur/read/2025/09/24/203000788/6-siswa-smk-di-tuban-diduga-keracunan-mbg-satu-murid-sempat-muntah,2025-09-24,2025-09-24,0,"6 Siswa SMK di Tuban Diduga Keracunan MBG, Satu Murid Sempat Muntah Darah",False
6700e733368f,https://regional.kompas.com/read/2025/09/24/164242578/173-siswa-smp-di-rembang-diduga-keracunan-mbg-13-orang-harus-rawat-inap,https://regional.kompas.com/read/2025/09/24/164242578/173-siswa-smp-di-rembang-diduga-keracunan-mbg-13-orang-harus-rawat-inap,2025-09-24,2025-09-24,0,"173 Siswa SMP di Rembang Diduga Keracunan MBG, 13 Orang Harus Rawat Inap",False
8f37c859b902,https://sumsel.idntimes.com/news/sumatera-selatan/belasan-siswa-smp-di-oku-dilarikan-ke-puskesmas-diduga-keracunan-mbg-c1c2-01-fzf3x-vxzcjc,https://sumsel.idntimes.com/news/sumatera-selatan/belasan-siswa-smp-di-oku-dilarikan-ke-puskesmas-diduga-keracunan-mbg-c1c2-01-fzf3x-vxzcjc,2025-09-23,2025-09-24,1,"Belasan Siswa SMP di OKU Dilarikan ke Puskesmas, Diduga Keracunan MBG",False
df9f81cec4eb,https://regional.kompas.com/read/2025/09/24/213525178/korban-keracunan-mbg-di-ketapang-bertambah-jadi-25-orang-dapur-ditutup,https://regional.kompas.com/read/2025/09/24/213525178/korban-keracunan-mbg-di-ketapang-bertambah-jadi-25-orang-dapur-ditutup,2025-09-23,2025-09-24,1,"Korban Keracunan MBG di Ketapang Bertambah Jadi 25 Orang, Dapur Ditutup Sementara",False
023d4af2d7d3,https://regional.kompas.com/read/2025/09/25/133740178/imbas-25-siswa-keracunan-dapur-mbg-di-mamuju-ditutup-sementara,https://regional.kompas.com/read/2025/09/25/133740178/imbas-25-siswa-keracunan-dapur-mbg-di-mamuju-ditutup-sementara,2025-09-24,2025-09-25,1,"Imbas 25 Siswa Keracunan, Dapur MBG di Mamuju Ditutup Sementara",False
4076090e7dcc,https://www.detik.com/jabar/berita/d-8130733/11-siswa-sd-di-subang-alami-mual-muntah-usai-santap-mbg,https://www.detik.com/jabar/berita/d-8130733/11-siswa-sd-di-subang-alami-mual-muntah-usai-santap-mbg,2025-09-25,2025-09-25,0,11 Siswa SD di Subang Alami Mual Muntah Usai Santap MBG,False
41ea92dc60f1,https://bandung.kompas.com/read/2025/09/25/160208478/puluhan-siswa-sd-di-cianjur-alami-gejala-keracunan-usai-santap-mbg,https://bandung.kompas.com/read/2025/09/25/160208478/puluhan-siswa-sd-di-cianjur-alami-gejala-keracunan-usai-santap-mbg,2025-09-25,2025-09-25,0,Puluhan Siswa SD di Cianjur Alami Gejala Keracunan Usai Santap MBG,False
89fa4e5f8199,https://bandung.kompas.com/read/2025/09/25/111248678/32-pelajar-di-pelabuhanratu-sukabumi-diduga-keracunan-mbg,https://bandung.kompas.com/read/2025/09/25/111248678/32-pelajar-di-pelabuhanratu-sukabumi-diduga-keracunan-mbg,2025-09-24,2025-09-25,1,32 Pelajar di Pelabuhanratu Sukabumi Diduga Keracunan MBG,False
a2283052c9bf,https://www.kompas.id/artikel/keracunan-mbg-di-sulawesi-tengah-27-siswa-di-parigi-moutong-dirawat-di-rs,https://www.kompas.id/artikel/keracunan-mbg-di-sulawesi-tengah-27-siswa-di-parigi-moutong-dirawat-di-rs,2025-09-25,2025-09-25,0,"Keracunan MBG di Sulawesi Tengah, 27 Siswa di Parigi Moutong Dirawat di RS",False
a36803a852a1,https://www.kompas.com/sumatera-selatan/read/2025/09/25/204500088/14-siswa-smp-negeri-2-karimun-diduga-keracunan-mbg-polisi-ambil,https://www.kompas.com/sumatera-selatan/read/2025/09/25/204500088/14-siswa-smp-negeri-2-karimun-diduga-keracunan-mbg-polisi-ambil,2025-09-25,2025-09-25,0,"14 Siswa SMP Negeri 2 Karimun Diduga Keracunan MBG, Polisi Ambil Sampel Menu",False
aab43222ca34,https://bandung.kompas.com/read/2025/09/25/165121378/update-korban-keracunan-mbg-di-bandung-barat-tembus-1333-orang,https://bandung.kompas.com/read/2025/09/25/165121378/update-korban-keracunan-mbg-di-bandung-barat-tembus-1333-orang,2025-09-22,2025-09-25,3,Update Korban Keracunan MBG di Bandung Barat Tembus 1.333 Orang,False
c05864a816aa,https://www.detik.com/bali/nusra/d-8129652/26-santri-ponpes-di-lombok-barat-keracunan-setelah-30-menit-santap-mbg,https://www.detik.com/bali/nusra/d-8129652/26-santri-ponpes-di-lombok-barat-keracunan-setelah-30-menit-santap-mbg,2025-09-24,2025-09-25,1,26 Santri Ponpes di Lombok Barat Keracunan Setelah 30 Menit Santap MBG,False
d23d8c564aa9,https://regional.kompas.com/read/2025/09/25/162236478/diduga-usai-santap-mbg-15-murid-sd-di-palembang-mual-dan-muntah,https://regional.kompas.com/read/2025/09/25/162236478/diduga-usai-santap-mbg-15-murid-sd-di-palembang-mual-dan-muntah,2025-09-25,2025-09-25,0,"Diduga Usai Santap MBG, 15 Murid SD di Palembang Mual dan Muntah",False
d9e44d6f3a8b,https://www.detik.com/kalimantan/berita/d-8130024/siswa-di-sanggau-keracunan-satgas-mbg-turunkan-tim-investigasi,https://www.detik.com/kalimantan/berita/d-8130024/siswa-di-sanggau-keracunan-satgas-mbg-turunkan-tim-investigasi,2025-09-25,2025-09-25,0,"Siswa di Sanggau Keracunan, Satgas MBG Turunkan Tim Investigasi",False
ed9c3e009e61,https://megapolitan.kompas.com/read/2025/09/25/13450971/kronologi-6-siswa-sdn-07-pulogebang-alami-mual-dan-muntah-usai-santap-mbg,https://megapolitan.kompas.com/read/2025/09/25/13450971/kronologi-6-siswa-sdn-07-pulogebang-alami-mual-dan-muntah-usai-santap-mbg,2025-09-25,2025-09-25,0,Kronologi 6 Siswa SDN 07 Pulogebang Alami Mual dan Muntah Usai Santap MBG,False
18b06c155343,https://www.detik.com/jabar/berita/d-8131647/korban-keracunan-mbg-di-sumedang-capai-164-siswa,https://www.detik.com/jabar/berita/d-8131647/korban-keracunan-mbg-di-sumedang-capai-164-siswa,2025-09-25,2025-09-26,1,Korban Keracunan MBG di Sumedang Capai 164 Siswa,False
676d0ea65463,https://news.detik.com/berita/d-8131586/4-siswa-smp-di-jonggol-bogor-diduga-keracunan-menu-makan-bergizi-gratis,https://news.detik.com/berita/d-8131586/4-siswa-smp-di-jonggol-bogor-diduga-keracunan-menu-makan-bergizi-gratis,2025-09-26,2025-09-26,0,4 Siswa SMP di Jonggol Bogor Diduga Keracunan Menu Makan Bergizi Gratis,False
72992a7c8cf7,https://radarlampung.disway.id/read/716610/sikapi-kasus-keracunan-siswa-mbg-wagub-jihan-kuota-dapur-terlalu-besar-perlu-dievaluasi,https://radarlampung.disway.id/read/716610/sikapi-kasus-keracunan-siswa-mbg-wagub-jihan-kuota-dapur-terlalu-besar-perlu-dievaluasi,2025-09-04,2025-09-26,22,"Sikapi Kasus Keracunan Siswa MBG, Wagub Jihan: Kuota Dapur Terlalu Besar, Perlu Dievaluasi",False
7f284b71b393,https://regional.kompas.com/read/2025/09/26/183320878/ayam-mbg-bau-dan-rasanya-kecut-belasan-siswa-di-konawe-dilarikan-ke-rs,https://regional.kompas.com/read/2025/09/26/183320878/ayam-mbg-bau-dan-rasanya-kecut-belasan-siswa-di-konawe-dilarikan-ke-rs,2025-09-26,2025-09-26,0,"Ayam MBG Bau dan Rasanya Kecut, Belasan Siswa di Konawe Dilarikan ke RS",False
c6d4c226f03d,https://kaltim.idntimes.com/news/kalimantan-timur/dugaan-keracunan-mbg-di-balikpapan-sampel-dikirim-ke-bpom-samarinda-00-htmy4-92b081,https://kaltim.idntimes.com/news/kalimantan-timur/dugaan-keracunan-mbg-di-balikpapan-sampel-dikirim-ke-bpom-samarinda-00-htmy4-92b081,2025-09-25,2025-09-26,1,"Dugaan Keracunan MBG di Balikpapan, Sampel Dikirim ke BPOM Samarinda",False
4a5617f5743b,https://www.detik.com/jateng/berita/d-8133239/26-siswa-di-kebumen-diduga-keracunan-mbg-dipulangkan-dari-rs,https://www.detik.com/jateng/berita/d-8133239/26-siswa-di-kebumen-diduga-keracunan-mbg-dipulangkan-dari-rs,2025-09-25,2025-09-27,2,26 Siswa di Kebumen Diduga Keracunan MBG Dipulangkan dari RS,False
d831eb75c251,https://www.tempo.co/politik/keracunan-makan-bergizi-gratis-2073995,https://www.tempo.co/politik/keracunan-makan-bergizi-gratis-2073995,2025-09-08,2025-09-27,19,Pangkal Soal Keracunan Massal Makan Bergizi Gratis,False
a45c6c3db10e,https://regional.kompas.com/read/2025/09/28/101559678/diduga-keracunan-16-siswa-sd-di-jember-mual-dan-sakit-perut-usai-santap-mbg,https://regional.kompas.com/read/2025/09/28/101559678/diduga-keracunan-16-siswa-sd-di-jember-mual-dan-sakit-perut-usai-santap-mbg,2025-09-26,2025-09-28,2,"Diduga Keracunan, 16 Siswa SD di Jember Mual dan Sakit Perut Usai Santap MBG",False
2952931eb9cc,https://surabaya.kompas.com/read/2025/09/29/122807778/kepala-smpn-1-batu-ungkap-kronologi-belasan-siswa-sakit-perut-usai-santap,https://surabaya.kompas.com/read/2025/09/29/122807778/kepala-smpn-1-batu-ungkap-kronologi-belasan-siswa-sakit-perut-usai-santap,2025-09-25,2025-09-29,4,Kepala SMPN 1 Batu Ungkap Kronologi Belasan Siswa Sakit Perut Usai Santap Menu MBG,False
2b80613f6882,https://regional.kompas.com/read/2025/09/29/125310878/dugaan-keracunan-mbg-di-banyumas-korban-bertambah-jadi-408-siswa,https://regional.kompas.com/read/2025/09/29/125310878/dugaan-keracunan-mbg-di-banyumas-korban-bertambah-jadi-408-siswa,2025-09-22,2025-09-29,7,"Dugaan Keracunan MBG di Banyumas, Korban Bertambah Jadi 408 Siswa",False
6a7c15a47675,https://lampung.idntimes.com/news/lampung/siswa-sekolah-tubaba-dan-lampura-diduga-keracunan-santap-mbg-00-5h6fh-4dw7l1,https://lampung.idntimes.com/news/lampung/siswa-sekolah-tubaba-dan-lampura-diduga-keracunan-santap-mbg-00-5h6fh-4dw7l1,2025-09-29,2025-09-29,0,Siswa Sekolah Tubaba dan Lampura Diduga Keracunan Santap MBG,False
612309682ee6,https://regional.kompas.com/read/2025/09/30/142743778/20-siswa-sd-di-ungaran-diduga-keracunan-mbg,https://regional.kompas.com/read/2025/09/30/142743778/20-siswa-sd-di-ungaran-diduga-keracunan-mbg,2025-09-30,2025-09-30,0,20 Siswa SD di Ungaran Diduga Keracunan MBG,False
bc38b63875ee,https://www.detik.com/jateng/berita/d-8138233/siswa-sd-diduga-keracunan-mbg-spageti-di-banyumas-jadi-94-begini-kondisinya,https://www.detik.com/jateng/berita/d-8138233/siswa-sd-diduga-keracunan-mbg-spageti-di-banyumas-jadi-94-begini-kondisinya,2025-09-29,2025-09-30,1,"Siswa SD Diduga Keracunan MBG Spageti di Banyumas Jadi 94, Begini Kondisinya",False
be8ea133defb,https://www.detik.com/kalimantan/berita/d-8136915/9-pelajar-smp-di-kayong-utara-diduga-keracunan-mbg-muntahan-diuji-lab,https://www.detik.com/kalimantan/berita/d-8136915/9-pelajar-smp-di-kayong-utara-diduga-keracunan-mbg-muntahan-diuji-lab,2025-09-29,2025-09-30,1,"9 Pelajar SMP di Kayong Utara Diduga Keracunan MBG, Muntahan Diuji Lab",False
ee3b38c1f335,https://www.detik.com/sumbagsel/berita/d-8138143/52-pelajar-sma-di-lampung-utara-keracunan-mbg-usai-santap-ayam-crispy,https://www.detik.com/sumbagsel/berita/d-8138143/52-pelajar-sma-di-lampung-utara-keracunan-mbg-usai-santap-ayam-crispy,2025-09-29,2025-09-30,1,52 pelajar SMA di Lampung Utara Keracunan MBG Usai Santap Ayam Crispy,False
f7a40f926da6,https://www.suaramerdeka.com/jawa-tengah/0416003607/kasus-keracunan-di-jepara-program-makan-bergizi-gratis-tetap-jalan-pengawasan-diperketat,https://www.suaramerdeka.com/jawa-tengah/0416003607/kasus-keracunan-di-jepara-program-makan-bergizi-gratis-tetap-jalan-pengawasan-diperketat,2025-09-23,2025-09-30,7,"Kasus Keracunan di Jepara: Program Makan Bergizi Gratis Tetap Jalan, Pengawasan Diperketat - Suara Merdeka",False
fda341f33ea9,https://news.detik.com/berita/d-8137416/27-siswa-sd-di-palangka-raya-mual-pusing-usai-santap-burger-mbg,https://news.detik.com/berita/d-8137416/27-siswa-sd-di-palangka-raya-mual-pusing-usai-santap-burger-mbg,2025-09-29,2025-09-30,1,27 Siswa SD di Palangka Raya Mual-Pusing Usai Santap Burger MBG,False
113d2044018d,https://www.suara.com/news/2025/10/01/144207/korban-keracunan-mbg-di-sdn-gedong-jadi-22-siswa-komnas-pa-kritik-guru-jadi-pencicip-makanan,https://www.suara.com/news/2025/10/01/144207/korban-keracunan-mbg-di-sdn-gedong-jadi-22-siswa-komnas-pa-kritik-guru-jadi-pencicip-makanan,2025-09-30,2025-10-01,1,"Korban Keracunan MBG di SDN Gedong Jadi 22 Siswa, Komnas PA Kritik Guru Jadi Pencicip Makanan",False
2ef797c38f6d,https://www.tvonenews.com/berita/nasional/376029-338-siswa-keracunan-mbg-di-banggai-kepala-bgn-sebut-karena-ganti-supplier-ikan-cakalang,https://www.tvonenews.com/berita/nasional/376029-338-siswa-keracunan-mbg-di-banggai-kepala-bgn-sebut-karena-ganti-supplier-ikan-cakalang,2025-09-17,2025-10-01,14,"338 Siswa Keracunan MBG di Banggai, Kepala BGN Sebut karena Ganti Supplier Ikan Cakalang",False
bdb59b57adad,https://www.detik.com/jabar/berita/d-8139574/8-siswa-mi-di-pangandaran-diduga-keracunan-usai-santap-mbg,https://www.detik.com/jabar/berita/d-8139574/8-siswa-mi-di-pangandaran-diduga-keracunan-usai-santap-mbg,2025-10-01,2025-10-01,0,8 Siswa MI di Pangandaran Diduga Keracunan Usai Santap MBG,False
cd7fdddd77ec,https://www.detik.com/jabar/bisnis/d-8139357/3-dari-107-siswa-sdn-pasir-angin-02-bogor-muntah-usai-santap-mbg,https://www.detik.com/jabar/bisnis/d-8139357/3-dari-107-siswa-sdn-pasir-angin-02-bogor-muntah-usai-santap-mbg,2025-10-01,2025-10-01,0,3 dari 107 Siswa SDN Pasir Angin 02 Bogor Muntah Usai Santap MBG,False
296c7108e7ad,https://www.detik.com/jatim/berita/d-8141008/belum-selesai-keracunan-smkn-1-sine-5-siswi-mts-di-ngawi-alami-mual-mual,https://www.detik.com/jatim/berita/d-8141008/belum-selesai-keracunan-smkn-1-sine-5-siswi-mts-di-ngawi-alami-mual-mual,2025-10-01,2025-10-02,1,"Belum Selesai Keracunan SMKN 1 Sine, 5 Siswi MTs di Ngawi Alami Mual-mual",False
3cb98fe13609,https://blokbojonegoro.com/2025/10/02/dugaan-keracunan-massal-mbg-di-kedungadem-bojonegoro-seluruh-siswa-telah-dipulangkan/,https://blokbojonegoro.com/2025/10/02/dugaan-keracunan-massal-mbg-di-kedungadem-bojonegoro-seluruh-siswa-telah-dipulangkan/,2025-10-02,2025-10-02,0,"Dugaan Keracunan Massal MBG di Kedungadem Bojonegoro, Seluruh Siswa Telah Dipulangkan",False
7346c99b77ef,https://megapolitan.kompas.com/read/2025/10/02/16383171/6-siswa-sdn-kota-baru-3-bekasi-diduga-keracunan-usai-santap-mbg,https://megapolitan.kompas.com/read/2025/10/02/16383171/6-siswa-sdn-kota-baru-3-bekasi-diduga-keracunan-usai-santap-mbg,2025-10-02,2025-10-02,0,6 Siswa SDN Kota Baru 3 Bekasi Diduga Keracunan Usai Santap MBG,False
7b8e68e12170,https://disway.id/read/901860/79-siswa-smp-di-banjar-diduga-keracunan-mbg-41-masih-dirawat,https://disway.id/read/901860/79-siswa-smp-di-banjar-diduga-keracunan-mbg-41-masih-dirawat,2025-10-01,2025-10-02,1,"79 Siswa SMP di Banjar Diduga Keracunan MBG, 41 Masih Dirawat",False
8912f7f25840,https://regional.kompas.com/read/2025/10/02/142025478/keracunan-mbg-di-nunukan-bertambah-jadi-145-anak-telur-rebus-diduga-jadi,https://regional.kompas.com/read/2025/10/02/142025478/keracunan-mbg-di-nunukan-bertambah-jadi-145-anak-telur-rebus-diduga-jadi,2025-09-30,2025-10-02,2,"Keracunan MBG di Nunukan Bertambah Jadi 145 Anak, Telur Rebus Diduga Jadi Penyebab",False
c17d9961ed19,https://www.detik.com/jatim/berita/d-8141923/7-siswa-sdn-bojonegoro-dilarikan-ke-puskesmas-diduga-keracunan-mbg,https://www.detik.com/jatim/berita/d-8141923/7-siswa-sdn-bojonegoro-dilarikan-ke-puskesmas-diduga-keracunan-mbg,2025-10-02,2025-10-02,0,7 Siswa SDN Bojonegoro Dilarikan ke Puskesmas Diduga Keracunan MBG,False
d4130040fdb2,https://beritajatim.com/ratusan-siswa-sman-1-kedungadem-bojonegoro-diduga-keracunan-usai-santap-mbg,https://beritajatim.com/ratusan-siswa-sman-1-kedungadem-bojonegoro-diduga-keracunan-usai-santap-mbg,2025-10-01,2025-10-02,1,Ratusan Siswa SMAN 1 Kedungadem Bojonegoro Diduga Keracunan Usai Santap MBG | beritajatim.com,False
404c7458b8f4,https://www.detik.com/jogja/berita/d-8143427/keracunan-mbg-hari-ini-juga-terjadi-di-gunungkidul,https://www.detik.com/jogja/berita/d-8143427/keracunan-mbg-hari-ini-juga-terjadi-di-gunungkidul,2025-10-03,2025-10-03,0,Keracunan MBG Hari Ini Juga Terjadi di Gunungkidul,False
42585c280e9b,https://regional.kompas.com/read/2025/10/03/143203478/3-murid-sd-aceh-utara-mual-dan-muntah-diduga-setelah-makan-mbg,https://regional.kompas.com/read/2025/10/03/143203478/3-murid-sd-aceh-utara-mual-dan-muntah-diduga-setelah-makan-mbg,2025-09-29,2025-10-03,4,3 Murid SD Aceh Utara Mual dan Muntah Diduga Setelah Makan MBG,False
6243ed724c96,https://www.detik.com/jabar/berita/d-8143212/korban-keracunan-mbg-di-tasikmalaya-tembus-115-orang,https://www.detik.com/jabar/berita/d-8143212/korban-keracunan-mbg-di-tasikmalaya-tembus-115-orang,2025-10-02,2025-10-03,1,Korban Keracunan MBG di Tasikmalaya Tembus 115 Orang,False
6c838d3ac88b,https://rri.co.id/makan-bergizi-gratis/1879386/keracunan-massal-mbg-di-garut-capai-307-orang,https://rri.co.id/makan-bergizi-gratis/1879386/keracunan-massal-mbg-di-garut-capai-307-orang,2025-09-30,2025-10-03,3,Keracunan Massal MBG di Garut Capai 307 Orang - RRI.co.id,False
6cefa7ea83f9,https://www.kompas.com/sumatera-barat/read/2025/10/03/181500288/-kronologi-122-korban-keracunan-program-mbg-di-agam-diduga-akibat,https://www.kompas.com/sumatera-barat/read/2025/10/03/181500288/-kronologi-122-korban-keracunan-program-mbg-di-agam-diduga-akibat,2025-10-01,2025-10-03,2,"Kronologi 122 Korban Keracunan Program MBG di Agam, Diduga akibat Nasi Goreng",False
f3a7a53436f7,https://jabar.suara.com/read/2025/10/03/184731/lagi-siswa-sd-di-ciamis-keracunan-massal-usai-santap-mbg,https://jabar.suara.com/read/2025/10/03/184731/lagi-siswa-sd-di-ciamis-keracunan-massal-usai-santap-mbg,2025-10-03,2025-10-03,0,Lagi! Siswa SD di Ciamis Keracunan Massal Usai Santap MBG,False
f06a8fdd3f9a,https://regional.kompas.com/read/2025/10/04/105048078/bertambah-lagi-jumlah-korban-keracunan-mbg-di-purworejo-kini-134-orang,https://regional.kompas.com/read/2025/10/04/105048078/bertambah-lagi-jumlah-korban-keracunan-mbg-di-purworejo-kini-134-orang,2025-10-03,2025-10-04,1,"Bertambah Lagi, Jumlah Korban Keracunan MBG di Purworejo Kini 134 Orang",False
2681103a47db,https://harian7.com/2025/10/ratusan-siswa-smpn-8-salatiga-absen-diduga-keracunan-makanan-mbg.html,https://harian7.com/2025/10/ratusan-siswa-smpn-8-salatiga-absen-diduga-keracunan-makanan-mbg.html,2025-10-03,2025-10-06,3,"Ratusan Siswa SMPN 8 Salatiga Absen, Diduga Keracunan Makanan MBG",False
67ac30879c11,https://solopos.espos.id/imbas-12-pelajar-diduga-keracunan-mbg-sppg-karanganyar-ditutup-2149197,https://solopos.espos.id/imbas-12-pelajar-diduga-keracunan-mbg-sppg-karanganyar-ditutup-2149197,2025-10-06,2025-10-07,1,"Imbas 12 Pelajar Diduga Keracunan MBG, SPPG Karanganyar Ditutup",False
6bfd37cad43f,https://regional.kompas.com/read/2025/10/07/165931478/168-siswa-diduga-keracunan-mbg-sppg-popongan-2-karanganyar-dihentikan,https://regional.kompas.com/read/2025/10/07/165931478/168-siswa-diduga-keracunan-mbg-sppg-popongan-2-karanganyar-dihentikan,2025-10-03,2025-10-07,4,"168 Siswa Diduga Keracunan MBG, SPPG Popongan 2 Karanganyar Dihentikan Sementara",False
724b8b13ba82,https://regional.kompas.com/read/2025/10/07/162259678/414-siswa-keracunan-mbg-operasional-sppg-giyanti-temanggung-dihentikan,https://regional.kompas.com/read/2025/10/07/162259678/414-siswa-keracunan-mbg-operasional-sppg-giyanti-temanggung-dihentikan,2025-09-30,2025-10-07,7,"414 Siswa Keracunan MBG, Operasional SPPG Giyanti Temanggung Dihentikan Sementara",False
4397c1f2a8a7,https://lampung.idntimes.com/news/lampung/belasan-siswa-sma-di-lamteng-diduga-keracunan-mbg-jaksa-turun-tangan-00-5h6fh-5xq1g3,https://lampung.idntimes.com/news/lampung/belasan-siswa-sma-di-lamteng-diduga-keracunan-mbg-jaksa-turun-tangan-00-5h6fh-5xq1g3,2025-10-06,2025-10-08,2,"Belasan Siswa SMA di Lamteng Diduga Keracunan MBG, Jaksa Turun Tangan",False
caf5f48d7cd8,https://www.tempo.co/politik/bgn-hentikan-operasional-sppg-kota-soe-1-setelah-terjadi-keracunan-mbg-2077551,https://www.tempo.co/politik/bgn-hentikan-operasional-sppg-kota-soe-1-setelah-terjadi-keracunan-mbg-2077551,2025-10-03,2025-10-08,5,BGN Hentikan Operasional SPPG Kota Soe 1 Setelah Terjadi Keracunan MBG,False
f0929d35217d,https://www.detik.com/jateng/berita/d-8151170/ratusan-siswa-dan-santri-di-slogohimo-wonogiri-diduga-keracunan-mbg,https://www.detik.com/jateng/berita/d-8151170/ratusan-siswa-dan-santri-di-slogohimo-wonogiri-diduga-keracunan-mbg,2025-09-30,2025-10-08,8,Ratusan Siswa dan Santri di Slogohimo Wonogiri Diduga Keracunan MBG,False
465ff6e8304c,https://www.hulondalo.id/news/96416054595/11-siswa-smk-tridarma-kota-gorontalo-diduga-keracunan-usai-konsumsi-mbg,https://www.hulondalo.id/news/96416054595/11-siswa-smk-tridarma-kota-gorontalo-diduga-keracunan-usai-konsumsi-mbg,2025-10-07,2025-10-09,2,11 Siswa SMK Tridarma Kota Gorontalo Diduga Keracunan usai Konsumsi MBG - Hulondalo,False
4bbf0bab0120,https://www.detik.com/jateng/berita/d-8153672/korban-keracunan-mbg-di-wedi-klaten-bertambah-total-49-siswa,https://www.detik.com/jateng/berita/d-8153672/korban-keracunan-mbg-di-wedi-klaten-bertambah-total-49-siswa,2025-10-08,2025-10-09,1,"Korban Keracunan MBG di Wedi Klaten Bertambah, Total 49 Siswa",False
e73bb4ca9bbb,https://cianjurekspres.disway.id/read/19461/kasus-dugaan-keracunan-mbg-terulang-kembali-di-cianjur-16-siswa-jadi-korban,https://cianjurekspres.disway.id/read/19461/kasus-dugaan-keracunan-mbg-terulang-kembali-di-cianjur-16-siswa-jadi-korban,2025-10-09,2025-10-09,0,"Kasus Dugaan Keracunan MBG Terulang Kembali di Cianjur, 16 Siswa Jadi Korban",False
4e09e313edb4,https://www.kilasbanggai.com/uncategorized/keracunan-mbg-di-moilong-terus-bertambah-tembus-123-siswa-44-orang-rawat-inap/,https://www.kilasbanggai.com/uncategorized/keracunan-mbg-di-moilong-terus-bertambah-tembus-123-siswa-44-orang-rawat-inap/,2025-10-11,2025-10-11,0,"Keracunan MBG di Moilong Terus Bertambah: Tembus 123 Siswa, 44 Orang Rawat Inap",False
efcac9afd9cf,https://www.detik.com/bali/nusra/d-8157046/mbg-makan-korban-lagi-guru-siswa-dua-sd-di-bima-keracunan,https://www.detik.com/bali/nusra/d-8157046/mbg-makan-korban-lagi-guru-siswa-dua-sd-di-bima-keracunan,2025-10-12,2025-10-12,0,"MBG Makan Korban Lagi, Guru-Siswa Dua SD di Bima Keracunan",False
bef880f91205,https://news.detik.com/berita/d-8159232/17-siswa-smp-di-karanganyar-diduga-keracunan-mbg-dilarikan-ke-puskesmas,https://news.detik.com/berita/d-8159232/17-siswa-smp-di-karanganyar-diduga-keracunan-mbg-dilarikan-ke-puskesmas,2025-10-13,2025-10-13,0,"17 Siswa SMP di Karanganyar Diduga Keracunan MBG, Dilarikan ke Puskesmas",False
0f2f218c39e7,https://www.detik.com/jatim/berita/d-8160971/8-siswa-smkn-tambakboyo-tuban-dilarikan-ke-puskesmas-gegara-mbg,https://www.detik.com/jatim/berita/d-8160971/8-siswa-smkn-tambakboyo-tuban-dilarikan-ke-puskesmas-gegara-mbg,2025-10-14,2025-10-14,0,8 Siswa SMKN Tambakboyo Tuban Dilarikan ke Puskesmas gegara MBG,False
eb58fdf02aa1,https://bandung.kompas.com/read/2025/10/14/182839778/balita-di-tasikmalaya-diduga-keracunan-mbg-orangtua-pembagian-siang-dimakan,https://bandung.kompas.com/read/2025/10/14/182839778/balita-di-tasikmalaya-diduga-keracunan-mbg-orangtua-pembagian-siang-dimakan,2025-10-13,2025-10-14,1,"Balita di Tasikmalaya Diduga Keracunan MBG, Orangtua: Pembagian Siang Dimakan Sore Hari",False
f9bb442386bf,https://surabaya.kompas.com/read/2025/10/14/130005978/keracunan-mbg-di-tulungagung-bertambah-jadi-68-siswa-kadinkes-dari-awal,https://surabaya.kompas.com/read/2025/10/14/130005978/keracunan-mbg-di-tulungagung-bertambah-jadi-68-siswa-kadinkes-dari-awal,2025-10-13,2025-10-14,1,"Keracunan MBG di Tulungagung Bertambah Jadi 68 Siswa, Kadinkes: Dari Awal, Kami Sudah Siaga",False
66fe0ae8fde8,https://sekitarjatim.com/2025/10/15/sembilan-siswa-sd-di-pamekasan-diduga-keracunan-makanan-program-bergizi-gratis/,https://sekitarjatim.com/2025/10/15/sembilan-siswa-sd-di-pamekasan-diduga-keracunan-makanan-program-bergizi-gratis/,2025-10-15,2025-10-15,0,Sembilan Siswa SD di Pamekasan Diduga Keracunan Makanan Program Bergizi Gratis,False
fe318cd6adfc,https://mataram.antaranews.com/berita/496981/puluhan-santri-di-lotim-diare-diduga-usai-santap-mbg-begini-tanggapan-sppg,https://mataram.antaranews.com/berita/496981/puluhan-santri-di-lotim-diare-diduga-usai-santap-mbg-begini-tanggapan-sppg,2025-10-13,2025-10-15,2,"Puluhan santri di Lotim diare diduga usai santap MBG, begini tanggapan SPPG",False
26132a3ed76e,https://jateng.harianjogja.com/read/2025/10/16/648/1232160/santap-menu-mbg-ratusan-siswa-smp-di-karanganyar-alami-keracunan,https://jateng.harianjogja.com/read/2025/10/16/648/1232160/santap-menu-mbg-ratusan-siswa-smp-di-karanganyar-alami-keracunan,2025-10-15,2025-10-16,1,"Santap Menu MBG, Ratusan Siswa SMP di Karanganyar Alami Keracunan",False
481d2c0b4a0b,https://yogyakarta.kompas.com/read/2025/10/16/141711978/426-siswa-sma-1-yogyakarta-sakit-perut-usai-santap-mbg,https://yogyakarta.kompas.com/read/2025/10/16/141711978/426-siswa-sma-1-yogyakarta-sakit-perut-usai-santap-mbg,2025-10-15,2025-10-16,1,426 Siswa SMA 1 Yogyakarta Sakit Perut usai Santap MBG,False
57edc95d4a4f,https://yogyakarta.kompas.com/read/2025/10/16/175003078/65-siswa-sma-muhammadiyah-7-yogyakarta-diare-usai-santap-mbg-dari-sppg,https://yogyakarta.kompas.com/read/2025/10/16/175003078/65-siswa-sma-muhammadiyah-7-yogyakarta-diare-usai-santap-mbg-dari-sppg,2025-10-15,2025-10-16,1,65 Siswa SMA Muhammadiyah 7 Yogyakarta Diare Usai Santap MBG dari SPPG yang Sama dengan SMAN 1 Yogyakarta,False
687f40b8980e,https://bandung.kompas.com/read/2025/10/16/135546578/korban-keracunan-mbg-di-bandung-barat-tembus-518-korban-50-siswa-masih,https://bandung.kompas.com/read/2025/10/16/135546578/korban-keracunan-mbg-di-bandung-barat-tembus-518-korban-50-siswa-masih,2025-10-14,2025-10-16,2,"Korban Keracunan MBG di Bandung Barat Tembus 518 Korban, 50 Siswa Masih Dirawat",False
878f0a4b9d26,https://bandung.kompas.com/read/2025/10/17/222324678/diduga-keracunan-mbg-7-siswa-sdn-ciangsana-02-bogor-mual-dan-muntah,https://bandung.kompas.com/read/2025/10/17/222324678/diduga-keracunan-mbg-7-siswa-sdn-ciangsana-02-bogor-mual-dan-muntah,2025-10-16,2025-10-17,1,"Diduga Keracunan MBG, 7 Siswa SDN Ciangsana 02 Bogor Mual dan Muntah",False
f5fe23071b83,https://bandung.kompas.com/read/2025/10/17/163905178/13-siswa-sd-di-tasikmalaya-diduga-keracunan-mbg-menu-nasi-goreng-guru,https://bandung.kompas.com/read/2025/10/17/163905178/13-siswa-sd-di-tasikmalaya-diduga-keracunan-mbg-menu-nasi-goreng-guru,2025-10-17,2025-10-17,0,"13 Siswa SD di Tasikmalaya Diduga Keracunan MBG Menu Nasi Goreng, Guru: Nasgornya Sudah Bau Tak Sedap",False
e0c32e6b1c96,https://www.detik.com/kalimantan/berita/d-8170946/puluhan-siswa-smpn-33-banjarmasin-diduga-keracunan-mbg,https://www.detik.com/kalimantan/berita/d-8170946/puluhan-siswa-smpn-33-banjarmasin-diduga-keracunan-mbg,2025-10-21,2025-10-21,0,Puluhan Siswa SMPN 33 Banjarmasin Diduga Keracunan MBG,False
2817a80ba84f,https://seblang.com/bencana/dugaan-keracunan-massal-mbg-112-siswa-man-1-banyuwangi-terserang-diare/,https://seblang.com/bencana/dugaan-keracunan-massal-mbg-112-siswa-man-1-banyuwangi-terserang-diare/,2025-10-23,2025-10-23,0,"Dugaan Keracunan Massal MBG, 112 Siswa MAN 1 Banyuwangi Terserang Diare",False
62946289cf84,https://regional.kompas.com/read/2025/10/23/155851478/siswa-mts-di-mamuju-yang-keracunan-mbg-bertambah-jadi-25-orang-dinkes,https://regional.kompas.com/read/2025/10/23/155851478/siswa-mts-di-mamuju-yang-keracunan-mbg-bertambah-jadi-25-orang-dinkes,2025-10-21,2025-10-23,2,"Siswa MTS di Mamuju yang Keracunan MBG Bertambah Jadi 25 Orang, Dinkes Sulbar Tetapkan KLB",False
ad57a298b32a,https://rejabar.republika.co.id/berita/t4l7g2512/lagi-keracunan-terjadi-usai-konsumsi-mbg-di-bandung-barat-korban-puluhan-siswa,https://rejabar.republika.co.id/berita/t4l7g2512/lagi-keracunan-terjadi-usai-konsumsi-mbg-di-bandung-barat-korban-puluhan-siswa,2025-10-23,2025-10-23,0,"Lagi, Keracunan Terjadi Usai Konsumsi MBG di Bandung Barat Korban Puluhan Siswa |Republika Online",False
0b0a35abd39d,https://jogja.suara.com/read/2025/10/24/125019/terjadi-lagi-ratusan-siswa-di-sleman-diare-dan-pusing-massal-setelah-santap-mbg,https://jogja.suara.com/read/2025/10/24/125019/terjadi-lagi-ratusan-siswa-di-sleman-diare-dan-pusing-massal-setelah-santap-mbg,2025-10-24,2025-10-24,0,"Terjadi Lagi, Ratusan Siswa di Sleman Diare dan Pusing Massal setelah Santap MBG",False
cf28a2f2d095,https://suaracirebon.com/2025/10/24/13-murid-sdn-kesenden-cirebon-diduga-keracunan-mbg/,https://suaracirebon.com/2025/10/24/13-murid-sdn-kesenden-cirebon-diduga-keracunan-mbg/,2025-10-22,2025-10-24,2,13 Murid SDN Kesenden Cirebon Diduga Keracunan MBG - Suara Cirebon,False
3e2a9e681159,https://surabaya.kompas.com/read/2025/10/29/161955078/siswa-korban-keracunan-mbg-di-kalipuro-banyuwangi-bertambah-jadi-133-orang,https://surabaya.kompas.com/read/2025/10/29/161955078/siswa-korban-keracunan-mbg-di-kalipuro-banyuwangi-bertambah-jadi-133-orang,2025-10-24,2025-10-29,5,Siswa Korban Keracunan MBG di Kalipuro Banyuwangi Bertambah Jadi 133 Orang,False
40fa13bf0f2b,https://yogyakarta.kompas.com/read/2025/10/29/151239178/hampir-700-anak-dari-2-sekolah-diduga-keracunan-mbg-di-gunungkidul,https://yogyakarta.kompas.com/read/2025/10/29/151239178/hampir-700-anak-dari-2-sekolah-diduga-keracunan-mbg-di-gunungkidul,2025-10-28,2025-10-29,1,Hampir 700 anak dari 2 Sekolah Diduga Keracunan MBG di Gunungkidul,False
0f24059c9f99,https://www.koran-gala.id/news/58716170691/dapur-sppg-cibodas-2-ditutup-sementara-imbas-kasus-keracunan-mbg-yang-mencapai-236-korban-di-lembang,https://www.koran-gala.id/news/58716170691/dapur-sppg-cibodas-2-ditutup-sementara-imbas-kasus-keracunan-mbg-yang-mencapai-236-korban-di-lembang,2025-10-28,2025-10-30,2,"Dapur SPPG Cibodas 2 Ditutup Sementara, Imbas Kasus Keracunan MBG yang Mencapai 236 Korban di Lembang - Koran Gala",False
28417fecb4f1,https://indonesia.jakartadaily.id/ekonomi-bisnis/69316182933/sdn-meruya-selatan-01-hentikan-sementara-program-mbg-20-siswa-diduga-keracunan,https://indonesia.jakartadaily.id/ekonomi-bisnis/69316182933/sdn-meruya-selatan-01-hentikan-sementara-program-mbg-20-siswa-diduga-keracunan,2025-10-29,2025-11-01,3,"SDN Meruya Selatan 01 Hentikan Sementara Program MBG, 20 Siswa Diduga Keracunan - Jakarta Daily Indonesia",False
ae77c7d3c189,https://www.detik.com/jabar/cirebon-raya/d-8193968/20-siswa-sd-di-cirebon-keracunan-soto-mbg-polisi-dinkes-turun-tangan,https://www.detik.com/jabar/cirebon-raya/d-8193968/20-siswa-sd-di-cirebon-keracunan-soto-mbg-polisi-dinkes-turun-tangan,2025-11-04,2025-11-04,0,"20 Siswa SD di Cirebon Keracunan Soto MBG, Polisi-Dinkes Turun Tangan",False
345b0a08ce6a,https://joglosemarnews.com/2025/11/547-siswa-di-gunungkidul-keracunan-usai-makan-menu-mbg-dapur-masih-jalan-terus/,https://joglosemarnews.com/2025/11/547-siswa-di-gunungkidul-keracunan-usai-makan-menu-mbg-dapur-masih-jalan-terus/,2025-11-03,2025-11-05,2,"547 Siswa di Gunungkidul Keracunan Usai Makan Menu MBG, Dapur Masih Jalan Terus! » JOGLOSEMAR NEWS",False
bcf207fb03a5,https://www.tandaseru.com/2025/11/06/25-siswa-sd-di-ternate-diduga-keracunan-usai-santap-mbg/,https://www.tandaseru.com/2025/11/06/25-siswa-sd-di-ternate-diduga-keracunan-usai-santap-mbg/,2025-11-06,2025-11-06,0,25 Siswa SD di Ternate Diduga Keracunan Usai Santap MBG,False
25bfc678ad75,https://harianmuba.disway.id/utama/read/665577/diduga-keracunan-menu-mbg-20-santri-ponpes-zaadul-maad-palembang-sempat-dilarikan-ke-klinik,https://harianmuba.disway.id/utama/read/665577/diduga-keracunan-menu-mbg-20-santri-ponpes-zaadul-maad-palembang-sempat-dilarikan-ke-klinik,2025-11-05,2025-11-07,2,"Diduga Keracunan Menu MBG, 20 Santri Ponpes Zaadul Ma’ad Palembang Sempat Dilarikan ke Klinik",False
824626bdd8c0,https://www.metropolitan.id/berita-hari-ini/95316240989/252-siswa-sma-di-ntt-keracunan-massal-setelah-makan-bergizi-gratis-mengeluh-gejala-pusing-dan-mual,https://www.metropolitan.id/berita-hari-ini/95316240989/252-siswa-sma-di-ntt-keracunan-massal-setelah-makan-bergizi-gratis-mengeluh-gejala-pusing-dan-mual,2025-11-10,2025-11-12,2,"252 Siswa SMA di NTT Keracunan Massal Setelah Makan Bergizi Gratis, Mengeluh Gejala Pusing dan Mual - Metropolitan",False
c51b76c34085,https://www.detik.com/jabar/berita/d-8206996/21-siswa-keracunan-mbg-di-kbb-satu-masih-dirawat,https://www.detik.com/jabar/berita/d-8206996/21-siswa-keracunan-mbg-di-kbb-satu-masih-dirawat,2025-11-11,2025-11-12,1,"21 Siswa Keracunan MBG di KBB, Satu Masih Dirawat",False
f1b223b25695,https://www.kompas.id/artikel/kasus-berulang-50-murid-keracunan-mbg-di-kota-bogor,https://www.kompas.id/artikel/kasus-berulang-50-murid-keracunan-mbg-di-kota-bogor,2025-11-14,2025-11-15,1,"Kasus Berulang, 50 Murid di Bogor Keracunan MBG",False
4cb9c646cc28,https://banyumasekspres.id/112-santri-ponpes-nurul-ali-magelang-alami-keracunan-usai-konsumsi-makanan-mbg/,https://banyumasekspres.id/112-santri-ponpes-nurul-ali-magelang-alami-keracunan-usai-konsumsi-makanan-mbg/,2025-11-18,2025-11-22,4,112 Santri Ponpes Nurul Ali Magelang Alami Keracunan Usai Konsumsi Makanan MBG – BANYUMASEKSPRES.ID,False
70b8825741d2,https://harianmuria.com/news/17-siswa-smp-kendal-di-rs-puskesmas/,https://harianmuria.com/news/17-siswa-smp-kendal-di-rs-puskesmas/,2025-11-26,2025-11-26,0,"17 Siswa SMPN 1 Kendal Dilarikan Ke RS Dan Puskesmas, Diduga Keracunan Menu MBG - Harian Muria",False
619f00e3bf1d,https://memorandum.disway.id/ngawi/read/145178/87-siswa-ngawi-diduga-keracunan-massal-dua-anak-masih-jalani-perawatan,https://memorandum.disway.id/ngawi/read/145178/87-siswa-ngawi-diduga-keracunan-massal-dua-anak-masih-jalani-perawatan,2025-11-26,2025-11-27,1,"87 Siswa Ngawi Diduga Keracunan Massal, Dua Anak Masih Jalani Perawatan",False
d48eac005d63,https://ttu.inews.id/read/655286/anak-sekolah-di-ttu-diduga-keracunan-mbg-dilarikan-ke-rsud-kefamenanu,https://ttu.inews.id/read/655286/anak-sekolah-di-ttu-diduga-keracunan-mbg-dilarikan-ke-rsud-kefamenanu,2025-11-27,2025-11-27,0,"Anak Sekolah di TTU Diduga Keracunan MBG, Dilarikan ke RSUD Kefamenanu",False
df29b027bddc,https://jatimnet.com/puluhan-siswa-sd-di-mejayan-madiun-diduga-keracunan-mbg,https://jatimnet.com/puluhan-siswa-sd-di-mejayan-madiun-diduga-keracunan-mbg,2025-11-27,2025-11-27,0,Puluhan Siswa SD di Mejayan Madiun Diduga Keracunan MBG - Jatimnet.com,False
5656b9997a8b,https://blokbojonegoro.com/2025/11/29/puluhan-siswa-diduga-keracunan-makanan-kepala-man-1-bojonegoro-pilih-tunggu-hasil-medis,https://blokbojonegoro.com/2025/11/29/puluhan-siswa-diduga-keracunan-makanan-kepala-man-1-bojonegoro-pilih-tunggu-hasil-medis,2025-11-28,2025-11-29,1,"Puluhan Siswa Diduga Keracunan Makanan, Kepala MAN 1 Bojonegoro Pilih Tunggu Hasil Medis",False
7e2a051352e4,https://www.koranmandala.com/daerah/206780/74-siswa-keracunan-usai-konsumsi-menu-mbg-dapur-cigandamekar/,https://www.koranmandala.com/daerah/206780/74-siswa-keracunan-usai-konsumsi-menu-mbg-dapur-cigandamekar/,2025-11-28,2025-11-29,1,74 Siswa Keracunan Usai Konsumsi Menu MBG Dapur Cigandamekar - Koran Mandala,False
27349c249fce,https://www.detik.com/jatim/berita/d-8241365/77-siswa-di-sumberwringin-bondowoso-diduga-keracunan-mbg,https://www.detik.com/jatim/berita/d-8241365/77-siswa-di-sumberwringin-bondowoso-diduga-keracunan-mbg,2025-12-03,2025-12-03,0,77 Siswa di Sumberwringin Bondowoso Diduga Keracunan MBG,False
7575858eeb4d,https://cnnnusantara.com/berita-pulau-sumatera/belasan-siswa-dan-guru-keracunan-program-mbg-di-way-kanan-ketua-for-win-desak-polres-usut-tuntas/,https://cnnnusantara.com/berita-pulau-sumatera/belasan-siswa-dan-guru-keracunan-program-mbg-di-way-kanan-ketua-for-win-desak-polres-usut-tuntas/,2025-12-03,2025-12-03,0,"Belasan Siswa dan Guru Keracunan Program MBG di Way Kanan, Ketua For-WIN Desak Polres Usut Tuntas",False
cec4d43aff3a,https://mediabbc.co.id/sppg-di-bawah-sorotan-krisis-tata-kelola-dan-transparansi-mencuat-setelah-puluhan-siswa-sman-2-palembang-sakit-usai-konsumsi-mbg/,https://mediabbc.co.id/sppg-di-bawah-sorotan-krisis-tata-kelola-dan-transparansi-mencuat-setelah-puluhan-siswa-sman-2-palembang-sakit-usai-konsumsi-mbg/,2025-11-26,2025-12-03,7,SPPG Di Bawah Sorotan: Krisis Tata Kelola dan Transparansi Mencuat Setelah Puluhan Siswa SMAN 2 Palembang Sakit Usai Konsumsi MBG - mediabbc.co.id,False
0584f4028a2e,https://www.infodesanews.com/langkah-cepat-tim-dinkes-lamsel-telusuri-dugaan-keracunan-makanan-mbg-di-smpn-kalianda/,https://www.infodesanews.com/langkah-cepat-tim-dinkes-lamsel-telusuri-dugaan-keracunan-makanan-mbg-di-smpn-kalianda/,2025-12-03,2025-12-04,1,Langkah Cepat Tim Dinkes Lamsel Telusuri Dugaan Keracunan Makanan MBG di SMPN Kalianda - INFODESANEWS,False
fadd7d414772,https://www.nabirenews.com/kesehatan/2622005342/kasus-keracunan-mbg-waisai-86-pasien-dirawat-83-sudah-pulih-3-masih-dirawat,https://www.nabirenews.com/kesehatan/2622005342/kasus-keracunan-mbg-waisai-86-pasien-dirawat-83-sudah-pulih-3-masih-dirawat,2025-12-01,2025-12-04,3,"Kasus Keracunan MBG Waisai: 86 Pasien Dirawat, 83 Sudah Pulih, 3 Masih Dirawat - Nabirenews.com",False
4717c85102c6,https://beritajatim.com/total-220-siswa-keracunan-mbg-di-ngawi-gagal-ikut-ujian-akhir-semester,https://beritajatim.com/total-220-siswa-keracunan-mbg-di-ngawi-gagal-ikut-ujian-akhir-semester,2025-12-04,2025-12-05,1,"Total 220 Siswa Keracunan MBG di Ngawi, Gagal Ikut Ujian Akhir Semester",False
bde2a8e86ab9,https://jurnalpost.com/keracunan-massal-mbg-di-pangkep-74-siswa-dilarikan-ke-puskesmas-rs/88893/,https://jurnalpost.com/keracunan-massal-mbg-di-pangkep-74-siswa-dilarikan-ke-puskesmas-rs/88893/,2025-12-08,2025-12-09,1,"Keracunan Massal MBG di Pangkep, 74 Siswa Dilarikan ke Puskesmas-RS",False
0f4feebe8e03,https://rri.co.id/palu/daerah/2033850/lima-siswa-tampanombo-diduga-keracunan-usai-konsumsi-mbg,https://rri.co.id/palu/daerah/2033850/lima-siswa-tampanombo-diduga-keracunan-usai-konsumsi-mbg,2025-12-11,2025-12-11,0,Lima Siswa Tampanombo Diduga Keracunan Usai Konsumsi MBG - RRI.co.id,False
49a9c416a8c7,https://lintasmuria.com/2025/12/13/puluhan-balita-di-grobogan-diduga-keracunan-menu-mbg-pemkab-lapor-bgn/,https://lintasmuria.com/2025/12/13/puluhan-balita-di-grobogan-diduga-keracunan-menu-mbg-pemkab-lapor-bgn/,2025-12-11,2025-12-13,2,"Puluhan Balita di Grobogan Diduga Keracunan Menu MBG, Pemkab Lapor BGN - LINTAS MURIA",False
0d52cf6849c0,https://radarpekalongan.disway.id/read/108184/diduga-keracunan-mbg-15-pelajar-sdn-1-kedungwuni-sempat-dilarikan-ke-puskesmas-dan-rumah-sakit,https://radarpekalongan.disway.id/read/108184/diduga-keracunan-mbg-15-pelajar-sdn-1-kedungwuni-sempat-dilarikan-ke-puskesmas-dan-rumah-sakit,2026-01-13,2026-01-13,0,"Diduga Keracunan MBG, 15 Pelajar SDN 1 Kedungwuni Sempat Dilarikan ke Puskesmas dan Rumah Sakit",False
ba00e884edc5,https://news.detik.com/berita/d-8305630/803-orang-di-grobogan-diduga-keracunan-mbg-dari-menu-ayam,https://news.detik.com/berita/d-8305630/803-orang-di-grobogan-diduga-keracunan-mbg-dari-menu-ayam,2026-01-10,2026-01-13,3,803 Orang di Grobogan Diduga Keracunan MBG dari Menu Ayam,False
1e02cc951a3d,https://www.suaramerdeka.com/jawa-tengah/0416564471/korban-keracunan-massal-di-jatisrono-wonogiri-capai-206-siswa-diduga-karena-mbg,https://www.suaramerdeka.com/jawa-tengah/0416564471/korban-keracunan-massal-di-jatisrono-wonogiri-capai-206-siswa-diduga-karena-mbg,2026-01-12,2026-01-14,2,"Korban Keracunan Massal di Jatisrono Wonogiri Capai 206 Siswa, Diduga Karena MBG - Suara Merdeka",False
8d57bb272637,https://jatim.suaramerdeka.com/jatim/108816561588/korban-dugaan-keracunan-mbg-di-mojokerto-tembus-780-orang-dispendik-dan-kemenag-buka-data-terbaru?page=2,https://jatim.suaramerdeka.com/jatim/108816561588/korban-dugaan-keracunan-mbg-di-mojokerto-tembus-780-orang-dispendik-dan-kemenag-buka-data-terbaru?page=2,2026-01-10,2026-01-14,4,"Korban Dugaan Keracunan MBG di Mojokerto Tembus 780 Orang, Dispendik dan Kemenag Buka Data Terbaru - Suara Merdeka Jatim - Halaman 2",False
36f89f9b2a21,https://www.merdeka.com/peristiwa/puluhan-pelajar-di-lombok-tengah-keracunan-usai-konsumsi-susu-program-mbg-522733-mvk.html,https://www.merdeka.com/peristiwa/puluhan-pelajar-di-lombok-tengah-keracunan-usai-konsumsi-susu-program-mbg-522733-mvk.html,2026-01-17,2026-01-17,0,Puluhan Pelajar di Lombok Tengah Keracunan Usai Konsumsi Susu Program MBG - merdeka.com,False
1e2835fc6007,https://www.detik.com/jateng/berita/d-8322042/75-siswa-5-guru-smpn-10-kota-magelang-diduga-keracunan-mbg,https://www.detik.com/jateng/berita/d-8322042/75-siswa-5-guru-smpn-10-kota-magelang-diduga-keracunan-mbg,2026-01-22,2026-01-23,1,75 Siswa-5 Guru SMPN 10 Kota Magelang Diduga Keracunan MBG,False
8adb3be61b89,https://yogyakarta.kompas.com/read/2026/01/23/054238878/korban-keracunan-mbg-di-kulon-progo-capai-104-orang?page=all#page3,https://yogyakarta.kompas.com/read/2026/01/23/054238878/korban-keracunan-mbg-di-kulon-progo-capai-104-orang?page=all#page3,2025-01-20,2026-01-23,368,Korban Keracunan MBG di Kulon Progo Capai 104 Orang,False
9c15ec0ae6cb,https://www.riauonline.co.id/riau/read/2026/01/23/puluhan-siswa-smkn-1-kandis-dilarikan-ke-klinik-usai-santap-mbg-diduga-keracunan,https://www.riauonline.co.id/riau/read/2026/01/23/puluhan-siswa-smkn-1-kandis-dilarikan-ke-klinik-usai-santap-mbg-diduga-keracunan,2026-01-23,2026-01-23,0,"Puluhan Siswa SMKN 1 Kandis Dilarikan ke Klinik Usai Santap MBG, Diduga Keracunan",False
005de1fcd2e6,https://regional.kompas.com/read/2026/01/27/190043678/korban-keracunan-makanan-di-sekolah-cianjur-bertambah-jadi-33-siswa-12-anak,https://regional.kompas.com/read/2026/01/27/190043678/korban-keracunan-makanan-di-sekolah-cianjur-bertambah-jadi-33-siswa-12-anak,2026-01-24,2026-01-27,3,"Korban Keracunan Makanan di Sekolah Cianjur Bertambah Jadi 33 Siswa, 12 Anak Dirujuk ke RS",False
37d0c6db710e,https://koran-jakarta.com/2026-01-27/dugaan-keracunan-mbg-di-lombok-timur-dinkes-turunkan-tim-investigasi,https://koran-jakarta.com/2026-01-27/dugaan-keracunan-mbg-di-lombok-timur-dinkes-turunkan-tim-investigasi,2026-01-26,2026-01-27,1,"Dugaan Keracunan MBG di Lombok Timur, Dinkes Turunkan Tim Investigasi",False
e0658587a245,https://yogyakarta.kompas.com/read/2026/01/27/192839378/puluhan-siswa-dan-guru-smp-muhammadiyah-playen-mengeluh-diare-dan-mual,https://yogyakarta.kompas.com/read/2026/01/27/192839378/puluhan-siswa-dan-guru-smp-muhammadiyah-playen-mengeluh-diare-dan-mual,2026-01-23,2026-01-27,4,"Puluhan Siswa dan Guru SMP Muhammadiyah Playen Mengeluh Diare dan Mual usai Santap MBG, SPPG Lakukan Penelusuran",False
0586da3cb9ad,https://www.kompas.tv/regional/647214/600-siswa-sma-di-kudus-keracunan-mbg-118-di-antaranya-dirawat-di-rumah-sakit,https://www.kompas.tv/regional/647214/600-siswa-sma-di-kudus-keracunan-mbg-118-di-antaranya-dirawat-di-rumah-sakit,2026-01-29,2026-01-29,0,"600 Siswa SMA di Kudus Keracunan MBG, 118 di Antaranya Dirawat di Rumah Sakit",False
52beaa1de197,https://www.liputan6.com/regional/read/6267651/update-keracunan-massal-mbg-tomohon-64-siswa-masih-jalani-rawat-inap,https://www.liputan6.com/regional/read/6267651/update-keracunan-massal-mbg-tomohon-64-siswa-masih-jalani-rawat-inap,2026-01-26,2026-01-29,3,Update Keracunan Massal MBG Tomohon: 64 Siswa Masih Jalani Rawat Inap,False
59685da99b9b,https://www.detik.com/sulsel/berita/d-8330979/141-siswa-tk-smp-diduga-keracunan-mbg-di-buol-korban-dirawat-di-rs-puskesmas,https://www.detik.com/sulsel/berita/d-8330979/141-siswa-tk-smp-diduga-keracunan-mbg-di-buol-korban-dirawat-di-rs-puskesmas,2026-01-28,2026-01-29,1,"141 Siswa TK-SMP Diduga Keracunan MBG di Buol, Korban Dirawat di RS-Puskesmas",False
7c3b47193ac6,https://prfmnews.pikiran-rakyat.com/jawa-barat/pr-139967875/buntut-keracunan-mbg-3-dapur-sppg-di-cianjur-ditutup,https://prfmnews.pikiran-rakyat.com/jawa-barat/pr-139967875/buntut-keracunan-mbg-3-dapur-sppg-di-cianjur-ditutup,2026-01-27,2026-01-29,2,"Buntut Keracunan MBG, 3 Dapur SPPG di Cianjur Ditutup - PRFM News",False
ee9eacd52217,https://medialintastimurnews.com/2026/01/29/terjadi-lagi-di-lamtim-ratusan-anak-diduga-keracunan-usai-santap-mbg/,https://medialintastimurnews.com/2026/01/29/terjadi-lagi-di-lamtim-ratusan-anak-diduga-keracunan-usai-santap-mbg/,2026-01-28,2026-01-29,1,"Terjadi Lagi di Lamtim, Ratusan Anak Diduga Keracunan Usai Santap MBG - Media Lintas Timur News",False
fc8ce5cd3555,https://regional.kompas.com/read/2026/01/30/161147778/8-pelajar-sd-di-grobogan-diduga-keracunan-mbg-dilarikan-ke-puskesmas,https://regional.kompas.com/read/2026/01/30/161147778/8-pelajar-sd-di-grobogan-diduga-keracunan-mbg-dilarikan-ke-puskesmas,2026-01-30,2026-01-30,0,"8 Pelajar SD di Grobogan Diduga Keracunan MBG, Dilarikan ke Puskesmas",False
0ed741c399b0,https://www.jambiseru.com/berita/31/01/korban-keracunan-mbg-di-muaro-jambi-tembus-150-pelajar-puluhan-masih-dirawat-inap,https://www.jambiseru.com/berita/31/01/korban-keracunan-mbg-di-muaro-jambi-tembus-150-pelajar-puluhan-masih-dirawat-inap,2026-01-30,2026-01-31,1,"Korban Keracunan MBG di Muaro Jambi Tembus 150 Pelajar, Puluhan Masih Dirawat Inap",False
32c4e2095e74,https://kumbanews.com/132-siswa-di-manggarai-barat-ntt-keracunan-makan-bergizi-gratis-dapur-mbg-ditutup-sementara/,https://kumbanews.com/132-siswa-di-manggarai-barat-ntt-keracunan-makan-bergizi-gratis-dapur-mbg-ditutup-sementara/,2026-01-29,2026-01-31,2,"132 Siswa di Manggarai Barat NTT Keracunan Makan Bergizi Gratis, Dapur MBG Ditutup Sementara - KUMBANEWS.COM",False
592574316dae,https://www.merdeka.com/peristiwa/baru-makan-dua-suap-empat-siswa-smp-di-palembang-keracunan-mbg-529726-mvk.html,https://www.merdeka.com/peristiwa/baru-makan-dua-suap-empat-siswa-smp-di-palembang-keracunan-mbg-529726-mvk.html,2026-01-30,2026-02-01,2,"Baru Makan Dua Suap, Empat Siswa SMP di Palembang Keracunan MBG - merdeka.com",False
258903495764,https://beritasulsel.com/baca/diduga-keracunan-mbg-8-santri-pesantren-di-pinrang-dilarikan-ke-puskesmas,https://beritasulsel.com/baca/diduga-keracunan-mbg-8-santri-pesantren-di-pinrang-dilarikan-ke-puskesmas,2026-01-29,2026-02-02,4,"Diduga Keracunan MBG, 8 Santri Pesantren di Pinrang Dilarikan ke Puskesmas",False
46fa7810922a,https://wartapontianak.pikiran-rakyat.com/kalbar/pr-1179990397/puluhan-siswa-man-model-kota-singkawang-diduga-keracunan-usai-santap-mbg,https://wartapontianak.pikiran-rakyat.com/kalbar/pr-1179990397/puluhan-siswa-man-model-kota-singkawang-diduga-keracunan-usai-santap-mbg,2026-02-05,2026-02-06,1,Puluhan Siswa MAN Model Kota Singkawang Diduga Keracunan Usai Santap MBG - Warta Pontianak,False
4f8fc7ead11c,https://beritasampit.com/2026/02/09/16-warga-palangka-raya-keracunan-usai-santap-mbg-pemprov-kalteng-turun-tangan/,https://beritasampit.com/2026/02/09/16-warga-palangka-raya-keracunan-usai-santap-mbg-pemprov-kalteng-turun-tangan/,2026-02-05,2026-02-09,4,"16 Warga Palangka Raya Keracunan Usai Santap MBG, Pemprov Kalteng Turun Tangan - Berita Sampit",False
d47d8eb66ae5,https://harianmuria.com/pati/puluhan-siswa-smkn-4-pati-diduga-keracunan-usai-makan-mbg/,https://harianmuria.com/pati/puluhan-siswa-smkn-4-pati-diduga-keracunan-usai-makan-mbg/,2026-02-09,2026-02-09,0,Puluhan Siswa SMKN 4 Pati Diduga Keracunan Usai Makan MBG - Harian Muria,False
a657b61430cc,https://bacaini.id/tumbal-mbg-24-siswa-sd-tulungagung-keracunan-massal/,https://bacaini.id/tumbal-mbg-24-siswa-sd-tulungagung-keracunan-massal/,2026-02-10,2026-02-10,0,"‘Tumbal’ MBG Kembali Berjatuhan, 24 Siswa SD di Tulungagung Keracunan Massal",False
369466bb9946,https://www.merdeka.com/peristiwa/15-santri-di-ogan-ilir-diduga-keracunan-mbg-korban-muntah-muntah-sebelum-dilarikan-ke-rs-533475-mvk.html,https://www.merdeka.com/peristiwa/15-santri-di-ogan-ilir-diduga-keracunan-mbg-korban-muntah-muntah-sebelum-dilarikan-ke-rs-533475-mvk.html,2026-02-09,2026-02-11,2,"15 Santri di Ogan Ilir Diduga Keracunan MBG, Korban Muntah-Muntah Sebelum Dilarikan ke RS - merdeka.com",False
b01a35b48371,https://www.wartaindonesianews.co.id/2026/02/lagi-lagi-mbg-bermasalah-telur-puyuh.html,https://www.wartaindonesianews.co.id/2026/02/lagi-lagi-mbg-bermasalah-telur-puyuh.html,2026-02-06,2026-02-11,5,Lagi-Lagi MBG Bermasalah: Telur Puyuh Busuk dari Dapur SPPG,False
ba0d89cf2479,https://mistar.id/news/hukum-peristiwa/siswa-keracunan-mbg-di-dairi-terus-bertambah-total-271-orang,https://mistar.id/news/hukum-peristiwa/siswa-keracunan-mbg-di-dairi-terus-bertambah-total-271-orang,2026-02-09,2026-02-12,3,"Siswa Keracunan MBG di Dairi Terus Bertambah, Total 271 Orang",False
bcd83736124e,https://www.detik.com/jatim/berita/d-8356836/puluhan-santri-diduga-keracunan-mbg-di-ngawi-masih-dirawat,https://www.detik.com/jatim/berita/d-8356836/puluhan-santri-diduga-keracunan-mbg-di-ngawi-masih-dirawat,2026-02-13,2026-02-15,2,Puluhan Santri Diduga Keracunan MBG di Ngawi Masih Dirawat,False
86e8e5095159,https://puskapik.com/tegal/tiga-siswa-smp-pius-tegal-diduga-keracunan-roti-mbg-sempat-dilarikan-ke-rs,https://puskapik.com/tegal/tiga-siswa-smp-pius-tegal-diduga-keracunan-roti-mbg-sempat-dilarikan-ke-rs,2026-02-23,2026-02-23,0,"Tiga Siswa SMP PIUS Tegal Diduga Keracunan Roti MBG, Semp...",False
2d4128fc7c85,https://lampungcity.co/kasus-keracunan-massal-mbg-menggala-bertambah-35-siswa-jadi-korban-dapur-sppg-belum-kantongi-sertifikat-higiene/,https://lampungcity.co/kasus-keracunan-massal-mbg-menggala-bertambah-35-siswa-jadi-korban-dapur-sppg-belum-kantongi-sertifikat-higiene/,2026-02-24,2026-02-25,1,"Kasus Keracunan Massal MBG Menggala Bertambah: 35 Siswa Jadi Korban, Dapur SPPG Belum Kantongi Sertifikat Higiene - Lampung City News",False
245c4431ed35,https://bandungbergerak.id/article/detail/1546036135/keracunan-massal-mbg-terulang-46-siswa-dan-guru-di-kota-cimahi-jadi-korban,https://bandungbergerak.id/article/detail/1546036135/keracunan-massal-mbg-terulang-46-siswa-dan-guru-di-kota-cimahi-jadi-korban,2026-02-25,2026-02-28,3,"Keracunan Massal MBG Terulang, 46 Siswa dan Guru di Kota Cimah...",False
4934da5eff12,https://lampung77.com/lampung/belasan-pelajar-di-lampung-timur-diduga-keracunan-mbg-ada-siswa-paud/,https://lampung77.com/lampung/belasan-pelajar-di-lampung-timur-diduga-keracunan-mbg-ada-siswa-paud/,2026-02-27,2026-02-28,1,"Belasan Pelajar di Lampung Timur Diduga Keracunan MBG, Ada Siswa PAUD - Lampung77.com",False
5fe4e416f679,https://www.merdeka.com/peristiwa/dinkes-tetapkan-dugaan-keracunan-makanan-bergizi-gratis-aceh-selatan-sebagai-klb-542158-mvk.html,https://www.merdeka.com/peristiwa/dinkes-tetapkan-dugaan-keracunan-makanan-bergizi-gratis-aceh-selatan-sebagai-klb-542158-mvk.html,2026-02-26,2026-02-28,2,Dinkes Tetapkan Dugaan Keracunan Makanan Bergizi Gratis Aceh Selatan sebagai KLB - merdeka.com,False
a8b6e80bd286,https://daerahpost.com/polhukam/diduga-keracunan-burger-mbg-siswa-min-2-ketahun-tutup-usia-di-rs-bhayangkara-bengkulu/,https://daerahpost.com/polhukam/diduga-keracunan-burger-mbg-siswa-min-2-ketahun-tutup-usia-di-rs-bhayangkara-bengkulu/,2026-02-26,2026-03-02,4,"Diduga Keracunan Burger MBG, Siswa MIN 2 Ketahun Tutup Usia di RS Bhayangkara Bengkulu",False
e474188d3696,https://www.victorynews.id/nasional/33116819723/ratusan-siswa-sman-1-insana-alami-gejala-keracunan-usai-santap-menu-mbg-dari-sppg-susulaku,https://www.victorynews.id/nasional/33116819723/ratusan-siswa-sman-1-insana-alami-gejala-keracunan-usai-santap-menu-mbg-dari-sppg-susulaku,2026-03-04,2026-03-05,1,Ratusan Siswa SMAN 1 Insana Alami Gejala Keracunan Usai Santap Menu MBG dari SPPG Susulaku - Victory News,False
f7e5f9a64e6f,https://www.detik.com/jatim/berita/d-8386411/31-santri-di-jombang-keracunan-usai-santap-telur-asin-mbg,https://www.detik.com/jatim/berita/d-8386411/31-santri-di-jombang-keracunan-usai-santap-telur-asin-mbg,2026-03-05,2026-03-05,0,31 Santri di Jombang Keracunan Usai Santap Telur Asin MBG,False
380047def5fa,https://lingkarjabar.com/puluhan-santri-dan-guru-di-sukabumi-diduga-keracunan-usai-santap-program-mbg-47-orang-sempat-alami-keluhan/,https://lingkarjabar.com/puluhan-santri-dan-guru-di-sukabumi-diduga-keracunan-usai-santap-program-mbg-47-orang-sempat-alami-keluhan/,2026-03-06,2026-03-11,5,"Puluhan Santri dan Guru di Sukabumi Diduga Keracunan Usai Santap Program MBG, 47 Orang Sempat Alami Keluhan - Lingkar Jabar",False
d0139f8ed60c,https://www.cirebonraya.com/ciayumajakuning/43716855496/usai-santap-roti-dan-makanan-mbg-diduga-keracunan-siswi-sma-negeri-1-jamblang-cirebon-dilarikan-ke-rumah-sakit,https://www.cirebonraya.com/ciayumajakuning/43716855496/usai-santap-roti-dan-makanan-mbg-diduga-keracunan-siswi-sma-negeri-1-jamblang-cirebon-dilarikan-ke-rumah-sakit,2026-03-10,2026-03-12,2,"Usai Santap Roti dan Makanan MBG, Diduga Keracunan, Siswi SMA Negeri 1 Jamblang, Cirebon Dilarikan ke Rumah Sakit - Cirebon Raya",False
ce2cc8245216,https://www.detik.com/sulsel/berita/d-8425094/17-siswa-sd-di-enrekang-muntah-diare-usai-santap-mbg,https://www.detik.com/sulsel/berita/d-8425094/17-siswa-sd-di-enrekang-muntah-diare-usai-santap-mbg,2026-03-31,2026-04-01,1,17 Siswa SD di Enrekang Muntah-Diare Usai Santap MBG,False
1de41b0f0355,https://mediakrimsustnipolri.com/kabar-terkini/diduga-keracunan-susu-program-mbg-puluhan-siswa-di-bantaeng-dilarikan-ke-puskesmas/,https://mediakrimsustnipolri.com/kabar-terkini/diduga-keracunan-susu-program-mbg-puluhan-siswa-di-bantaeng-dilarikan-ke-puskesmas/,2026-04-01,2026-04-02,1,"Diduga Keracunan Susu Program MBG, Puluhan Siswa di Bantaeng Dilarikan ke Puskesmas",False
83889ffd419f,https://jatim.wartaglobal.id/2026/04/insiden-murid-keracunan-program-mbg-di.html,https://jatim.wartaglobal.id/2026/04/insiden-murid-keracunan-program-mbg-di.html,2026-04-07,2026-04-07,0,"Insiden murid Keracunan Program MBG di SDN Mojokendil ,Menuai Protes keras Puguh Santoso (Aktivis Peduli Nganjuk)",False
74c3e7597788,https://www.detik.com/jabar/berita/d-8435452/107-warga-diduga-keracunan-mbg-sppg-menu-sama-sekolah-nihil-keluhan,https://www.detik.com/jabar/berita/d-8435452/107-warga-diduga-keracunan-mbg-sppg-menu-sama-sekolah-nihil-keluhan,2026-04-06,2026-04-08,2,"107 Warga Diduga Keracunan MBG, SPPG: Menu Sama, Sekolah Nihil Keluhan",False
4a8b96182d3d,https://www.detik.com/jogja/berita/d-8437025/19-murid-sd-diduga-keracunan-mbg-sppg-ditutup-sementara,https://www.detik.com/jogja/berita/d-8437025/19-murid-sd-diduga-keracunan-mbg-sppg-ditutup-sementara,2026-04-08,2026-04-09,1,"19 Murid SD Diduga Keracunan MBG, SPPG Ditutup Sementara",False
c983500b35fc,https://www.detik.com/jateng/berita/d-8436385/murid-smkn-1-klaten-diduga-keracunan-usai-makan-mi-ayam-mbg,https://www.detik.com/jateng/berita/d-8436385/murid-smkn-1-klaten-diduga-keracunan-usai-makan-mi-ayam-mbg,2026-04-08,2026-04-09,1,Murid SMKN 1 Klaten Diduga Keracunan Usai Makan Mi Ayam MBG,False
4ecb88db9eca,https://jambitv.disway.id/kota-jambi/read/13307/heboh-dugaan-keracunan-mbg-di-smpn-7-kota-jambi-ini-fakta-dan-klarifikasi-sekolah,https://jambitv.disway.id/kota-jambi/read/13307/heboh-dugaan-keracunan-mbg-di-smpn-7-kota-jambi-ini-fakta-dan-klarifikasi-sekolah,2026-04-09,2026-04-10,1,"Heboh Dugaan Keracunan MBG di SMPN 7 Kota Jambi, Ini Fakta dan Klarifikasi Sekolah",False
bb2f929011a4,https://jatim.suaramerdeka.com/jatim/108816976765/sejumlah-siswa-di-mojokerto-diduga-keracunan-usai-makan-menu-mbg,https://jatim.suaramerdeka.com/jatim/108816976765/sejumlah-siswa-di-mojokerto-diduga-keracunan-usai-makan-menu-mbg,2026-04-09,2026-04-10,1,Sejumlah Siswa di Mojokerto Diduga Keracunan Usai Makan Menu MBG - Suara Merdeka Jatim,False
d9694521d669,https://banten.akurat.co/news/848143/puluhan-siswa-keracunan-di-kecamatan-pinang-kota-tangerang-wahidin-halim-semprot-yayasan-banten-hebat,https://banten.akurat.co/news/848143/puluhan-siswa-keracunan-di-kecamatan-pinang-kota-tangerang-wahidin-halim-semprot-yayasan-banten-hebat,2026-04-08,2026-04-12,4,"Puluhan Siswa Keracunan di Kecamatan Pinang Kota Tangerang, Wahidin Halim Semprot Yayasan Banten Hebat",False
e1c059d209f2,https://priangan.com/pasca-119-siswa-terdampak-suplai-mbg-di-sman-1-cisayong-dihentikan-total/,https://priangan.com/pasca-119-siswa-terdampak-suplai-mbg-di-sman-1-cisayong-dihentikan-total/,2026-04-08,2026-04-13,5,"Pasca 119 Siswa Terdampak, Suplai MBG di SMAN 1 Cisayong Dihentikan Total",False
6043980bc5a5,https://koranlombok.id/2026/04/14/bgn-cabut-suspend-tujuh-sppg-muncul-11-korban-dugaan-keracunan-mbg-di-prai-meke/,https://koranlombok.id/2026/04/14/bgn-cabut-suspend-tujuh-sppg-muncul-11-korban-dugaan-keracunan-mbg-di-prai-meke/,2026-04-10,2026-04-14,4,"BGN Cabut Suspend Tujuh SPPG, Muncul 11 Korban Dugaan Keracunan MBG di Prai Meke - koranlombok.id",False
607a2b77b7eb,https://www.pojoksatu.id/nasional/1087357559/geger-80-siswa-dan-guru-di-bantul-diduga-keracunan-makan-bergizi-gratis-gejalanya-muncul-sehari-setelah-makan,https://www.pojoksatu.id/nasional/1087357559/geger-80-siswa-dan-guru-di-bantul-diduga-keracunan-makan-bergizi-gratis-gejalanya-muncul-sehari-setelah-makan,2026-04-13,2026-04-15,2,"Geger! 80 Siswa dan Guru di Bantul Diduga Keracunan Makan Bergizi Gratis, Gejalanya Muncul Sehari Setelah Makan - Pojok Satu",False
62785e11e1b5,https://memorandum.disway.id/madiun/read/156554/diduga-keracunan-mbg-belasan-siswa-sdn-1-demangan-madiun-dilarikan-ke-rumah-sakit,https://memorandum.disway.id/madiun/read/156554/diduga-keracunan-mbg-belasan-siswa-sdn-1-demangan-madiun-dilarikan-ke-rumah-sakit,2026-04-16,2026-04-16,0,"Diduga Keracunan MBG, Belasan Siswa SDN 1 Demangan Madiun Dilarikan ke Rumah Sakit",False
692cb35cc10e,https://www.detik.com/jatim/berita/d-8447730/17-warga-di-bojonegoro-keracunan-usai-santap-menu-mbg-ada-ibu-hamil,https://www.detik.com/jatim/berita/d-8447730/17-warga-di-bojonegoro-keracunan-usai-santap-menu-mbg-ada-ibu-hamil,2026-04-15,2026-04-16,1,"17 Warga di Bojonegoro Keracunan Usai Santap Menu MBG, Ada Ibu Hamil",False
0369902538ec,https://www.lensapurwakarta.com/saba-desa/28517009190/46-warga-desa-cariumulya-kabupaten-karawang-diduga-keracunan-mbg-korban-merasa-pusing-dan-mual,https://www.lensapurwakarta.com/saba-desa/28517009190/46-warga-desa-cariumulya-kabupaten-karawang-diduga-keracunan-mbg-korban-merasa-pusing-dan-mual,2026-04-17,2026-04-17,0,46 Warga Desa Cariumulya Kabupaten Karawang Diduga Keracunan MBG Korban Merasa Pusing dan Mual - Lensa Purwakarta,False
8ae56e72e45c,https://www.suara.com/news/2026/04/17/213500/49-siswa-di-cilegon-diduga-keracunan-mbg-polisi-telusuri-sisa-makanan-hingga-darah-korban,https://www.suara.com/news/2026/04/17/213500/49-siswa-di-cilegon-diduga-keracunan-mbg-polisi-telusuri-sisa-makanan-hingga-darah-korban,2026-04-16,2026-04-17,1,"49 Siswa di Cilegon Diduga Keracunan MBG, Polisi Telusuri Sisa Makanan Hingga Darah Korban",False
add23f2fed11,https://www.nabirenews.com/kesehatan/2622532683/kronologi-7-siswa-sd-inpres-oyehe-diduga-keracunan-mbg-sempat-dirawat-di-klinik,https://www.nabirenews.com/kesehatan/2622532683/kronologi-7-siswa-sd-inpres-oyehe-diduga-keracunan-mbg-sempat-dirawat-di-klinik,2026-04-16,2026-04-17,1,"KRONOLOGI 7 Siswa SD Inpres Oyehe Diduga Keracunan MBG, Sempat Dirawat di Klinik - Nabirenews.com",False
c8688d8ea8c6,https://pacitanku.com/2026/04/18/bakteri-jadi-biang-keracunan-dprd-pacitan-desak-evaluasi-total-mbg/,https://pacitanku.com/2026/04/18/bakteri-jadi-biang-keracunan-dprd-pacitan-desak-evaluasi-total-mbg/,2026-04-09,2026-04-18,9,"Bakteri Jadi Biang Keracunan, DPRD Desak Evaluasi Total MBG",False
9e08be7dbe63,https://regional.kompas.com/read/2026/04/19/174048678/ratusan-santri-demak-diduga-keracunan-usai-santap-mbg?page=all,https://regional.kompas.com/read/2026/04/19/174048678/ratusan-santri-demak-diduga-keracunan-usai-santap-mbg?page=all,2026-04-18,2026-04-19,1,Ratusan Santri Demak Diduga Keracunan Usai Santap MBG,False
d69cc19d5e15,https://rri.co.id/banten/nasional/2351429/dugaan-keracunan-mbg-kembali-terjadi-di-kota-cilegon,https://rri.co.id/banten/nasional/2351429/dugaan-keracunan-mbg-kembali-terjadi-di-kota-cilegon,2026-04-20,2026-04-21,1,Dugaan Keracunan MBG Kembali Terjadi di Kota Cilegon - RRI.co.id,False
ba1d142541fe,https://semarang.viva.co.id/berita/6843-diduga-keracun22-siswa-sd-di-rembang-dilarikan-ke-puskesmas-setelah-makan-menu-mbg,https://semarang.viva.co.id/berita/6843-diduga-keracun22-siswa-sd-di-rembang-dilarikan-ke-puskesmas-setelah-makan-menu-mbg,2026-04-21,2026-04-22,1,22 Siswa SD di Rembang Dilarikan ke Puskesmas Setelah Makan Menu MBG,False
4da5c5be60ee,https://www.radarbanten.co.id/2026/04/23/keracunan-mbg-terjadi-lagi-kini-menimpa-11-siswa-smp-pgri-cilegon/,https://www.radarbanten.co.id/2026/04/23/keracunan-mbg-terjadi-lagi-kini-menimpa-11-siswa-smp-pgri-cilegon/,2026-04-22,2026-04-23,1,"Keracunan MBG Terjadi Lagi, Kini Menimpa 11 Siswa SMP PGRI Cilegon - radarbanten.co.id",False
99ce90035029,https://www.detik.com/jatim/berita/d-8458292/kondisi-terkini-belasan-siswa-di-sampang-yang-gatal-gatal-usai-santap-mbg,https://www.detik.com/jatim/berita/d-8458292/kondisi-terkini-belasan-siswa-di-sampang-yang-gatal-gatal-usai-santap-mbg,2026-04-22,2026-04-23,1,Kondisi Terkini Belasan Siswa di Sampang yang Gatal-gatal Usai Santap MBG,False
2ca4ba8f3aa4,https://kupastuntas.co/2026/04/24/ratusan-siswa-sman-6-diduga-keracunan-mbg-dapur-way-lunik-disetop-sementara,https://kupastuntas.co/2026/04/24/ratusan-siswa-sman-6-diduga-keracunan-mbg-dapur-way-lunik-disetop-sementara,2026-04-22,2026-04-24,2,"Ratusan Siswa SMAN 6 Diduga Keracunan MBG, Dapur Way Lunik Disetop Sementara",False
99a94e42c82b,https://www.detik.com/jatim/berita/d-8460176/siswa-di-3-sd-kediri-keracunan-mbg-walkot-vinanda-perintahkan-investigasi,https://www.detik.com/jatim/berita/d-8460176/siswa-di-3-sd-kediri-keracunan-mbg-walkot-vinanda-perintahkan-investigasi,2026-04-22,2026-04-24,2,"Siswa di 3 SD Kediri Keracunan MBG, Walkot Vinanda Perintahkan Investigasi",False
b3dacbf8a241,https://updatesulsel.id/28-siswa-keracunan-mbg-di-bontomanai-jeneponto-diminta-ditutup-sementara/,https://updatesulsel.id/28-siswa-keracunan-mbg-di-bontomanai-jeneponto-diminta-ditutup-sementara/,2026-04-23,2026-04-24,1,"28 Siswa Keracunan, MBG di Bontomanai Jeneponto Diminta Ditutup Sementara • Update Sulsel",False
82b3bbe49131,https://cianjurekspres.disway.id/metropolis/read/20790/balita-keracunan-diduga-usai-santap-mbg-di-leles-cianjur-meninggal-dunia,https://cianjurekspres.disway.id/metropolis/read/20790/balita-keracunan-diduga-usai-santap-mbg-di-leles-cianjur-meninggal-dunia,2026-04-17,2026-04-26,9,Balita Keracunan Diduga Usai Santap MBG di Leles Cianjur Meninggal Dunia,False
2aeebf64029c,https://kicknews.today/keracunan-massal-mbg-di-lombok-timur-bertambah-ibu-hamil-ikut-dirawat/,https://kicknews.today/keracunan-massal-mbg-di-lombok-timur-bertambah-ibu-hamil-ikut-dirawat/,2026-04-24,2026-04-27,3,"Keracunan massal MBG di Lombok Timur bertambah, ibu hamil ikut dirawat - kicknews.today",False
c8beaca492d4,https://beritaborneo.com/main/61-korban-keracunan-dprd-kalsel-minta-sistem-mbg-dibongkar-ulang/,https://beritaborneo.com/main/61-korban-keracunan-dprd-kalsel-minta-sistem-mbg-dibongkar-ulang/,2026-04-23,2026-04-28,5,"61 Korban Keracunan, DPRD Kalsel Minta Sistem MBG Dibongkar Ulang",False
5ac30e8e1778,https://regional.kompas.com/read/2026/04/30/224346078/diduga-keracunan-mbg-37-siswa-dan-6-guru-di-kabupaten-timor-tengah-selatan?,https://regional.kompas.com/read/2026/04/30/224346078/diduga-keracunan-mbg-37-siswa-dan-6-guru-di-kabupaten-timor-tengah-selatan?,2026-04-29,2026-04-30,1,"Diduga Keracunan MBG, 37 Siswa dan 6 Guru di Kabupaten Timor Tengah Selatan Dirawat",False
64a6489d8ae4,https://inspirasitoday.com/ratusan-siswa-smkn-3-batam-diduga-keracunan-mbg-banyak-yang-sakit-perut/,https://inspirasitoday.com/ratusan-siswa-smkn-3-batam-diduga-keracunan-mbg-banyak-yang-sakit-perut/,2026-04-29,2026-04-30,1,"Ratusan Siswa SMKN 3 Batam Diduga Keracunan MBG, Banyak yang Sakit Perut - Inspirasi Today",False
ab10534b1848,https://selatanindonesia.com/diduga-keracunan-mbg-lebih-dari-100-anak-di-sumba-tengah-dilarikan-ke-fasilitas-kesehatan/,https://selatanindonesia.com/diduga-keracunan-mbg-lebih-dari-100-anak-di-sumba-tengah-dilarikan-ke-fasilitas-kesehatan/,2026-04-30,2026-04-30,0,"Diduga Keracunan MBG, Lebih dari 100 Anak di Sumba Tengah Dilarikan ke Fasilitas Kesehatan - SI | Selatan Indonesia",False
efddb0542965,https://jateng.harianjogja.com/read/2026/04/30/648/1254508/584-siswa-dan-guru-di-klaten-diduga-keracunan-mbg,https://jateng.harianjogja.com/read/2026/04/30/648/1254508/584-siswa-dan-guru-di-klaten-diduga-keracunan-mbg,2026-04-28,2026-04-30,2,584 Siswa dan Guru di Klaten Diduga Keracunan MBG,False
90667f00209a,https://www.hariansib.com/Marsipature-Hutanabe/443537/11-pelajar-sd-diduga-keracunan-mbg-di-deliserdang/,https://www.hariansib.com/Marsipature-Hutanabe/443537/11-pelajar-sd-diduga-keracunan-mbg-di-deliserdang/,2026-04-28,2026-05-02,4,11 Pelajar SD Diduga Keracunan MBG di Deliserdang,False
b78dbec6715c,https://www.rinews.id/dugaan-keracunan-massal-mbg-di-smkn-1-jatiroto-ratusan-siswa-dan-guru-alami-diare-penyebab-masih-diselidiki/,https://www.rinews.id/dugaan-keracunan-massal-mbg-di-smkn-1-jatiroto-ratusan-siswa-dan-guru-alami-diare-penyebab-masih-diselidiki/,2026-05-06,2026-05-08,2,"PORTAL BERITA INDONESIA | Berita hari ini | Dugaan Keracunan Massal MBG di SMKN 1 Jatiroto: Ratusan Siswa dan Guru Alami Diare, Penyebab Masih Diselidiki - RI NEWS",False
70aa8a5f74b7,https://news.detik.com/berita/d-8481654/252-siswa-di-jaktim-diduga-keracunan-mbg-alami-gejala-usai-makan-pangsit-tahu,https://news.detik.com/berita/d-8481654/252-siswa-di-jaktim-diduga-keracunan-mbg-alami-gejala-usai-makan-pangsit-tahu,2026-05-08,2026-05-09,1,"252 Siswa di Jaktim Diduga Keracunan MBG, Alami Gejala Usai Makan Pangsit Tahu",False
a1259dd54ae4,https://penafaktual.com/sakit-perut-hingga-muntah-muntah-11-siswa-sd-di-kolaka-tumbang-usai-makan-program-mbg/,https://penafaktual.com/sakit-perut-hingga-muntah-muntah-11-siswa-sd-di-kolaka-tumbang-usai-makan-program-mbg/,2026-05-09,2026-05-09,0,"Sakit Perut hingga Muntah-muntah, 11 Siswa SD di Kolaka Tumbang Usai Makan Program MBG",False
9f77f162bebb,https://cianjurekspres.disway.id/metropolis/read/20901/belasan-siswa-sd-di-pagelaran-cianjur-diduga-keracunan-usai-konsumsi-mbg-dan-jajanan-es,https://cianjurekspres.disway.id/metropolis/read/20901/belasan-siswa-sd-di-pagelaran-cianjur-diduga-keracunan-usai-konsumsi-mbg-dan-jajanan-es,2026-05-13,2026-05-13,0,"Belasan Siswa SD di Pagelaran Cianjur Diduga Keracunan, Usai Konsumsi MBG dan Jajanan Es",False
a9a45b4b9941,https://atlasnews.id/daerah/geger-23-siswa-di-kupang-barat-diduga-keracunan-mbg-puskesmas-batakte-sigap-beri-pertolongan-pertama/,https://atlasnews.id/daerah/geger-23-siswa-di-kupang-barat-diduga-keracunan-mbg-puskesmas-batakte-sigap-beri-pertolongan-pertama/,2026-05-13,2026-05-13,0,"Geger! 23 Siswa Di Kupang Barat Diduga Keracunan MBG, Puskesmas Batakte Sigap Beri Pertolongan Pertama - AtlasNews.ID",False
58e072a43fd4,https://www.detik.com/jatim/berita/d-8489569/keracunan-mbg-210-siswa-surabaya-bongkar-banyak-sppg-tak-kantongi-slhs,https://www.detik.com/jatim/berita/d-8489569/keracunan-mbg-210-siswa-surabaya-bongkar-banyak-sppg-tak-kantongi-slhs,2026-05-11,2026-05-15,4,Keracunan MBG 210 Siswa Surabaya Bongkar Banyak SPPG Tak Kantongi SLHS,False
20a05ccec68a,https://prianganinsider.pikiran-rakyat.com/priangan/pr-38310221715/heboh-di-garut-program-mbg-berujung-dugaan-keracunan-massal-orang-tua-panik,https://prianganinsider.pikiran-rakyat.com/priangan/pr-38310221715/heboh-di-garut-program-mbg-berujung-dugaan-keracunan-massal-orang-tua-panik,2026-05-21,2026-05-21,0,"Heboh di Garut! Program MBG Berujung Dugaan Keracunan Massal, Orang Tua Panik - Priangan Insider",False
70feadd7d4f5,https://mataexpose.co.id/post/15-siswa-sd-di-sambas-diduga-alami-keracunan-usai-santap-menu-makan-bergizi-gratis-investigasi-dapur-mitra-dimulai,https://mataexpose.co.id/post/15-siswa-sd-di-sambas-diduga-alami-keracunan-usai-santap-menu-makan-bergizi-gratis-investigasi-dapur-mitra-dimulai,2026-05-22,2026-05-22,0,"15 Siswa SD di Sambas Diduga Alami Keracunan Usai Santap Menu Makan Bergizi Gratis, Investigasi Dapur Mitra Dimulai",False
66b3ebb5db92,https://megapolitan.kompas.com/read/2026/05/26/15212251/116-siswa-smp-di-grogol-jakbar-diduga-keracunan-usai-santap-mbg,https://megapolitan.kompas.com/read/2026/05/26/15212251/116-siswa-smp-di-grogol-jakbar-diduga-keracunan-usai-santap-mbg,2026-05-22,2026-05-26,4,116 Siswa SMP di Grogol Jakbar Diduga Keracunan Usai Santap MBG,False
e9936e468e90,https://www.detik.com/jabar/cirebon-raya/d-8512997/sppg-di-talaga-majalengka-disetop-sementara-usai-22-siswa-dirawat-rs,https://www.detik.com/jabar/cirebon-raya/d-8512997/sppg-di-talaga-majalengka-disetop-sementara-usai-22-siswa-dirawat-rs,2026-05-29,2026-06-01,3,SPPG di Talaga Majalengka Disetop Sementara Usai 22 Siswa Dirawat RS,False
b75515ac0ef7,https://betv.disway.id/daerah/read/73679/bertambah-menjadi-16-orang-korban-keracunan-mbg-di-kepahiang-termasuk-guru-dan-penjaga-sekolah,https://betv.disway.id/daerah/read/73679/bertambah-menjadi-16-orang-korban-keracunan-mbg-di-kepahiang-termasuk-guru-dan-penjaga-sekolah,2026-06-04,2026-06-04,0,"Bertambah Menjadi 16 Orang, Korban Keracunan MBG di Kepahiang Termasuk Guru dan Penjaga Sekolah",False
41042cccf8cb,https://www.detik.com/jatim/berita/d-8518917/total-84-siswa-sman-1-kokop-bangkalan-keracunan-mbg-12-masih-dirawat,https://www.detik.com/jatim/berita/d-8518917/total-84-siswa-sman-1-kokop-bangkalan-keracunan-mbg-12-masih-dirawat,2026-06-04,2026-06-05,1,"Total 84 Siswa SMAN 1 Kokop Bangkalan Keracunan MBG, 12 Masih Dirawat",False
295843dc6bd2,https://atlasnews.id/daerah/diduga-keracunan-mbg-delapan-siswa-dan-seorang-guru-di-takari-jalani-observasi-medis/,https://atlasnews.id/daerah/diduga-keracunan-mbg-delapan-siswa-dan-seorang-guru-di-takari-jalani-observasi-medis/,2026-06-06,2026-06-07,1,"Diduga Keracunan MBG, Delapan Siswa Dan Seorang Guru Di Takari Jalani Observasi Medis - AtlasNews.ID",False
2a137651f484,https://regional.espos.id/23-siswa-sd-di-bantul-diduga-keracunan-mbg-sampel-makanan-diuji-lab-2213609,https://regional.espos.id/23-siswa-sd-di-bantul-diduga-keracunan-mbg-sampel-makanan-diuji-lab-2213609,2026-05-06,2026-06-07,32,"23 Siswa SD di Bantul Diduga Keracunan MBG, Sampel Makanan Diuji Lab",False
f07891896c12,https://www.liputan6.com/regional/read/7894521/ibu-dan-dua-anak-diduga-keracunan-susu-mbg-ini-kata-pengelola-sppg,https://www.liputan6.com/regional/read/7894521/ibu-dan-dua-anak-diduga-keracunan-susu-mbg-ini-kata-pengelola-sppg,2026-06-18,2026-06-21,3,"Ibu dan Dua Anak Diduga Keracunan Susu MBG, Ini Kata Pengelola SPPG",False
88fdcb9f057d,https://beritajatim.com/diduga-keracunan-makanan-mbg-14-siswa-sman-1-pandaan-mual-dan-muntah-9-dilarikan-ke-igd,https://beritajatim.com/diduga-keracunan-makanan-mbg-14-siswa-sman-1-pandaan-mual-dan-muntah-9-dilarikan-ke-igd,2026-07-22,2026-07-22,0,"Diduga Keracunan Makanan MBG, 14 Siswa SMAN 1 Pandaan Mual dan Muntah, 9 Dilarikan ke IGD | beritajatim.com",False
c9b77e81e7e2,https://transtwonews.com/2026/07/sebanyak-117-orang-diduga-keracunan-makan-bergizi-gratis-kembali-terulang-di-garut-jawa-barat/,https://transtwonews.com/2026/07/sebanyak-117-orang-diduga-keracunan-makan-bergizi-gratis-kembali-terulang-di-garut-jawa-barat/,2026-07-22,2026-07-23,1,Sebanyak 117 Orang Diduga Keracunan Makan BerGizi Gratis Kembali Terulang Di Garut Jawa Barat. | transtwonews.com,False
e1bb389ecb23,https://www.detik.com/sumbagsel/berita/d-8588523/puluhan-siswa-guru-sd-di-pesawaran-keracunan-diduga-usai-santap-menu-mbg,https://www.detik.com/sumbagsel/berita/d-8588523/puluhan-siswa-guru-sd-di-pesawaran-keracunan-diduga-usai-santap-menu-mbg,2026-07-24,2026-07-24,0,Puluhan Siswa-Guru SD di Pesawaran Keracunan Diduga Usai Santap Menu MBG,False
562170129a08,https://kediritangguh.co/update-keracunan-211-orang-alami-gejala-usai-santap-mbg-di-kediri-kadinkes-penghentian-sppg-kewenangan-bgn/,https://kediritangguh.co/update-keracunan-211-orang-alami-gejala-usai-santap-mbg-di-kediri-kadinkes-penghentian-sppg-kewenangan-bgn/,2026-07-23,2026-07-27,4,"UPDATE KERACUNAN! 211 Orang Alami Gejala Usai Santap MBG di Kediri, Kadinkes: Penghentian SPPG Kewenangan BGN",False
e2f6882a2681,https://afu.id/nusantara/33-siswa-sdn-kauman-1-malang-keracunan-distribusi-mbg-dihentikan-usai-temuan-e-coli,https://afu.id/nusantara/33-siswa-sdn-kauman-1-malang-keracunan-distribusi-mbg-dihentikan-usai-temuan-e-coli,2026-07-21,2026-07-28,7,"Puluhan Siswa SDN Kauman 1 Malang Keracunan, Distribusi MBG Dihentikan usai Temuan E. coli | AFU.id",False
ce521f01ce91,https://jabar.idntimes.com/news/jawa-barat/puluhan-siswa-sd-di-sukabumi-keracunan-susu-mbg-diduga-kedaluwarsa-00-6snxf-yg9t08,https://jabar.idntimes.com/news/jawa-barat/puluhan-siswa-sd-di-sukabumi-keracunan-susu-mbg-diduga-kedaluwarsa-00-6snxf-yg9t08,2026-07-28,2026-07-29,1,"Puluhan Siswa SD di Sukabumi Keracunan Susu MBG, Diduga Kedaluwarsa",False
3224be6a304e,https://eksposkaltim.com/berita-18043-dugaan-keracunan-massal-mbg-di-kukar-puluhan-pelajar-dilarikan-ke-puskesmas-.html,https://eksposkaltim.com/berita-18043-dugaan-keracunan-massal-mbg-di-kukar-puluhan-pelajar-dilarikan-ke-puskesmas-.html,2026-08-03,2026-08-03,0,"EKSPOSKALTIM - Dugaan Keracunan Massal MBG di Kukar, Puluhan Pelajar Dilarikan ke Puskesmas",False
74c2d534b0b3,https://www.detik.com/kalimantan/berita/d-8601733/sppg-di-seruyan-dihentikan-usai-156-penerima-mbg-diduga-keracunan,https://www.detik.com/kalimantan/berita/d-8601733/sppg-di-seruyan-dihentikan-usai-156-penerima-mbg-diduga-keracunan,2026-07-28,2026-08-03,6,SPPG di Seruyan Dihentikan Usai 156 Penerima MBG Diduga Keracunan,False
324416f4b9ad,https://www.rmoljawatengah.id/korban-dugaan-keracunan-mbg-rembang-bertambah-jadi-299-orang,https://www.rmoljawatengah.id/korban-dugaan-keracunan-mbg-rembang-bertambah-jadi-299-orang,2026-08-05,2026-08-06,1,Korban Dugaan Keracunan MBG Rembang Bertambah Jadi 299 Orang,False
4cbdaced5c07,https://inilahcianjur.com/2026/08/250-siswa-tumbang-usai-santap-mbg-dugaan-keracunan-gegerkan-warungkondang/,https://inilahcianjur.com/2026/08/250-siswa-tumbang-usai-santap-mbg-dugaan-keracunan-gegerkan-warungkondang/,2026-08-06,2026-08-08,2,"250 Siswa Tumbang Usai Santap MBG, Dugaan Keracunan Gegerkan Warungkondang - INILAH CIANJUR || www.inilahcianjur.com",False
6f217b526d2b,https://www.detik.com/jateng/berita/d-8609653/korban-keracunan-mbg-di-candimulyo-magelang-capai-28-orang,https://www.detik.com/jateng/berita/d-8609653/korban-keracunan-mbg-di-candimulyo-magelang-capai-28-orang,2026-08-07,2026-08-08,1,Korban Keracunan MBG di Candimulyo Magelang Capai 28 Orang,False
8b743b5fbe0c,https://www.detik.com/kalimantan/berita/d-8614428/puluhan-siswa-di-bontang-sakit-usai-santap-mbg-2-kepala-sppg-dicopot,https://www.detik.com/kalimantan/berita/d-8614428/puluhan-siswa-di-bontang-sakit-usai-santap-mbg-2-kepala-sppg-dicopot,2026-08-05,2026-08-11,6,"Puluhan Siswa di Bontang Sakit Usai Santap MBG, 2 Kepala SPPG Dicopot",False
685a4ffe0206,https://www.detik.com/jateng/berita/d-8615906/165-siswa-man-2-banyumas-diduga-keracunan-mbg-104-masih-bergejala,https://www.detik.com/jateng/berita/d-8615906/165-siswa-man-2-banyumas-diduga-keracunan-mbg-104-masih-bergejala,2026-08-10,2026-08-12,2,"165 Siswa MAN 2 Banyumas Diduga Keracunan MBG, 104 Masih Bergejala",False
290cf9f5f626,https://pekanbaru.inews.id/read/709211/puluhan-siswa-sd-di-dumai-keracunan-mbg,https://pekanbaru.inews.id/read/709211/puluhan-siswa-sd-di-dumai-keracunan-mbg,2026-08-13,2026-08-13,0,Puluhan Siswa SD di Dumai Keracunan MBG,False
78a530b0cdb9,https://www.detik.com/jatim/berita/d-8616277/jumlah-siswa-keracunan-mbg-di-trenggalek-bertambah-ada-yang-rawat-inap,https://www.detik.com/jatim/berita/d-8616277/jumlah-siswa-keracunan-mbg-di-trenggalek-bertambah-ada-yang-rawat-inap,2026-08-11,2026-08-13,2,"Jumlah Siswa Keracunan MBG di Trenggalek Bertambah, Ada yang Rawat Inap",False
8088f2e955d1,https://sukabumisatu.com/dugaan-keracunan-massal-mbg-di-ponpes-baiti-jannati-sukabumi-134-santri-tumbang-pengawasan-penyedia-makanan-dipertanyakan/,https://sukabumisatu.com/dugaan-keracunan-massal-mbg-di-ponpes-baiti-jannati-sukabumi-134-santri-tumbang-pengawasan-penyedia-makanan-dipertanyakan/,2026-08-14,2026-08-15,1,"Dugaan Keracunan Massal MBG di Ponpes Baiti Jannati Sukabumi: 134 Santri Tumbang, Pengawasan Penyedia Makanan Dipertanyakan - Sukabumisatu.com",False
aa28868fd059,https://news.harianjogja.com/r-1267563/361-siswa-diduga-keracunan-mbg-di-karo-1-dirawat-intensif-di-medan,https://news.harianjogja.com/r-1267563/361-siswa-diduga-keracunan-mbg-di-karo-1-dirawat-intensif-di-medan,2026-08-13,2026-08-16,3,"361 Siswa Diduga Keracunan MBG di Karo, 1 Dirawat Intensif di Medan",False
bb93f1261249,https://portal.banggaikep.go.id/puluhan-siswa-di-banggai-kepulauan-diduga-keracunan-usai-santap-mbg-pemda-bangkep-turun-ke-lokasi/,https://portal.banggaikep.go.id/puluhan-siswa-di-banggai-kepulauan-diduga-keracunan-usai-santap-mbg-pemda-bangkep-turun-ke-lokasi/,2026-08-20,2026-08-20,0,Website Kabupaten Banggai kepulauan,False
1c99ac369afe,https://www.detik.com/jateng/berita/d-8629066/seratusan-murid-guru-2-smpn-di-boyolali-diduga-keracunan-mbg,https://www.detik.com/jateng/berita/d-8629066/seratusan-murid-guru-2-smpn-di-boyolali-diduga-keracunan-mbg,2026-08-21,2026-08-21,0,Seratusan Murid-Guru 2 SMPN di Boyolali Diduga Keracunan MBG,False
04f4d3657036,https://memorandum.disway.id/jatim/read/168455/tragedi-ratusan-siswa-jadi-korban-keracunan-mbg-fraksi-pdip-dprd-jatim-desak-evaluasi-total-tata-kelola-sppg,https://memorandum.disway.id/jatim/read/168455/tragedi-ratusan-siswa-jadi-korban-keracunan-mbg-fraksi-pdip-dprd-jatim-desak-evaluasi-total-tata-kelola-sppg,2026-07-27,2026-09-03,38,"Tragedi Ratusan Siswa Jadi Korban Keracunan MBG, Fraksi PDIP DPRD Jatim Desak Evaluasi Total Tata Kelola SPPG",False
fc4ffd93b1d9,https://mediaindonesia.com/nusantara/929333/777-siswa-dan-guru-sma-negeri-1-lasem-rembang-diduga-keracunan-makan-bergizi-grati,https://mediaindonesia.com/nusantara/929333/777-siswa-dan-guru-sma-negeri-1-lasem-rembang-diduga-keracunan-makan-bergizi-grati,2026-09-03,2026-09-03,0,777 Siswa dan Guru SMA Negeri 1 Lasem Rembang Diduga Keracunan Makan Bergizi Gratis,False
697ac7f64af7,https://regional.kompas.com/read/2026/09/04/194652378/313-siswa-mim-di-klaten-diduga-keracunan-mbg-76-diperiksa-dan-tak-ada-yang,https://regional.kompas.com/read/2026/09/04/194652378/313-siswa-mim-di-klaten-diduga-keracunan-mbg-76-diperiksa-dan-tak-ada-yang,2026-09-03,2026-09-04,1,"313 Siswa MIM di Klaten Diduga Keracunan MBG, 76 Diperiksa dan Tak Ada yang Dirawat",False
b270efffbc79,https://www.tempo.co/politik/keracunan-mbg-terus-terjadi-kali-ini-terjadi-di-bengkulu-2285541,https://www.tempo.co/politik/keracunan-mbg-terus-terjadi-kali-ini-terjadi-di-bengkulu-2285541,2026-09-04,2026-09-04,0,"Keracunan MBG Terus Terjadi, Kali Ini Terjadi di Bengkulu",False
bcc4eec726a7,https://surabaya.kompas.com/read/2026/09/04/182005678/korban-diduga-keracunan-mbg-di-jombang-bertambah-jadi-260-orang-dinkes,https://surabaya.kompas.com/read/2026/09/04/182005678/korban-diduga-keracunan-mbg-di-jombang-bertambah-jadi-260-orang-dinkes,2026-09-02,2026-09-04,2,"Korban Diduga Keracunan MBG di Jombang Bertambah Jadi 260 Orang, Dinkes Evaluasi SLHS SPPG",False
c3974f9a5bdd,https://sumbarkita.id/korban-keracunan-mbg-di-agam-capai-344-orang-lima-masih-dirawat/,https://sumbarkita.id/korban-keracunan-mbg-di-agam-capai-344-orang-lima-masih-dirawat/,2026-09-02,2026-09-04,2,"Korban Keracunan MBG di Agam Capai 344 Orang, Lima Masih Dirawat - Sumbarkita.id",False
f6d59ebefe97,https://www.detik.com/jatim/berita/d-8648306/korban-keracunan-mbg-di-sidoarjo-jadi-748-orang,https://www.detik.com/jatim/berita/d-8648306/korban-keracunan-mbg-di-sidoarjo-jadi-748-orang,2026-09-01,2026-09-04,3,Korban Keracunan MBG di Sidoarjo Jadi 748 Orang!,False
d7ccc09818e2,https://www.detik.com/jateng/berita/d-8653953/137-siswa-guru-sman-1-tunjungan-blora-keracunan-mbg,https://www.detik.com/jateng/berita/d-8653953/137-siswa-guru-sman-1-tunjungan-blora-keracunan-mbg,2026-09-08,2026-09-08,0,137 Siswa-Guru SMAN 1 Tunjungan Blora Keracunan MBG,False
5487f0c42f28,https://surabaya.kompas.com/read/2026/09/09/162042878/guru-dan-siswa-sd-di-madiun-diduga-keracunan-mbg-dirawat-di-puskesmas-dan,https://surabaya.kompas.com/read/2026/09/09/162042878/guru-dan-siswa-sd-di-madiun-diduga-keracunan-mbg-dirawat-di-puskesmas-dan,2026-09-09,2026-09-09,0,"Guru dan Siswa SD di Madiun Diduga Keracunan MBG, Dirawat di Puskesmas dan RSUD",False
3e08bdb714d6,https://www.cirebonraya.com/nusantara/43717620491/lagi-ratusan-siswa-dan-guru-di-jepara-diduga-keracunan-massal-menu-mbg-operasional-sppg-sekuro-disetop-sementara,https://www.cirebonraya.com/nusantara/43717620491/lagi-ratusan-siswa-dan-guru-di-jepara-diduga-keracunan-massal-menu-mbg-operasional-sppg-sekuro-disetop-sementara,2026-09-07,2026-09-11,4,"Lagi, Ratusan Siswa dan Guru di Jepara Diduga Keracunan Massal Menu MBG, Operasional SPPG Sekuro Disetop Sementara - Cirebon Raya",False
6b16c2552b5c,https://serikatnews.com/korban-keracunan-mbg-di-pati-capai-424-orang/,https://serikatnews.com/korban-keracunan-mbg-di-pati-capai-424-orang/,2026-09-09,2026-09-11,2,Korban Keracunan MBG di Pati Capai 424 Orang - serikatnews.com,False
89b73ceff7a7,https://afu.id/nasional/keracunan-mbg-di-lombok-tengah-masif-352-siswa-sd-jadi-korban-wali-murid-geram-desak-program-dihentikan,https://afu.id/nasional/keracunan-mbg-di-lombok-tengah-masif-352-siswa-sd-jadi-korban-wali-murid-geram-desak-program-dihentikan,2026-09-11,2026-09-11,0,"Keracunan MBG di Lombok Tengah Masif, 352 Siswa SD jadi Korban, Wali Murid Geram Desak Program Dihentikan | AFU.id",False
fcf0be269ac9,https://www.cnnindonesia.com/nasional/20260911180218-20-1402945/keracunan-massal-mbg-toraja-ayam-bumbu-kuning-positif-bakteri,https://www.cnnindonesia.com/nasional/20260911180218-20-1402945/keracunan-massal-mbg-toraja-ayam-bumbu-kuning-positif-bakteri,2026-09-02,2026-09-11,9,"Keracunan Massal MBG Toraja, Ayam Bumbu Kuning Positif Bakteri",False
e2567de0711c,https://info86news.com/5-orang-siswa-smp-swasta-ahmad-dahlan-aek-kanopan-labuhanbatu-utara-diduga-keracuan-usai-mengkonsumsi-mbg/,https://info86news.com/5-orang-siswa-smp-swasta-ahmad-dahlan-aek-kanopan-labuhanbatu-utara-diduga-keracuan-usai-mengkonsumsi-mbg/,2026-09-11,2026-09-12,1,5 Orang Siswa SMP Swasta Ahmad Dahlan Aek Kanopan Labuhanbatu Utara Diduga Keracuan Usai Mengkonsumsi MBG. - Info86News,False
9fcddf7ba6ff,https://medan.kompas.com/read/2026/09/14/162019778/puluhan-siswa-di-asahan-diduga-keracunan-mbg-sejumlah-ompreng-berbau-tak-sedap,https://medan.kompas.com/read/2026/09/14/162019778/puluhan-siswa-di-asahan-diduga-keracunan-mbg-sejumlah-ompreng-berbau-tak-sedap,2026-09-14,2026-09-14,0,"Puluhan Siswa di Asahan Diduga Keracunan MBG, Sejumlah Ompreng Berbau Tak Sedap",False
0a3f3f801c8a,https://afu.id/humaniora/keracunan-mbg-77-siswa-dan-guru-di-trenggalek-alami-diare-massal,https://afu.id/humaniora/keracunan-mbg-77-siswa-dan-guru-di-trenggalek-alami-diare-massal,2026-09-15,2026-09-16,1,"Keracunan MBG, 77 Siswa dan Guru di Trenggalek Alami Diare Massal | AFU.id",False
bdfe93b41b2e,https://www.beritanusa.com/sumatera-utara/2503031129/kembali-terjadi-35-siswa-smkn-1-merdeka-karo-diduga-keracunan-menu-mbg-30-dirawat-di-rs,https://www.beritanusa.com/sumatera-utara/2503031129/kembali-terjadi-35-siswa-smkn-1-merdeka-karo-diduga-keracunan-menu-mbg-30-dirawat-di-rs,2026-09-14,2026-09-16,2,"Kembali Terjadi! 35 Siswa SMKN 1 Merdeka Karo Diduga Keracunan Menu MBG, 30 Dirawat di RS - BeritaNusa.com",False
84203d48e39b,https://lampung.viva.co.id/pendidikan/10127-11-siswa-mi-syamsul-maarif-diduga-keracunan-puskesmas-ketapang-ambil-sampel-dapur-mbg-sppg,https://lampung.viva.co.id/pendidikan/10127-11-siswa-mi-syamsul-maarif-diduga-keracunan-puskesmas-ketapang-ambil-sampel-dapur-mbg-sppg,2026-09-16,2026-09-17,1,"11 Siswa MI Syamsul Maarif Diduga Keracunan, Puskesmas Ketapang Ambil Sampel Dapur MBG-SPPG",False
92c51abaf7b1,https://jogjapolitan.harianjogja.com/r-1271607/kronologi-puluhan-siswa-temon-kulonprogo-keracunan-mbg-menu-diduga-berlendir,https://jogjapolitan.harianjogja.com/r-1271607/kronologi-puluhan-siswa-temon-kulonprogo-keracunan-mbg-menu-diduga-berlendir,2026-09-16,2026-09-17,1,"Kronologi Puluhan Siswa Temon Kulonprogo Keracunan MBG, Menu Diduga Berlendir",False
dce34c3c9c90,https://www.detik.com/jatim/berita/d-8667384/200-siswa-dan-guru-smkn-1-boyolangu-tulungagung-diduga-keracunan-mbg,https://www.detik.com/jatim/berita/d-8667384/200-siswa-dan-guru-smkn-1-boyolangu-tulungagung-diduga-keracunan-mbg,2026-09-16,2026-09-17,1,200 Siswa dan Guru SMKN 1 Boyolangu Tulungagung Diduga Keracunan MBG,False
2d4be4eb8edf,https://www.klikwarta.com/105-siswa-di-tawangmangu-karanganyar-keracunan-menu-mbg-satu-dapur-sppg-ditutup-sementara,https://www.klikwarta.com/105-siswa-di-tawangmangu-karanganyar-keracunan-menu-mbg-satu-dapur-sppg-ditutup-sementara,2025-10-09,2026-09-18,344,"105 Siswa di Tawangmangu Karanganyar Keracunan Menu MBG, Satu Dapur SPPG Ditutup Sementara",True
55227906d5c7,https://afu.id/humaniora/127-siswa-keracunan-usai-santap-mbg-di-pariaman-sppg-ditutup,https://afu.id/humaniora/127-siswa-keracunan-usai-santap-mbg-di-pariaman-sppg-ditutup,2026-09-14,2026-09-18,4,"127 Siswa Keracunan Usai Santap MBG di Pariaman, SPPG Ditutup | AFU.id",True
c2b8e1795155,https://surabaya.kompas.com/read/2026/09/18/113044678/dugaan-keracunan-mbg-di-kediri-meluas-37-siswa-dari-3-sekolah-terdampak,https://surabaya.kompas.com/read/2026/09/18/113044678/dugaan-keracunan-mbg-di-kediri-meluas-37-siswa-dari-3-sekolah-terdampak,2026-09-17,2026-09-18,1,"Dugaan Keracunan MBG di Kediri Meluas, 37 Siswa dari 3 Sekolah Terdampak",True
ca45b5d6d816,https://doorstop.id/enam-siswa-mi-al-arifin-dilarikan-ke-puskesmas-diduga-usai-santap-mbg-guru-temukan-ulat-dalam-susu/,https://doorstop.id/enam-siswa-mi-al-arifin-dilarikan-ke-puskesmas-diduga-usai-santap-mbg-guru-temukan-ulat-dalam-susu/,2026-09-18,2026-09-18,0,"Enam Siswa MI Al-Arifin Dilarikan ke Puskesmas, Diduga Usai Santap MBG, Guru Temukan Ulat dalam Susu – DOORSTOP ID",True
e5eb444e0548,https://www.liputan7.id/berita/2123036685/dugaan-keracunan-susu-program-mbg-di-sdn-maitan-01-pati-dinkes-lakukan-investigasi,https://www.liputan7.id/berita/2123036685/dugaan-keracunan-susu-program-mbg-di-sdn-maitan-01-pati-dinkes-lakukan-investigasi,2026-09-18,2026-09-18,0,"Dugaan Keracunan Susu Program MBG di SDN Maitan 01 Pati, Dinkes Lakukan Investigasi - Liputan7.id",True
f2a7ad28413a,https://www.postkotantb.com/2025/11/71-santri-dan-siswa-di-brang-rea-ksb.html,https://www.postkotantb.com/2025/11/71-santri-dan-siswa-di-brang-rea-ksb.html,2025-10-31,2026-09-18,322,"71 Santri dan Siswa di Brang Rea KSB Diduga Keracunan MBG, Dapur UD Nabila Erni Dihentikan Sementara",True
529fe8a8827c,https://insidepontianak.com/article/42255/lagi-siswa-sd-di-kubu-raya-diduga-keracunan-mbg-ayam-goreng-disebut-berbau-dan-keras,https://insidepontianak.com/article/42255/lagi-siswa-sd-di-kubu-raya-diduga-keracunan-mbg-ayam-goreng-disebut-berbau-dan-keras,2026-04-24,2026-09-19,148,"Lagi, Siswa SD di Kubu Raya Diduga Keracunan MBG: Ayam Goreng Disebut Berbau dan Keras",False
e7701cc2a200,https://jatim.antaranews.com/berita/1025378/ratusan-siswa-smkn-3-boyolangu-alami-diare-diduga-keracunan-mbg,https://jatim.antaranews.com/berita/1025378/ratusan-siswa-smkn-3-boyolangu-alami-diare-diduga-keracunan-mbg,2026-01-20,2026-09-19,242,Ratusan siswa SMKN 3 Boyolangu alami diare diduga keracunan MBG - ANTARA News Jawa Timur,False
