event_id,date_start,date_end,date_precision,province,kabkota,kabkota_type,kabkota_name,kabkota_kode,kabkota_lat,kabkota_lng,kabkota_population,n_rows,venues,venue_levels,symptomatic,symptomatic_min,symptomatic_max,symptomatic_kind,symptomatic_by_subject,deaths,source_urls,incident_ids,flags
id.Daftar_kasus_keracunan_massal_makan_siang_gratis#e0539,2024-10-02,2024-10-02,day,Jawa Timur,Kabupaten Nganjuk,kabupaten,Nganjuk,35.18,-7.601982862041979,111.90189545421411,1152575,1,"[""SDN Banaran I""]","[""primary""]",7,7,7,exact,"{""student"": 7}",,"[""https://www.ntthits.com/politik/57715026614/rentetan-kasus-keracunan-mbg-di-berbagai-daerah-program-bergizi-yang-kini-dikhawatirkan""]","[""id.Daftar_kasus_keracunan_massal_makan_siang_gratis#r0539""]",[]
id.Daftar_kasus_keracunan_massal_makan_siang_gratis#e0169,2025-01-13,2025-01-13,day,Kalimantan Utara,Kabupaten Nunukan,kabupaten,Nunukan,65.03,4.077076241826642,117.71891117176128,227460,1,"[""SDN 003 Nunukan Selatan""]","[""primary""]",29,29,29,exact,"{""student"": 29}",,"[""https://web.archive.org/web/20250312155351/https://regional.kompas.com/read/2025/01/17/133943478/puluhan-anak-sd-di-nunukan-keracunan-mbg-begini-penjelasan-penyedia-menu""]","[""id.Daftar_kasus_keracunan_massal_makan_siang_gratis#r0169""]",[]
id.Daftar_kasus_keracunan_massal_makan_siang_gratis#e0170,2025-01-13,2025-01-13,day,Kalimantan Utara,Kabupaten Nunukan,kabupaten,Nunukan,65.03,4.077076241826642,117.71891117176128,227460,1,"[""SMAN 2 Nunukan Selatan""]","[""senior_secondary""]",30,30,,lower_bound,"{""student"": 30}",,"[""https://web.archive.org/web/20250505070755/https://regional.kompas.com/read/2025/01/19/094801178/siswa-sma-di-nunukan-juga-keracunan-mbg-lauk-tongkol-berulat""]","[""id.Daftar_kasus_keracunan_massal_makan_siang_gratis#r0170""]",[]
id.Daftar_kasus_keracunan_massal_makan_siang_gratis#e0219,2025-01-14,2025-01-14,day,Jawa Barat,Kabupaten Indramayu,kabupaten,Indramayu,32.12,-6.327080208332331,108.32320909838413,1980080,1,"[""TBA (Tidak Disebutkan)""]",[],6,6,6,exact,"{""student"": 6}",,"[""https://www.kompas.com/jawa-barat/read/2025/09/27/130000188/9-daerah-di-jawa-barat-tertinggi-kasus-keracunan-mbg-korban-tembus?page=all#page2""]","[""id.Daftar_kasus_keracunan_massal_makan_siang_gratis#r0219""]","[""no_venue""]"
id.Daftar_kasus_keracunan_massal_makan_siang_gratis#e0361,2025-01-16,2025-01-16,day,Jawa Tengah,Kabupaten Sukoharjo,kabupaten,Sukoharjo,33.11,-7.664598872152095,110.83586765421464,916472,1,"[""SDN Dukuh 03 Sukoharjo""]","[""primary""]",50,50,50,exact,"{""student"": 50}",,"[""https://web.archive.org/web/20250505070804/https://www.metrotvnews.com/read/kELCzjnn-puluhan-siswa-sdn-dukuh-03-sukoharjo-keracunan-usai-santap-makan-bergizi-gratis""]","[""id.Daftar_kasus_keracunan_massal_makan_siang_gratis#r0361""]",[]
id.Daftar_kasus_keracunan_massal_makan_siang_gratis#e0191,2025-01-19,2025-01-19,day,Banten,Kabupaten Pandeglang,kabupaten,Pandeglang,36.01,-6.316855430513631,106.11479446982028,1437046,1,"[""SDN 2 Alaswangi""]","[""primary""]",28,28,28,exact,"{""student"": 28}",,"[""https://web.archive.org/web/20250222022850/https://regional.kompas.com/read/2025/02/21/175529378/28-siswa-sd-di-pandeglang-alami-gejala-keracunan-usai-santap-mbg""]","[""id.Daftar_kasus_keracunan_massal_makan_siang_gratis#r0191""]",[]
id.Daftar_kasus_keracunan_massal_makan_siang_gratis#e0482,2025-01-20,2025-01-20,day,DI Yogyakarta,Kabupaten Kulon Progo,kabupaten,Kulon Progo,34.01,-7.857808676282555,110.15916128305197,444994,3,"[""PAUD (Spesifik tidak disebutkan)"", ""TK (Spesifik tidak disebutkan)"", ""SD (Spesifik tidak disebutkan)""]","[""early_childhood"", ""primary""]",104,104,104,exact,"{""student"": 104}",,"[""https://yogyakarta.kompas.com/read/2026/01/23/054238878/korban-keracunan-mbg-di-kulon-progo-capai-104-orang?page=all#page3""]","[""id.Daftar_kasus_keracunan_massal_makan_siang_gratis#r0482"", ""id.Daftar_kasus_keracunan_massal_makan_siang_gratis#r0483"", ""id.Daftar_kasus_keracunan_massal_makan_siang_gratis#r0484""]","[""count_shared_across_rows"", ""no_venue""]"
id.Daftar_kasus_keracunan_massal_makan_siang_gratis#e0047,2025-02-18,2025-02-18,day,Sumatera Selatan,Kabupaten Empat Lawang,kabupaten,Empat Lawang,16.11,-3.609843671060275,103.10276373795163,336783,1,"[""SD Negeri 7 Tebing Tinggi""]","[""primary""]",8,8,8,exact,"{""student"": 8}",,"[""https://web.archive.org/web/20250305140649/https://www.metrotvnews.com/play/KXyCQded-8-murid-sd-di-empat-lawang-diduga-keracunan-usai-santap-mbg""]","[""id.Daftar_kasus_keracunan_massal_makan_siang_gratis#r0047""]",[]
id.Daftar_kasus_keracunan_massal_makan_siang_gratis#e0706,2025-02-18,2025-02-18,day,Nusa Tenggara Timur,Kabupaten Sumba Timur,kabupaten,Sumba Timur,53.11,-9.660787895234368,120.26131862254613,277290,1,"[""SDK Andaluri""]","[""primary""]",29,29,29,exact,"{""student"": 29}",,"[""https://sumba.inews.id/read/558543/puluhan-siswa-sdk-andaluri-diduga-keracunan-usai-santap-menu-makan-bergizi-gratis""]","[""id.Daftar_kasus_keracunan_massal_makan_siang_gratis#r0706""]",[]
id.Daftar_kasus_keracunan_massal_makan_siang_gratis#e0150,2025-02-25,2025-02-25,day,Kalimantan Barat,Kabupaten Kubu Raya,kabupaten,Kubu Raya,61.12,-0.12685886609816646,109.40395645418373,646091,1,"[""SDN 08 Sungai Raya""]","[""primary""]",5,5,5,exact,"{""student"": 5}",,"[""https://pontianakpost.jawapos.com/kubu-raya/1465693199/siswa-sdn-08-sungai-raya-alami-keracunan-usai-makan-makanan-program-mbg-begini-penjelasan-disdikbud-kubu-raya""]","[""id.Daftar_kasus_keracunan_massal_makan_siang_gratis#r0150""]",[]
id.Daftar_kasus_keracunan_massal_makan_siang_gratis#e0792,2025-02-26,2025-02-26,day,Sulawesi Selatan,Kabupaten Takalar,kabupaten,Takalar,73.05,-5.4254592918321345,119.44063086993823,332863,1,"[""SD Kapunrengan""]","[""primary""]",10,10,10,exact,"{""student"": 10}",,"[""https://www.metrotvnews.com/read/bzGCRJ8g-belasan-siswa-di-takalar-diduga-keracunan-usai-makan-menu-mbg""]","[""id.Daftar_kasus_keracunan_massal_makan_siang_gratis#r0792""]",[]
id.Daftar_kasus_keracunan_massal_makan_siang_gratis#e0793,2025-02-26,2025-02-26,day,Sulawesi Selatan,Kabupaten Takalar,kabupaten,Takalar,73.05,-5.4254592918321345,119.44063086993823,332863,1,"[""SD Bonto Ba'do""]","[""primary""]",1,1,1,exact,"{""student"": 1}",,"[""https://www.metrotvnews.com/read/bzGCRJ8g-belasan-siswa-di-takalar-diduga-keracunan-usai-makan-menu-mbg""]","[""id.Daftar_kasus_keracunan_massal_makan_siang_gratis#r0793""]",[]
id.Daftar_kasus_keracunan_massal_makan_siang_gratis#e0794,2025-02-26,2025-02-26,day,Sulawesi Selatan,Kabupaten Takalar,kabupaten,Takalar,73.05,-5.4254592918321345,119.44063086993823,332863,1,"[""SD Lengkese""]","[""primary""]",1,1,1,exact,"{""student"": 1}",,"[""https://www.metrotvnews.com/read/bzGCRJ8g-belasan-siswa-di-takalar-diduga-keracunan-usai-makan-menu-mbg""]","[""id.Daftar_kasus_keracunan_massal_makan_siang_gratis#r0794""]",[]
id.Daftar_kasus_keracunan_massal_makan_siang_gratis#e0362,2025-04-14,2025-04-14,day,Jawa Tengah,Kabupaten Batang,kabupaten,Batang,33.25,-6.910710871962525,109.72968238304469,855878,1,"[""SDN 5 Proyonanggan""]","[""primary""]",60,60,60,exact,"{""student"": 60}",,"[""https://nasional.kompas.com/read/2025/04/24/18431321/rentetan-keracunan-massal-mbg-lebih-dari-200-siswa-jadi-korban""]","[""id.Daftar_kasus_keracunan_massal_makan_siang_gratis#r0362""]",[]
id.Daftar_kasus_keracunan_massal_makan_siang_gratis#e0363,2025-04-14,2025-04-14,day,Jawa Tengah,Kabupaten Batang,kabupaten,Batang,33.25,-6.910710871962525,109.72968238304469,855878,1,"[""TK Islam Al Karomah""]","[""early_childhood""]",3,3,3,exact,"{""student"": 3}",,"[""https://web.archive.org/web/20250415041303/https://www.detik.com/jateng/berita/d-7868911/viral-murid-tk-di-batang-muntah-usai-santap-mbg-dinkes-selidiki""]","[""id.Daftar_kasus_keracunan_massal_makan_siang_gratis#r0363""]",[]
id.Daftar_kasus_keracunan_massal_makan_siang_gratis#e0221,2025-04-21,2025-04-21,day,Jawa Barat,Kabupaten Cianjur,kabupaten,Cianjur,32.03,-6.822746173673224,107.1394835830441,2638825,1,"[""MAN 1 Cianjur""]","[""senior_secondary""]",51,51,51,exact,"{""student"": 51}",,"[""https://web.archive.org/web/20250422011753/https://www.detik.com/jabar/berita/d-7879471/siswa-man-1-cianjur-keracunan-massal-usai-santap-mbg""]","[""id.Daftar_kasus_keracunan_massal_makan_siang_gratis#r0221""]",[]
id.Daftar_kasus_keracunan_massal_makan_siang_gratis#e0222,2025-04-21,2025-04-21,day,Jawa Barat,Kabupaten Cianjur,kabupaten,Cianjur,32.03,-6.822746173673224,107.1394835830441,2638825,1,"[""SMP PGRI Cianjur""]","[""junior_secondary""]",52,52,52,exact,"{""student"": 52}",,"[""https://web.archive.org/web/20250424025812/https://news.okezone.com/read/2025/04/22/525/3132871/lagi-belasan-siswa-smp-1-pgri-cianjur-alami-keracunan-makanan-program-mbg""]","[""id.Daftar_kasus_keracunan_massal_makan_siang_gratis#r0222""]",[]
id.Daftar_kasus_keracunan_massal_makan_siang_gratis#e0673,2025-04-23,2025-04-23,day,Nusa Tenggara Barat,Kabupaten Lombok Tengah,kabupaten,Lombok Tengah,52.02,-8.706131863466181,116.27003418305937,1128716,1,"[""SDN Repuk Tunjang""]","[""primary""]",5,5,5,exact,"{""student"": 5}",,"[""https://www.detik.com/bali/nusra/d-7907093/5-siswa-lombok-tengah-keracunan-menu-mbg-ada-bakteri-e-coli-di-telur""]","[""id.Daftar_kasus_keracunan_massal_makan_siang_gratis#r0673""]",[]
id.Daftar_kasus_keracunan_massal_makan_siang_gratis#e0806,2025-04-23,2025-04-23,day,Sulawesi Tenggara,Kabupaten Bombaba,kabupaten,Bombaba,74.06,-4.747234642989351,122.0110926542551,168055,1,"[""SDN 33 Kasipute""]","[""primary""]",13,13,13,exact,"{""student"": 13}",,"[""https://merdekami.com/2025/04/gejala-diduga-keracunan-muncul-di-sdn-33-kasipute-program-makanan-gratis-disorot/""]","[""id.Daftar_kasus_keracunan_massal_makan_siang_gratis#r0806""]",[]
id.Daftar_kasus_keracunan_massal_makan_siang_gratis#e0365,2025-04-24,2025-04-24,day,Jawa Tengah,Kabupaten Karanganyar,kabupaten,Karanganyar,33.13,-7.595516965884652,110.93964029654224,953696,1,"[""SD Wonorejo""]","[""primary""]",3,3,3,exact,"{""student"": 2, ""principal"": 1}",,"[""https://www.cnnindonesia.com/nasional/20250429174012-20-1223999/kepala-sekolah-dan-dua-siswa-di-karanganyar-diduga-keracunan-mbg""]","[""id.Daftar_kasus_keracunan_massal_makan_siang_gratis#r0365""]",[]
id.Daftar_kasus_keracunan_massal_makan_siang_gratis#e0236,2025-04-29,2025-04-29,day,Jawa Barat,Kota Bandung,kota,Bandung,32.73,-6.910655826355507,107.60986952537303,2591763,1,"[""SMP Negeri 35 Bandung""]","[""junior_secondary""]",344,344,344,exact,"{""student"": 342, ""teacher"": 2}",,"[""https://web.archive.org/web/20250504032254/https://news.detik.com/berita/d-7897505/4-langkah-bgn-usai-bermunculan-kasus-pelajar-keracunan-mbg""]","[""id.Daftar_kasus_keracunan_massal_makan_siang_gratis#r0236""]",[]
id.Daftar_kasus_keracunan_massal_makan_siang_gratis#e0237,2025-05-01,2025-05-01,day,Jawa Barat,Kabupaten Tasikmalaya,kabupaten,Tasikmalaya,32.06,-7.361038703594784,108.11307619839148,1996059,4,"[""Beberapa Sekolah TK"", ""SDN 1 Rajapolah"", ""SDN 2 Rajapolah"", ""SMPN 1 Rajapolah""]","[""junior_secondary"", ""primary""]",400,400,400,exact,"{""student"": 400}",,"[""https://web.archive.org/web/20250503015310/https://news.detik.com/berita/d-7896007/pelajar-di-tasikmalaya-diduga-keracunan-mbg-capai-400-orang""]","[""id.Daftar_kasus_keracunan_massal_makan_siang_gratis#r0237"", ""id.Daftar_kasus_keracunan_massal_makan_siang_gratis#r0238"", ""id.Daftar_kasus_keracunan_massal_makan_siang_gratis#r0239"", ""id.Daftar_kasus_keracunan_massal_makan_siang_gratis#r0240""]","[""count_shared_across_rows""]"
id.Daftar_kasus_keracunan_massal_makan_siang_gratis#e0048,2025-05-05,2025-05-05,day,Sumatera Selatan,Kabupaten Penukal Abab Lematang Ilir,kabupaten,Penukal Abab Lematang Ilir,16.12,-3.3098740053582287,103.88405107482733,214795,14,"[""SDN 28 Talang Ubi"", ""SDN 20 Talang Ubi"", ""SDN 14 Talang Ubi"", ""SMPN 6 Talang Ubi"", ""MTs Handayani"", ""PAUD Marwah"", ""SMK 1 Handayani"", ""SMK 2 Agro"", ""PAUD Rumah Cinta"", ""TK Al Hafidz"", ""SMKN 2 Talang Ubi"", ""SDN 1 Talang Ubi"", ""SDN 2 Talang Ubi"", ""SMPN 1 Talang Ubi""]","[""early_childhood"", ""junior_secondary"", ""primary"", ""senior_secondary""]",174,174,174,exact,"{""student"": 174}",,"[""https://www.viva.co.id/berita/nasional/1821155-ratusan-siswa-keracunan-program-mbg-di-pali-sumatera-selatan-disetop-sementara?page=1""]","[""id.Daftar_kasus_keracunan_massal_makan_siang_gratis#r0048"", ""id.Daftar_kasus_keracunan_massal_makan_siang_gratis#r0049"", ""id.Daftar_kasus_keracunan_massal_makan_siang_gratis#r0050"", ""id.Daftar_kasus_keracunan_massal_makan_siang_gratis#r0051"", ""id.Daftar_kasus_keracunan_massal_makan_siang_gratis#r0052"", ""id.Daftar_kasus_keracunan_massal_makan_siang_gratis#r0053"", ""id.Daftar_kasus_keracunan_massal_makan_siang_gratis#r0054"", ""id.Daftar_kasus_keracunan_massal_makan_siang_gratis#r0055"", ""id.Daftar_kasus_keracunan_massal_makan_siang_gratis#r0056"", ""id.Daftar_kasus_keracunan_massal_makan_siang_gratis#r0057"", ""id.Daftar_kasus_keracunan_massal_makan_siang_gratis#r0058"", ""id.Daftar_kasus_keracunan_massal_makan_siang_gratis#r0059"", ""id.Daftar_kasus_keracunan_massal_makan_siang_gratis#r0060"", ""id.Daftar_kasus_keracunan_massal_makan_siang_gratis#r0061""]","[""count_shared_across_rows""]"
id.Daftar_kasus_keracunan_massal_makan_siang_gratis#e0250,2025-05-07,2025-05-09,day,Jawa Barat,Kota Bogor,kota,Bogor,32.71,-6.595057464978462,106.79411231002724,1144108,1,"[""TK Bosowa Bina Insani""]","[""early_childhood""]",28,28,28,exact,"{""student"": 28}",,"[""https://www.tribunnews.com/nasional/2025/05/13/223-anak-di-bogor-jadi-korban-keracunan-mbg-bpom-danwali-kota-bogor-ambil-sikap""]","[""id.Daftar_kasus_keracunan_massal_makan_siang_gratis#r0250""]","[""date_range""]"
id.Daftar_kasus_keracunan_massal_makan_siang_gratis#e0251,2025-05-07,2025-05-09,day,Jawa Barat,Kota Bogor,kota,Bogor,32.71,-6.595057464978462,106.79411231002724,1144108,1,"[""SD Bosowa Bina Insani""]","[""primary""]",13,13,13,exact,"{""student"": 13}",,"[""https://www.tribunnews.com/nasional/2025/05/13/223-anak-di-bogor-jadi-korban-keracunan-mbg-bpom-danwali-kota-bogor-ambil-sikap""]","[""id.Daftar_kasus_keracunan_massal_makan_siang_gratis#r0251""]","[""date_range""]"
id.Daftar_kasus_keracunan_massal_makan_siang_gratis#e0252,2025-05-07,2025-05-09,day,Jawa Barat,Kota Bogor,kota,Bogor,32.71,-6.595057464978462,106.79411231002724,1144108,1,"[""SMP Bosowa Bina Insani""]","[""junior_secondary""]",96,96,96,exact,"{""student"": 96}",,"[""https://www.tribunnews.com/nasional/2025/05/13/223-anak-di-bogor-jadi-korban-keracunan-mbg-bpom-danwali-kota-bogor-ambil-sikap""]","[""id.Daftar_kasus_keracunan_massal_makan_siang_gratis#r0252""]","[""date_range""]"
id.Daftar_kasus_keracunan_massal_makan_siang_gratis#e0253,2025-05-07,2025-05-09,day,Jawa Barat,Kota Bogor,kota,Bogor,32.71,-6.595057464978462,106.79411231002724,1144108,1,"[""SMA Bosowa Bina Insani""]","[""senior_secondary""]",1,1,1,exact,"{""student"": 1}",,"[""https://www.tribunnews.com/nasional/2025/05/13/223-anak-di-bogor-jadi-korban-keracunan-mbg-bpom-danwali-kota-bogor-ambil-sikap""]","[""id.Daftar_kasus_keracunan_massal_makan_siang_gratis#r0253""]","[""date_range""]"
id.Daftar_kasus_keracunan_massal_makan_siang_gratis#e0254,2025-05-07,2025-05-09,day,Jawa Barat,Kota Bogor,kota,Bogor,32.71,-6.595057464978462,106.79411231002724,1144108,1,"[""SDN Kukupu 3""]","[""primary""]",8,8,8,exact,"{""student"": 8}",,"[""https://www.tribunnews.com/nasional/2025/05/13/223-anak-di-bogor-jadi-korban-keracunan-mbg-bpom-danwali-kota-bogor-ambil-sikap""]","[""id.Daftar_kasus_keracunan_massal_makan_siang_gratis#r0254""]","[""date_range""]"
id.Daftar_kasus_keracunan_massal_makan_siang_gratis#e0255,2025-05-07,2025-05-09,day,Jawa Barat,Kota Bogor,kota,Bogor,32.71,-6.595057464978462,106.79411231002724,1144108,1,"[""SDN Kedung Waringin""]","[""primary""]",7,7,7,exact,"{""student"": 7}",,"[""https://www.tribunnews.com/nasional/2025/05/13/223-anak-di-bogor-jadi-korban-keracunan-mbg-bpom-danwali-kota-bogor-ambil-sikap""]","[""id.Daftar_kasus_keracunan_massal_makan_siang_gratis#r0255""]","[""date_range""]"
id.Daftar_kasus_keracunan_massal_makan_siang_gratis#e0256,2025-05-07,2025-05-09,day,Jawa Barat,Kota Bogor,kota,Bogor,32.71,-6.595057464978462,106.79411231002724,1144108,1,"[""SDN Kedung Jaya 1""]","[""primary""]",16,16,16,exact,"{""student"": 16}",,"[""https://www.tribunnews.com/nasional/2025/05/13/223-anak-di-bogor-jadi-korban-keracunan-mbg-bpom-danwali-kota-bogor-ambil-sikap""]","[""id.Daftar_kasus_keracunan_massal_makan_siang_gratis#r0256""]","[""date_range""]"
id.Daftar_kasus_keracunan_massal_makan_siang_gratis#e0257,2025-05-07,2025-05-09,day,Jawa Barat,Kota Bogor,kota,Bogor,32.71,-6.595057464978462,106.79411231002724,1144108,1,"[""SDN Kedung Jaya 2""]","[""primary""]",46,46,46,exact,"{""student"": 46}",,"[""https://www.tribunnews.com/nasional/2025/05/13/223-anak-di-bogor-jadi-korban-keracunan-mbg-bpom-danwali-kota-bogor-ambil-sikap""]","[""id.Daftar_kasus_keracunan_massal_makan_siang_gratis#r0257""]","[""date_range""]"
id.Daftar_kasus_keracunan_massal_makan_siang_gratis#e0258,2025-05-07,2025-05-09,day,Jawa Barat,Kota Bogor,kota,Bogor,32.71,-6.595057464978462,106.79411231002724,1144108,1,"[""SMP Bina Greha""]","[""junior_secondary""]",8,8,8,exact,"{""student"": 8}",,"[""https://www.tribunnews.com/nasional/2025/05/13/223-anak-di-bogor-jadi-korban-keracunan-mbg-bpom-danwali-kota-bogor-ambil-sikap""]","[""id.Daftar_kasus_keracunan_massal_makan_siang_gratis#r0258""]","[""date_range""]"
id.Daftar_kasus_keracunan_massal_makan_siang_gratis#e0477,2025-06-17,2025-06-17,day,DI Yogyakarta,Kabupaten Kulon Progo,kabupaten,Kulon Progo,34.01,-7.857808676282555,110.15916128305197,444994,1,"[""TK Aisyiyah Bustanul Athfal (ABA) Kasatriyan""]","[""early_childhood""]",10,10,10,exact,"{""student"": 10}",,"[""https://joglosemarnews.com/2025/06/diare-massal-di-tk-aba-kasatriyan-kulonprogo-bakmi-mbg-diduga-jadi-pemicu/""]","[""id.Daftar_kasus_keracunan_massal_makan_siang_gratis#r0477""]",[]
id.Daftar_kasus_keracunan_massal_makan_siang_gratis#e0116,2025-07-15,2025-07-15,day,Lampung,Kabupaten Lampung Utara,kabupaten,Lampung Utara,18.03,-4.8291901217543,104.88744459932492,675626,2,"[""SD Soekarno Hatta"", ""SD IT Insan Rhobani""]","[""primary""]",,20,99,vague,{},,"[""https://www.cakralampung.com/2025/07/15/siswa-sd-di-lampung-utara-keracunan-usai-santap-mbg/""]","[""id.Daftar_kasus_keracunan_massal_makan_siang_gratis#r0116"", ""id.Daftar_kasus_keracunan_massal_makan_siang_gratis#r0117""]","[""count_shared_across_rows"", ""count_vague""]"
id.Daftar_kasus_keracunan_massal_makan_siang_gratis#e0707,2025-07-22,2025-07-22,day,Nusa Tenggara Timur,Kota Kupang,kota,Kupang,53.71,-10.15389633793275,123.61939014385608,404120,1,"[""SMP Negeri 08 Kota Kupang""]","[""junior_secondary""]",186,186,186,exact,"{""student"": 186}",,"[""https://www.kompas.id/artikel/mereka-lemas-keracunan-mbg-di-samping-balai-kota-kupang""]","[""id.Daftar_kasus_keracunan_massal_makan_siang_gratis#r0707""]",[]
id.Daftar_kasus_keracunan_massal_makan_siang_gratis#e0816,2025-07-22,2025-07-22,day,Maluku Utara,Kota Ternate,kota,Ternate,82.71,0.7857513986405484,127.38784601086685,210836,1,"[""SMKN 5 Kota Ternate""]","[""senior_secondary""]",17,17,17,exact,"{""student"": 17}",,"[""https://www.kadera.id/2025/07/27/diduga-keracunan-mbg-sampel-darah-17-siswa-smkn-5-ternate-diperiksa/""]","[""id.Daftar_kasus_keracunan_massal_makan_siang_gratis#r0816""]",[]
id.Daftar_kasus_keracunan_massal_makan_siang_gratis#e0708,2025-07-23,2025-07-23,day,Nusa Tenggara Timur,Kota Kupang,kota,Kupang,53.71,-10.15389633793275,123.61939014385608,404120,1,"[""SD Negeri Tenau""]","[""primary""]",13,13,13,exact,"{""student"": 13}",,"[""https://www.koranmedia.com/daerah/1351442883/tersebar-di-6-sekolah-ombudsman-ri-perwakilan-ntt-catat-jumlah-korban-keracunan-mbg-capai-ratusan""]","[""id.Daftar_kasus_keracunan_massal_makan_siang_gratis#r0708""]",[]
id.Daftar_kasus_keracunan_massal_makan_siang_gratis#e0710,2025-07-23,2025-07-23,day,Nusa Tenggara Timur,Kabupaten Kupang,kabupaten,Kupang,53.01,-10.072767460089674,123.86446322540102,391539,1,"[""SMA Negeri 1 Taebenu""]","[""senior_secondary""]",2,2,2,exact,"{""student"": 2}",,"[""https://www.koranmedia.com/daerah/1351442883/tersebar-di-6-sekolah-ombudsman-ri-perwakilan-ntt-catat-jumlah-korban-keracunan-mbg-capai-ratusan""]","[""id.Daftar_kasus_keracunan_massal_makan_siang_gratis#r0710""]",[]
id.Daftar_kasus_keracunan_massal_makan_siang_gratis#e0713,2025-07-23,2025-07-23,day,Nusa Tenggara Timur,Kabupaten Sumba Barat Daya,kabupaten,Sumba Barat Daya,53.18,-9.391735416331608,119.18099193903856,355022,1,"[""SMAN 1 Kota Tambolaka""]","[""senior_secondary""]",58,58,58,exact,"{""student"": 58}",,"[""https://www.suara.com/news/2025/07/24/122257/puluhan-siswa-sma-di-sumba-barat-daya-keracunan-mbg""]","[""id.Daftar_kasus_keracunan_massal_makan_siang_gratis#r0713""]",[]
id.Daftar_kasus_keracunan_massal_makan_siang_gratis#e0714,2025-07-23,2025-07-23,day,Nusa Tenggara Timur,Kabupaten Sumba Barat Daya,kabupaten,Sumba Barat Daya,53.18,-9.391735416331608,119.18099193903856,355022,1,"[""SMKN 2 Tambolaka""]","[""senior_secondary""]",7,7,7,exact,"{""student"": 7}",,"[""https://www.suara.com/news/2025/07/24/122257/puluhan-siswa-sma-di-sumba-barat-daya-keracunan-mbg""]","[""id.Daftar_kasus_keracunan_massal_makan_siang_gratis#r0714""]",[]
id.Daftar_kasus_keracunan_massal_makan_siang_gratis#e0715,2025-07-23,2025-07-23,day,Nusa Tenggara Timur,Kabupaten Sumba Barat Daya,kabupaten,Sumba Barat Daya,53.18,-9.391735416331608,119.18099193903856,355022,1,"[""SMK Don Bosco""]","[""senior_secondary""]",10,10,10,exact,"{""student"": 10}",,"[""https://www.suara.com/news/2025/07/24/122257/puluhan-siswa-sma-di-sumba-barat-daya-keracunan-mbg""]","[""id.Daftar_kasus_keracunan_massal_makan_siang_gratis#r0715""]",[]
id.Daftar_kasus_keracunan_massal_makan_siang_gratis#e0833,2025-07-30,2025-07-30,day,Papua Barat,Kabupaten Manokwari,kabupaten,Manokwari,92.02,-0.8908143771517435,134.04012022193126,205212,2,"[""SD Negeri 45 Arowi"", ""SMP Negeri 13 Manokwari""]","[""junior_secondary"", ""primary""]",13,13,13,exact,"{""student"": 13}",,"[""https://koran-jakarta.com/2025-07-31/ombudsman-selidiki-dapur-mbg-usai-insiden-keracunan-makanan-di-manokwari""]","[""id.Daftar_kasus_keracunan_massal_makan_siang_gratis#r0833"", ""id.Daftar_kasus_keracunan_massal_makan_siang_gratis#r0834""]","[""count_shared_across_rows""]"
id.Daftar_kasus_keracunan_massal_makan_siang_gratis#e0263,2025-07-31,2025-07-31,day,Jawa Barat,Kabupaten Kuningan,kabupaten,Kuningan,32.08,-6.975864860855258,108.48310462537334,1239999,1,"[""SMPN 1 Cilimus""]","[""junior_secondary""]",30,30,30,approx,"{""student"": 30}",,"[""https://kuninganmass.com/setelah-makan-siang-gratis-puluhan-siswa-smpn-1-cilimus-sakit-perut/""]","[""id.Daftar_kasus_keracunan_massal_makan_siang_gratis#r0263""]",[]
id.Daftar_kasus_keracunan_massal_makan_siang_gratis#e0478,2025-07-31,2025-07-31,day,DI Yogyakarta,Kabupaten Kulon Progo,kabupaten,Kulon Progo,34.01,-7.857808676282555,110.15916128305197,444994,4,"[""SMPN 2 Wates"", ""SMP Muhammadiyah 2 Wates"", ""SD Triharjo"", ""SD Sogan""]","[""junior_secondary"", ""primary""]",497,497,497,exact,"{""student"": 497}",,"[""https://yogyakarta.kompas.com/read/2025/08/20/164930478/497-siswa-kulon-progo-keracunan-3-jenis-bakteri-berbahaya-ditemukan-di""]","[""id.Daftar_kasus_keracunan_massal_makan_siang_gratis#r0478"", ""id.Daftar_kasus_keracunan_massal_makan_siang_gratis#r0479"", ""id.Daftar_kasus_keracunan_massal_makan_siang_gratis#r0480"", ""id.Daftar_kasus_keracunan_massal_makan_siang_gratis#r0481""]","[""count_shared_across_rows""]"
id.Daftar_kasus_keracunan_massal_makan_siang_gratis#e0112,2025-08,2025-08,month,Kepulauan Bangka Belitung,Kabupaten Belitung Timur,kabupaten,Belitung Timur,19.06,-2.883346486095607,108.23930392535223,132495,1,"[""TBA (Tidak Diumumkan)""]",[],,,,unreported,{},,"[""https://www.antaranews.com/berita/5126560/bpom-bakteri-salmonella-di-lauk-picu-keracunan-mbg-belitung-timur""]","[""id.Daftar_kasus_keracunan_massal_makan_siang_gratis#r0112""]","[""count_unreported"", ""month_precision_only"", ""no_venue""]"
id.Daftar_kasus_keracunan_massal_makan_siang_gratis#e0121,2025-08-06,2025-08-06,day,Lampung,Kabupaten Tanggamus,kabupaten,Tanggamus,18.06,-5.480674664821914,104.68229977472107,641036,1,"[""SDN 1 Way Jaha""]","[""primary""]",18,18,18,exact,"{""student"": 18}",,"[""https://www.liputan6.com/regional/read/6130634/18-siswa-di-lampung-mual-hingga-lemas-usai-santap-lele-disdikbud-perketat-pengawasan-mbg""]","[""id.Daftar_kasus_keracunan_massal_makan_siang_gratis#r0121""]",[]
id.Daftar_kasus_keracunan_massal_makan_siang_gratis#e0268,2025-08-06,2025-08-06,day,Jawa Barat,Kabupaten Sukabumi,kabupaten,Sukabumi,32.02,-6.989164614549726,106.55022261003006,2868943,4,"[""SDN Puncak Batu"", ""MI Cikadu"", ""PAUD di Desa Cipamingkis"", ""TBA (tidak disebutkan)""]","[""early_childhood"", ""primary""]",32,32,32,approx,"{""student"": 32}",,"[""https://www.detik.com/jabar/berita/d-8049711/32-pelajar-sukabumi-keracunan-sampel-makanan-dikirim-ke-lab""]","[""id.Daftar_kasus_keracunan_massal_makan_siang_gratis#r0268"", ""id.Daftar_kasus_keracunan_massal_makan_siang_gratis#r0269"", ""id.Daftar_kasus_keracunan_massal_makan_siang_gratis#r0270"", ""id.Daftar_kasus_keracunan_massal_makan_siang_gratis#r0271""]","[""count_shared_across_rows"", ""no_venue""]"
id.Daftar_kasus_keracunan_massal_makan_siang_gratis#e0375,2025-08-11,2025-08-11,day,Jawa Tengah,Kabupaten Sragen,kabupaten,Sragen,33.14,-7.426354762546872,111.02317943886926,1023538,1,"[""SD Negeri 3 Gemolong""]","[""primary""]",1,1,1,exact,"{""person"": 1}",,"[""https://regional.kompas.com/read/2025/08/13/060240278/buntut-keracunan-massal-251-siswa-bupati-sragen-hentikan-distribusi-mbg-di""]","[""id.Daftar_kasus_keracunan_massal_makan_siang_gratis#r0375""]",[]
id.Daftar_kasus_keracunan_massal_makan_siang_gratis#e0376,2025-08-11,2025-08-11,day,Jawa Tengah,Kabupaten Sragen,kabupaten,Sragen,33.14,-7.426354762546872,111.02317943886926,1023538,1,"[""SD Negeri 4 Gemolong""]","[""primary""]",26,26,26,exact,"{""person"": 26}",,"[""https://regional.kompas.com/read/2025/08/13/060240278/buntut-keracunan-massal-251-siswa-bupati-sragen-hentikan-distribusi-mbg-di""]","[""id.Daftar_kasus_keracunan_massal_makan_siang_gratis#r0376""]",[]
id.Daftar_kasus_keracunan_massal_makan_siang_gratis#e0377,2025-08-11,2025-08-11,day,Jawa Tengah,Kabupaten Sragen,kabupaten,Sragen,33.14,-7.426354762546872,111.02317943886926,1023538,1,"[""SD Negeri Gemolong""]","[""primary""]",66,66,66,exact,"{""person"": 66}",,"[""https://regional.kompas.com/read/2025/08/13/060240278/buntut-keracunan-massal-251-siswa-bupati-sragen-hentikan-distribusi-mbg-di""]","[""id.Daftar_kasus_keracunan_massal_makan_siang_gratis#r0377""]",[]
id.Daftar_kasus_keracunan_massal_makan_siang_gratis#e0378,2025-08-11,2025-08-11,day,Jawa Tengah,Kabupaten Sragen,kabupaten,Sragen,33.14,-7.426354762546872,111.02317943886926,1023538,1,"[""SMP Negeri 1 Gemolong""]","[""junior_secondary""]",97,97,97,exact,"{""person"": 97}",,"[""https://regional.kompas.com/read/2025/08/13/060240278/buntut-keracunan-massal-251-siswa-bupati-sragen-hentikan-distribusi-mbg-di""]","[""id.Daftar_kasus_keracunan_massal_makan_siang_gratis#r0378""]",[]
id.Daftar_kasus_keracunan_massal_makan_siang_gratis#e0379,2025-08-11,2025-08-11,day,Jawa Tengah,Kabupaten Sragen,kabupaten,Sragen,33.14,-7.426354762546872,111.02317943886926,1023538,1,"[""SMP Negeri 2 Gemolong""]","[""junior_secondary""]",61,61,61,exact,"{""person"": 61}",,"[""https://regional.kompas.com/read/2025/08/13/060240278/buntut-keracunan-massal-251-siswa-bupati-sragen-hentikan-distribusi-mbg-di""]","[""id.Daftar_kasus_keracunan_massal_makan_siang_gratis#r0379""]",[]
id.Daftar_kasus_keracunan_massal_makan_siang_gratis#e0380,2025-08-11,2025-08-11,day,Jawa Tengah,Kabupaten Sragen,kabupaten,Sragen,33.14,-7.426354762546872,111.02317943886926,1023538,1,"[""SMP Negeri 3 Gemolong""]","[""junior_secondary""]",1,1,1,exact,"{""person"": 1}",,"[""https://regional.kompas.com/read/2025/08/13/060240278/buntut-keracunan-massal-251-siswa-bupati-sragen-hentikan-distribusi-mbg-di""]","[""id.Daftar_kasus_keracunan_massal_makan_siang_gratis#r0380""]",[]
id.Daftar_kasus_keracunan_massal_makan_siang_gratis#e0381,2025-08-11,2025-08-11,day,Jawa Tengah,Kabupaten Sragen,kabupaten,Sragen,33.14,-7.426354762546872,111.02317943886926,1023538,4,"[""TBA (Tidak Disebutkan)"", ""TBA (Tidak Disebutkan)"", ""TBA (Tidak Disebutkan)"", ""TBA (Tidak Disebutkan)""]",[],114,114,114,exact,"{""person"": 114}",,"[""https://inilahjateng.com/korban-keracunan-mbg-di-sragen-terus-bertambah/""]","[""id.Daftar_kasus_keracunan_massal_makan_siang_gratis#r0381"", ""id.Daftar_kasus_keracunan_massal_makan_siang_gratis#r0382"", ""id.Daftar_kasus_keracunan_massal_makan_siang_gratis#r0383"", ""id.Daftar_kasus_keracunan_massal_makan_siang_gratis#r0384""]","[""count_shared_across_rows"", ""no_venue""]"
id.Daftar_kasus_keracunan_massal_makan_siang_gratis#e0492,2025-08-13,2025-08-13,day,DI Yogyakarta,Kabupaten Sleman,kabupaten,Sleman,34.04,-7.71654673418279,110.35577266770737,1125571,4,"[""SMP Muhammadiyah 1 Mlati"", ""SMP Muhammadiyah 3 Mlati"", ""SMP Negeri 3 Mlati"", ""SMP Pamungkas Mlati""]","[""junior_secondary""]",379,379,379,exact,"{""student"": 379}",,"[""https://jogja.tribunnews.com/2025/08/16/jumlah-korban-dugaan-keracunan-menu-mbg-di-sleman-bertambah-kini-tercatat-menjadi-379-siswa""]","[""id.Daftar_kasus_keracunan_massal_makan_siang_gratis#r0492"", ""id.Daftar_kasus_keracunan_massal_makan_siang_gratis#r0493"", ""id.Daftar_kasus_keracunan_massal_makan_siang_gratis#r0494"", ""id.Daftar_kasus_keracunan_massal_makan_siang_gratis#r0495""]","[""count_shared_across_rows""]"
id.Daftar_kasus_keracunan_massal_makan_siang_gratis#e0285,2025-08-14,2025-08-14,day,Jawa Barat,Kabupaten Karawang,kabupaten,Karawang,32.15,-6.301616343281738,107.30488191002529,2612065,1,"[""TBA( tidak disebutkan)""]",[],82,82,82,exact,"{""student"": 82}",,"[""https://www.kompas.com/jawa-barat/read/2025/09/27/130000188/9-daerah-di-jawa-barat-tertinggi-kasus-keracunan-mbg-korban-tembus?page=all#page2""]","[""id.Daftar_kasus_keracunan_massal_makan_siang_gratis#r0285""]","[""no_venue""]"
id.Daftar_kasus_keracunan_massal_makan_siang_gratis#e0683,2025-08-19,2025-08-19,day,Nusa Tenggara Barat,Kabupaten Lombok Timur,kabupaten,Lombok Timur,52.03,-8.650938604217814,116.52965363887955,1457591,1,"[""SMK Karya Adi Husada""]","[""senior_secondary""]",,11,19,vague,{},,"[""https://radarlombok.co.id/siswa-smk-diduga-keracunan-usai-santap-mbg.html""]","[""id.Daftar_kasus_keracunan_massal_makan_siang_gratis#r0683""]","[""count_vague""]"
id.Daftar_kasus_keracunan_massal_makan_siang_gratis#e0223,2025-08-20,2025-08-20,day,Jawa Barat,Kabupaten Cianjur,kabupaten,Cianjur,32.03,-6.822746173673224,107.1394835830441,2638825,1,"[""Pondok Pesantren Darul Quran""]","[""pesantren""]",12,12,12,exact,"{""santri"": 12}",,"[""https://www.detik.com/jabar/berita/d-8072825/12-santriwati-di-cianjur-dibawa-ke-rs-diduga-keracunan-makanan-mbg""]","[""id.Daftar_kasus_keracunan_massal_makan_siang_gratis#r0223""]",[]
id.Daftar_kasus_keracunan_massal_makan_siang_gratis#e0288,2025-08-21,2025-08-21,day,Jawa Barat,Kabupaten Bandung,kabupaten,Bandung,32.04,-7.021854779311784,107.52755122537383,3839721,1,"[""SD Negeri Legok Hayam""]","[""primary""]",12,12,12,exact,"{""student"": 12}",,"[""https://jabarekspres.com/berita/2025/08/22/12-siswa-sdn-legokhayam-cimenyan-alami-keracunan-diduga-dari-makanan-program-mbg/""]","[""id.Daftar_kasus_keracunan_massal_makan_siang_gratis#r0288""]",[]
id.Daftar_kasus_keracunan_massal_makan_siang_gratis#e0072,2025-08-22,2025-08-22,day,Riau,Kabupaten Indragiri Hilir,kabupaten,Indragiri Hilir,14.04,-0.3151906894045306,103.15785004555477,713294,5,"[""SDN 032 Tembilahan"", ""SDN 008 Tembilahan"", ""SD Muhammadiyah"", ""SMA Negeri 1 Kota"", ""TK Faturahman""]","[""early_childhood"", ""primary"", ""senior_secondary""]",28,28,28,exact,"{""student"": 28}",,"[""https://bukamata.co/kesehatan/501314310/setelah-28-siswa-di-tembilahan-keracunan-massal-mbg-pihak-sppg-cuma-minta-maaf""]","[""id.Daftar_kasus_keracunan_massal_makan_siang_gratis#r0072"", ""id.Daftar_kasus_keracunan_massal_makan_siang_gratis#r0073"", ""id.Daftar_kasus_keracunan_massal_makan_siang_gratis#r0074"", ""id.Daftar_kasus_keracunan_massal_makan_siang_gratis#r0075"", ""id.Daftar_kasus_keracunan_massal_makan_siang_gratis#r0076""]","[""count_shared_across_rows""]"
id.Daftar_kasus_keracunan_massal_makan_siang_gratis#e0220,2025-08-22,2025-08-22,day,Jawa Barat,Kabupaten Indramayu,kabupaten,Indramayu,32.12,-6.327080208332331,108.32320909838413,1980080,1,"[""TBA (Tidak Disebutkan)""]",[],2,2,2,exact,"{""student"": 2}",,"[""https://www.kompas.com/jawa-barat/read/2025/09/27/130000188/9-daerah-di-jawa-barat-tertinggi-kasus-keracunan-mbg-korban-tembus?page=all#page2""]","[""id.Daftar_kasus_keracunan_massal_makan_siang_gratis#r0220""]","[""no_venue""]"
id.Daftar_kasus_keracunan_massal_makan_siang_gratis#e0272,2025-08-22,2025-08-22,day,Jawa Barat,Kabupaten Sukabumi,kabupaten,Sukabumi,32.02,-6.989164614549726,106.55022261003006,2868943,1,"[""SDN 02 Parakansalak""]","[""primary""]",24,24,24,exact,"{""student"": 24}",,"[""https://www.detik.com/jabar/berita/d-8074457/kronologi-24-siswa-sd-parakansalak-keracunan-usai-santap-mbg""]","[""id.Daftar_kasus_keracunan_massal_makan_siang_gratis#r0272""]",[]
id.Daftar_kasus_keracunan_massal_makan_siang_gratis#e0123,2025-08-26,2025-08-26,day,Lampung,Kabupaten Lampung Timur,kabupaten,Lampung Timur,18.07,-5.048183264548101,105.52825470212977,1122605,1,"[""Pondok Pesantren Al Islah""]","[""pesantren""]",40,40,40,exact,"{""santri"": 40}",,"[""https://lampung.inews.id/berita/40-siswa-smp-di-lampung-timur-diduga-keracunan-mbg-31-dirawat-inap""]","[""id.Daftar_kasus_keracunan_massal_makan_siang_gratis#r0123""]",[]
id.Daftar_kasus_keracunan_massal_makan_siang_gratis#e0496,2025-08-27,2025-08-27,day,DI Yogyakarta,Kabupaten Sleman,kabupaten,Sleman,34.04,-7.71654673418279,110.35577266770737,1125571,1,"[""SMPN 3 Berbah""]","[""junior_secondary""]",137,137,137,exact,"{""student"": 135, ""teacher"": 2}",,"[""https://www.detik.com/jogja/berita/d-8081852/135-siswa-2-guru-smpn-3-berbah-sleman-diduga-keracunan-mbg""]","[""id.Daftar_kasus_keracunan_massal_makan_siang_gratis#r0496""]",[]
id.Daftar_kasus_keracunan_massal_makan_siang_gratis#e0766,2025-08-27,2025-08-27,day,Sulawesi Tengah,Kota Palu,kota,Palu,72.71,-0.8999595654952609,119.89102154408883,395291,1,"[""MTs Sis Al-Jufri Tatura""]","[""junior_secondary""]",45,45,45,exact,"{""student"": 45}",,"[""https://manado.antaranews.com/berita/292405/18-pelajar-diduga-keracunan-mbg-dirawat-di-rs-bala-keselamatan""]","[""id.Daftar_kasus_keracunan_massal_makan_siang_gratis#r0766""]",[]
id.Daftar_kasus_keracunan_massal_makan_siang_gratis#e0767,2025-08-27,2025-08-27,day,Sulawesi Tengah,Kota Palu,kota,Palu,72.71,-0.8999595654952609,119.89102154408883,395291,1,"[""SMK Bina Potensi""]","[""senior_secondary""]",100,100,,lower_bound,"{""student"": 100}",,"[""https://manado.antaranews.com/berita/292405/18-pelajar-diduga-keracunan-mbg-dirawat-di-rs-bala-keselamatan""]","[""id.Daftar_kasus_keracunan_massal_makan_siang_gratis#r0767""]",[]
id.Daftar_kasus_keracunan_massal_makan_siang_gratis#e0077,2025-08-28,2025-08-28,day,Riau,Kabupaten Kampar,kabupaten,Kampar,14.01,0.3138917999795952,101.01798894984739,898973,1,"[""SDN 006 Langgini""]","[""primary""]",18,18,18,exact,"{""student"": 18}",,"[""https://www.iniriau.com/detail/48677/orang-tua-siswa-resah-usai-insiden-keracunan-mbg-di-bangkinang""]","[""id.Daftar_kasus_keracunan_massal_makan_siang_gratis#r0077""]",[]
id.Daftar_kasus_keracunan_massal_makan_siang_gratis#e0090,2025-08-28,2025-08-28,day,Bengkulu,Kabupaten Lebong,kabupaten,Lebong,17.07,-3.1574485628093467,102.18284672681582,115520,12,"[""PAUD IT Al-Azhar"", ""PAUD Az-Zahra"", ""TK Al Akhlak"", ""SD IT Al Azhar"", ""SD IT Al-Azhar Sukabumi"", ""SD Muhammadiyah Ujung Tanjung"", ""SD Muhammadiyah Ujung Tanjung II"", ""SD Negeri 17 Ujung Tanjung I"", ""SD Negeri 25 Desa Sukabumi"", ""SD IT Suka Bumi"", ""SMP 05 Lebong"", ""SMP 16 Lebong""]","[""early_childhood"", ""junior_secondary"", ""primary""]",539,539,539,exact,"{""student"": 539}",,"[""https://bengkulu.bpk.go.id/tertinggi-korban-mbg-di-lebong-539-orang/""]","[""id.Daftar_kasus_keracunan_massal_makan_siang_gratis#r0090"", ""id.Daftar_kasus_keracunan_massal_makan_siang_gratis#r0091"", ""id.Daftar_kasus_keracunan_massal_makan_siang_gratis#r0092"", ""id.Daftar_kasus_keracunan_massal_makan_siang_gratis#r0093"", ""id.Daftar_kasus_keracunan_massal_makan_siang_gratis#r0094"", ""id.Daftar_kasus_keracunan_massal_makan_siang_gratis#r0095"", ""id.Daftar_kasus_keracunan_massal_makan_siang_gratis#r0096"", ""id.Daftar_kasus_keracunan_massal_makan_siang_gratis#r0097"", ""id.Daftar_kasus_keracunan_massal_makan_siang_gratis#r0098"", ""id.Daftar_kasus_keracunan_massal_makan_siang_gratis#r0099"", ""id.Daftar_kasus_keracunan_massal_makan_siang_gratis#r0100"", ""id.Daftar_kasus_keracunan_massal_makan_siang_gratis#r0101""]","[""count_shared_across_rows""]"
id.Daftar_kasus_keracunan_massal_makan_siang_gratis#e0118,2025-08-29,2025-08-29,day,Lampung,Kabupaten Lampung Utara,kabupaten,Lampung Utara,18.03,-4.8291901217543,104.88744459932492,675626,1,"[""SDN 1 Negara Agung""]","[""primary""]",16,16,16,exact,"{""student"": 16}",,"[""https://lampost.co/lampung/16-pelajar-lampung-utara-keracunan-makan-bergizi-gratis/""]","[""id.Daftar_kasus_keracunan_massal_makan_siang_gratis#r0118""]",[]
id.Daftar_kasus_keracunan_massal_makan_siang_gratis#e0133,2025-08-29,2025-08-29,day,Lampung,Kota Bandar Lampung,kota,Bandar Lampung,18.71,-5.429579213794452,105.26256765111627,1077664,4,"[""SDN 2 Sukabumi"", ""SDN 2 Campang Raya"", ""SMPN 31 Campang Raya"", ""SMKN 5 Sukabumi""]","[""junior_secondary"", ""primary"", ""senior_secondary""]",247,247,247,exact,"{""student"": 247}",,"[""https://indonesiainvestigasi.com/orang-tua-murid-meminta-polda-lampung-periksa-dan-proses-yayasan-penyedia-mbg-yang-menyebabkan-puluhan-murid-mengalami-keracunan-massal/31/""]","[""id.Daftar_kasus_keracunan_massal_makan_siang_gratis#r0133"", ""id.Daftar_kasus_keracunan_massal_makan_siang_gratis#r0134"", ""id.Daftar_kasus_keracunan_massal_makan_siang_gratis#r0135"", ""id.Daftar_kasus_keracunan_massal_makan_siang_gratis#r0136""]","[""count_shared_across_rows""]"
id.Daftar_kasus_keracunan_massal_makan_siang_gratis#e0202,2025-08-29,2025-08-29,day,DKI Jakarta,Kota Administrasi Jakarta Selatan,kota,Jakarta Selatan,31.74,-6.247775007302514,106.80763679653259,2331411,1,"[""TBA (Tidak diumumkan)""]",[],3,3,3,exact,"{""student"": 3}",,"[""https://news.republika.co.id/berita/t3fv80487/ditanya-kejadian-keracunan-mbg-di-jakarta-pramono-tanyakan-pemerintah-pusat""]","[""id.Daftar_kasus_keracunan_massal_makan_siang_gratis#r0202""]","[""no_venue""]"
id.Daftar_kasus_keracunan_massal_makan_siang_gratis#e0193,2025-09,2025-09,month,Banten,Kota Tangerang Selatan,kota,Tangerang Selatan,36.74,-6.321567965040671,106.70774205743535,1463607,1,"[""SD (Spesifik tidak disebutkan)""]","[""primary""]",,,,unreported,{},,"[""https://tangselife.com/news/pilar-saga-ichsan-ungkap-sempat-ada-kasus-keracunan-mbg-di-tangsel""]","[""id.Daftar_kasus_keracunan_massal_makan_siang_gratis#r0193""]","[""count_unreported"", ""month_precision_only"", ""no_venue""]"
id.Daftar_kasus_keracunan_massal_makan_siang_gratis#e0062,2025-09-02,2025-09-02,day,Sumatera Selatan,Kabupaten Ogan Komering Ilir,kabupaten,Ogan Komering Ilir,16.02,-3.4116461216612666,104.82302047600152,801059,3,"[""SD Negeri 1 Pedamaran"", ""SD Negeri 5 Pedamaran"", ""SMP Negeri 1 Pedamaran""]","[""junior_secondary"", ""primary""]",80,80,80,exact,"{""student"": 80}",,"[""https://www.detik.com/sumbagsel/berita/d-8095058/program-mbg-di-oki-dihentikan-sementara-usai-80-siswa-sd-smp-keracunan""]","[""id.Daftar_kasus_keracunan_massal_makan_siang_gratis#r0062"", ""id.Daftar_kasus_keracunan_massal_makan_siang_gratis#r0063"", ""id.Daftar_kasus_keracunan_massal_makan_siang_gratis#r0064""]","[""count_shared_across_rows""]"
id.Daftar_kasus_keracunan_massal_makan_siang_gratis#e0192,2025-09-02,2025-09-02,day,Banten,Kabupaten Serang,kabupaten,Serang,36.04,-6.115302501045602,106.15201508303925,1791795,1,"[""SMPN 1 Kramatwatu""]","[""junior_secondary""]",27,27,27,exact,"{""student"": 27}",,"[""https://www.inews.id/news/nasional/27-siswa-smp-di-serang-banten-diduga-keracunan-mbg-gejala-mual-hingga-diare""]","[""id.Daftar_kasus_keracunan_massal_makan_siang_gratis#r0192""]",[]
id.Daftar_kasus_keracunan_massal_makan_siang_gratis#e0065,2025-09-03,2025-09-03,day,Sumatera Selatan,Kabupaten Musi Banyuasin,kabupaten,Musi Banyuasin,16.06,-2.8888428202148733,103.84022898155693,736897,1,"[""SDN 3 Mangun Jaya""]","[""primary""]",9,9,9,exact,"{""student"": 9}",,"[""https://www.kompas.com/sumatera-selatan/read/2025/09/05/153000688/9-siswa-sd-di-muba-diduga-keracunan-makanan-program-makan""]","[""id.Daftar_kasus_keracunan_massal_makan_siang_gratis#r0065""]",[]
id.Daftar_kasus_keracunan_massal_makan_siang_gratis#e0224,2025-09-03,2025-09-03,day,Jawa Barat,Kabupaten Cianjur,kabupaten,Cianjur,32.03,-6.822746173673224,107.1394835830441,2638825,1,"[""MTs Islamiyah Sayang""]","[""junior_secondary""]",9,9,9,exact,"{""student"": 9}",,"[""https://pakuanraya.com/diduga-keracunan-mbg-sembilan-siswa-mts-di-cianjur-dilarikan-ke-rumah-sakit/""]","[""id.Daftar_kasus_keracunan_massal_makan_siang_gratis#r0224""]",[]
id.Daftar_kasus_keracunan_massal_makan_siang_gratis#e0504,2025-09-03,2025-09-03,day,DI Yogyakarta,Kabupaten Gunungkidul,kabupaten,Gunungkidul,34.03,-7.964079635059824,110.6015380965454,776926,1,"[""MTsN Wonosari""]","[""junior_secondary""]",5,5,5,exact,"{""student"": 5}",,"[""https://www.detik.com/jogja/berita/d-8096710/5-anak-mual-muntah-usai-santap-mbg-di-gunungkidul-dinkes-diduga-keracunan-makanan""]","[""id.Daftar_kasus_keracunan_massal_makan_siang_gratis#r0504""]",[]
id.Daftar_kasus_keracunan_massal_makan_siang_gratis#e0688,2025-09-03,2025-09-03,day,Nusa Tenggara Barat,Kabupaten Lombok Barat,kabupaten,Lombok Barat,52.01,-8.681396051887829,116.13670528305914,762757,1,"[""SDN 1 Selat""]","[""primary""]",17,17,17,exact,"{""student"": 17}",,"[""https://www.detik.com/bali/nusra/d-8095139/17-siswa-di-lombok-barat-diduga-keracunan-mbg-sempat-dibawa-ke-puskesmas""]","[""id.Daftar_kasus_keracunan_massal_makan_siang_gratis#r0688""]",[]
id.Daftar_kasus_keracunan_massal_makan_siang_gratis#e0689,2025-09-03,2025-09-03,day,Nusa Tenggara Barat,Kabupaten Lombok Barat,kabupaten,Lombok Barat,52.01,-8.681396051887829,116.13670528305914,762757,1,"[""SDN 2 Nyur Lembang""]","[""primary""]",2,2,2,exact,"{""student"": 2}",,"[""https://regional.kompas.com/read/2025/09/05/140802578/ketua-gugus-di-ntb-sebut-2-sekolah-keracunan-mbg-kita-tidak-mau-anak-anak""]","[""id.Daftar_kasus_keracunan_massal_makan_siang_gratis#r0689""]",[]
id.Daftar_kasus_keracunan_massal_makan_siang_gratis#e0144,2025-09-04,2025-09-04,day,Lampung,Kota Metro,kota,Metro,18.72,-5.113688728188825,105.30690431111174,182293,1,"[""TBA( Tidak Disebutkan)""]",[],12,12,12,exact,"{""student"": 12}",,"[""https://radarlampung.disway.id/read/716610/sikapi-kasus-keracunan-siswa-mbg-wagub-jihan-kuota-dapur-terlalu-besar-perlu-dievaluasi""]","[""id.Daftar_kasus_keracunan_massal_makan_siang_gratis#r0144""]","[""no_venue""]"
id.Daftar_kasus_keracunan_massal_makan_siang_gratis#e0542,2025-09-04,2025-09-04,day,Jawa Timur,Kabupaten Situbondo,kabupaten,Situbondo,35.12,-7.707340624354634,114.00177518305065,691635,1,"[""SMAN 1 Panji""]","[""senior_secondary""]",232,232,232,exact,"{""student"": 232}",,"[""https://memorandum.disway.id/read/138688/232-siswa-sman-1-panji-diduga-mengalami-keracunan-mbg""]","[""id.Daftar_kasus_keracunan_massal_makan_siang_gratis#r0542""]",[]
id.Daftar_kasus_keracunan_massal_makan_siang_gratis#e0203,2025-09-08,2025-09-08,day,DKI Jakarta,Kota Administrasi Jakarta Utara,kota,Jakarta Utara,31.72,-6.1200283357159915,106.89249513885989,1832032,1,"[""TBA (Tidak diumumkan)""]",[],14,14,14,exact,"{""student"": 14}",,"[""https://news.republika.co.id/berita/t3fv80487/ditanya-kejadian-keracunan-mbg-di-jakarta-pramono-tanyakan-pemerintah-pusat""]","[""id.Daftar_kasus_keracunan_massal_makan_siang_gratis#r0203""]","[""no_venue""]"
id.Daftar_kasus_keracunan_massal_makan_siang_gratis#e0204,2025-09-08,2025-09-08,day,DKI Jakarta,Kota Administrasi Jakarta Utara,kota,Jakarta Utara,31.72,-6.1200283357159915,106.89249513885989,1832032,1,"[""SMPN 277 Jakarta""]","[""junior_secondary""]",,20,99,vague,{},,"[""https://www.tempo.co/politik/keracunan-makan-bergizi-gratis-2073995""]","[""id.Daftar_kasus_keracunan_massal_makan_siang_gratis#r0204""]","[""count_vague""]"
id.Daftar_kasus_keracunan_massal_makan_siang_gratis#e0543,2025-09-09,2025-09-09,day,Jawa Timur,Kabupaten Pamekasan,kabupaten,Pamekasan,35.28,-7.156884154270928,113.47188259653895,904965,2,"[""Lembaga Pendidikan Al-Falah"", ""Lembaga Pendidikan Al-Amin""]",[],37,37,37,exact,"{""student"": 37}",,"[""https://www.pojoksatu.id/daerah/1086581857/buntut-puluhan-siswa-keracunan-akibat-mbg-bgn-pamekasan-diduga-enggan-bertanggung-jawab""]","[""id.Daftar_kasus_keracunan_massal_makan_siang_gratis#r0543"", ""id.Daftar_kasus_keracunan_massal_makan_siang_gratis#r0544""]","[""count_shared_across_rows""]"
id.Daftar_kasus_keracunan_massal_makan_siang_gratis#e0385,2025-09-10,2025-09-10,day,Jawa Tengah,Kabupaten Klaten,kabupaten,Klaten,33.10,-7.712385036340197,110.59213566770745,1302648,1,"[""Siswa SD (Spesifik Tidak Disebutkan)""]",[],105,105,105,exact,"{""student"": 105}",,"[""https://www.idntimes.com/news/indonesia/deretan-kasus-keracunan-mbg-sebulan-terakhir-ratusan-siswa-jadi-korban-00-f48mr-l0x2ps""]","[""id.Daftar_kasus_keracunan_massal_makan_siang_gratis#r0385""]","[""no_venue""]"
id.Daftar_kasus_keracunan_massal_makan_siang_gratis#e0225,2025-09-11,2025-09-11,day,Jawa Barat,Kabupaten Cianjur,kabupaten,Cianjur,32.03,-6.822746173673224,107.1394835830441,2638825,2,"[""SDN Salakawung"", ""SMP Budi Luhur""]","[""junior_secondary"", ""primary""]",36,36,36,exact,"{""student"": 36}",,"[""https://www.detik.com/jabar/hukum-dan-kriminal/d-8107679/36-siswa-sd-smp-di-cianjur-keracunan-usai-santap-mbg""]","[""id.Daftar_kasus_keracunan_massal_makan_siang_gratis#r0225"", ""id.Daftar_kasus_keracunan_massal_makan_siang_gratis#r0226""]","[""count_shared_across_rows""]"
id.Daftar_kasus_keracunan_massal_makan_siang_gratis#e0273,2025-09-11,2025-09-11,day,Jawa Barat,Kabupaten Sukabumi,kabupaten,Sukabumi,32.02,-6.989164614549726,106.55022261003006,2868943,1,"[""SMKN 1 Cibadak""]","[""senior_secondary""]",69,69,69,exact,"{""student"": 69}",,"[""https://www.koran-gala.id/news/58715927443/sebanyak-69-siswa-smkn-1-cibadak-sukabumi-diduga-keracunan-menu-mbg""]","[""id.Daftar_kasus_keracunan_massal_makan_siang_gratis#r0273""]",[]
id.Daftar_kasus_keracunan_massal_makan_siang_gratis#e0393,2025-09-11,2025-09-11,day,Jawa Tengah,Kabupaten Wonogiri,kabupaten,Wonogiri,33.12,-7.815058364755334,110.9256844677081,1057495,1,"[""Madrasah Ibtidaiyah Negeri (MIN) Wonogiri""]",[],23,23,23,exact,"{""student"": 23}",,"[""https://radarsolo.jawapos.com/wonogiri/846566434/siswa-dan-guru-min-wonogiri-dilaporkan-alami-diare-setelah-santap-menu-mbg""]","[""id.Daftar_kasus_keracunan_massal_makan_siang_gratis#r0393""]",[]
id.Daftar_kasus_keracunan_massal_makan_siang_gratis#e0807,2025-09-11,2025-09-11,day,Sulawesi Tenggara,Kabupaten Buton,kabupaten,Buton,74.04,-5.495773575456685,122.84013943527818,122024,1,"[""SDN 55 Buton""]","[""primary""]",,20,99,vague,{},,"[""https://www.halosultra.com/sultra-raya/buton/50849/puluhan-siswa-sd-di-buton-keracunan-makanan-mbg-wabup-minta-evaluasi-program/""]","[""id.Daftar_kasus_keracunan_massal_makan_siang_gratis#r0807""]","[""count_vague""]"
id.Daftar_kasus_keracunan_massal_makan_siang_gratis#e0819,2025-09-11,2025-09-11,day,Maluku,Kabupaten Maluku Barat Daya,kabupaten,Maluku Barat Daya,81.08,-8.148038324123522,127.8015502463786,97020,1,"[""SMPN 1 Babar Barat""]","[""junior_secondary""]",40,40,40,exact,"{""student"": 40}",,"[""https://rri.co.id/daerah/1827811/pilihan-siswa-di-maluku-barat-daya-keracunan-mbg""]","[""id.Daftar_kasus_keracunan_massal_makan_siang_gratis#r0819""]",[]
id.Daftar_kasus_keracunan_massal_makan_siang_gratis#e0394,2025-09-12,2025-09-12,day,Jawa Tengah,Kabupaten Wonogiri,kabupaten,Wonogiri,33.12,-7.815058364755334,110.9256844677081,1057495,1,"[""SMAN 2 Wonogiri""]","[""senior_secondary""]",110,110,110,exact,"{""student"": 110}",,"[""https://joglosemarnews.com/2025/09/geger-di-wonogiri-110-pelajar-diduga-keracunan-usai-santap-menu-makan-bergizi-gratis-mbg/""]","[""id.Daftar_kasus_keracunan_massal_makan_siang_gratis#r0394""]",[]
id.Daftar_kasus_keracunan_massal_makan_siang_gratis#e0505,2025-09-15,2025-09-15,day,DI Yogyakarta,Kabupaten Gunungkidul,kabupaten,Gunungkidul,34.03,-7.964079635059824,110.6015380965454,776926,3,"[""SDN Sumberejo"", ""SMPN 2 Semin"", ""SMPS Budi Mulia Semin""]","[""junior_secondary"", ""primary""]",19,19,19,exact,"{""student"": 19}",,"[""https://www.detik.com/jogja/berita/d-8115413/19-siswa-di-semin-gunungkidul-diduga-keracunan-mbg""]","[""id.Daftar_kasus_keracunan_massal_makan_siang_gratis#r0505"", ""id.Daftar_kasus_keracunan_massal_makan_siang_gratis#r0506"", ""id.Daftar_kasus_keracunan_massal_makan_siang_gratis#r0507""]","[""count_shared_across_rows""]"
id.Daftar_kasus_keracunan_massal_makan_siang_gratis#e0768,2025-09-16,2025-09-16,day,Sulawesi Tengah,Kota Palu,kota,Palu,72.71,-0.8999595654952609,119.89102154408883,395291,1,"[""SDN Inpres Boyaoge""]","[""primary""]",6,6,6,exact,"{""student"": 6}",,"[""https://palu.tribunnews.com/palu/168739/breaking-news-diduga-keracunan-mbg-6-murid-sdn-inpres-boyaoge-palu-dilarikan-ke-rumah-sakit""]","[""id.Daftar_kasus_keracunan_massal_makan_siang_gratis#r0768""]",[]
id.Daftar_kasus_keracunan_massal_makan_siang_gratis#e0769,2025-09-16,2025-09-16,day,Sulawesi Tengah,Kabupaten Parigi Moutong,kabupaten,Parigi Moutong,72.08,-0.8054270040019127,120.16032341521101,461576,1,"[""SDK Toboli Barat""]","[""primary""]",18,18,18,exact,"{""student"": 18}",,"[""https://www.sulawesitoday.com/berita/1221584838/18-siswa-sdk-toboli-barat-diduga-keracunan-makanan-bergizi-gratis-disdikbud-parigi-moutong-belum-terima-laporan-resmi""]","[""id.Daftar_kasus_keracunan_massal_makan_siang_gratis#r0769""]",[]
id.Daftar_kasus_keracunan_massal_makan_siang_gratis#e0808,2025-09-16,2025-09-16,day,Sulawesi Tenggara,Kota Baubau,kota,Baubau,74.72,-5.485071885684611,122.58479937279147,163793,2,"[""SMAN 7 Baubau"", ""SD Hidayatullah""]","[""primary"", ""senior_secondary""]",37,37,37,exact,"{""student"": 37}",,"[""https://www.kompas.tv/regional/617981/37-siswa-di-baubau-diduga-keracunan-massal-usai-santap-makan-bergizi-gratis-sapa-pagi""]","[""id.Daftar_kasus_keracunan_massal_makan_siang_gratis#r0808"", ""id.Daftar_kasus_keracunan_massal_makan_siang_gratis#r0809""]","[""count_shared_across_rows""]"
id.Daftar_kasus_keracunan_massal_makan_siang_gratis#e0289,2025-09-17,2025-09-17,day,Jawa Barat,Kabupaten Garut,kabupaten,Garut,32.05,-7.202671667220667,107.88606805421097,2851877,5,"[""SDN 2 Mandalasari"", ""SMP Siti Aisyah"", ""MA (Madrasah Aliyah) Siti Aisyah"", ""MA Maarif Cilageni"", ""SMA Siti Aisyah""]","[""junior_secondary"", ""primary"", ""senior_secondary""]",657,657,657,exact,"{""student"": 657}",,"[""https://koran.pikiran-rakyat.com/news/pr-3039659563/korban-keracunan-mbg-di-garut-capai-657-siswa-bupati-janji-evaluasi-menyeluruh""]","[""id.Daftar_kasus_keracunan_massal_makan_siang_gratis#r0289"", ""id.Daftar_kasus_keracunan_massal_makan_siang_gratis#r0290"", ""id.Daftar_kasus_keracunan_massal_makan_siang_gratis#r0291"", ""id.Daftar_kasus_keracunan_massal_makan_siang_gratis#r0292"", ""id.Daftar_kasus_keracunan_massal_makan_siang_gratis#r0293""]","[""count_shared_across_rows""]"
id.Daftar_kasus_keracunan_massal_makan_siang_gratis#e0545,2025-09-17,2025-09-17,day,Jawa Timur,Kabupaten Pamekasan,kabupaten,Pamekasan,35.28,-7.156884154270928,113.47188259653895,904965,1,"[""SDN Pasanggar 1 Pegantenan""]","[""primary""]",8,8,8,exact,"{""student"": 8}",,"[""https://pamekasanchannel.com/news/daerah/menu-mbg-di-pegantenan-pamekasan-penyebab-keracunan-polisi-8-siswa-alami-muntah-muntah/""]","[""id.Daftar_kasus_keracunan_massal_makan_siang_gratis#r0545""]",[]
id.Daftar_kasus_keracunan_massal_makan_siang_gratis#e0549,2025-09-17,2025-09-17,day,Jawa Timur,Kabupaten Lamongan,kabupaten,Lamongan,35.24,-7.1210348508171615,112.41543434071801,1367503,1,"[""SMAN 2 Lamongan""]","[""senior_secondary""]",18,18,18,exact,"{""student"": 18}",,"[""https://radarbangsa.co.id/polres-lamongan-tangani-serius-kasus-keracunan-mbg-siswa-sman-2/""]","[""id.Daftar_kasus_keracunan_massal_makan_siang_gratis#r0549""]",[]
id.Daftar_kasus_keracunan_massal_makan_siang_gratis#e0691,2025-09-17,2025-09-17,day,Nusa Tenggara Barat,Kabupaten Sumbawa,kabupaten,Sumbawa,52.04,-8.489511525311054,117.4196890006745,527715,1,"[""MTSN 2 Sumbawa""]","[""junior_secondary""]",94,94,94,exact,"{""student"": 94}",,"[""https://www.detik.com/bali/nusra/d-8117464/ratusan-siswa-di-sumbawa-diduga-keracunan-mbg-keluhkan-mual-mencret?page=2""]","[""id.Daftar_kasus_keracunan_massal_makan_siang_gratis#r0691""]",[]
id.Daftar_kasus_keracunan_massal_makan_siang_gratis#e0692,2025-09-17,2025-09-17,day,Nusa Tenggara Barat,Kabupaten Sumbawa,kabupaten,Sumbawa,52.04,-8.489511525311054,117.4196890006745,527715,1,"[""SDN Lamenta""]","[""primary""]",1,1,1,exact,"{""student"": 1}",,"[""https://www.detik.com/bali/nusra/d-8117464/ratusan-siswa-di-sumbawa-diduga-keracunan-mbg-keluhkan-mual-mencret?page=2""]","[""id.Daftar_kasus_keracunan_massal_makan_siang_gratis#r0692""]",[]
id.Daftar_kasus_keracunan_massal_makan_siang_gratis#e0693,2025-09-17,2025-09-17,day,Nusa Tenggara Barat,Kabupaten Sumbawa,kabupaten,Sumbawa,52.04,-8.489511525311054,117.4196890006745,527715,1,"[""MIN 3 Sumbwa""]","[""primary""]",20,20,20,exact,"{""student"": 20}",,"[""https://www.detik.com/bali/nusra/d-8117464/ratusan-siswa-di-sumbawa-diduga-keracunan-mbg-keluhkan-mual-mencret?page=2""]","[""id.Daftar_kasus_keracunan_massal_makan_siang_gratis#r0693""]",[]
id.Daftar_kasus_keracunan_massal_makan_siang_gratis#e0694,2025-09-17,2025-09-17,day,Nusa Tenggara Barat,Kabupaten Sumbawa,kabupaten,Sumbawa,52.04,-8.489511525311054,117.4196890006745,527715,1,"[""MAN 3 Sumbawa""]","[""senior_secondary""]",11,11,11,exact,"{""student"": 11}",,"[""https://www.detik.com/bali/nusra/d-8117464/ratusan-siswa-di-sumbawa-diduga-keracunan-mbg-keluhkan-mual-mencret?page=2""]","[""id.Daftar_kasus_keracunan_massal_makan_siang_gratis#r0694""]",[]
id.Daftar_kasus_keracunan_massal_makan_siang_gratis#e0771,2025-09-17,2025-09-17,day,Sulawesi Tengah,Kabupaten Banggai Kepulauan,kabupaten,Banggai Kepulauan,72.07,-1.3119041730240604,123.29844358843701,130008,7,"[""SDN Inpres Tompudau"", ""SDN Pembina"", ""SDN saiyong"", ""MTS Alkhairat salakan"", ""SMP Negeri 1 Tinangkung"", ""SMA Negeri 1 Tinangkung"", ""SMK Negeri 1 Tinangkung""]","[""junior_secondary"", ""primary"", ""senior_secondary""]",338,338,338,exact,"{""student"": 338}",,"[""https://www.tvonenews.com/berita/nasional/376029-338-siswa-keracunan-mbg-di-banggai-kepala-bgn-sebut-karena-ganti-supplier-ikan-cakalang""]","[""id.Daftar_kasus_keracunan_massal_makan_siang_gratis#r0771"", ""id.Daftar_kasus_keracunan_massal_makan_siang_gratis#r0772"", ""id.Daftar_kasus_keracunan_massal_makan_siang_gratis#r0773"", ""id.Daftar_kasus_keracunan_massal_makan_siang_gratis#r0774"", ""id.Daftar_kasus_keracunan_massal_makan_siang_gratis#r0775"", ""id.Daftar_kasus_keracunan_massal_makan_siang_gratis#r0776"", ""id.Daftar_kasus_keracunan_massal_makan_siang_gratis#r0777""]","[""count_shared_across_rows""]"
id.Daftar_kasus_keracunan_massal_makan_siang_gratis#e0241,2025-09-18,2025-09-18,day,Jawa Barat,Kabupaten Tasikmalaya,kabupaten,Tasikmalaya,32.06,-7.361038703594784,108.11307619839148,1996059,3,"[""SD Cikalong 1"", ""PAUD di wilayah Cikalong"", ""“beberapa sekolah lain” di Kecamatan Cikalong""]","[""early_childhood"", ""primary""]",52,52,52,exact,"{""student"": 52}",,"[""https://bandung.kompas.com/read/2025/09/19/202607678/update-korban-keracunan-mbg-di-tasikmalaya-total-52-siswa-sudah-pulang-ke""]","[""id.Daftar_kasus_keracunan_massal_makan_siang_gratis#r0241"", ""id.Daftar_kasus_keracunan_massal_makan_siang_gratis#r0242"", ""id.Daftar_kasus_keracunan_massal_makan_siang_gratis#r0243""]","[""count_shared_across_rows""]"
id.Daftar_kasus_keracunan_massal_makan_siang_gratis#e0820,2025-09-18,2025-09-18,day,Maluku,Kota Tual,kota,Tual,81.72,-5.6346805376740114,132.75172074301332,90470,1,"[""SDN 19 Kota Tual""]","[""primary""]",17,17,17,exact,"{""student"": 17}",,"[""https://rakyatmaluku.fajar.co.id/2025/09/19/santap-mbg-17-siswa-sdn-19-tual-tumbang/""]","[""id.Daftar_kasus_keracunan_massal_makan_siang_gratis#r0820""]",[]
id.Daftar_kasus_keracunan_massal_makan_siang_gratis#e0821,2025-09-19,2025-09-19,day,Maluku,Kota Ambon,kota,Ambon,81.71,-3.6943237268737126,128.1813033560866,359661,1,"[""SD Inpres 35 Passo""]","[""primary""]",16,16,16,exact,"{""student"": 16}",,"[""https://ameks.fajar.co.id/2025/09/19/usai-santap-mbg-sejumlah-siswa-hingga-guru-sd-inpres-35-passo-keracunan/""]","[""id.Daftar_kasus_keracunan_massal_makan_siang_gratis#r0821""]",[]
id.Daftar_kasus_keracunan_massal_makan_siang_gratis#e0175,2025-09-22,2025-09-22,day,Kalimantan Utara,Kabupaten Bulungan,kabupaten,Bulungan,65.01,2.840859024940894,117.3980777424597,170239,1,"[""SMAN 1 Tanjung Selor""]","[""senior_secondary""]",2,2,2,exact,"{""student"": 2}",,"[""https://mediakaltimtara.com/diduga-keracunan-makanan-mbg-2-pelajar-sman-1-tanjung-selor-dilarikan-ke-rumah-sakit/""]","[""id.Daftar_kasus_keracunan_massal_makan_siang_gratis#r0175""]",[]
id.Daftar_kasus_keracunan_massal_makan_siang_gratis#e0304,2025-09-22,2025-09-24,day,Jawa Barat,Kabupaten Bandung Barat,kabupaten,Bandung Barat,32.17,-6.865221399999999,107.49197670000001,1911661,11,"[""SD Negeri Cipari"", ""MTs Darul Fiqri"", ""SMK Pembangunan Bandung Barat"", ""TK Nurul Saadah"", ""SMP Ciparai"", ""SMK Karya Perjuangan"", ""MTs Manarul Huda"", ""SDN 1 Cihampelas"", ""MTs Al Mukhtariyah"", ""SMKN 1 Cihampelas"", ""MA Al Mukhtariyah""]","[""early_childhood"", ""junior_secondary"", ""primary"", ""senior_secondary""]",1333,1333,1333,exact,"{""student"": 1333}",,"[""https://bandung.kompas.com/read/2025/09/25/165121378/update-korban-keracunan-mbg-di-bandung-barat-tembus-1333-orang""]","[""id.Daftar_kasus_keracunan_massal_makan_siang_gratis#r0304"", ""id.Daftar_kasus_keracunan_massal_makan_siang_gratis#r0305"", ""id.Daftar_kasus_keracunan_massal_makan_siang_gratis#r0306"", ""id.Daftar_kasus_keracunan_massal_makan_siang_gratis#r0307"", ""id.Daftar_kasus_keracunan_massal_makan_siang_gratis#r0308"", ""id.Daftar_kasus_keracunan_massal_makan_siang_gratis#r0309"", ""id.Daftar_kasus_keracunan_massal_makan_siang_gratis#r0310"", ""id.Daftar_kasus_keracunan_massal_makan_siang_gratis#r0311"", ""id.Daftar_kasus_keracunan_massal_makan_siang_gratis#r0312"", ""id.Daftar_kasus_keracunan_massal_makan_siang_gratis#r0313"", ""id.Daftar_kasus_keracunan_massal_makan_siang_gratis#r0314""]","[""count_shared_across_rows""]"
id.Daftar_kasus_keracunan_massal_makan_siang_gratis#e0401,2025-09-22,2025-09-22,day,Jawa Tengah,Kota Salatiga,kota,Salatiga,33.73,-7.33043714839692,110.5008298965402,198971,1,"[""MAN Kota Salatiga""]","[""senior_secondary""]",7,7,7,approx,"{""student"": 7}",,"[""https://radarsemarang.jawapos.com/salatiga/726611719/pemkot-bilang-begini-soal-insiden-keracunan-mbg-di-man-salatiga""]","[""id.Daftar_kasus_keracunan_massal_makan_siang_gratis#r0401""]",[]
id.Daftar_kasus_keracunan_massal_makan_siang_gratis#e0417,2025-09-22,2025-09-22,day,Jawa Tengah,Kabupaten Banyumas,kabupaten,Banyumas,33.02,-7.4227990604767795,109.23008333914095,1868446,3,"[""TK"", ""SDN Kediri"", ""SDN Pangebatan""]","[""early_childhood"", ""primary""]",408,408,408,exact,"{""student"": 408}",,"[""https://regional.kompas.com/read/2025/09/29/125310878/dugaan-keracunan-mbg-di-banyumas-korban-bertambah-jadi-408-siswa""]","[""id.Daftar_kasus_keracunan_massal_makan_siang_gratis#r0417"", ""id.Daftar_kasus_keracunan_massal_makan_siang_gratis#r0418"", ""id.Daftar_kasus_keracunan_massal_makan_siang_gratis#r0419""]","[""count_shared_across_rows""]"
id.Daftar_kasus_keracunan_massal_makan_siang_gratis#e0066,2025-09-23,2025-09-23,day,Sumatera Selatan,Kabupaten Ogan Komering Ulu,kabupaten,Ogan Komering Ulu,16.01,-4.165710009351137,104.19777124067642,390048,1,"[""SMPN 9 Ogan Komering Ulu""]","[""junior_secondary""]",12,12,12,exact,"{""student"": 12}",,"[""https://sumsel.idntimes.com/news/sumatera-selatan/belasan-siswa-smp-di-oku-dilarikan-ke-puskesmas-diduga-keracunan-mbg-c1c2-01-fzf3x-vxzcjc""]","[""id.Daftar_kasus_keracunan_massal_makan_siang_gratis#r0066""]",[]
id.Daftar_kasus_keracunan_massal_makan_siang_gratis#e0152,2025-09-23,2025-09-23,day,Kalimantan Barat,Kabupaten Ketapang,kabupaten,Ketapang,61.04,-1.8442282167132769,109.97893875233444,583541,1,"[""SDN 12 Benua Kayong""]","[""primary""]",25,25,25,exact,"{""student"": 25}",,"[""https://regional.kompas.com/read/2025/09/24/213525178/korban-keracunan-mbg-di-ketapang-bertambah-jadi-25-orang-dapur-ditutup""]","[""id.Daftar_kasus_keracunan_massal_makan_siang_gratis#r0152""]",[]
id.Daftar_kasus_keracunan_massal_makan_siang_gratis#e0206,2025-09-23,2025-09-23,day,DKI Jakarta,Kota Administrasi Jakarta Utara,kota,Jakarta Utara,31.72,-6.1200283357159915,106.89249513885989,1832032,1,"[""SMAN 15 Jakarta""]","[""senior_secondary""]",7,7,7,exact,"{""student"": 7}",,"[""https://news.republika.co.id/berita/t31pal484/tujuh-siswa-sman-15-jakarta-alami-gejala-keracunan-usai-santap-mbg""]","[""id.Daftar_kasus_keracunan_massal_makan_siang_gratis#r0206""]",[]
id.Daftar_kasus_keracunan_massal_makan_siang_gratis#e0404,2025-09-23,2025-09-23,day,Jawa Tengah,Kabupaten Jepara,kabupaten,Jepara,33.20,-6.59009446252794,110.66812971187831,1283687,4,"[""TK Melati Banjaran"", ""Kelompok Bermain Darul Karomah Srikandang"", ""MI Matholiul Huda Srikandang"", ""SDN 1 Banjaran""]","[""early_childhood"", ""primary""]",35,35,35,exact,"{""student"": 35}",,"[""https://www.suaramerdeka.com/jawa-tengah/0416003607/kasus-keracunan-di-jepara-program-makan-bergizi-gratis-tetap-jalan-pengawasan-diperketat""]","[""id.Daftar_kasus_keracunan_massal_makan_siang_gratis#r0404"", ""id.Daftar_kasus_keracunan_massal_makan_siang_gratis#r0405"", ""id.Daftar_kasus_keracunan_massal_makan_siang_gratis#r0406"", ""id.Daftar_kasus_keracunan_massal_makan_siang_gratis#r0407""]","[""count_shared_across_rows""]"
id.Daftar_kasus_keracunan_massal_makan_siang_gratis#e0274,2025-09-24,2025-09-24,day,Jawa Barat,Kabupaten Sukabumi,kabupaten,Sukabumi,32.02,-6.989164614549726,106.55022261003006,2868943,1,"[""SMK Doa Bangsa""]","[""senior_secondary""]",32,32,32,exact,"{""student"": 32}",,"[""https://bandung.kompas.com/read/2025/09/25/111248678/32-pelajar-di-pelabuhanratu-sukabumi-diduga-keracunan-mbg""]","[""id.Daftar_kasus_keracunan_massal_makan_siang_gratis#r0274""]",[]
id.Daftar_kasus_keracunan_massal_makan_siang_gratis#e0412,2025-09-24,2025-09-24,day,Jawa Tengah,Kabupaten Rembang,kabupaten,Rembang,33.17,-6.703466029933058,111.34262144071498,665501,1,"[""SMPN 1 Kragan""]","[""junior_secondary""]",173,173,173,exact,"{""student"": 173}",,"[""https://regional.kompas.com/read/2025/09/24/164242578/173-siswa-smp-di-rembang-diduga-keracunan-mbg-13-orang-harus-rawat-inap""]","[""id.Daftar_kasus_keracunan_massal_makan_siang_gratis#r0412""]",[]
id.Daftar_kasus_keracunan_massal_makan_siang_gratis#e0550,2025-09-24,2025-09-24,day,Jawa Timur,Kabupaten Bojonegoro,kabupaten,Bojonegoro,35.22,-7.149935359747551,111.88154262537478,1366227,1,"[""SDN Semanding""]","[""primary""]",7,7,7,exact,"{""student"": 7}",,"[""https://surabaya.kompas.com/read/2025/09/24/201250978/7-siswa-sd-diduga-keracunan-mbg-di-bojonegoro-4-di-antaranya-dirujuk-ke-igd""]","[""id.Daftar_kasus_keracunan_massal_makan_siang_gratis#r0550""]",[]
id.Daftar_kasus_keracunan_massal_makan_siang_gratis#e0558,2025-09-24,2025-09-24,day,Jawa Timur,Kabupaten Tuban,kabupaten,Tuban,35.23,-6.8961044097904685,112.06506272537278,1266396,1,"[""SMKN 1 Palang""]","[""senior_secondary""]",6,6,6,exact,"{""student"": 6}",,"[""https://www.kompas.com/jawa-timur/read/2025/09/24/203000788/6-siswa-smk-di-tuban-diduga-keracunan-mbg-satu-murid-sempat-muntah""]","[""id.Daftar_kasus_keracunan_massal_makan_siang_gratis#r0558""]",[]
id.Daftar_kasus_keracunan_massal_makan_siang_gratis#e0690,2025-09-24,2025-09-24,day,Nusa Tenggara Barat,Kabupaten Lombok Barat,kabupaten,Lombok Barat,52.01,-8.681396051887829,116.13670528305914,762757,1,"[""MTS (Spesifik tidak disebutkan)""]","[""junior_secondary""]",26,26,26,exact,"{""santri"": 26}",,"[""https://www.detik.com/bali/nusra/d-8129652/26-santri-ponpes-di-lombok-barat-keracunan-setelah-30-menit-santap-mbg""]","[""id.Daftar_kasus_keracunan_massal_makan_siang_gratis#r0690""]","[""no_venue""]"
id.Daftar_kasus_keracunan_massal_makan_siang_gratis#e0709,2025-09-24,2025-09-24,day,Nusa Tenggara Timur,Kota Kupang,kota,Kupang,53.71,-10.15389633793275,123.61939014385608,404120,1,"[""SD Inpres Liliba""]","[""primary""]",11,11,11,exact,"{""student"": 11}",,"[""https://regional.kompas.com/read/2025/09/24/161744578/diduga-keracunan-mbg-11-siswa-sd-di-kupang-dilarikan-ke-rumah-sakit""]","[""id.Daftar_kasus_keracunan_massal_makan_siang_gratis#r0709""]",[]
id.Daftar_kasus_keracunan_massal_makan_siang_gratis#e0755,2025-09-24,2025-09-24,day,Sulawesi Barat,Kabupaten Mamuju,kabupaten,Mamuju,76.02,-2.6897491591296983,118.88453367460207,288382,2,"[""SDN Taan Galung"", ""SMP Negeri 1 Tapalang""]","[""junior_secondary"", ""primary""]",25,25,25,exact,"{""student"": 25}",,"[""https://regional.kompas.com/read/2025/09/25/133740178/imbas-25-siswa-keracunan-dapur-mbg-di-mamuju-ditutup-sementara""]","[""id.Daftar_kasus_keracunan_massal_makan_siang_gratis#r0755"", ""id.Daftar_kasus_keracunan_massal_makan_siang_gratis#r0756""]","[""count_shared_across_rows""]"
id.Daftar_kasus_keracunan_massal_makan_siang_gratis#e0067,2025-09-25,2025-09-25,day,Sumatera Selatan,Kota Palembang,kota,Palembang,16.71,-2.991046172915815,104.75675098698375,1801367,1,"[""SDN 178 Palembang""]","[""primary""]",15,15,15,exact,"{""student"": 15}",,"[""https://regional.kompas.com/read/2025/09/25/162236478/diduga-usai-santap-mbg-15-murid-sd-di-palembang-mual-dan-muntah""]","[""id.Daftar_kasus_keracunan_massal_makan_siang_gratis#r0067""]",[]
id.Daftar_kasus_keracunan_massal_makan_siang_gratis#e0083,2025-09-25,2025-09-25,day,Kepulauan Riau,Kabupaten Karimun,kabupaten,Karimun,21.02,1.032978125457723,103.37578135747897,273946,1,"[""SMPN 2 Karimun""]","[""junior_secondary""]",14,14,14,exact,"{""student"": 14}",,"[""https://www.kompas.com/sumatera-selatan/read/2025/09/25/204500088/14-siswa-smp-negeri-2-karimun-diduga-keracunan-mbg-polisi-ambil""]","[""id.Daftar_kasus_keracunan_massal_makan_siang_gratis#r0083""]",[]
id.Daftar_kasus_keracunan_massal_makan_siang_gratis#e0156,2025-09-25,2025-09-25,day,Kalimantan Barat,Kabupaten Sanggau,kabupaten,Sanggau,61.03,0.12348442018479931,110.59604636952717,499074,1,"[""MIS Al-Wardah""]","[""primary""]",6,6,6,exact,"{""student"": 6}",,"[""https://www.detik.com/kalimantan/berita/d-8130024/siswa-di-sanggau-keracunan-satgas-mbg-turunkan-tim-investigasi""]","[""id.Daftar_kasus_keracunan_massal_makan_siang_gratis#r0156""]",[]
id.Daftar_kasus_keracunan_massal_makan_siang_gratis#e0176,2025-09-25,2025-09-25,day,Kalimantan Timur,Kota Balikpapan,kota,Balikpapan,64.71,-1.276337448127985,116.82776028626806,757418,1,"[""SMKN 3 Balikpapan""]","[""senior_secondary""]",5,5,5,exact,"{""student"": 5}",,"[""https://kaltim.idntimes.com/news/kalimantan-timur/dugaan-keracunan-mbg-di-balikpapan-sampel-dikirim-ke-bpom-samarinda-00-htmy4-92b081""]","[""id.Daftar_kasus_keracunan_massal_makan_siang_gratis#r0176""]",[]
id.Daftar_kasus_keracunan_massal_makan_siang_gratis#e0207,2025-09-25,2025-09-25,day,DKI Jakarta,Kota Administrasi Jakarta Timur,kota,Jakarta Timur,31.75,-6.2136855478344994,106.9440075965323,3230417,1,"[""SDN 07 Pulogebang""]","[""primary""]",6,6,6,exact,"{""student"": 6}",,"[""https://megapolitan.kompas.com/read/2025/09/25/13450971/kronologi-6-siswa-sdn-07-pulogebang-alami-mual-dan-muntah-usai-santap-mbg""]","[""id.Daftar_kasus_keracunan_massal_makan_siang_gratis#r0207""]",[]
id.Daftar_kasus_keracunan_massal_makan_siang_gratis#e0227,2025-09-25,2025-09-25,day,Jawa Barat,Kabupaten Cianjur,kabupaten,Cianjur,32.03,-6.822746173673224,107.1394835830441,2638825,1,"[""SDN Taruna Bakti""]","[""primary""]",30,30,30,exact,"{""student"": 30}",,"[""https://bandung.kompas.com/read/2025/09/25/160208478/puluhan-siswa-sd-di-cianjur-alami-gejala-keracunan-usai-santap-mbg""]","[""id.Daftar_kasus_keracunan_massal_makan_siang_gratis#r0227""]",[]
id.Daftar_kasus_keracunan_massal_makan_siang_gratis#e0331,2025-09-25,2025-09-25,day,Jawa Barat,Kabupaten Subang,kabupaten,Subang,32.13,-6.571294853262137,107.76235318119123,1677628,1,"[""SD Rawalele""]","[""primary""]",11,11,11,exact,"{""student"": 11}",,"[""https://www.detik.com/jabar/berita/d-8130733/11-siswa-sd-di-subang-alami-mual-muntah-usai-santap-mbg""]","[""id.Daftar_kasus_keracunan_massal_makan_siang_gratis#r0331""]",[]
id.Daftar_kasus_keracunan_massal_makan_siang_gratis#e0332,2025-09-25,2025-09-25,day,Jawa Barat,Kabupaten Sumedang,kabupaten,Sumedang,32.11,-6.86120394309925,107.92061689653679,1226660,3,"[""SMK Win Ujungjaya"", ""SMK Rimba Bahari Situraja"", ""SMA Negeri 1 Tomo""]","[""senior_secondary""]",164,164,164,exact,"{""student"": 164}",,"[""https://www.detik.com/jabar/berita/d-8131647/korban-keracunan-mbg-di-sumedang-capai-164-siswa""]","[""id.Daftar_kasus_keracunan_massal_makan_siang_gratis#r0332"", ""id.Daftar_kasus_keracunan_massal_makan_siang_gratis#r0333"", ""id.Daftar_kasus_keracunan_massal_makan_siang_gratis#r0334""]","[""count_shared_across_rows""]"
id.Daftar_kasus_keracunan_massal_makan_siang_gratis#e0425,2025-09-25,2025-09-25,day,Jawa Tengah,Kabupaten Kebumen,kabupaten,Kebumen,33.05,-7.668443736529897,109.65371583117799,1446833,2,"[""SDN Tegalretno"", ""Madrasah Wathoniyah Islamiyah""]","[""primary""]",176,176,176,exact,"{""student"": 176}",,"[""https://www.detik.com/jateng/berita/d-8133239/26-siswa-di-kebumen-diduga-keracunan-mbg-dipulangkan-dari-rs""]","[""id.Daftar_kasus_keracunan_massal_makan_siang_gratis#r0425"", ""id.Daftar_kasus_keracunan_massal_makan_siang_gratis#r0426""]","[""count_shared_across_rows""]"
id.Daftar_kasus_keracunan_massal_makan_siang_gratis#e0561,2025-09-25,2025-09-25,day,Jawa Timur,Kota Batu,kota,Batu,35.79,-7.862516051170755,112.5133531677289,225408,2,"[""SMPN 1 Kota Batu"", ""SMAN 1 Kota Batu""]","[""junior_secondary"", ""senior_secondary""]",12,12,12,exact,"{""student"": 12}",,"[""https://surabaya.kompas.com/read/2025/09/29/122807778/kepala-smpn-1-batu-ungkap-kronologi-belasan-siswa-sakit-perut-usai-santap""]","[""id.Daftar_kasus_keracunan_massal_makan_siang_gratis#r0561"", ""id.Daftar_kasus_keracunan_massal_makan_siang_gratis#r0562""]","[""count_shared_across_rows""]"
id.Daftar_kasus_keracunan_massal_makan_siang_gratis#e0770,2025-09-25,2025-09-25,day,Sulawesi Tengah,Kabupaten Parigi Moutong,kabupaten,Parigi Moutong,72.08,-0.8054270040019127,120.16032341521101,461576,1,"[""SMP Negeri 2 Taopa""]","[""junior_secondary""]",27,27,27,exact,"{""student"": 27}",,"[""https://www.kompas.id/artikel/keracunan-mbg-di-sulawesi-tengah-27-siswa-di-parigi-moutong-dirawat-di-rs""]","[""id.Daftar_kasus_keracunan_massal_makan_siang_gratis#r0770""]",[]
id.Daftar_kasus_keracunan_massal_makan_siang_gratis#e0124,2025-09-26,2025-09-26,day,Lampung,Kabupaten Lampung Timur,kabupaten,Lampung Timur,18.07,-5.048183264548101,105.52825470212977,1122605,5,"[""SDN 1 Lehan"", ""SDN 2 Lehan"", ""SDN 1 Sukadana"", ""SD Catur Swako"", ""SMPN PGRI 1 Bumi Agung""]","[""junior_secondary"", ""primary""]",41,41,41,exact,"{""student"": 41}",,"[""https://lampung.tribunnews.com/lampung/1191560/kondisi-terkini-41-siswa-di-lampung-timur-usai-keracunan-roti-sosis-mbg""]","[""id.Daftar_kasus_keracunan_massal_makan_siang_gratis#r0124"", ""id.Daftar_kasus_keracunan_massal_makan_siang_gratis#r0125"", ""id.Daftar_kasus_keracunan_massal_makan_siang_gratis#r0126"", ""id.Daftar_kasus_keracunan_massal_makan_siang_gratis#r0127"", ""id.Daftar_kasus_keracunan_massal_makan_siang_gratis#r0128""]","[""count_shared_across_rows""]"
id.Daftar_kasus_keracunan_massal_makan_siang_gratis#e0335,2025-09-26,2025-09-26,day,Jawa Barat,Kabupaten Bogor,kabupaten,Bogor,32.01,-6.479478948089524,106.82471731002641,5809790,1,"[""SMPN 1 Jonggol""]","[""junior_secondary""]",4,4,4,exact,"{""student"": 4}",,"[""https://news.detik.com/berita/d-8131586/4-siswa-smp-di-jonggol-bogor-diduga-keracunan-menu-makan-bergizi-gratis""]","[""id.Daftar_kasus_keracunan_massal_makan_siang_gratis#r0335""]",[]
id.Daftar_kasus_keracunan_massal_makan_siang_gratis#e0563,2025-09-26,2025-09-26,day,Jawa Timur,Kabupaten Jember,kabupaten,Jember,35.09,-8.169670975121788,113.70215105421875,2615874,1,"[""SDN 05 Sidomekar""]","[""primary""]",16,16,16,exact,"{""student"": 16}",,"[""https://regional.kompas.com/read/2025/09/28/101559678/diduga-keracunan-16-siswa-sd-di-jember-mual-dan-sakit-perut-usai-santap-mbg""]","[""id.Daftar_kasus_keracunan_massal_makan_siang_gratis#r0563""]",[]
id.Daftar_kasus_keracunan_massal_makan_siang_gratis#e0810,2025-09-26,2025-09-26,day,Sulawesi Tenggara,Kabupaten Konawe,kabupaten,Konawe,74.02,-3.854233561558946,122.04272734128605,269128,2,"[""siswa SDIT"", ""SMKN 1 Unaaha""]","[""senior_secondary""]",16,16,16,exact,"{""student"": 16}",,"[""https://regional.kompas.com/read/2025/09/26/183320878/ayam-mbg-bau-dan-rasanya-kecut-belasan-siswa-di-konawe-dilarikan-ke-rs""]","[""id.Daftar_kasus_keracunan_massal_makan_siang_gratis#r0810"", ""id.Daftar_kasus_keracunan_massal_makan_siang_gratis#r0811""]","[""count_shared_across_rows""]"
id.Daftar_kasus_keracunan_massal_makan_siang_gratis#e0000,2025-09-29,2025-09-29,day,Aceh,Kabupaten Aceh Utara,kabupaten,Aceh Utara,11.08,5.07571569194339,97.30262386768965,641007,1,"[""SDN 6 Matangkuli""]","[""primary""]",3,3,3,exact,"{""student"": 3}",,"[""https://regional.kompas.com/read/2025/10/03/143203478/3-murid-sd-aceh-utara-mual-dan-muntah-diduga-setelah-makan-mbg""]","[""id.Daftar_kasus_keracunan_massal_makan_siang_gratis#r0000""]",[]
id.Daftar_kasus_keracunan_massal_makan_siang_gratis#e0084,2025-09-29,2025-09-29,day,Kepulauan Riau,Kota Batam,kota,Batam,21.71,1.1287452751793037,104.05533324230443,1342038,1,"[""SDN 016 Seilekop""]","[""primary""]",18,18,18,exact,"{""student"": 18}",,"[""https://batampos.jawapos.com/infokota/2426637580/18-murid-sdn-016-seilekop-batam-keracunan-program-mbg-dihentikan-sementara""]","[""id.Daftar_kasus_keracunan_massal_makan_siang_gratis#r0084""]",[]
id.Daftar_kasus_keracunan_massal_makan_siang_gratis#e0119,2025-09-29,2025-09-29,day,Lampung,Kabupaten Lampung Utara,kabupaten,Lampung Utara,18.03,-4.8291901217543,104.88744459932492,675626,1,"[""SMAN 4 Kota Bumi""]","[""senior_secondary""]",52,52,52,exact,"{""student"": 52}",,"[""https://www.detik.com/sumbagsel/berita/d-8138143/52-pelajar-sma-di-lampung-utara-keracunan-mbg-usai-santap-ayam-crispy""]","[""id.Daftar_kasus_keracunan_massal_makan_siang_gratis#r0119""]",[]
id.Daftar_kasus_keracunan_massal_makan_siang_gratis#e0145,2025-09-29,2025-09-29,day,Lampung,Kabupaten Tulang Bawang Barat,kabupaten,Tulang Bawang Barat,18.12,-4.499407459058168,105.11989991165247,312516,1,"[""SDN 06 Penumangan Lama""]","[""primary""]",8,8,8,exact,"{""student"": 8}",,"[""https://lampung.idntimes.com/news/lampung/siswa-sekolah-tubaba-dan-lampura-diduga-keracunan-santap-mbg-00-5h6fh-4dw7l1""]","[""id.Daftar_kasus_keracunan_massal_makan_siang_gratis#r0145""]",[]
id.Daftar_kasus_keracunan_massal_makan_siang_gratis#e0157,2025-09-29,2025-09-29,day,Kalimantan Barat,Kabupaten Kayong Utara,kabupaten,Kayong Utara,61.11,-1.253324768640413,109.95437986952808,126898,1,"[""SMP PGRI 01 Simpang Hilir""]","[""junior_secondary""]",9,9,9,exact,"{""student"": 9}",,"[""https://www.detik.com/kalimantan/berita/d-8136915/9-pelajar-smp-di-kayong-utara-diduga-keracunan-mbg-muntahan-diuji-lab""]","[""id.Daftar_kasus_keracunan_massal_makan_siang_gratis#r0157""]",[]
id.Daftar_kasus_keracunan_massal_makan_siang_gratis#e0165,2025-09-29,2025-09-29,day,Kalimantan Tengah,Kota Palangka Raya,kota,Palangka Raya,62.71,-2.173996226380074,113.8802702994111,315153,1,"[""SDN 3 Bukit Tunggal""]","[""primary""]",27,27,27,exact,"{""student"": 27}",,"[""https://news.detik.com/berita/d-8137416/27-siswa-sd-di-palangka-raya-mual-pusing-usai-santap-burger-mbg""]","[""id.Daftar_kasus_keracunan_massal_makan_siang_gratis#r0165""]",[]
id.Daftar_kasus_keracunan_massal_makan_siang_gratis#e0343,2025-09-29,2025-09-29,day,Jawa Barat,Kabupaten Ciamis,kabupaten,Ciamis,32.07,-7.325899103457777,108.3514012468077,1297783,1,"[""SMPN 4 Pamarican""]","[""junior_secondary""]",52,52,52,exact,"{""student"": 52}",,"[""https://www.tribunnews.com/nasional/7735011/52-siswa-smpn-4-pamarican-di-ciamis-keracunan-mbg-menu-ayam-dan-labu-diduga-jadi-biang-kerok""]","[""id.Daftar_kasus_keracunan_massal_makan_siang_gratis#r0343""]",[]
id.Daftar_kasus_keracunan_massal_makan_siang_gratis#e0420,2025-09-29,2025-09-29,day,Jawa Tengah,Kabupaten Banyumas,kabupaten,Banyumas,33.02,-7.4227990604767795,109.23008333914095,1868446,4,"[""SD 1 Sudagaran"", ""SD 2 Sudagaran"", ""SD 3 Sudagaran"", ""SD Muhammadiyah""]","[""primary""]",94,94,94,exact,"{""student"": 94}",,"[""https://www.detik.com/jateng/berita/d-8138233/siswa-sd-diduga-keracunan-mbg-spageti-di-banyumas-jadi-94-begini-kondisinya""]","[""id.Daftar_kasus_keracunan_massal_makan_siang_gratis#r0420"", ""id.Daftar_kasus_keracunan_massal_makan_siang_gratis#r0421"", ""id.Daftar_kasus_keracunan_massal_makan_siang_gratis#r0422"", ""id.Daftar_kasus_keracunan_massal_makan_siang_gratis#r0423""]","[""count_shared_across_rows""]"
id.Daftar_kasus_keracunan_massal_makan_siang_gratis#e0171,2025-09-30,2025-09-30,day,Kalimantan Utara,Kabupaten Nunukan,kabupaten,Nunukan,65.03,4.077076241826642,117.71891117176128,227460,4,"[""PAUD Ar Rahman, Sei Limau"", ""MI As Adiyah Tapal Batas"", ""SDN 04 Sei Limau"", ""SDN 05 Sei Limau""]","[""early_childhood"", ""primary""]",145,145,145,exact,"{""student"": 145}",,"[""https://regional.kompas.com/read/2025/10/02/142025478/keracunan-mbg-di-nunukan-bertambah-jadi-145-anak-telur-rebus-diduga-jadi""]","[""id.Daftar_kasus_keracunan_massal_makan_siang_gratis#r0171"", ""id.Daftar_kasus_keracunan_massal_makan_siang_gratis#r0172"", ""id.Daftar_kasus_keracunan_massal_makan_siang_gratis#r0173"", ""id.Daftar_kasus_keracunan_massal_makan_siang_gratis#r0174""]","[""count_shared_across_rows""]"
id.Daftar_kasus_keracunan_massal_makan_siang_gratis#e0208,2025-09-30,2025-09-30,day,DKI Jakarta,Kota Administrasi Jakarta Timur,kota,Jakarta Timur,31.75,-6.2136855478344994,106.9440075965323,3230417,1,"[""SDN 01 Gedong""]","[""primary""]",22,22,22,exact,"{""student"": 22}",,"[""https://www.suara.com/news/2025/10/01/144207/korban-keracunan-mbg-di-sdn-gedong-jadi-22-siswa-komnas-pa-kritik-guru-jadi-pencicip-makanan""]","[""id.Daftar_kasus_keracunan_massal_makan_siang_gratis#r0208""]",[]
id.Daftar_kasus_keracunan_massal_makan_siang_gratis#e0294,2025-09-30,2025-09-30,day,Jawa Barat,Kabupaten Garut,kabupaten,Garut,32.05,-7.202671667220667,107.88606805421097,2851877,4,"[""SDN 3 Talagasari"", ""SMPN 1 Kadungora"", ""SMP PGRI Kadungora"", ""SMA Annisa Kadungora""]","[""junior_secondary"", ""primary"", ""senior_secondary""]",307,307,307,exact,"{""student"": 307}",,"[""https://rri.co.id/makan-bergizi-gratis/1879386/keracunan-massal-mbg-di-garut-capai-307-orang""]","[""id.Daftar_kasus_keracunan_massal_makan_siang_gratis#r0294"", ""id.Daftar_kasus_keracunan_massal_makan_siang_gratis#r0295"", ""id.Daftar_kasus_keracunan_massal_makan_siang_gratis#r0296"", ""id.Daftar_kasus_keracunan_massal_makan_siang_gratis#r0297""]","[""count_shared_across_rows""]"
id.Daftar_kasus_keracunan_massal_makan_siang_gratis#e0395,2025-09-30,2025-09-30,day,Jawa Tengah,Kabupaten Wonogiri,kabupaten,Wonogiri,33.12,-7.815058364755334,110.9256844677081,1057495,2,"[""Ponpes Baitul Quran"", ""SMAN 1 Slogohimo""]","[""pesantren"", ""senior_secondary""]",131,131,131,exact,"{""student"": 131}",,"[""https://www.detik.com/jateng/berita/d-8151170/ratusan-siswa-dan-santri-di-slogohimo-wonogiri-diduga-keracunan-mbg""]","[""id.Daftar_kasus_keracunan_massal_makan_siang_gratis#r0395"", ""id.Daftar_kasus_keracunan_massal_makan_siang_gratis#r0396""]","[""count_shared_across_rows""]"
id.Daftar_kasus_keracunan_massal_makan_siang_gratis#e0427,2025-09-30,2025-09-30,day,Jawa Tengah,Kabupaten Semarang,kabupaten,Semarang,33.22,-7.128957393445669,110.40409099653884,1088729,1,"[""SDN 01 Ungaran""]","[""primary""]",20,20,20,exact,"{""student"": 20}",,"[""https://regional.kompas.com/read/2025/09/30/142743778/20-siswa-sd-di-ungaran-diduga-keracunan-mbg""]","[""id.Daftar_kasus_keracunan_massal_makan_siang_gratis#r0427""]",[]
id.Daftar_kasus_keracunan_massal_makan_siang_gratis#e0428,2025-09-30,2025-09-30,day,Jawa Tengah,Kabupaten Temanggung,kabupaten,Temanggung,33.23,-7.315316457103409,110.18189242537592,822880,2,"[""SMAN 2 Temanggung"", ""SMAN 3 Temanggung""]","[""senior_secondary""]",414,414,414,exact,"{""student"": 414}",,"[""https://regional.kompas.com/read/2025/10/07/162259678/414-siswa-keracunan-mbg-operasional-sppg-giyanti-temanggung-dihentikan""]","[""id.Daftar_kasus_keracunan_massal_makan_siang_gratis#r0428"", ""id.Daftar_kasus_keracunan_massal_makan_siang_gratis#r0429""]","[""count_shared_across_rows""]"
id.Daftar_kasus_keracunan_massal_makan_siang_gratis#e0030,2025-10-01,2025-10-01,day,Sumatera Barat,Kabupaten Agam,kabupaten,Agam,13.06,-0.3151932364711986,100.02965550313753,533254,5,"[""TK (Spesifik tidak disebutkan)"", ""SD (Spesifik tidak disebutkan)"", ""MTS (Tidak diumumkan)"", ""SMP (Tidak diumumkan)"", ""TBA (Tidak diumumkan)""]","[""early_childhood"", ""junior_secondary"", ""primary""]",122,122,122,exact,"{""student"": 122}",,"[""https://www.kompas.com/sumatera-barat/read/2025/10/03/181500288/-kronologi-122-korban-keracunan-program-mbg-di-agam-diduga-akibat""]","[""id.Daftar_kasus_keracunan_massal_makan_siang_gratis#r0030"", ""id.Daftar_kasus_keracunan_massal_makan_siang_gratis#r0031"", ""id.Daftar_kasus_keracunan_massal_makan_siang_gratis#r0032"", ""id.Daftar_kasus_keracunan_massal_makan_siang_gratis#r0033"", ""id.Daftar_kasus_keracunan_massal_makan_siang_gratis#r0034""]","[""count_shared_across_rows"", ""no_venue""]"
id.Daftar_kasus_keracunan_massal_makan_siang_gratis#e0336,2025-10-01,2025-10-01,day,Jawa Barat,Kabupaten Bogor,kabupaten,Bogor,32.01,-6.479478948089524,106.82471731002641,5809790,1,"[""SDN 02 Pasir Angin""]","[""primary""]",3,3,3,exact,"{""student"": 3}",,"[""https://www.detik.com/jabar/bisnis/d-8139357/3-dari-107-siswa-sdn-pasir-angin-02-bogor-muntah-usai-santap-mbg""]","[""id.Daftar_kasus_keracunan_massal_makan_siang_gratis#r0336""]",[]
id.Daftar_kasus_keracunan_massal_makan_siang_gratis#e0345,2025-10-01,2025-10-01,day,Jawa Barat,Kabupaten Pangandaran,kabupaten,Pangandaran,32.18,-7.615061099999999,108.49882690000004,447272,1,"[""MI Attarbiyah Leuwiliang""]","[""primary""]",8,8,8,exact,"{""student"": 8}",,"[""https://www.detik.com/jabar/berita/d-8139574/8-siswa-mi-di-pangandaran-diduga-keracunan-usai-santap-mbg""]","[""id.Daftar_kasus_keracunan_massal_makan_siang_gratis#r0345""]",[]
id.Daftar_kasus_keracunan_massal_makan_siang_gratis#e0346,2025-10-01,2025-10-01,day,Jawa Barat,Kota Banjar,kota,Banjar,32.79,-7.362161223560727,108.55958988304805,209317,1,"[""SMPN 3 Banjar""]","[""junior_secondary""]",79,79,79,exact,"{""student"": 79}",,"[""https://disway.id/read/901860/79-siswa-smp-di-banjar-diduga-keracunan-mbg-41-masih-dirawat""]","[""id.Daftar_kasus_keracunan_massal_makan_siang_gratis#r0346""]",[]
id.Daftar_kasus_keracunan_massal_makan_siang_gratis#e0551,2025-10-01,2025-10-01,day,Jawa Timur,Kabupaten Bojonegoro,kabupaten,Bojonegoro,35.22,-7.149935359747551,111.88154262537478,1366227,1,"[""SMAN 1 Kedungadem""]","[""senior_secondary""]",544,544,544,exact,"{""student"": 544}",,"[""https://beritajatim.com/ratusan-siswa-sman-1-kedungadem-bojonegoro-diduga-keracunan-usai-santap-mbg""]","[""id.Daftar_kasus_keracunan_massal_makan_siang_gratis#r0551""]",[]
id.Daftar_kasus_keracunan_massal_makan_siang_gratis#e0572,2025-10-01,2025-10-01,day,Jawa Timur,Kabupaten Ngawi,kabupaten,Ngawi,35.21,-7.401286050830588,111.44544266770494,907002,1,"[""SMK Negeri 1 Sine""]","[""senior_secondary""]",51,51,51,exact,"{""student"": 51}",,"[""https://radarlawu.jawapos.com/nasional/2206645390/breaking-news-keracunan-massal-mbg-di-smkn-1-sine-ngawi-51-siswa-mual-hingga-kejang-dirujuk-ke-puskesmas""]","[""id.Daftar_kasus_keracunan_massal_makan_siang_gratis#r0572""]",[]
id.Daftar_kasus_keracunan_massal_makan_siang_gratis#e0573,2025-10-01,2025-10-01,day,Jawa Timur,Kabupaten Ngawi,kabupaten,Ngawi,35.21,-7.401286050830588,111.44544266770494,907002,1,"[""MTs Muhammadiyah Sine""]","[""junior_secondary""]",5,5,5,exact,"{""student"": 5}",,"[""https://www.detik.com/jatim/berita/d-8141008/belum-selesai-keracunan-smkn-1-sine-5-siswi-mts-di-ngawi-alami-mual-mual""]","[""id.Daftar_kasus_keracunan_massal_makan_siang_gratis#r0573""]",[]
id.Daftar_kasus_keracunan_massal_makan_siang_gratis#e0244,2025-10-02,2025-10-02,day,Jawa Barat,Kabupaten Tasikmalaya,kabupaten,Tasikmalaya,32.06,-7.361038703594784,108.11307619839148,1996059,3,"[""SMK Negeri Cipatujah"", ""SMP Negeri 4 Cipatujah"", ""Pondok Pesantren Nursyamsiah""]","[""junior_secondary"", ""pesantren"", ""senior_secondary""]",115,115,115,exact,"{""student"": 115}",,"[""https://www.detik.com/jabar/berita/d-8143212/korban-keracunan-mbg-di-tasikmalaya-tembus-115-orang""]","[""id.Daftar_kasus_keracunan_massal_makan_siang_gratis#r0244"", ""id.Daftar_kasus_keracunan_massal_makan_siang_gratis#r0245"", ""id.Daftar_kasus_keracunan_massal_makan_siang_gratis#r0246""]","[""count_shared_across_rows""]"
id.Daftar_kasus_keracunan_massal_makan_siang_gratis#e0347,2025-10-02,2025-10-02,day,Jawa Barat,Kota Bekasi,kota,Bekasi,32.75,-6.2360139577925855,106.9942480407117,2572209,1,"[""SDN Kota Baru 3 Bekasi""]","[""primary""]",6,6,6,exact,"{""student"": 6}",,"[""https://megapolitan.kompas.com/read/2025/10/02/16383171/6-siswa-sdn-kota-baru-3-bekasi-diduga-keracunan-usai-santap-mbg""]","[""id.Daftar_kasus_keracunan_massal_makan_siang_gratis#r0347""]",[]
id.Daftar_kasus_keracunan_massal_makan_siang_gratis#e0552,2025-10-02,2025-10-02,day,Jawa Timur,Kabupaten Bojonegoro,kabupaten,Bojonegoro,35.22,-7.149935359747551,111.88154262537478,1366227,1,"[""SD Negeri Tumbrasanom""]","[""primary""]",7,7,7,exact,"{""student"": 7}",,"[""https://www.detik.com/jatim/berita/d-8141923/7-siswa-sdn-bojonegoro-dilarikan-ke-puskesmas-diduga-keracunan-mbg""]","[""id.Daftar_kasus_keracunan_massal_makan_siang_gratis#r0552""]",[]
id.Daftar_kasus_keracunan_massal_makan_siang_gratis#e0553,2025-10-02,2025-10-02,day,Jawa Timur,Kabupaten Bojonegoro,kabupaten,Bojonegoro,35.22,-7.149935359747551,111.88154262537478,1366227,1,"[""MTs Plus Nabawi""]","[""junior_secondary""]",6,6,6,exact,"{""student"": 6}",,"[""https://blokbojonegoro.com/2025/10/02/dugaan-keracunan-massal-mbg-di-kedungadem-bojonegoro-seluruh-siswa-telah-dipulangkan/""]","[""id.Daftar_kasus_keracunan_massal_makan_siang_gratis#r0553""]",[]
id.Daftar_kasus_keracunan_massal_makan_siang_gratis#e0264,2025-10-03,2025-10-03,day,Jawa Barat,Kabupaten Kuningan,kabupaten,Kuningan,32.08,-6.975864860855258,108.48310462537334,1239999,1,"[""SMP 1 Luragung""]","[""junior_secondary""]",97,97,97,exact,"{""student"": 97}",,"[""https://regional.kompas.com/read/2025/10/04/064836178/satu-hari-usai-santap-mbg-ratusan-siswa-di-kuningan-muntah-dan-diare""]","[""id.Daftar_kasus_keracunan_massal_makan_siang_gratis#r0264""]",[]
id.Daftar_kasus_keracunan_massal_makan_siang_gratis#e0265,2025-10-03,2025-10-03,day,Jawa Barat,Kabupaten Kuningan,kabupaten,Kuningan,32.08,-6.975864860855258,108.48310462537334,1239999,1,"[""SMAN 1 Luragung""]","[""senior_secondary""]",103,103,103,exact,"{""student"": 103}",,"[""https://regional.kompas.com/read/2025/10/04/064836178/satu-hari-usai-santap-mbg-ratusan-siswa-di-kuningan-muntah-dan-diare""]","[""id.Daftar_kasus_keracunan_massal_makan_siang_gratis#r0265""]",[]
id.Daftar_kasus_keracunan_massal_makan_siang_gratis#e0344,2025-10-03,2025-10-03,day,Jawa Barat,Kabupaten Ciamis,kabupaten,Ciamis,32.07,-7.325899103457777,108.3514012468077,1297783,1,"[""SDN 1 Sindang Sari""]","[""primary""]",10,10,10,exact,"{""student"": 10}",,"[""https://jabar.suara.com/read/2025/10/03/184731/lagi-siswa-sd-di-ciamis-keracunan-massal-usai-santap-mbg""]","[""id.Daftar_kasus_keracunan_massal_makan_siang_gratis#r0344""]",[]
id.Daftar_kasus_keracunan_massal_makan_siang_gratis#e0366,2025-10-03,2025-10-03,day,Jawa Tengah,Kabupaten Karanganyar,kabupaten,Karanganyar,33.13,-7.595516965884652,110.93964029654224,953696,1,"[""TBA ( Tidak disebutkan)""]",[],168,168,168,exact,"{""student"": 168}",,"[""https://regional.kompas.com/read/2025/10/07/165931478/168-siswa-diduga-keracunan-mbg-sppg-popongan-2-karanganyar-dihentikan""]","[""id.Daftar_kasus_keracunan_massal_makan_siang_gratis#r0366""]","[""no_venue""]"
id.Daftar_kasus_keracunan_massal_makan_siang_gratis#e0402,2025-10-03,2025-10-03,day,Jawa Tengah,Kota Salatiga,kota,Salatiga,33.73,-7.33043714839692,110.5008298965402,198971,1,"[""SMP Negeri 8 Salatiga""]","[""junior_secondary""]",192,192,192,exact,"{""student"": 192}",,"[""https://harian7.com/2025/10/ratusan-siswa-smpn-8-salatiga-absen-diduga-keracunan-makanan-mbg.html""]","[""id.Daftar_kasus_keracunan_massal_makan_siang_gratis#r0402""]",[]
id.Daftar_kasus_keracunan_massal_makan_siang_gratis#e0431,2025-10-03,2025-10-03,day,Jawa Tengah,Kabupaten Purworejo,kabupaten,Purworejo,33.06,-7.713974600894097,110.00829855421505,809651,2,"[""SMPN 8 Purworejo"", ""SMAN 3 Purworejo.""]","[""junior_secondary"", ""senior_secondary""]",134,134,134,exact,"{""student"": 134}",,"[""https://regional.kompas.com/read/2025/10/04/105048078/bertambah-lagi-jumlah-korban-keracunan-mbg-di-purworejo-kini-134-orang""]","[""id.Daftar_kasus_keracunan_massal_makan_siang_gratis#r0431"", ""id.Daftar_kasus_keracunan_massal_makan_siang_gratis#r0432""]","[""count_shared_across_rows""]"
id.Daftar_kasus_keracunan_massal_makan_siang_gratis#e0508,2025-10-03,2025-10-03,day,DI Yogyakarta,Kabupaten Gunungkidul,kabupaten,Gunungkidul,34.03,-7.964079635059824,110.6015380965454,776926,1,"[""SD Negeri 03 Piyaman""]","[""primary""]",6,6,6,exact,"{""student"": 6}",,"[""https://www.detik.com/jogja/berita/d-8143427/keracunan-mbg-hari-ini-juga-terjadi-di-gunungkidul""]","[""id.Daftar_kasus_keracunan_massal_makan_siang_gratis#r0508""]",[]
id.Daftar_kasus_keracunan_massal_makan_siang_gratis#e0718,2025-10-03,2025-10-03,day,Nusa Tenggara Timur,Kabupaten Timor Tengah Selatan,kabupaten,Timor Tengah Selatan,53.02,-9.851780619986599,124.26648135633013,490642,12,"[""SD GMIT Soe 2"", ""SD Oenasi"", ""SD Inpres Soe"", ""SD Advent"", ""Posyandu Kota Baru"", ""Posyandu Bhayangkari"", ""Pasyandu Nonohonis"", ""Posyandu Maleset"", ""SMA Karya"", ""Paud Cendana"", ""TK Et Labora"", ""TK Oenasi""]","[""community_health_post"", ""early_childhood"", ""primary"", ""senior_secondary""]",384,384,384,exact,"{""student"": 384}",,"[""https://www.tempo.co/politik/bgn-hentikan-operasional-sppg-kota-soe-1-setelah-terjadi-keracunan-mbg-2077551""]","[""id.Daftar_kasus_keracunan_massal_makan_siang_gratis#r0718"", ""id.Daftar_kasus_keracunan_massal_makan_siang_gratis#r0719"", ""id.Daftar_kasus_keracunan_massal_makan_siang_gratis#r0720"", ""id.Daftar_kasus_keracunan_massal_makan_siang_gratis#r0721"", ""id.Daftar_kasus_keracunan_massal_makan_siang_gratis#r0722"", ""id.Daftar_kasus_keracunan_massal_makan_siang_gratis#r0723"", ""id.Daftar_kasus_keracunan_massal_makan_siang_gratis#r0724"", ""id.Daftar_kasus_keracunan_massal_makan_siang_gratis#r0725"", ""id.Daftar_kasus_keracunan_massal_makan_siang_gratis#r0726"", ""id.Daftar_kasus_keracunan_massal_makan_siang_gratis#r0727"", ""id.Daftar_kasus_keracunan_massal_makan_siang_gratis#r0728"", ""id.Daftar_kasus_keracunan_massal_makan_siang_gratis#r0729""]","[""count_shared_across_rows""]"
id.Daftar_kasus_keracunan_massal_makan_siang_gratis#e0146,2025-10-06,2025-10-06,day,Lampung,Kabupaten Lampung Tengah,kabupaten,Lampung Tengah,18.02,-4.977246742581951,105.21014035161986,1394395,1,"[""SMA Negeri 1 Punggur""]","[""senior_secondary""]",14,14,14,exact,"{""student"": 14}",,"[""https://lampung.idntimes.com/news/lampung/belasan-siswa-sma-di-lamteng-diduga-keracunan-mbg-jaksa-turun-tangan-00-5h6fh-5xq1g3""]","[""id.Daftar_kasus_keracunan_massal_makan_siang_gratis#r0146""]",[]
id.Daftar_kasus_keracunan_massal_makan_siang_gratis#e0403,2025-10-06,2025-10-06,day,Jawa Tengah,Kota Salatiga,kota,Salatiga,33.73,-7.33043714839692,110.5008298965402,198971,1,"[""TBA (Tidak Disebutkan)""]",[],12,12,12,exact,"{""student"": 12}",,"[""https://solopos.espos.id/imbas-12-pelajar-diduga-keracunan-mbg-sppg-karanganyar-ditutup-2149197""]","[""id.Daftar_kasus_keracunan_massal_makan_siang_gratis#r0403""]","[""no_venue""]"
id.Daftar_kasus_keracunan_massal_makan_siang_gratis#e0037,2025-10-07,2025-10-07,day,Sumatera Barat,Kota Padang Panjang,kota,Padang Panjang,13.74,-0.4621189750496027,100.39039860910817,63895,6,"[""SDN 9 Kelurahan Ekor Lubuk"", ""SDN 10 Tabek Gadang"", ""SDN 7 Kelurahan Ganting"", ""SDN 5 Kelurahan Sigando"", ""SMPN 3 Kelurahan Ekor Lubuk"", ""SMKN 2 Kelurahan Ganting""]","[""junior_secondary"", ""primary"", ""senior_secondary""]",29,29,29,exact,"{""student"": 29}",,"[""https://regional.kompas.com/read/2026/01/13/134340278/11-siswa-sd-di-lampung-utara-keracunan-makan-bergizi-gratis-kepsek-ngamuk""]","[""id.Daftar_kasus_keracunan_massal_makan_siang_gratis#r0037"", ""id.Daftar_kasus_keracunan_massal_makan_siang_gratis#r0038"", ""id.Daftar_kasus_keracunan_massal_makan_siang_gratis#r0039"", ""id.Daftar_kasus_keracunan_massal_makan_siang_gratis#r0040"", ""id.Daftar_kasus_keracunan_massal_makan_siang_gratis#r0041"", ""id.Daftar_kasus_keracunan_massal_makan_siang_gratis#r0042""]","[""count_shared_across_rows""]"
id.Daftar_kasus_keracunan_massal_makan_siang_gratis#e0749,2025-10-07,2025-10-07,day,Gorontalo,Kota Gorontalo,kota,Gorontalo,75.71,0.5319060577592112,123.0595026528477,204360,1,"[""SMK Tridarma""]","[""senior_secondary""]",11,11,11,exact,"{""student"": 11}",,"[""https://www.hulondalo.id/news/96416054595/11-siswa-smk-tridarma-kota-gorontalo-diduga-keracunan-usai-konsumsi-mbg""]","[""id.Daftar_kasus_keracunan_massal_makan_siang_gratis#r0749""]",[]
id.Daftar_kasus_keracunan_massal_makan_siang_gratis#e0386,2025-10-08,2025-10-08,day,Jawa Tengah,Kabupaten Klaten,kabupaten,Klaten,33.10,-7.712385036340197,110.59213566770745,1302648,1,"[""SMPN 1 Wedi""]","[""junior_secondary""]",49,49,49,exact,"{""student"": 49}",,"[""https://www.detik.com/jateng/berita/d-8153672/korban-keracunan-mbg-di-wedi-klaten-bertambah-total-49-siswa""]","[""id.Daftar_kasus_keracunan_massal_makan_siang_gratis#r0386""]",[]
id.Daftar_kasus_keracunan_massal_makan_siang_gratis#e0184,2025-10-09,2025-10-09,day,Kalimantan Selatan,Kabupaten Banjar,kabupaten,Banjar,63.03,-3.408734828681626,114.84815554140891,590393,5,"[""Sekolah Islam Terpadu Assalam"", ""SD Muhammadiyah"", ""SDN 1 Tungkaran"", ""SDN 1 Pasayangan"", ""SMA IT Assalam""]","[""primary"", ""senior_secondary""]",134,134,134,exact,"{""student"": 134}",,"[""https://banjarmasin.tribunnews.com/kalsel/1333897/134-pelajar-di-martapura-keracunan-massal-satgas-mbg-banjar-sebut-bukan-keteledoran""]","[""id.Daftar_kasus_keracunan_massal_makan_siang_gratis#r0184"", ""id.Daftar_kasus_keracunan_massal_makan_siang_gratis#r0185"", ""id.Daftar_kasus_keracunan_massal_makan_siang_gratis#r0186"", ""id.Daftar_kasus_keracunan_massal_makan_siang_gratis#r0187"", ""id.Daftar_kasus_keracunan_massal_makan_siang_gratis#r0188""]","[""count_shared_across_rows""]"
id.Daftar_kasus_keracunan_massal_makan_siang_gratis#e0228,2025-10-09,2025-10-09,day,Jawa Barat,Kabupaten Cianjur,kabupaten,Cianjur,32.03,-6.822746173673224,107.1394835830441,2638825,1,"[""Yayasan Raudhatul Muttaqin""]",[],16,16,16,exact,"{""student"": 16}",,"[""https://cianjurekspres.disway.id/read/19461/kasus-dugaan-keracunan-mbg-terulang-kembali-di-cianjur-16-siswa-jadi-korban""]","[""id.Daftar_kasus_keracunan_massal_makan_siang_gratis#r0228""]",[]
id.Daftar_kasus_keracunan_massal_makan_siang_gratis#e0367,2025-10-09,2025-10-09,day,Jawa Tengah,Kabupaten Karanganyar,kabupaten,Karanganyar,33.13,-7.595516965884652,110.93964029654224,953696,5,"[""TK Nglebak 1"", ""TK Nglebak 2"", ""SD Negeri 2 Nglebak"", ""SDN 3 Ngeblak"", ""SMP Negeri 1 Tawangmangu""]","[""early_childhood"", ""junior_secondary"", ""primary""]",105,105,105,exact,"{""student"": 105}",,"[""https://www.klikwarta.com/105-siswa-di-tawangmangu-karanganyar-keracunan-menu-mbg-satu-dapur-sppg-ditutup-sementara""]","[""id.Daftar_kasus_keracunan_massal_makan_siang_gratis#r0367"", ""id.Daftar_kasus_keracunan_massal_makan_siang_gratis#r0368"", ""id.Daftar_kasus_keracunan_massal_makan_siang_gratis#r0369"", ""id.Daftar_kasus_keracunan_massal_makan_siang_gratis#r0370"", ""id.Daftar_kasus_keracunan_massal_makan_siang_gratis#r0371""]","[""count_shared_across_rows""]"
id.Daftar_kasus_keracunan_massal_makan_siang_gratis#e0783,2025-10-11,2025-10-11,day,Sulawesi Tengah,Kabupaten Banggai,kabupaten,Banggai,72.01,-0.9943229896836165,122.78853827900993,377804,1,"[""SMAN 1 Moilong""]","[""senior_secondary""]",123,123,123,exact,"{""student"": 123}",,"[""https://www.kilasbanggai.com/uncategorized/keracunan-mbg-di-moilong-terus-bertambah-tembus-123-siswa-44-orang-rawat-inap/""]","[""id.Daftar_kasus_keracunan_massal_makan_siang_gratis#r0783""]",[]
id.Daftar_kasus_keracunan_massal_makan_siang_gratis#e0695,2025-10-12,2025-10-12,day,Nusa Tenggara Barat,Kota Bima,kota,Bima,52.72,-8.461655165060522,118.74871988305718,165113,2,"[""SDN 11 Kota Bima"", ""SDN 42 Kota Bima""]","[""primary""]",23,23,23,exact,"{""student"": 23}",,"[""https://www.detik.com/bali/nusra/d-8157046/mbg-makan-korban-lagi-guru-siswa-dua-sd-di-bima-keracunan""]","[""id.Daftar_kasus_keracunan_massal_makan_siang_gratis#r0695"", ""id.Daftar_kasus_keracunan_massal_makan_siang_gratis#r0696""]","[""count_shared_across_rows""]"
id.Daftar_kasus_keracunan_massal_makan_siang_gratis#e0247,2025-10-13,2025-10-13,day,Jawa Barat,Kabupaten Tasikmalaya,kabupaten,Tasikmalaya,32.06,-7.361038703594784,108.11307619839148,1996059,1,"[""Posyandu Daerah Manonjaya""]","[""community_health_post""]",11,11,11,exact,"{""child"": 11}",,"[""https://bandung.kompas.com/read/2025/10/14/182839778/balita-di-tasikmalaya-diduga-keracunan-mbg-orangtua-pembagian-siang-dimakan""]","[""id.Daftar_kasus_keracunan_massal_makan_siang_gratis#r0247""]",[]
id.Daftar_kasus_keracunan_massal_makan_siang_gratis#e0372,2025-10-13,2025-10-13,day,Jawa Tengah,Kabupaten Karanganyar,kabupaten,Karanganyar,33.13,-7.595516965884652,110.93964029654224,953696,1,"[""SMPN 1 Colomadu""]","[""junior_secondary""]",17,17,17,exact,"{""student"": 17}",,"[""https://news.detik.com/berita/d-8159232/17-siswa-smp-di-karanganyar-diduga-keracunan-mbg-dilarikan-ke-puskesmas""]","[""id.Daftar_kasus_keracunan_massal_makan_siang_gratis#r0372""]",[]
id.Daftar_kasus_keracunan_massal_makan_siang_gratis#e0586,2025-10-13,2025-10-13,day,Jawa Timur,Kabupaten Tulungagung,kabupaten,Tulungagung,35.04,-8.064364715839401,111.90068000547873,1139224,2,"[""SDN 1 Tanggung"", ""SMPN 1 Boyolangu""]","[""junior_secondary"", ""primary""]",68,68,68,exact,"{""student"": 68}",,"[""https://surabaya.kompas.com/read/2025/10/14/130005978/keracunan-mbg-di-tulungagung-bertambah-jadi-68-siswa-kadinkes-dari-awal""]","[""id.Daftar_kasus_keracunan_massal_makan_siang_gratis#r0586"", ""id.Daftar_kasus_keracunan_massal_makan_siang_gratis#r0587""]","[""count_shared_across_rows""]"
id.Daftar_kasus_keracunan_massal_makan_siang_gratis#e0684,2025-10-13,2025-10-13,day,Nusa Tenggara Barat,Kabupaten Lombok Timur,kabupaten,Lombok Timur,52.03,-8.650938604217814,116.52965363887955,1457591,1,"[""MA Ma'arif Pondok Pesantren Baitul Rahman""]","[""senior_secondary""]",51,51,51,exact,"{""santri"": 51}",,"[""https://mataram.antaranews.com/berita/496981/puluhan-santri-di-lotim-diare-diduga-usai-santap-mbg-begini-tanggapan-sppg""]","[""id.Daftar_kasus_keracunan_massal_makan_siang_gratis#r0684""]",[]
id.Daftar_kasus_keracunan_massal_makan_siang_gratis#e0315,2025-10-14,2025-10-15,day,Jawa Barat,Kabupaten Bandung Barat,kabupaten,Bandung Barat,32.17,-6.865221399999999,107.49197670000001,1911661,7,"[""SMPN 1 Cisarua"", ""SDN 1 Garuda"", ""SD Negeri 1 Barukai"", ""SMKN 1 Cisarua"", ""SMP Karya Prestasi Mandiri"", ""SMK Widya Karya"", ""pesantren Bani Sulaiman""]","[""junior_secondary"", ""pesantren"", ""primary"", ""senior_secondary""]",518,518,518,exact,"{""student"": 518}",,"[""https://bandung.kompas.com/read/2025/10/16/135546578/korban-keracunan-mbg-di-bandung-barat-tembus-518-korban-50-siswa-masih""]","[""id.Daftar_kasus_keracunan_massal_makan_siang_gratis#r0315"", ""id.Daftar_kasus_keracunan_massal_makan_siang_gratis#r0316"", ""id.Daftar_kasus_keracunan_massal_makan_siang_gratis#r0317"", ""id.Daftar_kasus_keracunan_massal_makan_siang_gratis#r0318"", ""id.Daftar_kasus_keracunan_massal_makan_siang_gratis#r0319"", ""id.Daftar_kasus_keracunan_massal_makan_siang_gratis#r0320"", ""id.Daftar_kasus_keracunan_massal_makan_siang_gratis#r0321""]","[""count_shared_across_rows""]"
id.Daftar_kasus_keracunan_massal_makan_siang_gratis#e0559,2025-10-14,2025-10-14,day,Jawa Timur,Kabupaten Tuban,kabupaten,Tuban,35.23,-6.8961044097904685,112.06506272537278,1266396,1,"[""SMKN Tambakboyo""]","[""senior_secondary""]",8,8,8,exact,"{""student"": 8}",,"[""https://www.detik.com/jatim/berita/d-8160971/8-siswa-smkn-tambakboyo-tuban-dilarikan-ke-puskesmas-gegara-mbg""]","[""id.Daftar_kasus_keracunan_massal_makan_siang_gratis#r0559""]",[]
id.Daftar_kasus_keracunan_massal_makan_siang_gratis#e0009,2025-10-15,2025-10-15,day,Sumatera Utara,Kabupaten Toba,kabupaten,Toba,12.12,2.3318009358602985,99.05102147349844,220508,2,"[""SD Tanding Laguboti"", ""SMPN 1 Laguboti""]","[""junior_secondary"", ""primary""]",121,121,121,exact,"{""student"": 121}",,"[""https://metrodaily.jawapos.com/sumut/2356723516/121-orang-diduga-keracunan-mbg-di-toba-32-masih-dirawat-di-rs""]","[""id.Daftar_kasus_keracunan_massal_makan_siang_gratis#r0009"", ""id.Daftar_kasus_keracunan_massal_makan_siang_gratis#r0010""]","[""count_shared_across_rows""]"
id.Daftar_kasus_keracunan_massal_makan_siang_gratis#e0373,2025-10-15,2025-10-15,day,Jawa Tengah,Kabupaten Karanganyar,kabupaten,Karanganyar,33.13,-7.595516965884652,110.93964029654224,953696,1,"[""SMPN 1 Karanganyar""]","[""junior_secondary""]",,100,999,vague,{},,"[""https://jateng.harianjogja.com/read/2025/10/16/648/1232160/santap-menu-mbg-ratusan-siswa-smp-di-karanganyar-alami-keracunan""]","[""id.Daftar_kasus_keracunan_massal_makan_siang_gratis#r0373""]","[""count_vague""]"
id.Daftar_kasus_keracunan_massal_makan_siang_gratis#e0519,2025-10-15,2025-10-15,day,DI Yogyakarta,Kota Yogyakarta,kota,Yogyakarta,34.71,-7.799905025562796,110.39137075421564,415605,1,"[""SMAN 1 Yogyakarta""]","[""senior_secondary""]",426,426,426,exact,"{""student"": 426}",,"[""https://yogyakarta.kompas.com/read/2025/10/16/141711978/426-siswa-sma-1-yogyakarta-sakit-perut-usai-santap-mbg""]","[""id.Daftar_kasus_keracunan_massal_makan_siang_gratis#r0519""]",[]
id.Daftar_kasus_keracunan_massal_makan_siang_gratis#e0520,2025-10-15,2025-10-15,day,DI Yogyakarta,Kota Yogyakarta,kota,Yogyakarta,34.71,-7.799905025562796,110.39137075421564,415605,1,"[""SMA Muhammadiyah 7 Yogyakarta""]","[""senior_secondary""]",65,65,65,exact,"{""student"": 65}",,"[""https://yogyakarta.kompas.com/read/2025/10/16/175003078/65-siswa-sma-muhammadiyah-7-yogyakarta-diare-usai-santap-mbg-dari-sppg""]","[""id.Daftar_kasus_keracunan_massal_makan_siang_gratis#r0520""]",[]
id.Daftar_kasus_keracunan_massal_makan_siang_gratis#e0546,2025-10-15,2025-10-15,day,Jawa Timur,Kabupaten Pamekasan,kabupaten,Pamekasan,35.28,-7.156884154270928,113.47188259653895,904965,1,"[""SDN Toronan 1""]","[""primary""]",9,9,9,exact,"{""student"": 9}",,"[""https://sekitarjatim.com/2025/10/15/sembilan-siswa-sd-di-pamekasan-diduga-keracunan-makanan-program-bergizi-gratis/""]","[""id.Daftar_kasus_keracunan_massal_makan_siang_gratis#r0546""]",[]
id.Daftar_kasus_keracunan_massal_makan_siang_gratis#e0337,2025-10-16,2025-10-16,day,Jawa Barat,Kabupaten Bogor,kabupaten,Bogor,32.01,-6.479478948089524,106.82471731002641,5809790,1,"[""SDN Ciangsana 02 Bogor""]","[""primary""]",7,7,7,exact,"{""student"": 7}",,"[""https://bandung.kompas.com/read/2025/10/17/222324678/diduga-keracunan-mbg-7-siswa-sdn-ciangsana-02-bogor-mual-dan-muntah""]","[""id.Daftar_kasus_keracunan_massal_makan_siang_gratis#r0337""]",[]
id.Daftar_kasus_keracunan_massal_makan_siang_gratis#e0248,2025-10-17,2025-10-17,day,Jawa Barat,Kabupaten Tasikmalaya,kabupaten,Tasikmalaya,32.06,-7.361038703594784,108.11307619839148,1996059,1,"[""SDN Margamulya""]","[""primary""]",13,13,13,exact,"{""student"": 13}",,"[""https://bandung.kompas.com/read/2025/10/17/163905178/13-siswa-sd-di-tasikmalaya-diduga-keracunan-mbg-menu-nasi-goreng-guru""]","[""id.Daftar_kasus_keracunan_massal_makan_siang_gratis#r0248""]",[]
id.Daftar_kasus_keracunan_massal_makan_siang_gratis#e0593,2025-10-17,2025-10-17,day,Jawa Timur,Kabupaten Magetan,kabupaten,Magetan,35.20,-7.656157297486492,111.32926865421445,692800,2,"[""SDN 2 Kediren"", ""MI Nurul Dholam""]","[""primary""]",12,12,12,exact,"{""student"": 12}",,"[""https://jatim.idntimes.com/news/jawa-timur/usai-santap-mbg-12-siswa-sd-di-magetan-dilarikan-ke-puskesmas-c1c2-01-33lrd-5rwtlj""]","[""id.Daftar_kasus_keracunan_massal_makan_siang_gratis#r0593"", ""id.Daftar_kasus_keracunan_massal_makan_siang_gratis#r0594""]","[""count_shared_across_rows""]"
id.Daftar_kasus_keracunan_massal_makan_siang_gratis#e0685,2025-10-17,2025-10-17,day,Nusa Tenggara Barat,Kabupaten Lombok Timur,kabupaten,Lombok Timur,52.03,-8.650938604217814,116.52965363887955,1457591,1,"[""SMP Islam Terpadu Lukman Hakim Pohgading""]","[""junior_secondary""]",23,23,23,exact,"{""student"": 23}",,"[""https://lombok.tribunnews.com/ntb/94732/dikes-cari-penyebab-puluhan-siswi-di-lombok-timur-diduga-keracunan-mbg""]","[""id.Daftar_kasus_keracunan_massal_makan_siang_gratis#r0685""]",[]
id.Daftar_kasus_keracunan_massal_makan_siang_gratis#e0822,2025-10-20,2025-10-21,day,Maluku,Kabupaten Seram Bagian Barat,kabupaten,Seram Bagian Barat,81.06,-3.066663330229327,128.23003905355495,217389,4,"[""TK Cemara"", ""SD Inpres Talaga Ratu"", ""MIN 2 Seram Bagian Barat"", ""SMA Negeri 1 kairatu""]","[""early_childhood"", ""primary"", ""senior_secondary""]",236,236,236,exact,"{""student"": 236}",,"[""https://rakyatmaluku.fajar.co.id/2025/10/23/polres-sbb-periksa-14-pengelola-dapur-usut-penyebab-236-siswa-keracunan-mbg/""]","[""id.Daftar_kasus_keracunan_massal_makan_siang_gratis#r0822"", ""id.Daftar_kasus_keracunan_massal_makan_siang_gratis#r0823"", ""id.Daftar_kasus_keracunan_massal_makan_siang_gratis#r0824"", ""id.Daftar_kasus_keracunan_massal_makan_siang_gratis#r0825""]","[""count_shared_across_rows""]"
id.Daftar_kasus_keracunan_massal_makan_siang_gratis#e0189,2025-10-21,2025-10-21,day,Kalimantan Selatan,Kota Banjarmasin,kota,Banjarmasin,63.71,-3.327490958483104,114.58899911265445,681693,1,"[""SMPN 33 Banjarmasin""]","[""junior_secondary""]",40,40,40,exact,"{""student"": 40}",,"[""https://www.detik.com/kalimantan/berita/d-8170946/puluhan-siswa-smpn-33-banjarmasin-diduga-keracunan-mbg""]","[""id.Daftar_kasus_keracunan_massal_makan_siang_gratis#r0189""]",[]
id.Daftar_kasus_keracunan_massal_makan_siang_gratis#e0757,2025-10-21,2025-10-21,day,Sulawesi Barat,Kabupaten Mamuju,kabupaten,Mamuju,76.02,-2.6897491591296983,118.88453367460207,288382,1,"[""MTS Darus Qur’an Nur Hadis Nahdatul Waton Gentungan""]","[""junior_secondary""]",26,26,26,exact,"{""student"": 25, ""child"": 1}",,"[""https://regional.kompas.com/read/2025/10/23/155851478/siswa-mts-di-mamuju-yang-keracunan-mbg-bertambah-jadi-25-orang-dinkes""]","[""id.Daftar_kasus_keracunan_massal_makan_siang_gratis#r0757""]",[]
id.Daftar_kasus_keracunan_massal_makan_siang_gratis#e0348,2025-10-22,2025-10-22,day,Jawa Barat,Kota Cirebon,kota,Cirebon,32.74,-6.706735309782623,108.55824665420744,356629,1,"[""SDN Kesenden""]","[""primary""]",13,13,13,exact,"{""student"": 13}",,"[""https://suaracirebon.com/2025/10/24/13-murid-sdn-kesenden-cirebon-diduga-keracunan-mbg/""]","[""id.Daftar_kasus_keracunan_massal_makan_siang_gratis#r0348""]",[]
id.Daftar_kasus_keracunan_massal_makan_siang_gratis#e0322,2025-10-23,2025-10-23,day,Jawa Barat,Kabupaten Bandung Barat,kabupaten,Bandung Barat,32.17,-6.865221399999999,107.49197670000001,1911661,1,"[""SMPN 1 Lembang""]","[""junior_secondary""]",30,30,30,exact,"{""student"": 30}",,"[""https://rejabar.republika.co.id/berita/t4l7g2512/lagi-keracunan-terjadi-usai-konsumsi-mbg-di-bandung-barat-korban-puluhan-siswa""]","[""id.Daftar_kasus_keracunan_massal_makan_siang_gratis#r0322""]",[]
id.Daftar_kasus_keracunan_massal_makan_siang_gratis#e0595,2025-10-23,2025-10-23,day,Jawa Timur,Kabupaten Banyuwangi,kabupaten,Banyuwangi,35.10,-8.223037204830721,114.36643523941463,1791789,1,"[""MAN 1 Banyuwangi""]","[""senior_secondary""]",112,112,112,exact,"{""student"": 112}",,"[""https://seblang.com/bencana/dugaan-keracunan-massal-mbg-112-siswa-man-1-banyuwangi-terserang-diare/""]","[""id.Daftar_kasus_keracunan_massal_makan_siang_gratis#r0595""]",[]
id.Daftar_kasus_keracunan_massal_makan_siang_gratis#e0599,2025-10-23,2025-10-23,day,Jawa Timur,Kabupaten Malang,kabupaten,Malang,35.07,-8.105459029077382,112.57329134091296,2734623,1,"[""MTs Al-Khalifah""]","[""junior_secondary""]",38,38,38,exact,"{""student"": 38}",,"[""https://radarmalang.jawapos.com/kabupaten-malang/816855702/sebanyak-38-siswa-mts-al-khalifah-keracunan-setelah-mengonsumsi-mbg-berdasar-hasil-uji-laboratorium-ditemukan-zat-nitrit-dan-bakteri-e-coli""]","[""id.Daftar_kasus_keracunan_massal_makan_siang_gratis#r0599""]",[]
id.Daftar_kasus_keracunan_massal_makan_siang_gratis#e0497,2025-10-24,2025-10-24,day,DI Yogyakarta,Kabupaten Sleman,kabupaten,Sleman,34.04,-7.71654673418279,110.35577266770737,1125571,3,"[""SD Jombor Lor"", ""SMP Negeri 2 Mlati"", ""MAN 3 Yogyakarta""]","[""junior_secondary"", ""primary"", ""senior_secondary""]",300,300,300,exact,"{""student"": 300}",,"[""https://jogja.suara.com/read/2025/10/24/125019/terjadi-lagi-ratusan-siswa-di-sleman-diare-dan-pusing-massal-setelah-santap-mbg""]","[""id.Daftar_kasus_keracunan_massal_makan_siang_gratis#r0497"", ""id.Daftar_kasus_keracunan_massal_makan_siang_gratis#r0498"", ""id.Daftar_kasus_keracunan_massal_makan_siang_gratis#r0499""]","[""count_shared_across_rows""]"
id.Daftar_kasus_keracunan_massal_makan_siang_gratis#e0596,2025-10-24,2025-10-24,day,Jawa Timur,Kabupaten Banyuwangi,kabupaten,Banyuwangi,35.10,-8.223037204830721,114.36643523941463,1791789,3,"[""SMPN 3 Kalipuro"", ""MA Nurul Khairoh"", ""SMA NU Gombengsari""]","[""junior_secondary"", ""senior_secondary""]",133,133,133,exact,"{""student"": 133}",,"[""https://surabaya.kompas.com/read/2025/10/29/161955078/siswa-korban-keracunan-mbg-di-kalipuro-banyuwangi-bertambah-jadi-133-orang""]","[""id.Daftar_kasus_keracunan_massal_makan_siang_gratis#r0596"", ""id.Daftar_kasus_keracunan_massal_makan_siang_gratis#r0597"", ""id.Daftar_kasus_keracunan_massal_makan_siang_gratis#r0598""]","[""count_shared_across_rows""]"
id.Daftar_kasus_keracunan_massal_makan_siang_gratis#e0323,2025-10-28,2025-10-28,day,Jawa Barat,Kabupaten Bandung Barat,kabupaten,Bandung Barat,32.17,-6.865221399999999,107.49197670000001,1911661,6,"[""SDN 1 Cibodas"", ""SDN 2 Cibodas"", ""SDN 1 Sutenjaya"", ""SDN Buahbatu"", ""SMPN 4 Lembang"", ""SMK Putra Nasional Cibodas""]","[""junior_secondary"", ""primary"", ""senior_secondary""]",236,236,236,exact,"{""student"": 236}",,"[""https://www.koran-gala.id/news/58716170691/dapur-sppg-cibodas-2-ditutup-sementara-imbas-kasus-keracunan-mbg-yang-mencapai-236-korban-di-lembang""]","[""id.Daftar_kasus_keracunan_massal_makan_siang_gratis#r0323"", ""id.Daftar_kasus_keracunan_massal_makan_siang_gratis#r0324"", ""id.Daftar_kasus_keracunan_massal_makan_siang_gratis#r0325"", ""id.Daftar_kasus_keracunan_massal_makan_siang_gratis#r0326"", ""id.Daftar_kasus_keracunan_massal_makan_siang_gratis#r0327"", ""id.Daftar_kasus_keracunan_massal_makan_siang_gratis#r0328""]","[""count_shared_across_rows""]"
id.Daftar_kasus_keracunan_massal_makan_siang_gratis#e0509,2025-10-28,2025-10-28,day,DI Yogyakarta,Kabupaten Gunungkidul,kabupaten,Gunungkidul,34.03,-7.964079635059824,110.6015380965454,776926,2,"[""SMPN 1 Saptosari"", ""SMKN 1 Saptosari""]","[""junior_secondary"", ""senior_secondary""]",695,695,695,exact,"{""student"": 695}",,"[""https://yogyakarta.kompas.com/read/2025/10/29/151239178/hampir-700-anak-dari-2-sekolah-diduga-keracunan-mbg-di-gunungkidul""]","[""id.Daftar_kasus_keracunan_massal_makan_siang_gratis#r0509"", ""id.Daftar_kasus_keracunan_massal_makan_siang_gratis#r0510""]","[""count_shared_across_rows""]"
id.Daftar_kasus_keracunan_massal_makan_siang_gratis#e0216,2025-10-29,2025-10-29,day,DKI Jakarta,Kota Administrasi Jakarta Barat,kota,Jakarta Barat,31.73,-6.184334501192923,106.73662053886034,2556752,1,"[""SDN Meruya Selatan 01""]","[""primary""]",20,20,20,exact,"{""student"": 20}",,"[""https://indonesia.jakartadaily.id/ekonomi-bisnis/69316182933/sdn-meruya-selatan-01-hentikan-sementara-program-mbg-20-siswa-diduga-keracunan""]","[""id.Daftar_kasus_keracunan_massal_makan_siang_gratis#r0216""]",[]
id.Daftar_kasus_keracunan_massal_makan_siang_gratis#e0511,2025-10-29,2025-10-29,day,DI Yogyakarta,Kabupaten Gunungkidul,kabupaten,Gunungkidul,34.03,-7.964079635059824,110.6015380965454,776926,6,"[""SD Sumbergiri"", ""SDN Mendak 1"", ""SMPN 1 Ponjong"", ""SMA Pembangunan 3 Ponjong"", ""SMK Ma'Arif"", ""SMK Muhammadiyah""]","[""junior_secondary"", ""primary"", ""senior_secondary""]",121,121,121,exact,"{""student"": 121}",,"[""https://jogja.tribunnews.com/diy/1198649/lagi-kasus-dugaan-keracunan-mbg-menimpa-121-siswa-di-ponjong-gunungkidul""]","[""id.Daftar_kasus_keracunan_massal_makan_siang_gratis#r0511"", ""id.Daftar_kasus_keracunan_massal_makan_siang_gratis#r0512"", ""id.Daftar_kasus_keracunan_massal_makan_siang_gratis#r0513"", ""id.Daftar_kasus_keracunan_massal_makan_siang_gratis#r0514"", ""id.Daftar_kasus_keracunan_massal_makan_siang_gratis#r0515"", ""id.Daftar_kasus_keracunan_massal_makan_siang_gratis#r0516""]","[""count_shared_across_rows""]"
id.Daftar_kasus_keracunan_massal_makan_siang_gratis#e0011,2025-10-31,2025-10-31,day,Sumatera Utara,Kabupaten Nias Utara,kabupaten,Nias Utara,12.24,1.389322425641782,97.38136186409508,153338,1,"[""SD 071027 Onozitoli Sawo""]","[""primary""]",26,26,26,exact,"{""student"": 26}",,"[""https://nias.wahananews.co/utama/puluhan-pelajar-sd-di-nias-utara-sakit-perut-dan-sesak-nafas-usai-konsumsi-susu-mbg-jCP43JM5vs/3""]","[""id.Daftar_kasus_keracunan_massal_makan_siang_gratis#r0011""]",[]
id.Daftar_kasus_keracunan_massal_makan_siang_gratis#e0364,2025-10-31,2025-10-31,day,Jawa Tengah,Kabupaten Batang,kabupaten,Batang,33.25,-6.910710871962525,109.72968238304469,855878,1,"[""SMK Kandeman""]","[""senior_secondary""]",800,800,800,exact,"{""student"": 800}",,"[""https://www.genpi.co/berita/268438/diduga-keracunan-mbg-800-siswa-smk-kandeman-batang-alami-diare""]","[""id.Daftar_kasus_keracunan_massal_makan_siang_gratis#r0364""]",[]
id.Daftar_kasus_keracunan_massal_makan_siang_gratis#e0522,2025-10-31,2025-10-31,day,DI Yogyakarta,Kabupaten Bantul,kabupaten,Bantul,34.02,-7.886189837551494,110.3278379965447,980269,5,"[""SD 2 Bakulan"", ""SMPN 1 jetis"", ""SMPN 3 Jetis"", ""SMP Muhammadiyah Pulokasang"", ""SMAN 1 Jetis""]","[""junior_secondary"", ""primary"", ""senior_secondary""]",237,237,237,exact,"{""student"": 237}",,"[""https://radarjogja.jawapos.com/bantul/656789640/237-siswa-dari-lima-sekolah-di-kabupaten-bantul-diduga-keracunan-mbg-keluhannya-diare-hingga-sakit-perut""]","[""id.Daftar_kasus_keracunan_massal_makan_siang_gratis#r0522"", ""id.Daftar_kasus_keracunan_massal_makan_siang_gratis#r0523"", ""id.Daftar_kasus_keracunan_massal_makan_siang_gratis#r0524"", ""id.Daftar_kasus_keracunan_massal_makan_siang_gratis#r0525"", ""id.Daftar_kasus_keracunan_massal_makan_siang_gratis#r0526""]","[""count_shared_across_rows""]"
id.Daftar_kasus_keracunan_massal_makan_siang_gratis#e0697,2025-10-31,2025-10-31,day,Nusa Tenggara Barat,Kabupaten Sumbawa Barat,kabupaten,Sumbawa Barat,52.07,-8.753910149465758,116.85426539840077,156059,2,"[""Pondok Pesantren Himatul Ummah"", ""SMPN 4 Brang Rea""]","[""junior_secondary"", ""pesantren""]",71,71,71,exact,"{""student"": 71}",,"[""https://www.postkotantb.com/2025/11/71-santri-dan-siswa-di-brang-rea-ksb.html""]","[""id.Daftar_kasus_keracunan_massal_makan_siang_gratis#r0697"", ""id.Daftar_kasus_keracunan_massal_makan_siang_gratis#r0698""]","[""count_shared_across_rows""]"
id.Daftar_kasus_keracunan_massal_makan_siang_gratis#e0517,2025-11-03,2025-11-03,day,DI Yogyakarta,Kabupaten Gunungkidul,kabupaten,Gunungkidul,34.03,-7.964079635059824,110.6015380965454,776926,1,"[""TBA (Tidak disebutkan)""]",[],547,547,547,exact,"{""student"": 547}",,"[""https://joglosemarnews.com/2025/11/547-siswa-di-gunungkidul-keracunan-usai-makan-menu-mbg-dapur-masih-jalan-terus/""]","[""id.Daftar_kasus_keracunan_massal_makan_siang_gratis#r0517""]","[""no_venue""]"
id.Daftar_kasus_keracunan_massal_makan_siang_gratis#e0158,2025-11-04,2025-11-04,day,Kalimantan Barat,Kabupaten Kapuas Hulu,kabupaten,Kapuas Hulu,61.06,0.8792574508162577,112.92539148302002,276988,2,"[""SD Tahfiz Al-Hidayah"", ""SDN 1 Kedamin""]","[""primary""]",19,19,19,exact,"{""student"": 19}",,"[""https://pontianak.tribunnews.com/kalbar/1148709/19-anak-jadi-korban-keracunan-mbg-kapuas-hulu-kalbar-dapur-sppg-yayasan-media-insan-ditutup""]","[""id.Daftar_kasus_keracunan_massal_makan_siang_gratis#r0158"", ""id.Daftar_kasus_keracunan_massal_makan_siang_gratis#r0159""]","[""count_shared_across_rows""]"
id.Daftar_kasus_keracunan_massal_makan_siang_gratis#e0349,2025-11-04,2025-11-04,day,Jawa Barat,Kabupaten Cirebon,kabupaten,Cirebon,32.09,-6.764528033189753,108.47861955420773,2489046,1,"[""SDN 2 Setu Wetan""]","[""primary""]",20,20,20,exact,"{""student"": 20}",,"[""https://www.detik.com/jabar/cirebon-raya/d-8193968/20-siswa-sd-di-cirebon-keracunan-soto-mbg-polisi-dinkes-turun-tangan""]","[""id.Daftar_kasus_keracunan_massal_makan_siang_gratis#r0349""]",[]
id.Daftar_kasus_keracunan_massal_makan_siang_gratis#e0068,2025-11-05,2025-11-05,day,Sumatera Selatan,Kota Palembang,kota,Palembang,16.71,-2.991046172915815,104.75675098698375,1801367,1,"[""Pondok Pesantren Ma’had Zaadul Ma’ad""]","[""pesantren""]",20,20,20,exact,"{""santri"": 20}",,"[""https://harianmuba.disway.id/utama/read/665577/diduga-keracunan-menu-mbg-20-santri-ponpes-zaadul-maad-palembang-sempat-dilarikan-ke-klinik""]","[""id.Daftar_kasus_keracunan_massal_makan_siang_gratis#r0068""]",[]
id.Daftar_kasus_keracunan_massal_makan_siang_gratis#e0547,2025-11-06,2025-11-06,day,Jawa Timur,Kabupaten Pamekasan,kabupaten,Pamekasan,35.28,-7.156884154270928,113.47188259653895,904965,1,"[""MTS Al-Ula""]","[""junior_secondary""]",17,17,17,exact,"{""student"": 17}",,"[""https://seru.co.id/212890-diduga-keracunan-makan-bergizi-gratis-17-siswa-di-blumbungan-pamekasan-dilarikan-ke-puskesmas""]","[""id.Daftar_kasus_keracunan_massal_makan_siang_gratis#r0547""]",[]
id.Daftar_kasus_keracunan_massal_makan_siang_gratis#e0548,2025-11-06,2025-11-06,day,Jawa Timur,Kabupaten Pamekasan,kabupaten,Pamekasan,35.28,-7.156884154270928,113.47188259653895,904965,1,"[""MA Al Islamiyah Blumbungan""]","[""senior_secondary""]",3,3,3,exact,"{""student"": 3}",,"[""https://seru.co.id/212890-diduga-keracunan-makan-bergizi-gratis-17-siswa-di-blumbungan-pamekasan-dilarikan-ke-puskesmas""]","[""id.Daftar_kasus_keracunan_massal_makan_siang_gratis#r0548""]",[]
id.Daftar_kasus_keracunan_massal_makan_siang_gratis#e0817,2025-11-06,2025-11-06,day,Maluku Utara,Kota Ternate,kota,Ternate,82.71,0.7857513986405484,127.38784601086685,210836,1,"[""SDN 65 Kota Ternate""]","[""primary""]",25,25,25,exact,"{""student"": 25}",,"[""https://www.tandaseru.com/2025/11/06/25-siswa-sd-di-ternate-diduga-keracunan-usai-santap-mbg/""]","[""id.Daftar_kasus_keracunan_massal_makan_siang_gratis#r0817""]",[]
id.Daftar_kasus_keracunan_massal_makan_siang_gratis#e0818,2025-11-06,2025-11-06,day,Maluku Utara,Kota Ternate,kota,Ternate,82.71,0.7857513986405484,127.38784601086685,210836,1,"[""SD Negeri 56 Jambula""]","[""primary""]",26,26,26,exact,"{""student"": 26}",,"[""https://health.detik.com/fotohealth/d-8197840/puluhan-siswa-di-ternate-keracunan-makan-bergizi-gratis-kini-kondisinya-membaik""]","[""id.Daftar_kasus_keracunan_massal_makan_siang_gratis#r0818""]",[]
id.Daftar_kasus_keracunan_massal_makan_siang_gratis#e0716,2025-11-10,2025-11-10,day,Nusa Tenggara Timur,Kabupaten Sumba Barat Daya,kabupaten,Sumba Barat Daya,53.18,-9.391735416331608,119.18099193903856,355022,2,"[""SMA Manda Elu"", ""SMAK Alfonsus Waitabula""]","[""senior_secondary""]",252,252,252,exact,"{""student"": 252}",,"[""https://www.metropolitan.id/berita-hari-ini/95316240989/252-siswa-sma-di-ntt-keracunan-massal-setelah-makan-bergizi-gratis-mengeluh-gejala-pusing-dan-mual""]","[""id.Daftar_kasus_keracunan_massal_makan_siang_gratis#r0716"", ""id.Daftar_kasus_keracunan_massal_makan_siang_gratis#r0717""]","[""count_shared_across_rows""]"
id.Daftar_kasus_keracunan_massal_makan_siang_gratis#e0085,2025-11-11,2025-11-11,day,Kepulauan Riau,Kota Batam,kota,Batam,21.71,1.1287452751793037,104.05533324230443,1342038,1,"[""MAN 2 Kota Batam""]","[""senior_secondary""]",235,235,235,exact,"{""student"": 235}",,"[""https://www.merahputih.com/""]","[""id.Daftar_kasus_keracunan_massal_makan_siang_gratis#r0085""]",[]
id.Daftar_kasus_keracunan_massal_makan_siang_gratis#e0329,2025-11-11,2025-11-11,day,Jawa Barat,Kabupaten Bandung Barat,kabupaten,Bandung Barat,32.17,-6.865221399999999,107.49197670000001,1911661,1,"[""SMP Bina Karya""]","[""junior_secondary""]",21,21,21,exact,"{""student"": 21}",,"[""https://www.detik.com/jabar/berita/d-8206996/21-siswa-keracunan-mbg-di-kbb-satu-masih-dirawat""]","[""id.Daftar_kasus_keracunan_massal_makan_siang_gratis#r0329""]",[]
id.Daftar_kasus_keracunan_massal_makan_siang_gratis#e0259,2025-11-14,2025-11-14,day,Jawa Barat,Kota Bogor,kota,Bogor,32.71,-6.595057464978462,106.79411231002724,1144108,4,"[""SDN 2 Batu Tulis"", ""SDN 3 Batu Tulis"", ""SD Lawang Gintung"", ""SMK PUI Kota Bogor""]","[""primary"", ""senior_secondary""]",50,50,50,exact,"{""student"": 50}",,"[""https://www.kompas.id/artikel/kasus-berulang-50-murid-keracunan-mbg-di-kota-bogor""]","[""id.Daftar_kasus_keracunan_massal_makan_siang_gratis#r0259"", ""id.Daftar_kasus_keracunan_massal_makan_siang_gratis#r0260"", ""id.Daftar_kasus_keracunan_massal_makan_siang_gratis#r0261"", ""id.Daftar_kasus_keracunan_massal_makan_siang_gratis#r0262""]","[""count_shared_across_rows""]"
id.Daftar_kasus_keracunan_massal_makan_siang_gratis#e0351,2025-11-17,2025-11-17,day,Jawa Barat,Kota Sukabumi,kota,Sukabumi,32.72,-6.917619028189996,106.93185683886544,370096,1,"[""MI Al Ihsan""]","[""primary""]",28,28,28,exact,"{""student"": 28}",,"[""https://cirebon.tribunnews.com/jabar-region/174997/puluhan-siswa-madrasah-di-kota-sukabumi-diduga-keracunan-seusai-santap-mbg""]","[""id.Daftar_kasus_keracunan_massal_makan_siang_gratis#r0351""]",[]
id.Daftar_kasus_keracunan_massal_makan_siang_gratis#e0433,2025-11-18,2025-11-18,day,Jawa Tengah,Kabupaten Magelang,kabupaten,Magelang,33.08,-7.596984026372694,110.22353113036982,1345662,1,"[""Pondok Pesatren Nurul Ali""]","[""pesantren""]",112,112,112,exact,"{""santri"": 112}",,"[""https://banyumasekspres.id/112-santri-ponpes-nurul-ali-magelang-alami-keracunan-usai-konsumsi-makanan-mbg/""]","[""id.Daftar_kasus_keracunan_massal_makan_siang_gratis#r0433""]",[]
id.Daftar_kasus_keracunan_massal_makan_siang_gratis#e0160,2025-11-19,2025-11-19,day,Kalimantan Barat,Kabupaten Landak,kabupaten,Landak,61.08,0.37478897210209017,109.9382701253479,415033,3,"[""SMA Maniamas Ngabang"", ""SMK Maniamas Ngabang"", ""SMA Pelita""]","[""senior_secondary""]",53,53,53,exact,"{""student"": 53}",,"[""https://pontianak.tribunnews.com/kalbar/1151174/astaga-9-dapur-tak-miliki-slhs-53-murid-smasmk-tumbang-keracunan-massal-dari-dapur-hilir-kantor""]","[""id.Daftar_kasus_keracunan_massal_makan_siang_gratis#r0160"", ""id.Daftar_kasus_keracunan_massal_makan_siang_gratis#r0161"", ""id.Daftar_kasus_keracunan_massal_makan_siang_gratis#r0162""]","[""count_shared_across_rows""]"
id.Daftar_kasus_keracunan_massal_makan_siang_gratis#e0835,2025-11-24,2025-11-24,day,Papua Barat,Kabupaten Manokwari,kabupaten,Manokwari,92.02,-0.8908143771517435,134.04012022193126,205212,1,"[""SMAN 2 Manokwari""]","[""senior_secondary""]",171,171,171,exact,"{""student"": 171}",,"[""https://www.beritasatu.com/network/klikpapua/729510/polisi-selidiki-keracunan-171-siswa-sma-2-manokwari-usai-konsumsi-mbg""]","[""id.Daftar_kasus_keracunan_massal_makan_siang_gratis#r0835""]",[]
id.Daftar_kasus_keracunan_massal_makan_siang_gratis#e0069,2025-11-26,2025-11-26,day,Sumatera Selatan,Kota Palembang,kota,Palembang,16.71,-2.991046172915815,104.75675098698375,1801367,1,"[""SMAN 2 Palembang""]","[""senior_secondary""]",23,23,23,exact,"{""student"": 23}",,"[""https://mediabbc.co.id/sppg-di-bawah-sorotan-krisis-tata-kelola-dan-transparansi-mencuat-setelah-puluhan-siswa-sman-2-palembang-sakit-usai-konsumsi-mbg/""]","[""id.Daftar_kasus_keracunan_massal_makan_siang_gratis#r0069""]",[]
id.Daftar_kasus_keracunan_massal_makan_siang_gratis#e0435,2025-11-26,2025-11-26,day,Jawa Tengah,Kabupaten Blora,kabupaten,Blora,33.16,-6.969718505731454,111.41492279653751,927961,3,"[""SMPN 1 Blora"", ""SMP Katolik Blora"", ""SMP Kristen Blora""]","[""junior_secondary""]",810,810,810,exact,"{""student"": 810}",,"[""https://berita.murianews.com/zulkifli-fahmi/455559/penyebab-810-siswa-keracunan-mbg-dinkes-blora-makanan-terkontaminasi""]","[""id.Daftar_kasus_keracunan_massal_makan_siang_gratis#r0435"", ""id.Daftar_kasus_keracunan_massal_makan_siang_gratis#r0436"", ""id.Daftar_kasus_keracunan_massal_makan_siang_gratis#r0437""]","[""count_shared_across_rows""]"
id.Daftar_kasus_keracunan_massal_makan_siang_gratis#e0440,2025-11-26,2025-11-26,day,Jawa Tengah,Kabupaten Kendal,kabupaten,Kendal,33.24,-6.922836880283628,110.20356709653716,1094214,1,"[""SMPN 1 Kendal""]","[""junior_secondary""]",17,17,17,exact,"{""student"": 17}",,"[""https://harianmuria.com/news/17-siswa-smp-kendal-di-rs-puskesmas/""]","[""id.Daftar_kasus_keracunan_massal_makan_siang_gratis#r0440""]",[]
id.Daftar_kasus_keracunan_massal_makan_siang_gratis#e0574,2025-11-26,2025-11-26,day,Jawa Timur,Kabupaten Ngawi,kabupaten,Ngawi,35.21,-7.401286050830588,111.44544266770494,907002,5,"[""SDN Jenggrik 2"", ""SDN Jenggrik 6"", ""SDN Gemarang 5"", ""SMPN 2 Kedunggalar"", ""SMAN 1 Kedunggalar""]","[""junior_secondary"", ""primary"", ""senior_secondary""]",87,87,87,exact,"{""student"": 87}",,"[""https://memorandum.disway.id/ngawi/read/145178/87-siswa-ngawi-diduga-keracunan-massal-dua-anak-masih-jalani-perawatan""]","[""id.Daftar_kasus_keracunan_massal_makan_siang_gratis#r0574"", ""id.Daftar_kasus_keracunan_massal_makan_siang_gratis#r0575"", ""id.Daftar_kasus_keracunan_massal_makan_siang_gratis#r0576"", ""id.Daftar_kasus_keracunan_massal_makan_siang_gratis#r0577"", ""id.Daftar_kasus_keracunan_massal_makan_siang_gratis#r0578""]","[""count_shared_across_rows""]"
id.Daftar_kasus_keracunan_massal_makan_siang_gratis#e0733,2025-11-26,2025-11-26,day,Nusa Tenggara Timur,Kabupaten Ngada,kabupaten,Ngada,53.09,-8.785172765189195,120.97473007615979,169445,3,"[""SD Trikora"", ""SD Inpres Waturutu"", ""SDK Regina Pacis""]","[""primary""]",,100,999,vague,{},,"[""https://timexkupang.fajar.co.id/2025/11/26/breaking-news-ratusan-siswa-dilarikan-ke-rsud-bajawa-usai-santap-mbg/""]","[""id.Daftar_kasus_keracunan_massal_makan_siang_gratis#r0733"", ""id.Daftar_kasus_keracunan_massal_makan_siang_gratis#r0734"", ""id.Daftar_kasus_keracunan_massal_makan_siang_gratis#r0735""]","[""count_shared_across_rows"", ""count_vague""]"
id.Daftar_kasus_keracunan_massal_makan_siang_gratis#e0601,2025-11-27,2025-11-27,day,Jawa Timur,Kabupaten Madiun,kabupaten,Madiun,35.19,-7.538540959979179,111.6534826499319,737875,3,"[""SDN Klecorejo"", ""SDN 1 Darmorejo"", ""SDN 2 Kebonagung""]","[""primary""]",49,49,49,exact,"{""student"": 49}",,"[""https://jatimnet.com/puluhan-siswa-sd-di-mejayan-madiun-diduga-keracunan-mbg""]","[""id.Daftar_kasus_keracunan_massal_makan_siang_gratis#r0601"", ""id.Daftar_kasus_keracunan_massal_makan_siang_gratis#r0602"", ""id.Daftar_kasus_keracunan_massal_makan_siang_gratis#r0603""]","[""count_shared_across_rows""]"
id.Daftar_kasus_keracunan_massal_makan_siang_gratis#e0737,2025-11-27,2025-11-27,day,Nusa Tenggara Timur,Kabupaten Timor Tengah Utara,kabupaten,Timor Tengah Utara,53.03,-9.456934944114428,124.47508769420945,276032,4,"[""PAUD Kensulat"", ""SDK Kefamenanu"", ""SDN Gua Aplasi"", ""SDK Peboko""]","[""early_childhood"", ""primary""]",12,12,12,exact,"{""student"": 12}",,"[""https://ttu.inews.id/read/655286/anak-sekolah-di-ttu-diduga-keracunan-mbg-dilarikan-ke-rsud-kefamenanu""]","[""id.Daftar_kasus_keracunan_massal_makan_siang_gratis#r0737"", ""id.Daftar_kasus_keracunan_massal_makan_siang_gratis#r0738"", ""id.Daftar_kasus_keracunan_massal_makan_siang_gratis#r0739"", ""id.Daftar_kasus_keracunan_massal_makan_siang_gratis#r0740""]","[""count_shared_across_rows""]"
id.Daftar_kasus_keracunan_massal_makan_siang_gratis#e0750,2025-11-27,2025-11-27,day,Sulawesi Utara,Kabupaten Minahasa Utara,kabupaten,Minahasa Utara,71.06,1.4590614069048187,124.97472972676134,229231,1,"[""SMPN 2 Airmadidi""]","[""junior_secondary""]",182,182,182,exact,"{""student"": 182}",,"[""https://manado.tribunnews.com/minut/1857194/kasus-dugaan-keracunan-makanan-ratusan-siswa-dan-guru-di-minut-bkkbn-sulut-datangi-smpn-2-airmadidi""]","[""id.Daftar_kasus_keracunan_massal_makan_siang_gratis#r0750""]","[""unnumbered_subject""]"
id.Daftar_kasus_keracunan_massal_makan_siang_gratis#e0266,2025-11-28,2025-11-28,day,Jawa Barat,Kabupaten Kuningan,kabupaten,Kuningan,32.08,-6.975864860855258,108.48310462537334,1239999,1,"[""TBA (tidak disebutkan)""]",[],74,74,74,exact,"{""student"": 74}",,"[""https://www.koranmandala.com/daerah/206780/74-siswa-keracunan-usai-konsumsi-menu-mbg-dapur-cigandamekar/""]","[""id.Daftar_kasus_keracunan_massal_makan_siang_gratis#r0266""]","[""no_venue""]"
id.Daftar_kasus_keracunan_massal_makan_siang_gratis#e0554,2025-11-28,2025-11-28,day,Jawa Timur,Kabupaten Bojonegoro,kabupaten,Bojonegoro,35.22,-7.149935359747551,111.88154262537478,1366227,1,"[""Pondok Pesantren Al Falah""]","[""pesantren""]",30,30,30,exact,"{""santri"": 30}",,"[""https://blokbojonegoro.com/2025/11/29/puluhan-siswa-diduga-keracunan-makanan-kepala-man-1-bojonegoro-pilih-tunggu-hasil-medis""]","[""id.Daftar_kasus_keracunan_massal_makan_siang_gratis#r0554""]",[]
id.Daftar_kasus_keracunan_massal_makan_siang_gratis#e0826,2025-12-01,2025-12-01,day,Papua Barat Daya,Kabupaten Raja Ampat,kabupaten,Raja Ampat,96.03,-0.41850625897138194,130.82879113180778,72865,6,"[""SD YPK Alfa Omega"", ""SDN 29 Raja Ampat"", ""SMP YPK Alfa Omega"", ""SMPN 14 Raja Ampat"", ""MTS Language Insan Mandiri"", ""SMK Bukit Zaitun""]","[""junior_secondary"", ""primary"", ""senior_secondary""]",86,86,86,exact,"{""student"": 86}",,"[""https://www.nabirenews.com/kesehatan/2622005342/kasus-keracunan-mbg-waisai-86-pasien-dirawat-83-sudah-pulih-3-masih-dirawat""]","[""id.Daftar_kasus_keracunan_massal_makan_siang_gratis#r0826"", ""id.Daftar_kasus_keracunan_massal_makan_siang_gratis#r0827"", ""id.Daftar_kasus_keracunan_massal_makan_siang_gratis#r0828"", ""id.Daftar_kasus_keracunan_massal_makan_siang_gratis#r0829"", ""id.Daftar_kasus_keracunan_massal_makan_siang_gratis#r0830"", ""id.Daftar_kasus_keracunan_massal_makan_siang_gratis#r0831""]","[""count_shared_across_rows""]"
id.Daftar_kasus_keracunan_massal_makan_siang_gratis#e0142,2025-12-03,2025-12-03,day,Lampung,Kabupaten Lampung Selatan,kabupaten,Lampung Selatan,18.01,-5.717676069034854,105.58534802478252,1124683,1,"[""SMPN 2 Kalianda""]","[""junior_secondary""]",6,6,6,exact,"{""student"": 6}",,"[""https://www.infodesanews.com/langkah-cepat-tim-dinkes-lamsel-telusuri-dugaan-keracunan-makanan-mbg-di-smpn-kalianda/""]","[""id.Daftar_kasus_keracunan_massal_makan_siang_gratis#r0142""]",[]
id.Daftar_kasus_keracunan_massal_makan_siang_gratis#e0147,2025-12-03,2025-12-03,day,Lampung,Kabupaten Way Kanan,kabupaten,Way Kanan,18.08,-4.506182074363012,104.51131397505866,495058,1,"[""SMP (Spesifik tidak disebutkan)""]","[""junior_secondary""]",12,12,12,exact,"{""student"": 11, ""teacher"": 1}",,"[""https://cnnnusantara.com/berita-pulau-sumatera/belasan-siswa-dan-guru-keracunan-program-mbg-di-way-kanan-ketua-for-win-desak-polres-usut-tuntas/""]","[""id.Daftar_kasus_keracunan_massal_makan_siang_gratis#r0147""]","[""no_venue""]"
id.Daftar_kasus_keracunan_massal_makan_siang_gratis#e0604,2025-12-03,2025-12-03,day,Jawa Timur,Kabupaten Bondowoso,kabupaten,Bondowoso,35.11,-7.914444581620128,113.82185071188832,788007,4,"[""SDN 1 Sukorejo"", ""SDN 2 Sukorejo"", ""SMP (Spesifik tidak disebutkan)"", ""SMA (Spesifik tidak disebutkan)""]","[""junior_secondary"", ""primary"", ""senior_secondary""]",77,77,77,exact,"{""student"": 77}",,"[""https://www.detik.com/jatim/berita/d-8241365/77-siswa-di-sumberwringin-bondowoso-diduga-keracunan-mbg""]","[""id.Daftar_kasus_keracunan_massal_makan_siang_gratis#r0604"", ""id.Daftar_kasus_keracunan_massal_makan_siang_gratis#r0605"", ""id.Daftar_kasus_keracunan_massal_makan_siang_gratis#r0606"", ""id.Daftar_kasus_keracunan_massal_makan_siang_gratis#r0607""]","[""count_shared_across_rows"", ""no_venue""]"
id.Daftar_kasus_keracunan_massal_makan_siang_gratis#e0353,2025-12-04,2025-12-04,day,Jawa Barat,Kabupaten Majalengka,kabupaten,Majalengka,32.10,-6.836270833744539,108.22755549468556,1369569,1,"[""TBA (Tidak disebutkan)""]",[],42,42,42,exact,"{""person"": 42}",,"[""https://jabar.tribunnews.com/jabar-region/1157725/bukan-anak-sekolah-keracunan-mbg-di-majalengka-ternyata-timpa-ibu-ibu-hamil""]","[""id.Daftar_kasus_keracunan_massal_makan_siang_gratis#r0353""]","[""no_venue""]"
id.Daftar_kasus_keracunan_massal_makan_siang_gratis#e0579,2025-12-04,2025-12-04,day,Jawa Timur,Kabupaten Ngawi,kabupaten,Ngawi,35.21,-7.401286050830588,111.44544266770494,907002,6,"[""Ponpes Absoru Sunah"", ""Ponpes Miftahul Janah"", ""SDN Mantingan 2"", ""SDN Mantingan 3"", ""SDN Mantingan 5"", ""SD (Spesifik tidak disebutkan)""]","[""pesantren"", ""primary""]",220,220,220,exact,"{""student"": 220}",,"[""https://beritajatim.com/total-220-siswa-keracunan-mbg-di-ngawi-gagal-ikut-ujian-akhir-semester""]","[""id.Daftar_kasus_keracunan_massal_makan_siang_gratis#r0579"", ""id.Daftar_kasus_keracunan_massal_makan_siang_gratis#r0580"", ""id.Daftar_kasus_keracunan_massal_makan_siang_gratis#r0581"", ""id.Daftar_kasus_keracunan_massal_makan_siang_gratis#r0582"", ""id.Daftar_kasus_keracunan_massal_makan_siang_gratis#r0583"", ""id.Daftar_kasus_keracunan_massal_makan_siang_gratis#r0584""]","[""count_shared_across_rows"", ""no_venue""]"
id.Daftar_kasus_keracunan_massal_makan_siang_gratis#e0795,2025-12-08,2025-12-08,day,Sulawesi Selatan,Kabupaten Pangkajene dan Kepulauan,kabupaten,Pangkajene dan Kepulauan,73.10,-4.845732154757298,119.5598290821929,361791,3,"[""SD Negeri 13 Kassiloe"", ""SMP 5 Labakkang"", ""SMA 13 Pangkep Boarding School""]","[""junior_secondary"", ""primary"", ""senior_secondary""]",74,74,74,exact,"{""student"": 74}",,"[""https://jurnalpost.com/keracunan-massal-mbg-di-pangkep-74-siswa-dilarikan-ke-puskesmas-rs/88893/""]","[""id.Daftar_kasus_keracunan_massal_makan_siang_gratis#r0795"", ""id.Daftar_kasus_keracunan_massal_makan_siang_gratis#r0796"", ""id.Daftar_kasus_keracunan_massal_makan_siang_gratis#r0797""]","[""count_shared_across_rows""]"
id.Daftar_kasus_keracunan_massal_makan_siang_gratis#e0441,2025-12-11,2025-12-11,day,Jawa Tengah,Kabupaten Grobogan,kabupaten,Grobogan,33.15,-7.082058555310319,110.91737159653837,1520974,1,"[""Desa Putatsari""]",[],23,23,23,exact,"{""person"": 23}",,"[""https://lintasmuria.com/2025/12/13/puluhan-balita-di-grobogan-diduga-keracunan-menu-mbg-pemkab-lapor-bgn/""]","[""id.Daftar_kasus_keracunan_massal_makan_siang_gratis#r0441""]",[]
id.Daftar_kasus_keracunan_massal_makan_siang_gratis#e0784,2025-12-11,2025-12-11,day,Sulawesi Tengah,Kabupaten Tojo Una-Una,kabupaten,Tojo Una-Una,72.09,-0.9146507390533831,121.588520770778,173534,1,"[""SDN Tampanombo""]","[""primary""]",5,5,5,exact,"{""student"": 5}",,"[""https://rri.co.id/palu/daerah/2033850/lima-siswa-tampanombo-diduga-keracunan-usai-konsumsi-mbg""]","[""id.Daftar_kasus_keracunan_massal_makan_siang_gratis#r0784""]",[]
id.Daftar_kasus_keracunan_massal_makan_siang_gratis#e0812,2025-12-16,2025-12-16,day,Sulawesi Tenggara,Kabupaten Buton Tengah,kabupaten,Buton Tengah,74.14,-5.316413937156861,122.53197889106548,121745,1,"[""Warga Kec. Mawasangka Tengah""]",[],117,117,117,exact,"{""person"": 117}",,"[""https://inilahsultra.com/2025/12/17/117-anak-dan-balita-buteng-keracunan-diduga-usai-konsumsi-mbg/""]","[""id.Daftar_kasus_keracunan_massal_makan_siang_gratis#r0812""]",[]
id.Daftar_kasus_keracunan_massal_makan_siang_gratis#e0813,2026-01,2026-01,month,Sulawesi Tenggara,Kota Kendari,kota,Kendari,74.71,-3.9729017385837686,122.51174077056197,366454,1,"[""TBA (Tidak disebutkan)""]",[],66,66,66,exact,"{""child"": 66}",,"[""https://www.kalderanews.com/2026/01/lebih-dari-seribu-anak-keracunan-mbg-sepanjang-januari-jppi-sekolah-diduga-dibungkam/""]","[""id.Daftar_kasus_keracunan_massal_makan_siang_gratis#r0813""]","[""month_precision_only"", ""no_venue""]"
id.Daftar_kasus_keracunan_massal_makan_siang_gratis#e0450,2026-01-08,2026-01-08,day,Jawa Tengah,Kota Semarang,kota,Semarang,33.74,-6.98167961659711,110.4122341695528,1702379,1,"[""SMKN 11 Semarang""]","[""senior_secondary""]",75,75,75,exact,"{""student"": 75}",,"[""https://timesindonesia.co.id/peristiwa-daerah/572774/puluhan-siswa-smkn-11-semarang-alami-gejala-keracunan-usai-santap-makan-bergizi-gratis""]","[""id.Daftar_kasus_keracunan_massal_makan_siang_gratis#r0450""]",[]
id.Daftar_kasus_keracunan_massal_makan_siang_gratis#e0442,2026-01-10,2026-01-10,day,Jawa Tengah,Kabupaten Grobogan,kabupaten,Grobogan,33.15,-7.082058555310319,110.91737159653837,1520974,6,"[""TK Ngroto"", ""SDN Trisari"", ""SDN Glapan"", ""SDN Penadaran"", ""SMP Miftahul Huda"", ""SMK Miftahul Huda""]","[""early_childhood"", ""junior_secondary"", ""primary"", ""senior_secondary""]",803,803,803,exact,"{""student"": 803}",,"[""https://news.detik.com/berita/d-8305630/803-orang-di-grobogan-diduga-keracunan-mbg-dari-menu-ayam""]","[""id.Daftar_kasus_keracunan_massal_makan_siang_gratis#r0442"", ""id.Daftar_kasus_keracunan_massal_makan_siang_gratis#r0443"", ""id.Daftar_kasus_keracunan_massal_makan_siang_gratis#r0444"", ""id.Daftar_kasus_keracunan_massal_makan_siang_gratis#r0445"", ""id.Daftar_kasus_keracunan_massal_makan_siang_gratis#r0446"", ""id.Daftar_kasus_keracunan_massal_makan_siang_gratis#r0447""]","[""count_shared_across_rows""]"
id.Daftar_kasus_keracunan_massal_makan_siang_gratis#e0608,2026-01-10,2026-01-10,day,Jawa Timur,Kabupaten Mojokerto,kabupaten,Mojokerto,35.16,-7.462844394027845,112.43341998304892,1156144,3,"[""Ponpes An-Nur"", ""Ponpes Al-Hidayah"", ""SMPN 2 Kutorejo""]","[""junior_secondary"", ""pesantren""]",780,780,780,exact,"{""student"": 780}",,"[""https://jatim.suaramerdeka.com/jatim/108816561588/korban-dugaan-keracunan-mbg-di-mojokerto-tembus-780-orang-dispendik-dan-kemenag-buka-data-terbaru?page=2""]","[""id.Daftar_kasus_keracunan_massal_makan_siang_gratis#r0608"", ""id.Daftar_kasus_keracunan_massal_makan_siang_gratis#r0609"", ""id.Daftar_kasus_keracunan_massal_makan_siang_gratis#r0610""]","[""count_shared_across_rows""]"
id.Daftar_kasus_keracunan_massal_makan_siang_gratis#e0120,2026-01-12,2026-01-12,day,Lampung,Kabupaten Lampung Utara,kabupaten,Lampung Utara,18.03,-4.8291901217543,104.88744459932492,675626,1,"[""SDN 3 Sindang Sari""]","[""primary""]",11,11,11,exact,"{""student"": 11}",,"[""https://regional.kompas.com/read/2026/01/13/134340278/11-siswa-sd-di-lampung-utara-keracunan-makan-bergizi-gratis-kepsek-ngamuk""]","[""id.Daftar_kasus_keracunan_massal_makan_siang_gratis#r0120""]",[]
id.Daftar_kasus_keracunan_massal_makan_siang_gratis#e0397,2026-01-12,2026-01-12,day,Jawa Tengah,Kabupaten Wonogiri,kabupaten,Wonogiri,33.12,-7.815058364755334,110.9256844677081,1057495,1,"[""TBA (Tidak disebutkan)""]",[],206,206,206,exact,"{""student"": 206}",,"[""https://www.suaramerdeka.com/jawa-tengah/0416564471/korban-keracunan-massal-di-jatisrono-wonogiri-capai-206-siswa-diduga-karena-mbg""]","[""id.Daftar_kasus_keracunan_massal_makan_siang_gratis#r0397""]","[""no_venue""]"
id.Daftar_kasus_keracunan_massal_makan_siang_gratis#e0758,2026-01-12,2026-01-12,day,Sulawesi Barat,Kabupaten Majene,kabupaten,Majene,76.05,-3.548096071882418,118.95929449246914,190223,7,"[""Desa Tubo"", ""Tubo Tengah"", ""Tubo Selatan"", ""Onang Utara"", ""Tubo Poang"", ""Bonde-bonde"", ""Onang""]",[],61,61,61,exact,"{""resident"": 61}",,"[""https://sulbar.tribunnews.com/majene/74443/satu-balita-keracunan-mbg-di-majene-dirujuk-ke-mamuju-korban-kini-61-orang""]","[""id.Daftar_kasus_keracunan_massal_makan_siang_gratis#r0758"", ""id.Daftar_kasus_keracunan_massal_makan_siang_gratis#r0759"", ""id.Daftar_kasus_keracunan_massal_makan_siang_gratis#r0760"", ""id.Daftar_kasus_keracunan_massal_makan_siang_gratis#r0761"", ""id.Daftar_kasus_keracunan_massal_makan_siang_gratis#r0762"", ""id.Daftar_kasus_keracunan_massal_makan_siang_gratis#r0763"", ""id.Daftar_kasus_keracunan_massal_makan_siang_gratis#r0764""]","[""count_shared_across_rows""]"
id.Daftar_kasus_keracunan_massal_makan_siang_gratis#e0452,2026-01-13,2026-01-13,day,Jawa Tengah,Kabupaten Pekalongan,kabupaten,Pekalongan,33.26,-7.0250357325518875,109.59114532537376,1034241,1,"[""SDN 01 Kedungwuni""]","[""primary""]",15,15,15,exact,"{""student"": 15}",,"[""https://radarpekalongan.disway.id/read/108184/diduga-keracunan-mbg-15-pelajar-sdn-1-kedungwuni-sempat-dilarikan-ke-puskesmas-dan-rumah-sakit""]","[""id.Daftar_kasus_keracunan_massal_makan_siang_gratis#r0452""]",[]
id.Daftar_kasus_keracunan_massal_makan_siang_gratis#e0616,2026-01-15,2026-01-15,day,Jawa Timur,Kota Mojokerto,kota,Mojokerto,35.76,-7.4628151554153925,112.43344588575034,142272,3,"[""SDN 5 Wates"", ""SDN 6 Wates"", ""SMAN 2 Mojokerto""]","[""primary"", ""senior_secondary""]",,,,unreported,{},,"[""https://radarmojokerto.jawapos.com/berita-terbaru/827085296/diduga-keracunan-mbg-siswa-di-kota-mojokerto-alami-muntah-diare""]","[""id.Daftar_kasus_keracunan_massal_makan_siang_gratis#r0616"", ""id.Daftar_kasus_keracunan_massal_makan_siang_gratis#r0617"", ""id.Daftar_kasus_keracunan_massal_makan_siang_gratis#r0618""]","[""count_shared_across_rows"", ""count_unreported""]"
id.Daftar_kasus_keracunan_massal_makan_siang_gratis#e0674,2026-01-17,2026-01-17,day,Nusa Tenggara Barat,Kabupaten Lombok Tengah,kabupaten,Lombok Tengah,52.02,-8.706131863466181,116.27003418305937,1128716,2,"[""SDN 1 Darmaji"", ""MI Hidayatuslohin""]","[""primary""]",38,38,38,exact,"{""student"": 38}",,"[""https://www.merdeka.com/peristiwa/puluhan-pelajar-di-lombok-tengah-keracunan-usai-konsumsi-susu-program-mbg-522733-mvk.html""]","[""id.Daftar_kasus_keracunan_massal_makan_siang_gratis#r0674"", ""id.Daftar_kasus_keracunan_massal_makan_siang_gratis#r0675""]","[""count_shared_across_rows""]"
id.Daftar_kasus_keracunan_massal_makan_siang_gratis#e0588,2026-01-20,2026-01-20,day,Jawa Timur,Kabupaten Tulungagung,kabupaten,Tulungagung,35.04,-8.064364715839401,111.90068000547873,1139224,1,"[""SMKN 3 Boyolangu""]","[""senior_secondary""]",123,123,123,exact,"{""student"": 123}",,"[""https://jatim.antaranews.com/berita/1025378/ratusan-siswa-smkn-3-boyolangu-alami-diare-diduga-keracunan-mbg""]","[""id.Daftar_kasus_keracunan_massal_makan_siang_gratis#r0588""]",[]
id.Daftar_kasus_keracunan_massal_makan_siang_gratis#e0453,2026-01-22,2026-01-22,day,Jawa Tengah,Kota Magelang,kota,Magelang,33.71,-7.50371096633142,110.22147082537745,128709,1,"[""SMPN 10 Kota Magelang""]","[""junior_secondary""]",80,80,80,exact,"{""student"": 75, ""teacher"": 5}",,"[""https://www.detik.com/jateng/berita/d-8322042/75-siswa-5-guru-smpn-10-kota-magelang-diduga-keracunan-mbg""]","[""id.Daftar_kasus_keracunan_massal_makan_siang_gratis#r0453""]",[]
id.Daftar_kasus_keracunan_massal_makan_siang_gratis#e0589,2026-01-22,2026-01-22,day,Jawa Timur,Kabupaten Tulungagung,kabupaten,Tulungagung,35.04,-8.064364715839401,111.90068000547873,1139224,1,"[""SMK Sore Tulungagung""]","[""senior_secondary""]",15,15,15,exact,"{""student"": 15}",,"[""https://video.tribunnews.com/view/906121/kembali-terjadi-15-siswa-smk-sore-tulungagung-keracunan-mbg-kini-dirawat-seusai-mual-dan-pusing""]","[""id.Daftar_kasus_keracunan_massal_makan_siang_gratis#r0589""]",[]
id.Daftar_kasus_keracunan_massal_makan_siang_gratis#e0080,2026-01-23,2026-01-23,day,Riau,Kabupaten Siak,kabupaten,Siak,14.08,0.8045392202011306,102.02031850446771,495760,1,"[""SMKN 1 Kandis""]","[""senior_secondary""]",21,21,21,exact,"{""student"": 21}",,"[""https://www.riauonline.co.id/riau/read/2026/01/23/puluhan-siswa-smkn-1-kandis-dilarikan-ke-klinik-usai-santap-mbg-diduga-keracunan""]","[""id.Daftar_kasus_keracunan_massal_makan_siang_gratis#r0080""]",[]
id.Daftar_kasus_keracunan_massal_makan_siang_gratis#e0518,2026-01-23,2026-01-23,day,DI Yogyakarta,Kabupaten Gunungkidul,kabupaten,Gunungkidul,34.03,-7.964079635059824,110.6015380965454,776926,1,"[""SMP Muhammadiyah Playen""]","[""junior_secondary""]",58,58,58,exact,"{""student"": 48, ""teacher"": 9, ""principal"": 1}",,"[""https://yogyakarta.kompas.com/read/2026/01/27/192839378/puluhan-siswa-dan-guru-smp-muhammadiyah-playen-mengeluh-diare-dan-mual""]","[""id.Daftar_kasus_keracunan_massal_makan_siang_gratis#r0518""]",[]
id.Daftar_kasus_keracunan_massal_makan_siang_gratis#e0001,2026-01-24,2026-01-24,day,Aceh,Kabupaten Aceh Timur,kabupaten,Aceh Timur,11.03,4.932736888548549,97.7838443591112,461391,1,"[""TBA (Tidak disebutkan)""]",[],19,19,19,exact,"{""student"": 19}",,"[""https://regional.kompas.com/read/2026/01/27/190043678/korban-keracunan-makanan-di-sekolah-cianjur-bertambah-jadi-33-siswa-12-anak""]","[""id.Daftar_kasus_keracunan_massal_makan_siang_gratis#r0001""]","[""no_venue""]"
id.Daftar_kasus_keracunan_massal_makan_siang_gratis#e0686,2026-01-26,2026-01-26,day,Nusa Tenggara Barat,Kabupaten Lombok Timur,kabupaten,Lombok Timur,52.03,-8.650938604217814,116.52965363887955,1457591,1,"[""TBA (Tidak disebutkan)""]",[],,20,99,vague,{},,"[""https://koran-jakarta.com/2026-01-27/dugaan-keracunan-mbg-di-lombok-timur-dinkes-turunkan-tim-investigasi""]","[""id.Daftar_kasus_keracunan_massal_makan_siang_gratis#r0686""]","[""count_vague"", ""no_venue""]"
id.Daftar_kasus_keracunan_massal_makan_siang_gratis#e0751,2026-01-26,2026-01-26,day,Sulawesi Utara,Kota Tomohon,kota,Tomohon,71.73,1.3145248488354484,124.82744674228223,103812,4,"[""SMP Kristen 1 Woloan"", ""SMK Negeri 1 Tomohon"", ""SMK Sta. Familia Tomohon"", ""SMA Karitas Tomohon""]","[""junior_secondary"", ""senior_secondary""]",197,197,197,exact,"{""student"": 197}",,"[""https://www.liputan6.com/regional/read/6267651/update-keracunan-massal-mbg-tomohon-64-siswa-masih-jalani-rawat-inap""]","[""id.Daftar_kasus_keracunan_massal_makan_siang_gratis#r0751"", ""id.Daftar_kasus_keracunan_massal_makan_siang_gratis#r0752"", ""id.Daftar_kasus_keracunan_massal_makan_siang_gratis#r0753"", ""id.Daftar_kasus_keracunan_massal_makan_siang_gratis#r0754""]","[""count_shared_across_rows""]"
id.Daftar_kasus_keracunan_massal_makan_siang_gratis#e0229,2026-01-27,2026-01-27,day,Jawa Barat,Kabupaten Cianjur,kabupaten,Cianjur,32.03,-6.822746173673224,107.1394835830441,2638825,2,"[""SDN Wargasari"", ""TBA ( Tidak disebutkan)""]","[""primary""]",300,300,300,exact,"{""student"": 300}",,"[""https://prfmnews.pikiran-rakyat.com/jawa-barat/pr-139967875/buntut-keracunan-mbg-3-dapur-sppg-di-cianjur-ditutup""]","[""id.Daftar_kasus_keracunan_massal_makan_siang_gratis#r0229"", ""id.Daftar_kasus_keracunan_massal_makan_siang_gratis#r0230""]","[""count_shared_across_rows"", ""no_venue""]"
id.Daftar_kasus_keracunan_massal_makan_siang_gratis#e0560,2026-01-27,2026-01-27,day,Jawa Timur,Kabupaten Tuban,kabupaten,Tuban,35.23,-6.8961044097904685,112.06506272537278,1266396,1,"[""SMPN 1 Montong""]","[""junior_secondary""]",14,14,14,exact,"{""student"": 14}",,"[""https://jatim.tribunnews.com/jatim/531208/mbg-makan-korban-lagi-belasan-siswa-smpn-1-montong-tuban-diduga-keracunan-massal""]","[""id.Daftar_kasus_keracunan_massal_makan_siang_gratis#r0560""]",[]
id.Daftar_kasus_keracunan_massal_makan_siang_gratis#e0129,2026-01-28,2026-01-28,day,Lampung,Kabupaten Lampung Timur,kabupaten,Lampung Timur,18.07,-5.048183264548101,105.52825470212977,1122605,3,"[""Pondok Pesantren (Spesifik tidak disebutkan)"", ""SD (Spesifik tidak disebutkan)"", ""SMP (Spesifik tidak disebutkan)""]","[""junior_secondary"", ""pesantren"", ""primary""]",,100,999,vague,{},,"[""https://medialintastimurnews.com/2026/01/29/terjadi-lagi-di-lamtim-ratusan-anak-diduga-keracunan-usai-santap-mbg/""]","[""id.Daftar_kasus_keracunan_massal_makan_siang_gratis#r0129"", ""id.Daftar_kasus_keracunan_massal_makan_siang_gratis#r0130"", ""id.Daftar_kasus_keracunan_massal_makan_siang_gratis#r0131""]","[""count_shared_across_rows"", ""count_vague"", ""no_venue""]"
id.Daftar_kasus_keracunan_massal_makan_siang_gratis#e0275,2026-01-28,2026-01-28,day,Jawa Barat,Kabupaten Sukabumi,kabupaten,Sukabumi,32.02,-6.989164614549726,106.55022261003006,2868943,7,"[""PAUD Al Hadi"", ""SDN Bojong Kopo"", ""SDN Gunung Biru"", ""SDN Loji"", ""SDN Sangrawayang"", ""SDN Cibutun"", ""MA (Spesifik tidak disebutkan""]","[""early_childhood"", ""primary"", ""senior_secondary""]",31,31,31,exact,"{""student"": 31}",,"[""https://jabar.tribunnews.com/jabar-region/1162793/breaking-news-31-siswa-dan-guru-hamil-keracunan-diduga-tahu-goreng-berjamur-dari-mbg""]","[""id.Daftar_kasus_keracunan_massal_makan_siang_gratis#r0275"", ""id.Daftar_kasus_keracunan_massal_makan_siang_gratis#r0276"", ""id.Daftar_kasus_keracunan_massal_makan_siang_gratis#r0277"", ""id.Daftar_kasus_keracunan_massal_makan_siang_gratis#r0278"", ""id.Daftar_kasus_keracunan_massal_makan_siang_gratis#r0279"", ""id.Daftar_kasus_keracunan_massal_makan_siang_gratis#r0280"", ""id.Daftar_kasus_keracunan_massal_makan_siang_gratis#r0281""]","[""count_shared_across_rows"", ""no_venue""]"
id.Daftar_kasus_keracunan_massal_makan_siang_gratis#e0785,2026-01-28,2026-01-28,day,Sulawesi Tengah,Kabupaten Buol,kabupaten,Buol,72.05,1.169077637159471,121.40975635779172,162273,5,"[""TK Amanah"", ""SDN 1 Bunobogu"", ""SDN 3 Bunobogu"", ""SDN 7 Bunobogu"", ""SMPN 5 Bunobogu""]","[""early_childhood"", ""junior_secondary"", ""primary""]",141,141,141,exact,"{""student"": 141}",,"[""https://www.detik.com/sulsel/berita/d-8330979/141-siswa-tk-smp-diduga-keracunan-mbg-di-buol-korban-dirawat-di-rs-puskesmas""]","[""id.Daftar_kasus_keracunan_massal_makan_siang_gratis#r0785"", ""id.Daftar_kasus_keracunan_massal_makan_siang_gratis#r0786"", ""id.Daftar_kasus_keracunan_massal_makan_siang_gratis#r0787"", ""id.Daftar_kasus_keracunan_massal_makan_siang_gratis#r0788"", ""id.Daftar_kasus_keracunan_massal_makan_siang_gratis#r0789""]","[""count_shared_across_rows""]"
id.Daftar_kasus_keracunan_massal_makan_siang_gratis#e0454,2026-01-29,2026-01-29,day,Jawa Tengah,Kabupaten Kudus,kabupaten,Kudus,33.19,-6.805651710957646,110.84219531187978,877821,1,"[""SMAN 2 Kudus""]","[""senior_secondary""]",600,600,600,exact,"{""student"": 600}",,"[""https://www.kompas.tv/regional/647214/600-siswa-sma-di-kudus-keracunan-mbg-118-di-antaranya-dirawat-di-rumah-sakit""]","[""id.Daftar_kasus_keracunan_massal_makan_siang_gratis#r0454""]",[]
id.Daftar_kasus_keracunan_massal_makan_siang_gratis#e0742,2026-01-29,2026-01-29,day,Nusa Tenggara Timur,Kabupaten Manggarai Barat,kabupaten,Manggarai Barat,53.15,-8.495964947540392,119.89429877413119,290688,5,"[""SDI Golo Welu 2"", ""SDI Golo Bombong"", ""SMPN 2 Kuwus"", ""SMAN 1 Kuwus"", ""SMKN 1 Kuwus""]","[""junior_secondary"", ""primary"", ""senior_secondary""]",132,132,132,exact,"{""student"": 132}",,"[""https://kumbanews.com/132-siswa-di-manggarai-barat-ntt-keracunan-makan-bergizi-gratis-dapur-mbg-ditutup-sementara/""]","[""id.Daftar_kasus_keracunan_massal_makan_siang_gratis#r0742"", ""id.Daftar_kasus_keracunan_massal_makan_siang_gratis#r0743"", ""id.Daftar_kasus_keracunan_massal_makan_siang_gratis#r0744"", ""id.Daftar_kasus_keracunan_massal_makan_siang_gratis#r0745"", ""id.Daftar_kasus_keracunan_massal_makan_siang_gratis#r0746""]","[""count_shared_across_rows""]"
id.Daftar_kasus_keracunan_massal_makan_siang_gratis#e0798,2026-01-29,2026-01-29,day,Sulawesi Selatan,Kabupaten Pinrang,kabupaten,Pinrang,73.15,-3.809259094007871,119.65000307873112,423146,1,"[""Pondok Pesantren Al-Mustafa Kanipang""]","[""pesantren""]",8,8,8,exact,"{""santri"": 8}",,"[""https://beritasulsel.com/baca/diduga-keracunan-mbg-8-santri-pesantren-di-pinrang-dilarikan-ke-puskesmas""]","[""id.Daftar_kasus_keracunan_massal_makan_siang_gratis#r0798""]",[]
id.Daftar_kasus_keracunan_massal_makan_siang_gratis#e0070,2026-01-30,2026-01-30,day,Sumatera Selatan,Kota Palembang,kota,Palembang,16.71,-2.991046172915815,104.75675098698375,1801367,1,"[""SMPN 31 Palembang""]","[""junior_secondary""]",4,4,4,exact,"{""student"": 4}",,"[""https://www.merdeka.com/peristiwa/baru-makan-dua-suap-empat-siswa-smp-di-palembang-keracunan-mbg-529726-mvk.html""]","[""id.Daftar_kasus_keracunan_massal_makan_siang_gratis#r0070""]",[]
id.Daftar_kasus_keracunan_massal_makan_siang_gratis#e0106,2026-01-30,2026-01-30,day,Jambi,Kabupaten Muaro Jambi,kabupaten,Muaro Jambi,15.05,-1.4482512111723946,103.51549566092164,457238,4,"[""TK (Spesifik tidak disebutkan)"", ""SD (Spesifik tidak disebutkan)"", ""SMP (Spesifik tidak disebutkan)"", ""SMA (Spesifik tidak disebutkan)""]","[""early_childhood"", ""junior_secondary"", ""primary"", ""senior_secondary""]",150,150,150,exact,"{""student"": 150}",,"[""https://www.jambiseru.com/berita/31/01/korban-keracunan-mbg-di-muaro-jambi-tembus-150-pelajar-puluhan-masih-dirawat-inap""]","[""id.Daftar_kasus_keracunan_massal_makan_siang_gratis#r0106"", ""id.Daftar_kasus_keracunan_massal_makan_siang_gratis#r0107"", ""id.Daftar_kasus_keracunan_massal_makan_siang_gratis#r0108"", ""id.Daftar_kasus_keracunan_massal_makan_siang_gratis#r0109""]","[""count_shared_across_rows"", ""no_venue""]"
id.Daftar_kasus_keracunan_massal_makan_siang_gratis#e0448,2026-01-30,2026-01-30,day,Jawa Tengah,Kabupaten Grobogan,kabupaten,Grobogan,33.15,-7.082058555310319,110.91737159653837,1520974,2,"[""SDN 2 Pulongrambe"", ""SDN 3 Mayahan""]","[""primary""]",8,8,8,exact,"{""student"": 8}",,"[""https://regional.kompas.com/read/2026/01/30/161147778/8-pelajar-sd-di-grobogan-diduga-keracunan-mbg-dilarikan-ke-puskesmas""]","[""id.Daftar_kasus_keracunan_massal_makan_siang_gratis#r0448"", ""id.Daftar_kasus_keracunan_massal_makan_siang_gratis#r0449""]","[""count_shared_across_rows""]"
id.Daftar_kasus_keracunan_massal_makan_siang_gratis#e0633,2026-02,2026-02,month,Jawa Timur,Kabupaten Trenggalek,kabupaten,Trenggalek,35.03,-8.047910064122286,111.70915082348205,753810,2,"[""SD (Spesifik tidak disebutkan)"", ""SMP (Spesifik tidak disebutkan)""]","[""junior_secondary"", ""primary""]",157,157,157,exact,"{""student"": 157}",,"[""https://minakonews.com/gelombang-keracunan-massal-siswa-program-mbg-disorot/""]","[""id.Daftar_kasus_keracunan_massal_makan_siang_gratis#r0633"", ""id.Daftar_kasus_keracunan_massal_makan_siang_gratis#r0634""]","[""count_shared_across_rows"", ""month_precision_only"", ""no_venue""]"
id.Daftar_kasus_keracunan_massal_makan_siang_gratis#e0619,2026-02-02,2026-02-02,day,Jawa Timur,Kota Surabaya,kota,Surabaya,35.78,-7.258891323638141,112.74703888119626,3018022,1,"[""SDN 1 Babat Jerawat""]","[""primary""]",27,27,27,exact,"{""student"": 27}",,"[""https://beritanews9.id/diduga-27-siswa-sdn-bajer-1-keracunan-mbg-orang-tua-murid-keluhkan-makanan-basi-di-babat-jerawat/,%20https://beritanews9.id/diduga-27-siswa-sdn-bajer-1-keracunan-mbg-orang-tua-murid-keluhkan-makanan-basi-di-babat-jerawat/""]","[""id.Daftar_kasus_keracunan_massal_makan_siang_gratis#r0619""]",[]
id.Daftar_kasus_keracunan_massal_makan_siang_gratis#e0043,2026-02-04,2026-02-04,day,Sumatera Barat,Kabupaten Dharmasraya,kabupaten,Dharmasraya,13.10,-0.9529856017421708,101.4941127505854,242192,2,"[""SMAN 1 Sungai Rumbai"", ""Pondok Pesantrean""]","[""pesantren"", ""senior_secondary""]",221,221,221,exact,"{""person"": 221}",,"[""https://padek.jawapos.com/dharmasraya/2367167692/lima-hari-dugaan-keracunan-massal-di-dharmasraya-hasil-uji-lab-belum-diumumkan""]","[""id.Daftar_kasus_keracunan_massal_makan_siang_gratis#r0043"", ""id.Daftar_kasus_keracunan_massal_makan_siang_gratis#r0044""]","[""count_shared_across_rows""]"
id.Daftar_kasus_keracunan_massal_makan_siang_gratis#e0153,2026-02-05,2026-02-05,day,Kalimantan Barat,Kabupaten Ketapang,kabupaten,Ketapang,61.04,-1.8442282167132769,109.97893875233444,583541,3,"[""SMP Negeri 1 Marau"", ""SMA Negeri 1 Marau"", ""SMK Negeri 1 Marau""]","[""junior_secondary"", ""senior_secondary""]",417,417,417,exact,"{""student"": 417}",,"[""https://pontianak.tribunnews.com/kalbar/1161424/417-siswa-dan-guru-di-ketapang-keracunan-massal-setelah-konsumsi-mbg-dari-dapur-surya-gizi-lestari""]","[""id.Daftar_kasus_keracunan_massal_makan_siang_gratis#r0153"", ""id.Daftar_kasus_keracunan_massal_makan_siang_gratis#r0154"", ""id.Daftar_kasus_keracunan_massal_makan_siang_gratis#r0155""]","[""count_shared_across_rows""]"
id.Daftar_kasus_keracunan_massal_makan_siang_gratis#e0163,2026-02-05,2026-02-05,day,Kalimantan Barat,Kota Singkawang,kota,Singkawang,61.72,0.904786196799786,108.97740501185594,249954,1,"[""MAN Model Singkawang""]","[""senior_secondary""]",56,56,56,exact,"{""student"": 56}",,"[""https://wartapontianak.pikiran-rakyat.com/kalbar/pr-1179990397/puluhan-siswa-man-model-kota-singkawang-diduga-keracunan-usai-santap-mbg""]","[""id.Daftar_kasus_keracunan_massal_makan_siang_gratis#r0163""]",[]
id.Daftar_kasus_keracunan_massal_makan_siang_gratis#e0166,2026-02-05,2026-02-05,day,Kalimantan Tengah,Kota Palangka Raya,kota,Palangka Raya,62.71,-2.173996226380074,113.8802702994111,315153,1,"[""Posyandu Harum Manis""]","[""community_health_post""]",16,16,16,exact,"{""resident"": 16}",,"[""https://beritasampit.com/2026/02/09/16-warga-palangka-raya-keracunan-usai-santap-mbg-pemprov-kalteng-turun-tangan/""]","[""id.Daftar_kasus_keracunan_massal_makan_siang_gratis#r0166""]",[]
id.Daftar_kasus_keracunan_massal_makan_siang_gratis#e0564,2026-02-05,2026-02-05,day,Jawa Timur,Kabupaten Jember,kabupaten,Jember,35.09,-8.169670975121788,113.70215105421875,2615874,1,"[""SMP Negeri 1 Umbulsari""]","[""junior_secondary""]",112,112,112,exact,"{""person"": 112}",,"[""https://halojember.jawapos.com/news/2217157641/ratusan-siswa-dan-guru-smpn-1-umbulsari-jember-diduga-keracunan-setelah-konsumsi-mbg""]","[""id.Daftar_kasus_keracunan_massal_makan_siang_gratis#r0564""]",[]
id.Daftar_kasus_keracunan_massal_makan_siang_gratis#e0455,2026-02-06,2026-02-06,day,Jawa Tengah,Kabupaten Wonosobo,kabupaten,Wonosobo,33.07,-7.358331142315653,109.90516253886881,945955,1,"[""SD Negeri 1 Kapulogo""]","[""primary""]",26,26,26,exact,"{""student"": 26}",,"[""https://www.wartaindonesianews.co.id/2026/02/lagi-lagi-mbg-bermasalah-telur-puyuh.html""]","[""id.Daftar_kasus_keracunan_massal_makan_siang_gratis#r0455""]",[]
id.Daftar_kasus_keracunan_massal_makan_siang_gratis#e0012,2026-02-09,2026-02-09,day,Sumatera Utara,Kabupaten Dairi,kabupaten,Dairi,12.11,2.7479672571598934,98.31396934594967,333335,2,"[""SMK Swasta HKBP Sidikalang"", ""SMK Swasta Arina Sidikalang""]","[""senior_secondary""]",271,271,271,exact,"{""student"": 271}",,"[""https://mistar.id/news/hukum-peristiwa/siswa-keracunan-mbg-di-dairi-terus-bertambah-total-271-orang""]","[""id.Daftar_kasus_keracunan_massal_makan_siang_gratis#r0012"", ""id.Daftar_kasus_keracunan_massal_makan_siang_gratis#r0013""]","[""count_shared_across_rows""]"
id.Daftar_kasus_keracunan_massal_makan_siang_gratis#e0071,2026-02-09,2026-02-09,day,Sumatera Selatan,Kabupaten Ogan Ilir,kabupaten,Ogan Ilir,16.10,-3.2605839796212193,104.65253470549459,446020,1,"[""Pondok Pesantren Al Ittifaqiah Indralaya""]","[""pesantren""]",15,15,15,exact,"{""santri"": 15}",,"[""https://www.merdeka.com/peristiwa/15-santri-di-ogan-ilir-diduga-keracunan-mbg-korban-muntah-muntah-sebelum-dilarikan-ke-rs-533475-mvk.html""]","[""id.Daftar_kasus_keracunan_massal_makan_siang_gratis#r0071""]",[]
id.Daftar_kasus_keracunan_massal_makan_siang_gratis#e0456,2026-02-09,2026-02-09,day,Jawa Tengah,Kabupaten Pati,kabupaten,Pati,33.18,-6.75222674353357,111.03994759653601,1385904,1,"[""SMKN 4 Pati""]","[""senior_secondary""]",22,22,22,exact,"{""student"": 22}",,"[""https://harianmuria.com/pati/puluhan-siswa-smkn-4-pati-diduga-keracunan-usai-makan-mbg/""]","[""id.Daftar_kasus_keracunan_massal_makan_siang_gratis#r0456""]",[]
id.Daftar_kasus_keracunan_massal_makan_siang_gratis#e0590,2026-02-10,2026-02-10,day,Jawa Timur,Kabupaten Tulungagung,kabupaten,Tulungagung,35.04,-8.064364715839401,111.90068000547873,1139224,1,"[""SDN 3 Bungur""]","[""primary""]",24,24,24,exact,"{""student"": 24}",,"[""https://bacaini.id/tumbal-mbg-24-siswa-sd-tulungagung-keracunan-massal/""]","[""id.Daftar_kasus_keracunan_massal_makan_siang_gratis#r0590""]",[]
id.Daftar_kasus_keracunan_massal_makan_siang_gratis#e0002,2026-02-11,2026-02-11,day,Aceh,Kabupaten Aceh Singkil,kabupaten,Aceh Singkil,11.10,2.2710939677616295,97.81532536767888,140461,2,"[""TK Bunga Al-Qur’an"", ""Pesantren Modern Darul Mustafa""]","[""early_childhood"", ""pesantren""]",33,33,33,exact,"{""santri"": 33}",,"[""https://www.ajnn.net/news/puluhan-santri-di-aceh-singkil-diduga-keracunan-mbg-sppg-dihentikan-sementara/amp.html""]","[""id.Daftar_kasus_keracunan_massal_makan_siang_gratis#r0002"", ""id.Daftar_kasus_keracunan_massal_makan_siang_gratis#r0003""]","[""count_shared_across_rows""]"
id.Daftar_kasus_keracunan_massal_makan_siang_gratis#e0137,2026-02-11,2026-02-11,day,Lampung,Kota Bandar Lampung,kota,Bandar Lampung,18.71,-5.429579213794452,105.26256765111627,1077664,1,"[""SDN 4 Sumberjo""]","[""primary""]",87,87,87,exact,"{""person"": 87}",,"[""https://lampung.viva.co.id/pendidikan/8169-ratusan-siswa-di-kemiling-keracunan-massal-mbg-badan-gizi-nasional-tegaskan-evaluasi-sppg""]","[""id.Daftar_kasus_keracunan_massal_makan_siang_gratis#r0137""]",[]
id.Daftar_kasus_keracunan_massal_makan_siang_gratis#e0138,2026-02-11,2026-02-11,day,Lampung,Kota Bandar Lampung,kota,Bandar Lampung,18.71,-5.429579213794452,105.26256765111627,1077664,1,"[""SD Al Munawaroh""]","[""primary""]",76,76,76,exact,"{""person"": 76}",,"[""https://lampung.viva.co.id/pendidikan/8169-ratusan-siswa-di-kemiling-keracunan-massal-mbg-badan-gizi-nasional-tegaskan-evaluasi-sppg""]","[""id.Daftar_kasus_keracunan_massal_makan_siang_gratis#r0138""]",[]
id.Daftar_kasus_keracunan_massal_makan_siang_gratis#e0139,2026-02-11,2026-02-11,day,Lampung,Kota Bandar Lampung,kota,Bandar Lampung,18.71,-5.429579213794452,105.26256765111627,1077664,1,"[""SMPN 14 Bandar Lampung""]","[""junior_secondary""]",43,43,43,exact,"{""person"": 43}",,"[""https://lampung.viva.co.id/pendidikan/8169-ratusan-siswa-di-kemiling-keracunan-massal-mbg-badan-gizi-nasional-tegaskan-evaluasi-sppg""]","[""id.Daftar_kasus_keracunan_massal_makan_siang_gratis#r0139""]",[]
id.Daftar_kasus_keracunan_massal_makan_siang_gratis#e0600,2026-02-11,2026-02-11,day,Jawa Timur,Kabupaten Malang,kabupaten,Malang,35.07,-8.105459029077382,112.57329134091296,2734623,1,"[""MI Al Maarif 9""]","[""primary""]",9,9,9,exact,"{""student"": 9}",,"[""https://seru.co.id/219610-sembilan-siswa-mi-di-singosari-diduga-keracunan-usai-santap-jatah-mbg""]","[""id.Daftar_kasus_keracunan_massal_makan_siang_gratis#r0600""]",[]
id.Daftar_kasus_keracunan_massal_makan_siang_gratis#e0699,2026-02-11,2026-02-11,day,Nusa Tenggara Barat,Kabupaten Lombok Utara,kabupaten,Lombok Utara,52.08,-8.35633546555901,116.15926985422034,269989,2,"[""SDN 2 Malaka"", ""SDN 4 Malaka""]","[""primary""]",30,30,30,exact,"{""student"": 30}",,"[""https://www.asatunews.co.id/30-siswa-sdn-lombok-utara-keracunan-makan-bergizi-gratis""]","[""id.Daftar_kasus_keracunan_massal_makan_siang_gratis#r0699"", ""id.Daftar_kasus_keracunan_massal_makan_siang_gratis#r0700""]","[""count_shared_across_rows""]"
id.Daftar_kasus_keracunan_massal_makan_siang_gratis#e0747,2026-02-11,2026-02-11,day,Nusa Tenggara Timur,Kabupaten Manggarai,kabupaten,Manggarai,53.10,-8.611446513623472,120.4642990196421,349836,1,"[""warga Kecamatan Satar Mese""]",[],131,131,131,exact,"{""person"": 131}",,"[""https://www.instagram.com/p/DUw10wHioM4/""]","[""id.Daftar_kasus_keracunan_massal_makan_siang_gratis#r0747""]",[]
id.Daftar_kasus_keracunan_massal_makan_siang_gratis#e0177,2026-02-12,2026-02-12,day,Kalimantan Timur,Kabupaten Penajam Paser Utara,kabupaten,Penajam Paser Utara,64.09,-1.308203498951236,116.72690384014312,202067,2,"[""SDN 008 Waru"", ""SMAN 2 Penajam Paser Utara""]","[""primary"", ""senior_secondary""]",26,26,26,exact,"{""student"": 26}",,"[""https://www.instagram.com/reels/DUoGzXqkxBP/""]","[""id.Daftar_kasus_keracunan_massal_makan_siang_gratis#r0177"", ""id.Daftar_kasus_keracunan_massal_makan_siang_gratis#r0178""]","[""count_shared_across_rows""]"
id.Daftar_kasus_keracunan_massal_makan_siang_gratis#e0585,2026-02-13,2026-02-13,day,Jawa Timur,Kabupaten Ngawi,kabupaten,Ngawi,35.21,-7.401286050830588,111.44544266770494,907002,1,"[""Ponpes Al hijrah""]","[""pesantren""]",67,67,67,exact,"{""santri"": 67}",,"[""https://www.detik.com/jatim/berita/d-8356836/puluhan-santri-diduga-keracunan-mbg-di-ngawi-masih-dirawat""]","[""id.Daftar_kasus_keracunan_massal_makan_siang_gratis#r0585""]",[]
id.Daftar_kasus_keracunan_massal_makan_siang_gratis#e0765,2026-02-14,2026-02-14,day,Sulawesi Barat,Kabupaten Polewali Manda,kabupaten,Polewali Manda,76.04,-3.4077171800221633,119.31115423620673,492339,1,"[""SDN 10 Paku""]","[""primary""]",21,21,21,exact,"{""person"": 21}",,"[""https://katinting.com/keracunan-massal-mbg-polman-respons-profesional-dkppkb-waktu-evaluasi-keamanan-pangan/""]","[""id.Daftar_kasus_keracunan_massal_makan_siang_gratis#r0765""]",[]
id.Daftar_kasus_keracunan_massal_makan_siang_gratis#e0464,2026-02-23,2026-02-23,day,Jawa Tengah,Kota Tegal,kota,Tegal,33.76,-6.8704087484501155,109.13741611002918,294477,1,"[""SMP PIUS""]","[""junior_secondary""]",3,3,3,exact,"{""student"": 3}",,"[""https://puskapik.com/tegal/tiga-siswa-smp-pius-tegal-diduga-keracunan-roti-mbg-sempat-dilarikan-ke-rs""]","[""id.Daftar_kasus_keracunan_massal_makan_siang_gratis#r0464""]",[]
id.Daftar_kasus_keracunan_massal_makan_siang_gratis#e0014,2026-02-24,2026-02-24,day,Sumatera Utara,Kabupaten Nias Selatan,kabupaten,Nias Selatan,12.14,0.5833773193046318,97.7778846860258,369817,1,"[""SDN 071123""]","[""primary""]",35,35,35,exact,"{""student"": 35}",,"[""https://www.komunitastodays.co/2026-02-24/35-siswa-sdn-071123-diduga-keracunan-makanan-program-mbg-orang-tua-dan-warga-kepulauan-batu-kecewa/""]","[""id.Daftar_kasus_keracunan_massal_makan_siang_gratis#r0014""]",[]
id.Daftar_kasus_keracunan_massal_makan_siang_gratis#e0148,2026-02-24,2026-02-24,day,Lampung,Kabupaten Tulang Bawang,kabupaten,Tulang Bawang,18.05,-4.494996749237475,105.22021203836975,440040,1,"[""SDN 1 Kibang""]","[""primary""]",35,35,35,exact,"{""student"": 35}",,"[""https://lampungcity.co/kasus-keracunan-massal-mbg-menggala-bertambah-35-siswa-jadi-korban-dapur-sppg-belum-kantongi-sertifikat-higiene/""]","[""id.Daftar_kasus_keracunan_massal_makan_siang_gratis#r0148""]",[]
id.Daftar_kasus_keracunan_massal_makan_siang_gratis#e0356,2026-02-25,2026-02-25,day,Jawa Barat,Kota Cimahi,kota,Cimahi,32.77,-6.870807159364418,107.55515922352156,581994,5,"[""TK PGRI"", ""TK Kartika"", ""SDN Cimahi Mandiri 4"", ""SDN Karangmekar 5"", ""SMPN 6 Cimahi""]","[""early_childhood"", ""junior_secondary"", ""primary""]",46,46,46,exact,"{""student"": 46}",,"[""https://bandungbergerak.id/article/detail/1546036135/keracunan-massal-mbg-terulang-46-siswa-dan-guru-di-kota-cimahi-jadi-korban""]","[""id.Daftar_kasus_keracunan_massal_makan_siang_gratis#r0356"", ""id.Daftar_kasus_keracunan_massal_makan_siang_gratis#r0357"", ""id.Daftar_kasus_keracunan_massal_makan_siang_gratis#r0358"", ""id.Daftar_kasus_keracunan_massal_makan_siang_gratis#r0359"", ""id.Daftar_kasus_keracunan_massal_makan_siang_gratis#r0360""]","[""count_shared_across_rows""]"
id.Daftar_kasus_keracunan_massal_makan_siang_gratis#e0004,2026-02-26,2026-02-26,day,Aceh,Kabupaten Bireuen,kabupaten,Bireuen,11.11,5.207564894628741,96.72640339652622,468696,1,"[""warga Simpang Mamplam dan Pandrah""]",[],140,140,140,exact,"{""resident"": 140}",,"[""https://aceh.tribunnews.com/nanggroe/1014016/terungkap-info-awal-kasus-dugaan-keracunan-mbg-di-bireuen-warga-telepon-kepala-puskesmas""]","[""id.Daftar_kasus_keracunan_massal_makan_siang_gratis#r0004""]",[]
id.Daftar_kasus_keracunan_massal_makan_siang_gratis#e0006,2026-02-26,2026-02-26,day,Aceh,Kabupaten Aceh Selatan,kabupaten,Aceh Selatan,11.01,3.2548016392931354,97.17411233973566,239629,2,"[""PAUD (Spesifik tidak disebutkan)"", ""SMA (Spesifik tidak disebutkan)""]","[""early_childhood"", ""senior_secondary""]",18,18,18,exact,"{""student"": 18}",,"[""https://www.merdeka.com/peristiwa/dinkes-tetapkan-dugaan-keracunan-makanan-bergizi-gratis-aceh-selatan-sebagai-klb-542158-mvk.html""]","[""id.Daftar_kasus_keracunan_massal_makan_siang_gratis#r0006"", ""id.Daftar_kasus_keracunan_massal_makan_siang_gratis#r0007""]","[""count_shared_across_rows"", ""no_venue""]"
id.Daftar_kasus_keracunan_massal_makan_siang_gratis#e0102,2026-02-26,2026-02-26,day,Bengkulu,Kabupaten Bengkulu Utara,kabupaten,Bengkulu Utara,17.03,-3.436858034706668,102.2017863093631,309773,1,[],[],,,,unreported,{},1,"[""https://daerahpost.com/polhukam/diduga-keracunan-burger-mbg-siswa-min-2-ketahun-tutup-usia-di-rs-bhayangkara-bengkulu/""]","[""id.Daftar_kasus_keracunan_massal_makan_siang_gratis#r0102""]","[""count_unreported"", ""no_venue""]"
id.Daftar_kasus_keracunan_massal_makan_siang_gratis#e0132,2026-02-27,2026-02-27,day,Lampung,Kabupaten Lampung Timur,kabupaten,Lampung Timur,18.07,-5.048183264548101,105.52825470212977,1122605,1,"[""TBA (Tidak disebutkan)""]",[],,11,19,vague,{},,"[""https://lampung77.com/lampung/belasan-pelajar-di-lampung-timur-diduga-keracunan-mbg-ada-siswa-paud/""]","[""id.Daftar_kasus_keracunan_massal_makan_siang_gratis#r0132""]","[""count_vague"", ""no_venue""]"
id.Daftar_kasus_keracunan_massal_makan_siang_gratis#e0778,2026-03-02,2026-03-02,day,Sulawesi Tengah,Kabupaten Banggai Kepulauan,kabupaten,Banggai Kepulauan,72.07,-1.3119041730240604,123.29844358843701,130008,2,"[""SD Negeri Ambelang"", ""SD Negeri Tompudau""]","[""primary""]",12,12,12,exact,"{""student"": 12}",,"[""https://palu.tribunnews.com/sulteng/180593/breakingnews-12-siswa-di-banggai-kepulauan-diduga-diare-setelah-minum-susu-mbg""]","[""id.Daftar_kasus_keracunan_massal_makan_siang_gratis#r0778"", ""id.Daftar_kasus_keracunan_massal_makan_siang_gratis#r0779""]","[""count_shared_across_rows""]"
id.Daftar_kasus_keracunan_massal_makan_siang_gratis#e0736,2026-03-03,2026-03-03,day,Nusa Tenggara Timur,Kabupaten Ngada,kabupaten,Ngada,53.09,-8.785172765189195,120.97473007615979,169445,1,"[""Kecamatan Inere""]",[],24,24,24,exact,"{""person"": 24}",,"[""https://indonesiasatu.co/detail/puluhan-balita-dan-bumil-di-ngada-keracunan-mbg--ketua-dprd-ngada-desak-audit-sppg""]","[""id.Daftar_kasus_keracunan_massal_makan_siang_gratis#r0736""]",[]
id.Daftar_kasus_keracunan_massal_makan_siang_gratis#e0741,2026-03-04,2026-03-04,day,Nusa Tenggara Timur,Kabupaten Timor Tengah Utara,kabupaten,Timor Tengah Utara,53.03,-9.456934944114428,124.47508769420945,276032,1,"[""SMAN 1 Insana""]","[""senior_secondary""]",300,300,,lower_bound,"{""student"": 300}",,"[""https://www.victorynews.id/nasional/33116819723/ratusan-siswa-sman-1-insana-alami-gejala-keracunan-usai-santap-menu-mbg-dari-sppg-susulaku""]","[""id.Daftar_kasus_keracunan_massal_makan_siang_gratis#r0741""]",[]
id.Daftar_kasus_keracunan_massal_makan_siang_gratis#e0639,2026-03-05,2026-03-05,day,Jawa Timur,Kabupaten Jombang,kabupaten,Jombang,35.17,-7.556402096019785,112.23460958304962,1378005,1,"[""Ponpes Sholawat Darut Taubah""]","[""pesantren""]",31,31,31,exact,"{""santri"": 31}",,"[""https://www.detik.com/jatim/berita/d-8386411/31-santri-di-jombang-keracunan-usai-santap-telur-asin-mbg""]","[""id.Daftar_kasus_keracunan_massal_makan_siang_gratis#r0639""]",[]
id.Daftar_kasus_keracunan_massal_makan_siang_gratis#e0282,2026-03-06,2026-03-06,day,Jawa Barat,Kabupaten Sukabumi,kabupaten,Sukabumi,32.02,-6.989164614549726,106.55022261003006,2868943,1,"[""Ponpes Az-Zain""]","[""pesantren""]",47,47,47,exact,"{""person"": 47}",,"[""https://lingkarjabar.com/puluhan-santri-dan-guru-di-sukabumi-diduga-keracunan-usai-santap-program-mbg-47-orang-sempat-alami-keluhan/""]","[""id.Daftar_kasus_keracunan_massal_makan_siang_gratis#r0282""]",[]
id.Daftar_kasus_keracunan_massal_makan_siang_gratis#e0350,2026-03-10,2026-03-10,day,Jawa Barat,Kabupaten Cirebon,kabupaten,Cirebon,32.09,-6.764528033189753,108.47861955420773,2489046,1,"[""SMAN 1 Jamblang""]","[""senior_secondary""]",1,1,1,exact,"{""student"": 1}",,"[""https://www.cirebonraya.com/ciayumajakuning/43716855496/usai-santap-roti-dan-makanan-mbg-diduga-keracunan-siswi-sma-negeri-1-jamblang-cirebon-dilarikan-ke-rumah-sakit""]","[""id.Daftar_kasus_keracunan_massal_makan_siang_gratis#r0350""]",[]
id.Daftar_kasus_keracunan_massal_makan_siang_gratis#e0465,2026-03-12,2026-03-12,day,Jawa Tengah,Kabupaten Pemalang,kabupaten,Pemalang,33.27,-6.893151410423199,109.38071935420861,1601007,1,"[""TK (Spesifik tidak disebutkan)""]","[""early_childhood""]",1,1,1,exact,"{""student"": 1}",,"[""https://www.ketiknews.id/news/30116861093/siswa-tk-di-desa-blendung-diduga-jadi-korban-keracunan-mbg-wabup-pemalang-sppg-harus-dievaluasi""]","[""id.Daftar_kasus_keracunan_massal_makan_siang_gratis#r0465""]","[""no_venue""]"
id.Daftar_kasus_keracunan_massal_makan_siang_gratis#e0839,2026-03-13,2026-03-13,day,Papua Tengah,Kabupaten Nabire,kabupaten,Nabire,94.01,-3.363365864105701,135.50389107766932,179174,3,"[""TK Grasia"", ""SD Inpres Waharia"", ""SMPN 7 Nabire""]","[""early_childhood"", ""junior_secondary"", ""primary""]",7,7,7,exact,"{""student"": 7}",,"[""https://papua.tribunnews.com/nabire/124270/7-orang-di-nabire-diduga-keracunan-mbg-saus-makanan-jadi-sorotan""]","[""id.Daftar_kasus_keracunan_massal_makan_siang_gratis#r0839"", ""id.Daftar_kasus_keracunan_massal_makan_siang_gratis#r0840"", ""id.Daftar_kasus_keracunan_massal_makan_siang_gratis#r0841""]","[""count_shared_across_rows""]"
id.Daftar_kasus_keracunan_massal_makan_siang_gratis#e0799,2026-03-31,2026-03-31,day,Sulawesi Selatan,Kabupaten Enrekang,kabupaten,Enrekang,73.16,-3.588329898134274,119.77030102200364,234470,2,"[""SDN 120 Baroko"", ""SD 195 Buntu Ampang""]","[""primary""]",17,17,17,exact,"{""student"": 17}",,"[""https://www.detik.com/sulsel/berita/d-8425094/17-siswa-sd-di-enrekang-muntah-diare-usai-santap-mbg""]","[""id.Daftar_kasus_keracunan_massal_makan_siang_gratis#r0799"", ""id.Daftar_kasus_keracunan_massal_makan_siang_gratis#r0800""]","[""count_shared_across_rows""]"
id.Daftar_kasus_keracunan_massal_makan_siang_gratis#e0015,2026-04-01,2026-04-01,day,Sumatera Utara,Kabupaten Humbang Hasundutan,kabupaten,Humbang Hasundutan,12.16,2.250279290484845,98.79045401025103,211022,2,"[""SMPN 016 Nagasaribu"", ""SMA Negeri 3 Lintongnihuta""]","[""junior_secondary"", ""senior_secondary""]",18,18,18,exact,"{""student"": 18}",,"[""https://www.komandopatastv.co.id/2026/04/puluhan-pelajar-dan-guru-diduga.html""]","[""id.Daftar_kasus_keracunan_massal_makan_siang_gratis#r0015"", ""id.Daftar_kasus_keracunan_massal_makan_siang_gratis#r0016""]","[""count_shared_across_rows""]"
id.Daftar_kasus_keracunan_massal_makan_siang_gratis#e0218,2026-04-01,2026-04-01,day,DKI Jakarta,Kota Administrasi Jakarta Pusat,kota,Jakarta Pusat,31.71,-6.172913263118424,106.81869625420377,1057270,1,"[""SMPN 71 Jakarta Pusat""]","[""junior_secondary""]",48,48,48,exact,"{""student"": 48}",,"[""https://www.instagram.com/p/DXJmRxskwr8/""]","[""id.Daftar_kasus_keracunan_massal_makan_siang_gratis#r0218""]",[]
id.Daftar_kasus_keracunan_massal_makan_siang_gratis#e0801,2026-04-01,2026-04-01,day,Sulawesi Selatan,Kabupaten Bantaeng,kabupaten,Bantaeng,73.03,-5.5531536726224795,119.96718599882868,217267,2,"[""TK (Spesifik tidak disebutkan)"", ""SD (Spesifik tidak disebutkan)""]","[""early_childhood"", ""primary""]",,20,99,vague,{},,"[""https://mediakrimsustnipolri.com/kabar-terkini/diduga-keracunan-susu-program-mbg-puluhan-siswa-di-bantaeng-dilarikan-ke-puskesmas/""]","[""id.Daftar_kasus_keracunan_massal_makan_siang_gratis#r0801"", ""id.Daftar_kasus_keracunan_massal_makan_siang_gratis#r0802""]","[""count_shared_across_rows"", ""count_vague"", ""no_venue""]"
id.Daftar_kasus_keracunan_massal_makan_siang_gratis#e0527,2026-04-02,2026-04-02,day,DI Yogyakarta,Kabupaten Bantul,kabupaten,Bantul,34.02,-7.886189837551494,110.3278379965447,980269,1,"[""6 SD (Spesifik tidak disebutkan)""]",[],156,156,156,exact,"{""student"": 156}",,"[""https://jogja.tribunnews.com/diy/1212345/kasus-dugaan-keracunan-menu-mbg-di-bantul-operasional-dua-sppg-dihentikan-sementara""]","[""id.Daftar_kasus_keracunan_massal_makan_siang_gratis#r0527""]","[""no_venue""]"
id.Daftar_kasus_keracunan_massal_makan_siang_gratis#e0209,2026-04-03,2026-04-03,day,DKI Jakarta,Kota Administrasi Jakarta Timur,kota,Jakarta Timur,31.75,-6.2136855478344994,106.9440075965323,3230417,4,"[""SDN Pondok Kelapa 1"", ""SDN Pondok Kelapa 7"", ""SDN Pondok Kelapa 9"", ""SMAN 91 Jakarta""]","[""primary"", ""senior_secondary""]",135,135,135,exact,"{""student"": 135}",,"[""https://terkenal.co.id/kasus-keracunan-mbg-di-jakarta-terus-meluas-total-135-orang-terdampak/,%20https://terkenal.co.id/kasus-keracunan-mbg-di-jakarta-terus-meluas-total-135-orang-terdampak/""]","[""id.Daftar_kasus_keracunan_massal_makan_siang_gratis#r0209"", ""id.Daftar_kasus_keracunan_massal_makan_siang_gratis#r0210"", ""id.Daftar_kasus_keracunan_massal_makan_siang_gratis#r0211"", ""id.Daftar_kasus_keracunan_massal_makan_siang_gratis#r0212""]","[""count_shared_across_rows""]"
id.Daftar_kasus_keracunan_massal_makan_siang_gratis#e0701,2026-04-04,2026-04-04,day,Nusa Tenggara Barat,Kabupaten Bima,kabupaten,Bima,52.06,-8.556532639441706,118.67015779690297,543582,5,"[""PAUD (Spesifik tidak disebutkan)"", ""TK (Spesifik tidak disebutkan)"", ""SMP (Spesifik tidak disebutkan)"", ""Ibu Hamil"", ""Lansia""]","[""early_childhood"", ""junior_secondary""]",29,29,29,exact,"{""person"": 29}",,"[""https://ntb.idntimes.com/news/ntb/29-warga-diduga-keracunan-mbg-di-bima-dinkes-lakukan-investigasi-00-ldn3d-81r16k""]","[""id.Daftar_kasus_keracunan_massal_makan_siang_gratis#r0701"", ""id.Daftar_kasus_keracunan_massal_makan_siang_gratis#r0702"", ""id.Daftar_kasus_keracunan_massal_makan_siang_gratis#r0703"", ""id.Daftar_kasus_keracunan_massal_makan_siang_gratis#r0704"", ""id.Daftar_kasus_keracunan_massal_makan_siang_gratis#r0705""]","[""count_shared_across_rows"", ""no_venue""]"
id.Daftar_kasus_keracunan_massal_makan_siang_gratis#e0338,2026-04-06,2026-04-06,day,Jawa Barat,Kabupaten Bogor,kabupaten,Bogor,32.01,-6.479478948089524,106.82471731002641,5809790,1,"[""Warga Tanjung Sari""]",[],107,107,107,exact,"{""person"": 107}",,"[""https://www.detik.com/jabar/berita/d-8435452/107-warga-diduga-keracunan-mbg-sppg-menu-sama-sekolah-nihil-keluhan""]","[""id.Daftar_kasus_keracunan_massal_makan_siang_gratis#r0338""]",[]
id.Daftar_kasus_keracunan_massal_makan_siang_gratis#e0540,2026-04-07,2026-04-07,day,Jawa Timur,Kabupaten Nganjuk,kabupaten,Nganjuk,35.18,-7.601982862041979,111.90189545421411,1152575,1,"[""SDN Mojokendil""]","[""primary""]",,20,99,vague,{},,"[""https://jatim.wartaglobal.id/2026/04/insiden-murid-keracunan-program-mbg-di.html""]","[""id.Daftar_kasus_keracunan_massal_makan_siang_gratis#r0540""]","[""count_vague""]"
id.Daftar_kasus_keracunan_massal_makan_siang_gratis#e0194,2026-04-08,2026-04-08,day,Banten,Kota Tangerang,kota,Tangerang,36.71,-6.164361554952064,106.64107113819723,1957349,3,"[""TK (Spesifik tidak disebutkan)"", ""SMK Farmasi"", ""Pesantren WH Tahfidz""]","[""early_childhood"", ""pesantren"", ""senior_secondary""]",100,100,100,approx,"{""student"": 100}",,"[""https://banten.akurat.co/news/848143/puluhan-siswa-keracunan-di-kecamatan-pinang-kota-tangerang-wahidin-halim-semprot-yayasan-banten-hebat""]","[""id.Daftar_kasus_keracunan_massal_makan_siang_gratis#r0194"", ""id.Daftar_kasus_keracunan_massal_makan_siang_gratis#r0195"", ""id.Daftar_kasus_keracunan_massal_makan_siang_gratis#r0196""]","[""count_shared_across_rows"", ""no_venue""]"
id.Daftar_kasus_keracunan_massal_makan_siang_gratis#e0249,2026-04-08,2026-04-08,day,Jawa Barat,Kabupaten Tasikmalaya,kabupaten,Tasikmalaya,32.06,-7.361038703594784,108.11307619839148,1996059,1,"[""SMAN 1 Cisayong""]","[""senior_secondary""]",119,119,119,exact,"{""student"": 119}",,"[""https://priangan.com/pasca-119-siswa-terdampak-suplai-mbg-di-sman-1-cisayong-dihentikan-total/""]","[""id.Daftar_kasus_keracunan_massal_makan_siang_gratis#r0249""]",[]
id.Daftar_kasus_keracunan_massal_makan_siang_gratis#e0387,2026-04-08,2026-04-08,day,Jawa Tengah,Kabupaten Klaten,kabupaten,Klaten,33.10,-7.712385036340197,110.59213566770745,1302648,1,"[""SMKN 1 Klaten""]","[""senior_secondary""]",10,10,,lower_bound,"{""student"": 10}",,"[""https://www.detik.com/jateng/berita/d-8436385/murid-smkn-1-klaten-diduga-keracunan-usai-makan-mi-ayam-mbg""]","[""id.Daftar_kasus_keracunan_massal_makan_siang_gratis#r0387""]",[]
id.Daftar_kasus_keracunan_massal_makan_siang_gratis#e0528,2026-04-08,2026-04-08,day,DI Yogyakarta,Kabupaten Bantul,kabupaten,Bantul,34.02,-7.886189837551494,110.3278379965447,980269,2,"[""SDN Monggang"", ""SD Negeri Kategan""]","[""primary""]",19,19,19,exact,"{""student"": 19}",,"[""https://www.detik.com/jogja/berita/d-8437025/19-murid-sd-diduga-keracunan-mbg-sppg-ditutup-sementara""]","[""id.Daftar_kasus_keracunan_massal_makan_siang_gratis#r0528"", ""id.Daftar_kasus_keracunan_massal_makan_siang_gratis#r0529""]","[""count_shared_across_rows""]"
id.Daftar_kasus_keracunan_massal_makan_siang_gratis#e0110,2026-04-09,2026-04-09,day,Jambi,Kota Jambi,kota,Jambi,15.71,-1.6305013396917745,103.60727024612254,649656,1,"[""SMPN 7 Kota Jambi""]","[""junior_secondary""]",3,3,3,exact,"{""teacher"": 3}",,"[""https://jambitv.disway.id/kota-jambi/read/13307/heboh-dugaan-keracunan-mbg-di-smpn-7-kota-jambi-ini-fakta-dan-klarifikasi-sekolah""]","[""id.Daftar_kasus_keracunan_massal_makan_siang_gratis#r0110""]",[]
id.Daftar_kasus_keracunan_massal_makan_siang_gratis#e0611,2026-04-09,2026-04-09,day,Jawa Timur,Kabupaten Mojokerto,kabupaten,Mojokerto,35.16,-7.462844394027845,112.43341998304892,1156144,5,"[""TK Kartika"", ""SDN Randubango"", ""MI Mi’rojul Ulum"", ""SMK PGRI Mojosari"", ""SMA PGRI Mojosari""]","[""early_childhood"", ""primary"", ""senior_secondary""]",79,79,79,exact,"{""student"": 79}",,"[""https://jatim.suaramerdeka.com/jatim/108816976765/sejumlah-siswa-di-mojokerto-diduga-keracunan-usai-makan-menu-mbg""]","[""id.Daftar_kasus_keracunan_massal_makan_siang_gratis#r0611"", ""id.Daftar_kasus_keracunan_massal_makan_siang_gratis#r0612"", ""id.Daftar_kasus_keracunan_massal_makan_siang_gratis#r0613"", ""id.Daftar_kasus_keracunan_massal_makan_siang_gratis#r0614"", ""id.Daftar_kasus_keracunan_massal_makan_siang_gratis#r0615""]","[""count_shared_across_rows""]"
id.Daftar_kasus_keracunan_massal_makan_siang_gratis#e0641,2026-04-09,2026-04-09,day,Jawa Timur,Kabupaten Pacitan,kabupaten,Pacitan,35.01,-8.194484702033753,111.10316522606453,588718,3,"[""TK (Spesifik tidak disebutkan)"", ""SD (Spesifik tidak disebutkan)"", ""SMP ((Spesifik tidak disebutkan)""]","[""early_childhood"", ""junior_secondary"", ""primary""]",158,158,158,exact,"{""student"": 158}",,"[""https://pacitanku.com/2026/04/18/bakteri-jadi-biang-keracunan-dprd-pacitan-desak-evaluasi-total-mbg/""]","[""id.Daftar_kasus_keracunan_massal_makan_siang_gratis#r0641"", ""id.Daftar_kasus_keracunan_massal_makan_siang_gratis#r0642"", ""id.Daftar_kasus_keracunan_massal_makan_siang_gratis#r0643""]","[""count_shared_across_rows"", ""no_venue""]"
id.Daftar_kasus_keracunan_massal_makan_siang_gratis#e0388,2026-04-10,2026-04-10,day,Jawa Tengah,Kabupaten Klaten,kabupaten,Klaten,33.10,-7.712385036340197,110.59213566770745,1302648,1,"[""SMPN 1 Kalikotes""]","[""junior_secondary""]",81,81,81,exact,"{""student"": 81}",,"[""https://radarsolo.jawapos.com/klaten/2604120005/siswa-dan-guru-smpn-1-kalikotes-diduga-keracunan-layanan-mbg-minta-dihentikan-sementara-selama-2-minggu""]","[""id.Daftar_kasus_keracunan_massal_makan_siang_gratis#r0388""]",[]
id.Daftar_kasus_keracunan_massal_makan_siang_gratis#e0676,2026-04-10,2026-04-10,day,Nusa Tenggara Barat,Kabupaten Lombok Tengah,kabupaten,Lombok Tengah,52.02,-8.706131863466181,116.27003418305937,1128716,2,"[""Balita"", ""SD (Spesifik tidak disebutkan)""]","[""primary""]",11,11,11,exact,"{""student"": 11}",,"[""https://koranlombok.id/2026/04/14/bgn-cabut-suspend-tujuh-sppg-muncul-11-korban-dugaan-keracunan-mbg-di-prai-meke/""]","[""id.Daftar_kasus_keracunan_massal_makan_siang_gratis#r0676"", ""id.Daftar_kasus_keracunan_massal_makan_siang_gratis#r0677""]","[""count_shared_across_rows"", ""no_venue""]"
id.Daftar_kasus_keracunan_massal_makan_siang_gratis#e0530,2026-04-13,2026-04-13,day,DI Yogyakarta,Kabupaten Bantul,kabupaten,Bantul,34.02,-7.886189837551494,110.3278379965447,980269,2,"[""SMPN 3 Jetis"", ""SMP Muhammadiyah""]","[""junior_secondary""]",80,80,80,exact,"{""student"": 80}",,"[""https://www.pojoksatu.id/nasional/1087357559/geger-80-siswa-dan-guru-di-bantul-diduga-keracunan-makan-bergizi-gratis-gejalanya-muncul-sehari-setelah-makan""]","[""id.Daftar_kasus_keracunan_massal_makan_siang_gratis#r0530"", ""id.Daftar_kasus_keracunan_massal_makan_siang_gratis#r0531""]","[""count_shared_across_rows""]"
id.Daftar_kasus_keracunan_massal_makan_siang_gratis#e0087,2026-04-15,2026-04-15,day,Kepulauan Riau,Kabupaten Kepulauan Anambas,kabupaten,Kepulauan Anambas,21.05,3.2145458693401,106.24870240264536,50922,3,"[""TK (Spesifik tidak disebutkan)"", ""SD (Spesifik tidak disebutkan)"", ""SMP ((Spesifik tidak disebutkan)""]","[""early_childhood"", ""junior_secondary"", ""primary""]",158,158,158,exact,"{""student"": 158}",,"[""https://www.merahputih.com/""]","[""id.Daftar_kasus_keracunan_massal_makan_siang_gratis#r0087"", ""id.Daftar_kasus_keracunan_massal_makan_siang_gratis#r0088"", ""id.Daftar_kasus_keracunan_massal_makan_siang_gratis#r0089""]","[""count_shared_across_rows"", ""no_venue""]"
id.Daftar_kasus_keracunan_massal_makan_siang_gratis#e0555,2026-04-15,2026-04-15,day,Jawa Timur,Kabupaten Bojonegoro,kabupaten,Bojonegoro,35.22,-7.149935359747551,111.88154262537478,1366227,3,"[""TK (Spesifik tidak disebutkan)"", ""SD (Spesifik tidak disebutkan)"", ""Ibu Hamil""]","[""early_childhood"", ""primary""]",17,17,17,exact,"{""person"": 17}",,"[""https://www.detik.com/jatim/berita/d-8447730/17-warga-di-bojonegoro-keracunan-usai-santap-menu-mbg-ada-ibu-hamil""]","[""id.Daftar_kasus_keracunan_massal_makan_siang_gratis#r0555"", ""id.Daftar_kasus_keracunan_massal_makan_siang_gratis#r0556"", ""id.Daftar_kasus_keracunan_massal_makan_siang_gratis#r0557""]","[""count_shared_across_rows"", ""no_venue""]"
id.Daftar_kasus_keracunan_massal_makan_siang_gratis#e0197,2026-04-16,2026-04-16,day,Banten,Kota Cilegon,kota,Cilegon,36.72,-6.00980901882699,106.04212868303857,480378,1,"[""MTs Al-Inayah""]","[""junior_secondary""]",49,49,49,exact,"{""student"": 49}",,"[""https://www.suara.com/news/2026/04/17/213500/49-siswa-di-cilegon-diduga-keracunan-mbg-polisi-telusuri-sisa-makanan-hingga-darah-korban""]","[""id.Daftar_kasus_keracunan_massal_makan_siang_gratis#r0197""]",[]
id.Daftar_kasus_keracunan_massal_makan_siang_gratis#e0644,2026-04-16,2026-04-16,day,Jawa Timur,Kota Madiun,kota,Madiun,35.77,-7.624396873185385,111.52064916955761,201733,1,"[""SDN 1 Demangan""]","[""primary""]",18,18,18,exact,"{""student"": 18}",,"[""https://memorandum.disway.id/madiun/read/156554/diduga-keracunan-mbg-belasan-siswa-sdn-1-demangan-madiun-dilarikan-ke-rumah-sakit""]","[""id.Daftar_kasus_keracunan_massal_makan_siang_gratis#r0644""]",[]
id.Daftar_kasus_keracunan_massal_makan_siang_gratis#e0842,2026-04-16,2026-04-16,day,Papua Tengah,Kabupaten Nabire,kabupaten,Nabire,94.01,-3.363365864105701,135.50389107766932,179174,1,"[""SD Inpres Oyehe""]","[""primary""]",7,7,7,exact,"{""student"": 7}",,"[""https://www.nabirenews.com/kesehatan/2622532683/kronologi-7-siswa-sd-inpres-oyehe-diduga-keracunan-mbg-sempat-dirawat-di-klinik""]","[""id.Daftar_kasus_keracunan_massal_makan_siang_gratis#r0842""]",[]
id.Daftar_kasus_keracunan_massal_makan_siang_gratis#e0231,2026-04-17,2026-04-17,day,Jawa Barat,Kabupaten Cianjur,kabupaten,Cianjur,32.03,-6.822746173673224,107.1394835830441,2638825,2,"[""Desa Sukasirna"", ""Desa Purabaya""]",[],134,134,134,exact,"{""resident"": 134}",1,"[""https://cianjurekspres.disway.id/metropolis/read/20790/balita-keracunan-diduga-usai-santap-mbg-di-leles-cianjur-meninggal-dunia""]","[""id.Daftar_kasus_keracunan_massal_makan_siang_gratis#r0231"", ""id.Daftar_kasus_keracunan_massal_makan_siang_gratis#r0232""]","[""count_shared_across_rows""]"
id.Daftar_kasus_keracunan_massal_makan_siang_gratis#e0286,2026-04-17,2026-04-17,day,Jawa Barat,Kabupaten Karawang,kabupaten,Karawang,32.15,-6.301616343281738,107.30488191002529,2612065,2,"[""Balita"", ""Ibu Menyusui""]",[],46,46,46,exact,"{""resident"": 46}",,"[""https://www.lensapurwakarta.com/saba-desa/28517009190/46-warga-desa-cariumulya-kabupaten-karawang-diduga-keracunan-mbg-korban-merasa-pusing-dan-mual""]","[""id.Daftar_kasus_keracunan_massal_makan_siang_gratis#r0286"", ""id.Daftar_kasus_keracunan_massal_makan_siang_gratis#r0287""]","[""count_shared_across_rows""]"
id.Daftar_kasus_keracunan_massal_makan_siang_gratis#e0466,2026-04-18,2026-04-18,day,Jawa Tengah,Kabupaten Demak,kabupaten,Demak,33.21,-6.891354614610146,110.63838933886524,1254204,6,"[""Ponpes Bustanul Qur'an"", ""Ponpes Asnawiyah"", ""Ponpes Hidayatul Mubdtadiin"", ""Ponpes Al Ma'arif"", ""Ponpes Nurul Sakinah"", ""MI Yosua""]","[""pesantren"", ""primary""]",189,189,189,exact,"{""santri"": 189}",,"[""https://regional.kompas.com/read/2026/04/19/174048678/ratusan-santri-demak-diduga-keracunan-usai-santap-mbg?page=all""]","[""id.Daftar_kasus_keracunan_massal_makan_siang_gratis#r0466"", ""id.Daftar_kasus_keracunan_massal_makan_siang_gratis#r0467"", ""id.Daftar_kasus_keracunan_massal_makan_siang_gratis#r0468"", ""id.Daftar_kasus_keracunan_massal_makan_siang_gratis#r0469"", ""id.Daftar_kasus_keracunan_massal_makan_siang_gratis#r0470"", ""id.Daftar_kasus_keracunan_massal_makan_siang_gratis#r0471""]","[""count_shared_across_rows""]"
id.Daftar_kasus_keracunan_massal_makan_siang_gratis#e0198,2026-04-20,2026-04-20,day,Banten,Kota Cilegon,kota,Cilegon,36.72,-6.00980901882699,106.04212868303857,480378,1,"[""SDN Cikerai 2""]","[""primary""]",19,19,19,exact,"{""student"": 19}",,"[""https://rri.co.id/banten/nasional/2351429/dugaan-keracunan-mbg-kembali-terjadi-di-kota-cilegon""]","[""id.Daftar_kasus_keracunan_massal_makan_siang_gratis#r0198""]",[]
id.Daftar_kasus_keracunan_massal_makan_siang_gratis#e0646,2026-04-20,2026-04-20,day,Jawa Timur,Kabupaten Bangkalan,kabupaten,Bangkalan,35.26,-7.046392499923124,112.73706719653809,1042031,1,"[""SMPN 1 Blega""]","[""junior_secondary""]",3,3,3,exact,"{""student"": 2, ""teacher"": 1}",,"[""https://www.instagram.com/p/DXapu2_AZsE/""]","[""id.Daftar_kasus_keracunan_massal_makan_siang_gratis#r0646""]",[]
id.Daftar_kasus_keracunan_massal_makan_siang_gratis#e0413,2026-04-21,2026-04-21,day,Jawa Tengah,Kabupaten Rembang,kabupaten,Rembang,33.17,-6.703466029933058,111.34262144071498,665501,1,"[""SDN Balongmulyo""]","[""primary""]",22,22,22,exact,"{""student"": 22}",,"[""https://semarang.viva.co.id/berita/6843-diduga-keracun22-siswa-sd-di-rembang-dilarikan-ke-puskesmas-setelah-makan-menu-mbg""]","[""id.Daftar_kasus_keracunan_massal_makan_siang_gratis#r0413""]",[]
id.Daftar_kasus_keracunan_massal_makan_siang_gratis#e0140,2026-04-22,2026-04-22,day,Lampung,Kota Bandar Lampung,kota,Bandar Lampung,18.71,-5.429579213794452,105.26256765111627,1077664,1,"[""SMAN 6 Bandar Lampung""]","[""senior_secondary""]",172,172,172,exact,"{""person"": 172}",,"[""https://kupastuntas.co/2026/04/24/ratusan-siswa-sman-6-diduga-keracunan-mbg-dapur-way-lunik-disetop-sementara""]","[""id.Daftar_kasus_keracunan_massal_makan_siang_gratis#r0140""]",[]
id.Daftar_kasus_keracunan_massal_makan_siang_gratis#e0199,2026-04-22,2026-04-22,day,Banten,Kota Cilegon,kota,Cilegon,36.72,-6.00980901882699,106.04212868303857,480378,1,"[""SMP PGRI Citangkil""]","[""junior_secondary""]",11,11,11,exact,"{""student"": 11}",,"[""https://www.radarbanten.co.id/2026/04/23/keracunan-mbg-terjadi-lagi-kini-menimpa-11-siswa-smp-pgri-cilegon/""]","[""id.Daftar_kasus_keracunan_massal_makan_siang_gratis#r0199""]",[]
id.Daftar_kasus_keracunan_massal_makan_siang_gratis#e0648,2026-04-22,2026-04-22,day,Jawa Timur,Kota Kediri,kota,Kediri,35.71,-7.8121941506978585,112.0142841830517,301424,3,"[""SDN Ketami 1"", ""SDN Ketami 2"", ""SDN Tempurejo 1""]","[""primary""]",73,73,73,exact,"{""student"": 73}",,"[""https://www.detik.com/jatim/berita/d-8460176/siswa-di-3-sd-kediri-keracunan-mbg-walkot-vinanda-perintahkan-investigasi""]","[""id.Daftar_kasus_keracunan_massal_makan_siang_gratis#r0648"", ""id.Daftar_kasus_keracunan_massal_makan_siang_gratis#r0649"", ""id.Daftar_kasus_keracunan_massal_makan_siang_gratis#r0650""]","[""count_shared_across_rows""]"
id.Daftar_kasus_keracunan_massal_makan_siang_gratis#e0654,2026-04-22,2026-04-22,day,Jawa Timur,Kabupaten Sampang,kabupaten,Sampang,35.27,-7.1875353391978205,113.23734031169953,1033926,1,"[""SDN Bira Tengah 1""]","[""primary""]",19,19,19,exact,"{""student"": 19}",,"[""https://www.detik.com/jatim/berita/d-8458292/kondisi-terkini-belasan-siswa-di-sampang-yang-gatal-gatal-usai-santap-mbg""]","[""id.Daftar_kasus_keracunan_massal_makan_siang_gratis#r0654""]",[]
id.Daftar_kasus_keracunan_massal_makan_siang_gratis#e0103,2026-04-23,2026-04-23,day,Bengkulu,Kabupaten Bengkulu Tengah,kabupaten,Bengkulu Tengah,17.09,-3.7728554135369468,102.3899904291284,126339,1,"[""SMP Negeri 3 Bengkulu Tengah""]","[""junior_secondary""]",8,8,8,exact,"{""student"": 8}",,"[""https://bengkulu.tribunnews.com/breaking-news/100624/breaking-news-7-siswa-smpn-3-bengkulu-tengah-diduga-keracunan-mbg-sempat-dirawat-di-klinik""]","[""id.Daftar_kasus_keracunan_massal_makan_siang_gratis#r0103""]",[]
id.Daftar_kasus_keracunan_massal_makan_siang_gratis#e0190,2026-04-23,2026-04-23,day,Kalimantan Selatan,Kabupaten Hulu Sungai Utara,kabupaten,Hulu Sungai Utara,63.08,-2.4188734176622435,115.254335243741,238250,1,"[""SMKN 1 Amuntai""]","[""senior_secondary""]",61,61,61,exact,"{""student"": 61}",,"[""https://beritaborneo.com/main/61-korban-keracunan-dprd-kalsel-minta-sistem-mbg-dibongkar-ulang/""]","[""id.Daftar_kasus_keracunan_massal_makan_siang_gratis#r0190""]",[]
id.Daftar_kasus_keracunan_massal_makan_siang_gratis#e0803,2026-04-23,2026-04-23,day,Sulawesi Selatan,Kabupaten Jeneponto,kabupaten,Jeneponto,73.04,-5.67694518150875,119.74938992549147,423005,1,"[""SDN 7 Rumbia""]","[""primary""]",28,28,28,exact,"{""student"": 28}",,"[""https://updatesulsel.id/28-siswa-keracunan-mbg-di-bontomanai-jeneponto-diminta-ditutup-sementara/""]","[""id.Daftar_kasus_keracunan_massal_makan_siang_gratis#r0803""]",[]
id.Daftar_kasus_keracunan_massal_makan_siang_gratis#e0151,2026-04-24,2026-04-24,day,Kalimantan Barat,Kabupaten Kubu Raya,kabupaten,Kubu Raya,61.12,-0.12685886609816646,109.40395645418373,646091,1,"[""SDN 23 Sungai Ambawang""]","[""primary""]",12,12,12,exact,"{""student"": 12}",,"[""https://insidepontianak.com/article/42255/lagi-siswa-sd-di-kubu-raya-diduga-keracunan-mbg-ayam-goreng-disebut-berbau-dan-keras""]","[""id.Daftar_kasus_keracunan_massal_makan_siang_gratis#r0151""]",[]
id.Daftar_kasus_keracunan_massal_makan_siang_gratis#e0687,2026-04-24,2026-04-24,day,Nusa Tenggara Barat,Kabupaten Lombok Timur,kabupaten,Lombok Timur,52.03,-8.650938604217814,116.52965363887955,1457591,1,"[""MI Yadinu Banok""]","[""primary""]",51,51,51,exact,"{""person"": 51}",,"[""https://kicknews.today/keracunan-massal-mbg-di-lombok-timur-bertambah-ibu-hamil-ikut-dirawat/""]","[""id.Daftar_kasus_keracunan_massal_makan_siang_gratis#r0687""]",[]
id.Daftar_kasus_keracunan_massal_makan_siang_gratis#e0655,2026-04-27,2026-04-27,day,Jawa Timur,Kabupaten Kediri,kabupaten,Kediri,35.06,-7.80216489245253,112.04111356733358,1691976,2,"[""TK (Spesifik tidak disebutkan)"", ""SD (Spesifik tidak disebutkan)""]","[""early_childhood"", ""primary""]",6,6,6,exact,"{""student"": 6}",,"[""https://suryamalang.tribunnews.com/jawa-timur/284163/6-siswa-madrasah-di-kediri-diduga-keracunan-mbg-muntah-muntah-keluhkan-rasa-ayam-yang-aneh""]","[""id.Daftar_kasus_keracunan_massal_makan_siang_gratis#r0655"", ""id.Daftar_kasus_keracunan_massal_makan_siang_gratis#r0656""]","[""count_shared_across_rows"", ""no_venue""]"
id.Daftar_kasus_keracunan_massal_makan_siang_gratis#e0017,2026-04-28,2026-04-28,day,Sumatera Utara,Kabupaten Deli Serdang,kabupaten,Deli Serdang,12.07,3.550718941711028,98.86644224023665,2080408,1,"[""SD swasta terpadu As Syifa""]","[""primary""]",11,11,11,exact,"{""student"": 11}",,"[""https://www.hariansib.com/Marsipature-Hutanabe/443537/11-pelajar-sd-diduga-keracunan-mbg-di-deliserdang/""]","[""id.Daftar_kasus_keracunan_massal_makan_siang_gratis#r0017""]",[]
id.Daftar_kasus_keracunan_massal_makan_siang_gratis#e0389,2026-04-28,2026-04-28,day,Jawa Tengah,Kabupaten Klaten,kabupaten,Klaten,33.10,-7.712385036340197,110.59213566770745,1302648,1,"[""SMPN 1 Tulung""]","[""junior_secondary""]",584,584,584,exact,"{""student"": 584}",,"[""https://jateng.harianjogja.com/read/2026/04/30/648/1254508/584-siswa-dan-guru-di-klaten-diduga-keracunan-mbg""]","[""id.Daftar_kasus_keracunan_massal_makan_siang_gratis#r0389""]","[""unnumbered_subject""]"
id.Daftar_kasus_keracunan_massal_makan_siang_gratis#e0086,2026-04-29,2026-04-29,day,Kepulauan Riau,Kota Batam,kota,Batam,21.71,1.1287452751793037,104.05533324230443,1342038,1,"[""SMK Negeri 3 Batam""]","[""senior_secondary""]",,100,999,vague,{},,"[""https://inspirasitoday.com/ratusan-siswa-smkn-3-batam-diduga-keracunan-mbg-banyak-yang-sakit-perut/""]","[""id.Daftar_kasus_keracunan_massal_makan_siang_gratis#r0086""]","[""count_vague""]"
id.Daftar_kasus_keracunan_massal_makan_siang_gratis#e0200,2026-04-29,2026-04-29,day,Banten,Kabupaten Tangerang,kabupaten,Tangerang,36.03,-6.269630455565761,106.48440474071201,3459706,1,"[""TBA (Tidak disebutkan)""]",[],33,33,33,exact,"{""student"": 33}",,"[""https://tangerangnews.co.id/2026/04/30/33-siswa-di-kronjo-keracunan-massal-usai-santap-menu-mbg-makaroni-bermalam-jadi-pemicu/""]","[""id.Daftar_kasus_keracunan_massal_makan_siang_gratis#r0200""]","[""no_venue""]"
id.Daftar_kasus_keracunan_massal_makan_siang_gratis#e0472,2026-04-29,2026-04-29,day,Jawa Tengah,Kabupaten Cilacap,kabupaten,Cilacap,33.01,-7.725598913851234,109.00953989681535,2059748,1,"[""Ponpes putri Kelurahan Gumilir""]","[""pesantren""]",100,100,,lower_bound,"{""santri"": 100}",,"[""https://banyumas.tribunnews.com/barlingmascakeb/91243/dilarikan-ke-rs-ratusan-santri-cilacap-diduga-keracunan-makanan-dinkes-tunggu-hasil-uji-lab-sampel""]","[""id.Daftar_kasus_keracunan_massal_makan_siang_gratis#r0472""]",[]
id.Daftar_kasus_keracunan_massal_makan_siang_gratis#e0730,2026-04-29,2026-04-29,day,Nusa Tenggara Timur,Kabupaten Timor Tengah Selatan,kabupaten,Timor Tengah Selatan,53.02,-9.851780619986599,124.26648135633013,490642,3,"[""SD GMIT Panite 1"", ""SD Tuapanan"", ""SMAN 1 Amanuban""]","[""primary"", ""senior_secondary""]",43,43,43,exact,"{""student"": 37, ""teacher"": 6}",,"[""https://regional.kompas.com/read/2026/04/30/224346078/diduga-keracunan-mbg-37-siswa-dan-6-guru-di-kabupaten-timor-tengah-selatan?""]","[""id.Daftar_kasus_keracunan_massal_makan_siang_gratis#r0730"", ""id.Daftar_kasus_keracunan_massal_makan_siang_gratis#r0731"", ""id.Daftar_kasus_keracunan_massal_makan_siang_gratis#r0732""]","[""count_shared_across_rows""]"
id.Daftar_kasus_keracunan_massal_makan_siang_gratis#e0748,2026-04-30,2026-04-30,day,Nusa Tenggara Timur,Kabupaten Sumba Tengah,kabupaten,Sumba Tengah,53.17,-9.62267937221953,119.60043476625835,92138,1,"[""TBA (Tidak disebutkan)""]",[],100,100,,lower_bound,"{""student"": 100}",,"[""https://selatanindonesia.com/diduga-keracunan-mbg-lebih-dari-100-anak-di-sumba-tengah-dilarikan-ke-fasilitas-kesehatan/""]","[""id.Daftar_kasus_keracunan_massal_makan_siang_gratis#r0748""]","[""no_venue""]"
id.Daftar_kasus_keracunan_massal_makan_siang_gratis#e0113,2026-05-04,2026-05-04,day,Kepulauan Bangka Belitung,Kabupaten Belitung,kabupaten,Belitung,19.02,-2.742308350486171,107.65431549651602,192405,2,"[""SDN 23 Tanjungpandan"", ""SD Negeri 7 Tanjungpandan""]","[""primary""]",30,30,30,exact,"{""student"": 30}",,"[""https://belitung.tribunnews.com/lokal/213812/puluhan-murid-muntah-kepsek-sdn-23-tanjungpandan-tidak-berani-sebut-keracunan-mbg""]","[""id.Daftar_kasus_keracunan_massal_makan_siang_gratis#r0113"", ""id.Daftar_kasus_keracunan_massal_makan_siang_gratis#r0114""]","[""count_shared_across_rows""]"
id.Daftar_kasus_keracunan_massal_makan_siang_gratis#e0398,2026-05-06,2026-05-06,day,Jawa Tengah,Kabupaten Wonogiri,kabupaten,Wonogiri,33.12,-7.815058364755334,110.9256844677081,1057495,1,"[""SMKN 1 Jatiroto""]","[""senior_secondary""]",242,242,242,exact,"{""student"": 235, ""teacher"": 7}",,"[""https://www.rinews.id/dugaan-keracunan-massal-mbg-di-smkn-1-jatiroto-ratusan-siswa-dan-guru-alami-diare-penyebab-masih-diselidiki/""]","[""id.Daftar_kasus_keracunan_massal_makan_siang_gratis#r0398""]",[]
id.Daftar_kasus_keracunan_massal_makan_siang_gratis#e0532,2026-05-06,2026-05-06,day,DI Yogyakarta,Kabupaten Bantul,kabupaten,Bantul,34.02,-7.886189837551494,110.3278379965447,980269,1,"[""SDN Kowang""]","[""primary""]",23,23,23,exact,"{""student"": 23}",,"[""https://regional.espos.id/23-siswa-sd-di-bantul-diduga-keracunan-mbg-sampel-makanan-diuji-lab-2213609""]","[""id.Daftar_kasus_keracunan_massal_makan_siang_gratis#r0532""]",[]
id.Daftar_kasus_keracunan_massal_makan_siang_gratis#e0213,2026-05-08,2026-05-08,day,DKI Jakarta,Kota Administrasi Jakarta Timur,kota,Jakarta Timur,31.75,-6.2136855478344994,106.9440075965323,3230417,3,"[""SDN Cakung Timur 01"", ""SDN Ujung Menteng 02"", ""SDN Ujung Menteng 03""]","[""primary""]",252,252,252,exact,"{""student"": 252}",,"[""https://news.detik.com/berita/d-8481654/252-siswa-di-jaktim-diduga-keracunan-mbg-alami-gejala-usai-makan-pangsit-tahu""]","[""id.Daftar_kasus_keracunan_massal_makan_siang_gratis#r0213"", ""id.Daftar_kasus_keracunan_massal_makan_siang_gratis#r0214"", ""id.Daftar_kasus_keracunan_massal_makan_siang_gratis#r0215""]","[""count_shared_across_rows""]"
id.Daftar_kasus_keracunan_massal_makan_siang_gratis#e0815,2026-05-09,2026-05-09,day,Sulawesi Tenggara,Kabupaten Kolaka,kabupaten,Kolaka,74.01,-4.060808748107698,121.61611935687937,257733,1,"[""SDN 3 Watubangga""]","[""primary""]",11,11,11,exact,"{""student"": 11}",,"[""https://penafaktual.com/sakit-perut-hingga-muntah-muntah-11-siswa-sd-di-kolaka-tumbang-usai-makan-program-mbg/""]","[""id.Daftar_kasus_keracunan_massal_makan_siang_gratis#r0815""]",[]
id.Daftar_kasus_keracunan_massal_makan_siang_gratis#e0620,2026-05-11,2026-05-11,day,Jawa Timur,Kota Surabaya,kota,Surabaya,35.78,-7.258891323638141,112.74703888119626,3018022,13,"[""TK Ubaid"", ""TK Aletheia"", ""SD Tembok Dukuh 1"", ""SD Tembok Dukuh 3"", ""SDN Tembok Dukuh 4"", ""SD Aletheia"", ""SD Pancasila 45"", ""SD Raden Wijaya"", ""SD Ubaid 1"", ""SD Ubaid 2"", ""SMP Aletheia"", ""SMP Islam"", ""RW X Demak Jaya (warga terdampak)""]","[""early_childhood"", ""junior_secondary"", ""primary""]",210,210,210,exact,"{""student"": 210}",,"[""https://www.detik.com/jatim/berita/d-8489569/keracunan-mbg-210-siswa-surabaya-bongkar-banyak-sppg-tak-kantongi-slhs""]","[""id.Daftar_kasus_keracunan_massal_makan_siang_gratis#r0620"", ""id.Daftar_kasus_keracunan_massal_makan_siang_gratis#r0621"", ""id.Daftar_kasus_keracunan_massal_makan_siang_gratis#r0622"", ""id.Daftar_kasus_keracunan_massal_makan_siang_gratis#r0623"", ""id.Daftar_kasus_keracunan_massal_makan_siang_gratis#r0624"", ""id.Daftar_kasus_keracunan_massal_makan_siang_gratis#r0625"", ""id.Daftar_kasus_keracunan_massal_makan_siang_gratis#r0626"", ""id.Daftar_kasus_keracunan_massal_makan_siang_gratis#r0627"", ""id.Daftar_kasus_keracunan_massal_makan_siang_gratis#r0628"", ""id.Daftar_kasus_keracunan_massal_makan_siang_gratis#r0629"", ""id.Daftar_kasus_keracunan_massal_makan_siang_gratis#r0630"", ""id.Daftar_kasus_keracunan_massal_makan_siang_gratis#r0631"", ""id.Daftar_kasus_keracunan_massal_makan_siang_gratis#r0632""]","[""count_shared_across_rows""]"
id.Daftar_kasus_keracunan_massal_makan_siang_gratis#e0233,2026-05-13,2026-05-13,day,Jawa Barat,Kabupaten Cianjur,kabupaten,Cianjur,32.03,-6.822746173673224,107.1394835830441,2638825,1,"[""SD Negeri Ciadeg""]","[""primary""]",19,19,19,exact,"{""student"": 19}",,"[""https://cianjurekspres.disway.id/metropolis/read/20901/belasan-siswa-sd-di-pagelaran-cianjur-diduga-keracunan-usai-konsumsi-mbg-dan-jajanan-es""]","[""id.Daftar_kasus_keracunan_massal_makan_siang_gratis#r0233""]",[]
id.Daftar_kasus_keracunan_massal_makan_siang_gratis#e0711,2026-05-13,2026-05-13,day,Nusa Tenggara Timur,Kabupaten Kupang,kabupaten,Kupang,53.01,-10.072767460089674,123.86446322540102,391539,1,"[""SDN Onitua""]","[""primary""]",23,23,23,exact,"{""student"": 23}",,"[""https://atlasnews.id/daerah/geger-23-siswa-di-kupang-barat-diduga-keracunan-mbg-puskesmas-batakte-sigap-beri-pertolongan-pertama/""]","[""id.Daftar_kasus_keracunan_massal_makan_siang_gratis#r0711""]",[]
id.Daftar_kasus_keracunan_massal_makan_siang_gratis#e0430,2026-05-18,2026-05-18,day,Jawa Tengah,Kabupaten Temanggung,kabupaten,Temanggung,33.23,-7.315316457103409,110.18189242537592,822880,1,"[""SMP Negeri 4 Temanggung dan 7 Sekolah Lainnya""]","[""junior_secondary""]",323,323,323,exact,"{""person"": 323}",,"[""https://jateng.murianews.com/zulkifli-fahmi/467568/ratusan-siswa-guru-di-temanggung-keracunan-mbg-sppg-minta-maaf""]","[""id.Daftar_kasus_keracunan_massal_makan_siang_gratis#r0430""]",[]
id.Daftar_kasus_keracunan_massal_makan_siang_gratis#e0111,2026-05-20,2026-05-20,day,Jambi,Kota Jambi,kota,Jambi,15.71,-1.6305013396917745,103.60727024612254,649656,1,"[""SMKN 1 Kota Jambi""]","[""senior_secondary""]",8,8,8,exact,"{""student"": 8}",,"[""https://jambi.tribunnews.com/makalam/1196531/delapan-pelajar-smkn-1-jambi-mual-hingga-muntah-setelah-santap-mbg-tadi-pagi""]","[""id.Daftar_kasus_keracunan_massal_makan_siang_gratis#r0111""]",[]
id.Daftar_kasus_keracunan_massal_makan_siang_gratis#e0565,2026-05-20,2026-05-20,day,Jawa Timur,Kabupaten Jember,kabupaten,Jember,35.09,-8.169670975121788,113.70215105421875,2615874,5,"[""PAUD Qur’an Raudlatul Tulab"", ""TK Al-Hidayah 01"", ""RA Hidayatul Mubtadiin"", ""PAUD Aster 29"", ""TK Kuncup Bunga""]","[""early_childhood""]",25,25,25,exact,"{""student"": 25}",,"[""https://surabaya.kompas.com/read/2026/05/24/101632678/diduga-abaikan-edaran-bgn-dan-buat-25-anak-di-jember-keracunan-sppg?page=all""]","[""id.Daftar_kasus_keracunan_massal_makan_siang_gratis#r0565"", ""id.Daftar_kasus_keracunan_massal_makan_siang_gratis#r0566"", ""id.Daftar_kasus_keracunan_massal_makan_siang_gratis#r0567"", ""id.Daftar_kasus_keracunan_massal_makan_siang_gratis#r0568"", ""id.Daftar_kasus_keracunan_massal_makan_siang_gratis#r0569""]","[""count_shared_across_rows""]"
id.Daftar_kasus_keracunan_massal_makan_siang_gratis#e0298,2026-05-21,2026-05-21,day,Jawa Barat,Kabupaten Garut,kabupaten,Garut,32.05,-7.202671667220667,107.88606805421097,2851877,1,"[""SD Negeri 2 Hegarsari""]","[""primary""]",57,57,57,exact,"{""student"": 57}",,"[""https://prianganinsider.pikiran-rakyat.com/priangan/pr-38310221715/heboh-di-garut-program-mbg-berujung-dugaan-keracunan-massal-orang-tua-panik""]","[""id.Daftar_kasus_keracunan_massal_makan_siang_gratis#r0298""]",[]
id.Daftar_kasus_keracunan_massal_makan_siang_gratis#e0663,2026-05-21,2026-05-21,day,Jawa Timur,Kabupaten Gresik,kabupaten,Gresik,35.25,-7.170587571783878,112.59967629653906,1327497,1,"[""SDN 238 Menganti""]","[""primary""]",14,14,14,exact,"{""student"": 14}",,"[""https://mediabangsanews.com/2026/05/25/belasan-siswa-sdn-238-menganti-diduga-keracunan-mbg-orang-tua-soroti-kelalaian-pengelola-sppg/""]","[""id.Daftar_kasus_keracunan_massal_makan_siang_gratis#r0663""]",[]
id.Daftar_kasus_keracunan_massal_makan_siang_gratis#e0164,2026-05-22,2026-05-22,day,Kalimantan Barat,Kabupaten Sambas,kabupaten,Sambas,61.01,1.3610923732904279,109.3285001118564,651246,1,"[""SD (Spesiftik tidak disebutkan)""]","[""primary""]",15,15,15,exact,"{""student"": 15}",,"[""https://mataexpose.co.id/post/15-siswa-sd-di-sambas-diduga-alami-keracunan-usai-santap-menu-makan-bergizi-gratis-investigasi-dapur-mitra-dimulai""]","[""id.Daftar_kasus_keracunan_massal_makan_siang_gratis#r0164""]","[""no_venue""]"
id.Daftar_kasus_keracunan_massal_makan_siang_gratis#e0217,2026-05-22,2026-05-22,day,DKI Jakarta,Kota Administrasi Jakarta Barat,kota,Jakarta Barat,31.73,-6.184334501192923,106.73662053886034,2556752,1,"[""SMPN 82 Jakarta""]","[""junior_secondary""]",116,116,116,exact,"{""student"": 116}",,"[""https://megapolitan.kompas.com/read/2026/05/26/15212251/116-siswa-smp-di-grogol-jakbar-diduga-keracunan-usai-santap-mbg""]","[""id.Daftar_kasus_keracunan_massal_makan_siang_gratis#r0217""]",[]
id.Daftar_kasus_keracunan_massal_makan_siang_gratis#e0201,2026-05-24,2026-05-24,day,Banten,Kabupaten Serang,kabupaten,Serang,36.04,-6.115302501045602,106.15201508303925,1791795,1,"[""SMAN 1 Padarincang""]","[""senior_secondary""]",32,32,32,exact,"{""student"": 32}",,"[""https://www.asatunews.co.id/siswa-sman-1-padarincang-serang-keracunan-makan-bergizi-gratis""]","[""id.Daftar_kasus_keracunan_massal_makan_siang_gratis#r0201""]",[]
id.Daftar_kasus_keracunan_massal_makan_siang_gratis#e0354,2026-05-29,2026-05-29,day,Jawa Barat,Kabupaten Majalengka,kabupaten,Majalengka,32.10,-6.836270833744539,108.22755549468556,1369569,2,"[""SMP ( Spesifik tidak disebutkan)"", ""SMA ( Spesifik tidak disebutkan)""]","[""junior_secondary"", ""senior_secondary""]",22,22,22,exact,"{""student"": 22}",,"[""https://www.detik.com/jabar/cirebon-raya/d-8512997/sppg-di-talaga-majalengka-disetop-sementara-usai-22-siswa-dirawat-rs""]","[""id.Daftar_kasus_keracunan_massal_makan_siang_gratis#r0354"", ""id.Daftar_kasus_keracunan_massal_makan_siang_gratis#r0355""]","[""count_shared_across_rows"", ""no_venue""]"
id.Daftar_kasus_keracunan_massal_makan_siang_gratis#e0104,2026-06-04,2026-06-04,day,Bengkulu,Kabupaten Kepahiang,kabupaten,Kepahiang,17.08,-3.6251092126391558,102.55634520967017,151910,1,"[""SDN 18 Taba Tebelet""]","[""primary""]",16,16,16,exact,"{""person"": 16}",,"[""https://betv.disway.id/daerah/read/73679/bertambah-menjadi-16-orang-korban-keracunan-mbg-di-kepahiang-termasuk-guru-dan-penjaga-sekolah""]","[""id.Daftar_kasus_keracunan_massal_makan_siang_gratis#r0104""]",[]
id.Daftar_kasus_keracunan_massal_makan_siang_gratis#e0647,2026-06-04,2026-06-04,day,Jawa Timur,Kabupaten Bangkalan,kabupaten,Bangkalan,35.26,-7.046392499923124,112.73706719653809,1042031,1,"[""SMAN 1 Kokop""]","[""senior_secondary""]",84,84,84,exact,"{""student"": 84}",,"[""https://www.detik.com/jatim/berita/d-8518917/total-84-siswa-sman-1-kokop-bangkalan-keracunan-mbg-12-masih-dirawat""]","[""id.Daftar_kasus_keracunan_massal_makan_siang_gratis#r0647""]",[]
id.Daftar_kasus_keracunan_massal_makan_siang_gratis#e0712,2026-06-06,2026-06-06,day,Nusa Tenggara Timur,Kabupaten Kupang,kabupaten,Kupang,53.01,-10.072767460089674,123.86446322540102,391539,1,"[""SDN Tapen""]","[""primary""]",9,9,9,exact,"{""student"": 8, ""teacher"": 1}",,"[""https://atlasnews.id/daerah/diduga-keracunan-mbg-delapan-siswa-dan-seorang-guru-di-takari-jalani-observasi-medis/""]","[""id.Daftar_kasus_keracunan_massal_makan_siang_gratis#r0712""]",[]
id.Daftar_kasus_keracunan_massal_makan_siang_gratis#e0283,2026-06-18,2026-06-18,day,Jawa Barat,Kabupaten Sukabumi,kabupaten,Sukabumi,32.02,-6.989164614549726,106.55022261003006,2868943,1,"[""Satu Keluarga""]",[],3,3,3,exact,"{""person"": 3}",,"[""https://www.liputan6.com/regional/read/7894521/ibu-dan-dua-anak-diduga-keracunan-susu-mbg-ini-kata-pengelola-sppg""]","[""id.Daftar_kasus_keracunan_massal_makan_siang_gratis#r0283""]",[]
id.Daftar_kasus_keracunan_massal_makan_siang_gratis#e0570,2026-07-15,2026-07-15,day,Jawa Timur,Kabupaten Jember,kabupaten,Jember,35.09,-8.169670975121788,113.70215105421875,2615874,2,"[""TK (Spesifik tidak disebutkan)"", ""SDN Karangsono""]","[""early_childhood"", ""primary""]",29,29,29,exact,"{""student"": 29}",,"[""https://k-radiojember.com/artikel/29-korban-diduga-keracunan-mbg-satgas-temukan-pelanggaran-sop-di-dapur-karangsono""]","[""id.Daftar_kasus_keracunan_massal_makan_siang_gratis#r0570"", ""id.Daftar_kasus_keracunan_massal_makan_siang_gratis#r0571""]","[""count_shared_across_rows"", ""no_venue""]"
id.Daftar_kasus_keracunan_massal_makan_siang_gratis#e0438,2026-07-20,2026-07-20,day,Jawa Tengah,Kabupaten Blora,kabupaten,Blora,33.16,-6.969718505731454,111.41492279653751,927961,1,"[""SD Negeri Sendangrejo""]","[""primary""]",19,19,19,exact,"{""student"": 19}",,"[""https://www.bloraweb.com/2026/07/19-siswa-keracunan-mbg-enam-masih.html""]","[""id.Daftar_kasus_keracunan_massal_makan_siang_gratis#r0438""]",[]
id.Daftar_kasus_keracunan_massal_makan_siang_gratis#e0485,2026-07-21,2026-07-21,day,DI Yogyakarta,Kabupaten Kulon Progo,kabupaten,Kulon Progo,34.01,-7.857808676282555,110.15916128305197,444994,4,"[""SD (Spesifik tidak disebutkan)"", ""MI Ma'arif"", ""SMP Negeri 3 Wates"", ""Ibu Menyusui""]","[""junior_secondary"", ""primary""]",124,124,124,exact,"{""person"": 124}",,"[""https://www.instagram.com/p/DbDg62fTCv5/""]","[""id.Daftar_kasus_keracunan_massal_makan_siang_gratis#r0485"", ""id.Daftar_kasus_keracunan_massal_makan_siang_gratis#r0486"", ""id.Daftar_kasus_keracunan_massal_makan_siang_gratis#r0487"", ""id.Daftar_kasus_keracunan_massal_makan_siang_gratis#r0488""]","[""count_shared_across_rows"", ""no_venue""]"
id.Daftar_kasus_keracunan_massal_makan_siang_gratis#e0664,2026-07-21,2026-07-21,day,Jawa Timur,Kota Malang,kota,Malang,35.73,-7.977788119311085,112.6338358100378,889359,1,"[""SDN Kauman 1""]","[""primary""]",33,33,33,exact,"{""student"": 33}",,"[""https://afu.id/nusantara/33-siswa-sdn-kauman-1-malang-keracunan-distribusi-mbg-dihentikan-usai-temuan-e-coli""]","[""id.Daftar_kasus_keracunan_massal_makan_siang_gratis#r0664""]",[]
id.Daftar_kasus_keracunan_massal_makan_siang_gratis#e0299,2026-07-22,2026-07-22,day,Jawa Barat,Kabupaten Garut,kabupaten,Garut,32.05,-7.202671667220667,107.88606805421097,2851877,5,"[""Ponpes Al Mansuriah"", ""PAUD Al-Mukhtar"", ""SDN 1 Sindangsuka"", ""SDN 3 Sindangsuka"", ""SDN 5 Sindangsuka""]","[""early_childhood"", ""pesantren"", ""primary""]",117,117,117,exact,"{""person"": 117}",,"[""https://transtwonews.com/2026/07/sebanyak-117-orang-diduga-keracunan-makan-bergizi-gratis-kembali-terulang-di-garut-jawa-barat/""]","[""id.Daftar_kasus_keracunan_massal_makan_siang_gratis#r0299"", ""id.Daftar_kasus_keracunan_massal_makan_siang_gratis#r0300"", ""id.Daftar_kasus_keracunan_massal_makan_siang_gratis#r0301"", ""id.Daftar_kasus_keracunan_massal_makan_siang_gratis#r0302"", ""id.Daftar_kasus_keracunan_massal_makan_siang_gratis#r0303""]","[""count_shared_across_rows""]"
id.Daftar_kasus_keracunan_massal_makan_siang_gratis#e0665,2026-07-22,2026-07-22,day,Jawa Timur,Kota Pasuruan,kota,Pasuruan,35.75,-7.647370692892007,112.90855041188624,213469,1,"[""SMAN 1 Pandaan""]","[""senior_secondary""]",14,14,14,exact,"{""student"": 14}",,"[""https://beritajatim.com/diduga-keracunan-makanan-mbg-14-siswa-sman-1-pandaan-mual-dan-muntah-9-dilarikan-ke-igd""]","[""id.Daftar_kasus_keracunan_massal_makan_siang_gratis#r0665""]",[]
id.Daftar_kasus_keracunan_massal_makan_siang_gratis#e0122,2026-07-23,2026-07-23,day,Lampung,Kabupaten Tanggamus,kabupaten,Tanggamus,18.06,-5.480674664821914,104.68229977472107,641036,1,"[""SMPN 1 Talangpadang""]","[""junior_secondary""]",23,23,23,exact,"{""student"": 23}",,"[""https://www.instagram.com/p/DbMx8XJj0s3/""]","[""id.Daftar_kasus_keracunan_massal_makan_siang_gratis#r0122""]",[]
id.Daftar_kasus_keracunan_massal_makan_siang_gratis#e0657,2026-07-23,2026-07-23,day,Jawa Timur,Kabupaten Kediri,kabupaten,Kediri,35.06,-7.80216489245253,112.04111356733358,1691976,6,"[""TK Kusuma Mulya Krandang"", ""MI Barokah"", ""SDN Purwodadi 1"", ""SDN Krandang 2"", ""SMPN 1 Kras"", ""nonsekolah kategori 3B""]","[""early_childhood"", ""junior_secondary"", ""primary""]",211,211,211,exact,"{""person"": 211}",,"[""https://kediritangguh.co/update-keracunan-211-orang-alami-gejala-usai-santap-mbg-di-kediri-kadinkes-penghentian-sppg-kewenangan-bgn/""]","[""id.Daftar_kasus_keracunan_massal_makan_siang_gratis#r0657"", ""id.Daftar_kasus_keracunan_massal_makan_siang_gratis#r0658"", ""id.Daftar_kasus_keracunan_massal_makan_siang_gratis#r0659"", ""id.Daftar_kasus_keracunan_massal_makan_siang_gratis#r0660"", ""id.Daftar_kasus_keracunan_massal_makan_siang_gratis#r0661"", ""id.Daftar_kasus_keracunan_massal_makan_siang_gratis#r0662""]","[""count_shared_across_rows""]"
id.Daftar_kasus_keracunan_massal_makan_siang_gratis#e0149,2026-07-24,2026-07-24,day,Lampung,Kabupaten Pesawaran,kabupaten,Pesawaran,18.09,-5.397533024693423,105.07010811310506,501047,1,"[""SDN 22 Ogan 2 Trimulyo""]","[""primary""]",33,33,33,exact,"{""person"": 33}",,"[""https://www.detik.com/sumbagsel/berita/d-8588523/puluhan-siswa-guru-sd-di-pesawaran-keracunan-diduga-usai-santap-menu-mbg""]","[""id.Daftar_kasus_keracunan_massal_makan_siang_gratis#r0149""]",[]
id.Daftar_kasus_keracunan_massal_makan_siang_gratis#e0591,2026-07-27,2026-07-27,day,Jawa Timur,Kabupaten Tulungagung,kabupaten,Tulungagung,35.04,-8.064364715839401,111.90068000547873,1139224,1,"[""Warga (Pelajar, Guru, Balita, Bumil dan Busui)""]",[],103,103,103,exact,"{""person"": 103}",,"[""https://memorandum.disway.id/jatim/read/168455/tragedi-ratusan-siswa-jadi-korban-keracunan-mbg-fraksi-pdip-dprd-jatim-desak-evaluasi-total-tata-kelola-sppg""]","[""id.Daftar_kasus_keracunan_massal_makan_siang_gratis#r0591""]",[]
id.Daftar_kasus_keracunan_massal_makan_siang_gratis#e0167,2026-07-28,2026-07-28,day,Kalimantan Tengah,Kabupaten Seruyan,kabupaten,Seruyan,62.07,-3.4138432398482084,112.54170361471685,159849,1,"[""SMPN 1 Kuala Pembuang""]","[""junior_secondary""]",156,156,156,exact,"{""person"": 156}",,"[""https://www.detik.com/kalimantan/berita/d-8601733/sppg-di-seruyan-dihentikan-usai-156-penerima-mbg-diduga-keracunan""]","[""id.Daftar_kasus_keracunan_massal_makan_siang_gratis#r0167""]",[]
id.Daftar_kasus_keracunan_massal_makan_siang_gratis#e0168,2026-07-28,2026-07-28,day,Kalimantan Tengah,Kabupaten Seruyan,kabupaten,Seruyan,62.07,-3.4138432398482084,112.54170361471685,159849,1,"[""SMAN 1 Kuala Pembuang""]","[""senior_secondary""]",,,,unreported,{},,[],"[""id.Daftar_kasus_keracunan_massal_makan_siang_gratis#r0168""]","[""count_unreported"", ""no_source_url""]"
id.Daftar_kasus_keracunan_massal_makan_siang_gratis#e0284,2026-07-28,2026-07-28,day,Jawa Barat,Kabupaten Sukabumi,kabupaten,Sukabumi,32.02,-6.989164614549726,106.55022261003006,2868943,1,"[""SDN Bojong koneng""]","[""primary""]",39,39,39,exact,"{""student"": 39}",,"[""https://jabar.idntimes.com/news/jawa-barat/puluhan-siswa-sd-di-sukabumi-keracunan-susu-mbg-diduga-kedaluwarsa-00-6snxf-yg9t08""]","[""id.Daftar_kasus_keracunan_massal_makan_siang_gratis#r0284""]",[]
id.Daftar_kasus_keracunan_massal_makan_siang_gratis#e0790,2026-07-29,2026-07-29,day,Sulawesi Tengah,Kabupaten Buol,kabupaten,Buol,72.05,1.169077637159471,121.40975635779172,162273,2,"[""SDN 1 Bokat"", ""SDN 2 Bokat""]","[""primary""]",15,15,15,exact,"{""student"": 15}",,"[""https://radarpalu.jawapos.com/sulteng/2607290023/lagi-15-siswa-sd-di-bokat-kabupaten-buol-keracunan-setelah-konsumsi-mbg""]","[""id.Daftar_kasus_keracunan_massal_makan_siang_gratis#r0790"", ""id.Daftar_kasus_keracunan_massal_makan_siang_gratis#r0791""]","[""count_shared_across_rows""]"
id.Daftar_kasus_keracunan_massal_makan_siang_gratis#e0451,2026-07-31,2026-07-31,day,Jawa Tengah,Kota Semarang,kota,Semarang,33.74,-6.98167961659711,110.4122341695528,1702379,1,"[""SMKN 6 Semarang""]","[""senior_secondary""]",707,707,707,exact,"{""student"": 707}",,"[""https://www.kompas.id/artikel/707-siswa-dan-guru-smkn-6-semarang-keracunan-massal-usai-santap-mbg""]","[""id.Daftar_kasus_keracunan_massal_makan_siang_gratis#r0451""]",[]
id.Daftar_kasus_keracunan_massal_makan_siang_gratis#e0473,2026-07-31,2026-07-31,day,Jawa Tengah,Kota Surakarta,kota,Surakarta,33.72,-7.569260552279098,110.82945951003452,589242,1,"[""SDII Al Abidin Solo""]","[""primary""]",108,108,108,exact,"{""student"": 108}",,"[""https://www.merahputih.com/""]","[""id.Daftar_kasus_keracunan_massal_makan_siang_gratis#r0473""]",[]
id.Daftar_kasus_keracunan_massal_makan_siang_gratis#e0179,2026-08-03,2026-08-03,day,Kalimantan Timur,Kabupaten Kutai Kartanegara,kabupaten,Kutai Kartanegara,64.02,-0.4427799289927499,116.99867075751636,806964,4,"[""SDN 025 Sebulu"", ""SDN 003 Sebulu"", ""MI (Spesifik tidak disebutkan)"", ""MTS (Spesifik tidak disebutkan)""]","[""junior_secondary"", ""primary""]",46,46,46,exact,"{""person"": 46}",,"[""https://eksposkaltim.com/berita-18043-dugaan-keracunan-massal-mbg-di-kukar-puluhan-pelajar-dilarikan-ke-puskesmas-.html""]","[""id.Daftar_kasus_keracunan_massal_makan_siang_gratis#r0179"", ""id.Daftar_kasus_keracunan_massal_makan_siang_gratis#r0180"", ""id.Daftar_kasus_keracunan_massal_makan_siang_gratis#r0181"", ""id.Daftar_kasus_keracunan_massal_makan_siang_gratis#r0182""]","[""count_shared_across_rows"", ""no_venue""]"
id.Daftar_kasus_keracunan_massal_makan_siang_gratis#e0489,2026-08-03,2026-08-03,day,DI Yogyakarta,Kabupaten Kulon Progo,kabupaten,Kulon Progo,34.01,-7.857808676282555,110.15916128305197,444994,1,"[""SMK Negeri 1 Nanggulan""]","[""senior_secondary""]",,100,999,vague,{},,"[""https://radarmalioboro.jawapos.com/pemerintahan/2608060016/ratusan-siswa-di-nanggulan-diduga-keracunan-mbg-dinkes-kulon-progo-kesulitan-ambil-sampel-makanan""]","[""id.Daftar_kasus_keracunan_massal_makan_siang_gratis#r0489""]","[""count_vague""]"
id.Daftar_kasus_keracunan_massal_makan_siang_gratis#e0500,2026-08-03,2026-08-03,day,DI Yogyakarta,Kabupaten Sleman,kabupaten,Sleman,34.04,-7.71654673418279,110.35577266770737,1125571,1,"[""TBA (Spesifik tidak disebutkan)""]",[],25,25,25,exact,"{""person"": 25}",,"[""https://jogja.tribunnews.com/diy/1220268/puluhan-siswa-sd-di-prambanan-sleman-alami-keracunan-diduga-karena-mbg""]","[""id.Daftar_kasus_keracunan_massal_makan_siang_gratis#r0500""]","[""no_venue""]"
id.Daftar_kasus_keracunan_massal_makan_siang_gratis#e0408,2026-08-04,2026-08-04,day,Jawa Tengah,Kabupaten Jepara,kabupaten,Jepara,33.20,-6.59009446252794,110.66812971187831,1283687,1,"[""SMPN 2 Jepara""]","[""junior_secondary""]",123,123,123,exact,"{""person"": 123}",,"[""https://jateng.tribunnews.com/jawa-tengah/1262214/diare-dan-muntah-123-siswa-dan-guru-smpn-2-jepara-diduga-keracunan-mbg""]","[""id.Daftar_kasus_keracunan_massal_makan_siang_gratis#r0408""]",[]
id.Daftar_kasus_keracunan_massal_makan_siang_gratis#e0836,2026-08-04,2026-08-04,day,Papua,Kabupaten Jayapura,kabupaten,Jayapura,91.03,-2.5498717752817006,140.47710271224273,203772,3,"[""Paud Panumba"", ""SD (Spesifik tidak disebutkan)"", ""SMPN 1 Depapre""]","[""early_childhood"", ""junior_secondary"", ""primary""]",543,543,543,exact,"{""person"": 543}",,"[""https://papuatengah.tribunnews.com/jayapura/6832/kasus-dugaan-keracunan-mbg-di-depapre-tembus-543-orang-pemkab-jayapura-korban-didominasi-anak-anak""]","[""id.Daftar_kasus_keracunan_massal_makan_siang_gratis#r0836"", ""id.Daftar_kasus_keracunan_massal_makan_siang_gratis#r0837"", ""id.Daftar_kasus_keracunan_massal_makan_siang_gratis#r0838""]","[""count_shared_across_rows"", ""no_venue""]"
id.Daftar_kasus_keracunan_massal_makan_siang_gratis#e0183,2026-08-05,2026-08-05,day,Kalimantan Timur,Kota Bontang,kota,Bontang,64.74,0.06954899217650308,117.44419874425222,191811,1,"[""TBA (Spesifik tidak disebutkan)""]",[],27,27,27,exact,"{""student"": 27}",,"[""https://www.detik.com/kalimantan/berita/d-8614428/puluhan-siswa-di-bontang-sakit-usai-santap-mbg-2-kepala-sppg-dicopot""]","[""id.Daftar_kasus_keracunan_massal_makan_siang_gratis#r0183""]","[""no_venue""]"
id.Daftar_kasus_keracunan_massal_makan_siang_gratis#e0414,2026-08-05,2026-08-05,day,Jawa Tengah,Kabupaten Rembang,kabupaten,Rembang,33.17,-6.703466029933058,111.34262144071498,665501,1,"[""SMPN 5 Rembang""]","[""junior_secondary""]",299,299,299,exact,"{""person"": 299}",,"[""https://www.rmoljawatengah.id/korban-dugaan-keracunan-mbg-rembang-bertambah-jadi-299-orang""]","[""id.Daftar_kasus_keracunan_massal_makan_siang_gratis#r0414""]",[]
id.Daftar_kasus_keracunan_massal_makan_siang_gratis#e0234,2026-08-06,2026-08-06,day,Jawa Barat,Kabupaten Cianjur,kabupaten,Cianjur,32.03,-6.822746173673224,107.1394835830441,2638825,2,"[""MTS Al - Hidayah"", ""MA Al - Hidayah""]","[""junior_secondary"", ""senior_secondary""]",250,250,250,exact,"{""student"": 250}",,"[""https://inilahcianjur.com/2026/08/250-siswa-tumbang-usai-santap-mbg-dugaan-keracunan-gegerkan-warungkondang/""]","[""id.Daftar_kasus_keracunan_massal_makan_siang_gratis#r0234"", ""id.Daftar_kasus_keracunan_massal_makan_siang_gratis#r0235""]","[""count_shared_across_rows""]"
id.Daftar_kasus_keracunan_massal_makan_siang_gratis#e0339,2026-08-07,2026-08-07,day,Jawa Barat,Kabupaten Bogor,kabupaten,Bogor,32.01,-6.479478948089524,106.82471731002641,5809790,4,"[""SDN Ciherang 01"", ""SDN Ciherang 02"", ""SDN Ciherang 04"", ""SD IT Darul Hijrin""]","[""primary""]",33,33,33,exact,"{""student"": 33}",,"[""https://pakuanraya.com/pemkab-bogor-investigasi-kasus-keracunan-massal-mbg-yang-timpa-puluhan-siswa-sd-di-dramaga/""]","[""id.Daftar_kasus_keracunan_massal_makan_siang_gratis#r0339"", ""id.Daftar_kasus_keracunan_massal_makan_siang_gratis#r0340"", ""id.Daftar_kasus_keracunan_massal_makan_siang_gratis#r0341"", ""id.Daftar_kasus_keracunan_massal_makan_siang_gratis#r0342""]","[""count_shared_across_rows""]"
id.Daftar_kasus_keracunan_massal_makan_siang_gratis#e0434,2026-08-07,2026-08-07,day,Jawa Tengah,Kabupaten Magelang,kabupaten,Magelang,33.08,-7.596984026372694,110.22353113036982,1345662,1,"[""SMP Negeri 3 Candimulyo""]","[""junior_secondary""]",28,28,28,exact,"{""student"": 28}",,"[""https://www.detik.com/jateng/berita/d-8609653/korban-keracunan-mbg-di-candimulyo-magelang-capai-28-orang""]","[""id.Daftar_kasus_keracunan_massal_makan_siang_gratis#r0434""]",[]
id.Daftar_kasus_keracunan_massal_makan_siang_gratis#e0424,2026-08-10,2026-08-10,day,Jawa Tengah,Kabupaten Banyumas,kabupaten,Banyumas,33.02,-7.4227990604767795,109.23008333914095,1868446,1,"[""MAN 2 Banyumas""]","[""senior_secondary""]",165,165,165,exact,"{""student"": 165}",,"[""https://www.detik.com/jateng/berita/d-8615906/165-siswa-man-2-banyumas-diduga-keracunan-mbg-104-masih-bergejala""]","[""id.Daftar_kasus_keracunan_massal_makan_siang_gratis#r0424""]",[]
id.Daftar_kasus_keracunan_massal_makan_siang_gratis#e0635,2026-08-11,2026-08-11,day,Jawa Timur,Kabupaten Trenggalek,kabupaten,Trenggalek,35.03,-8.047910064122286,111.70915082348205,753810,2,"[""SDI Lukman Al Hakim"", ""SMPN 1 Trenggalek""]","[""junior_secondary"", ""primary""]",423,423,423,exact,"{""student"": 423}",,"[""https://www.detik.com/jatim/berita/d-8616277/jumlah-siswa-keracunan-mbg-di-trenggalek-bertambah-ada-yang-rawat-inap""]","[""id.Daftar_kasus_keracunan_massal_makan_siang_gratis#r0635"", ""id.Daftar_kasus_keracunan_massal_makan_siang_gratis#r0636""]","[""count_shared_across_rows""]"
id.Daftar_kasus_keracunan_massal_makan_siang_gratis#e0374,2026-08-12,2026-08-12,day,Jawa Tengah,Kabupaten Karanganyar,kabupaten,Karanganyar,33.13,-7.595516965884652,110.93964029654224,953696,1,"[""TBA (Spesifik tidak disebutkan)""]",[],1,1,1,exact,"{""person"": 1}",,"[""https://trends.tribunnews.com/news/122594/muntah-3-kali-usai-cicipi-mbg-kepala-sppg-karanganyar-selamatkan-3000-siswa-dari-keracunan-massal""]","[""id.Daftar_kasus_keracunan_massal_makan_siang_gratis#r0374""]","[""no_venue""]"
id.Daftar_kasus_keracunan_massal_makan_siang_gratis#e0022,2026-08-13,2026-08-13,day,Sumatera Utara,Kabupaten Karo,kabupaten,Karo,12.06,3.110679693532461,98.5013348785831,422495,5,"[""SMP Negeri 3 Kabanjahe"", ""SMP Swasta Bersama"", ""SMAN 1 Berastagi"", ""SMK Swasta Bersama"", ""SMA Swasta Bersama""]","[""junior_secondary"", ""senior_secondary""]",361,361,361,exact,"{""student"": 361}",,"[""https://news.harianjogja.com/r-1267563/361-siswa-diduga-keracunan-mbg-di-karo-1-dirawat-intensif-di-medan""]","[""id.Daftar_kasus_keracunan_massal_makan_siang_gratis#r0022"", ""id.Daftar_kasus_keracunan_massal_makan_siang_gratis#r0023"", ""id.Daftar_kasus_keracunan_massal_makan_siang_gratis#r0024"", ""id.Daftar_kasus_keracunan_massal_makan_siang_gratis#r0025"", ""id.Daftar_kasus_keracunan_massal_makan_siang_gratis#r0026""]","[""count_shared_across_rows""]"
id.Daftar_kasus_keracunan_massal_makan_siang_gratis#e0081,2026-08-13,2026-08-13,day,Riau,Kota Dumai,kota,Dumai,14.72,1.605410676514873,101.39165976395793,355256,2,"[""SDN 013 Buluh Kasap"", ""SDN 015 Buluh Kasap""]","[""primary""]",42,42,42,exact,"{""student"": 42}",,"[""https://pekanbaru.inews.id/read/709211/puluhan-siswa-sd-di-dumai-keracunan-mbg""]","[""id.Daftar_kasus_keracunan_massal_makan_siang_gratis#r0081"", ""id.Daftar_kasus_keracunan_massal_makan_siang_gratis#r0082""]","[""count_shared_across_rows""]"
id.Daftar_kasus_keracunan_massal_makan_siang_gratis#e0352,2026-08-14,2026-08-14,day,Jawa Barat,Kota Sukabumi,kota,Sukabumi,32.72,-6.917619028189996,106.93185683886544,370096,1,"[""Pondok Pesantren Baiti Jannati""]","[""pesantren""]",134,134,134,exact,"{""santri"": 134}",,"[""https://sukabumisatu.com/dugaan-keracunan-massal-mbg-di-ponpes-baiti-jannati-sukabumi-134-santri-tumbang-pengawasan-penyedia-makanan-dipertanyakan/""]","[""id.Daftar_kasus_keracunan_massal_makan_siang_gratis#r0352""]",[]
id.Daftar_kasus_keracunan_massal_makan_siang_gratis#e0390,2026-08-14,2026-08-14,day,Jawa Tengah,Kabupaten Klaten,kabupaten,Klaten,33.10,-7.712385036340197,110.59213566770745,1302648,1,"[""SDIT Muhammadiyah Sinar Fajar""]","[""primary""]",178,178,178,exact,"{""student"": 178}",,"[""https://radarsolo.jawapos.com/klaten/2608160033/nugget-mbg-diduga-jadi-biang-keracunan-ratusan-siswa-dan-guru-dinkes-klaten-ambil-sampel-makanan""]","[""id.Daftar_kasus_keracunan_massal_makan_siang_gratis#r0390""]",[]
id.Daftar_kasus_keracunan_massal_makan_siang_gratis#e0078,2026-08-18,2026-08-18,day,Riau,Kabupaten Kampar,kabupaten,Kampar,14.01,0.3138917999795952,101.01798894984739,898973,2,"[""SDN 008 Rimba Beringin"", ""SMKN 1 Tapung Hulu""]","[""primary"", ""senior_secondary""]",141,141,141,exact,"{""person"": 141}",,"[""https://bukamata.co/kesehatan/501315543/petaka-program-mbg-kampar-141-siswa-dan-15-guru-keracunan-massal-dapur-penyedia-ternyata-tak-punya-izin-sanitasi""]","[""id.Daftar_kasus_keracunan_massal_makan_siang_gratis#r0078"", ""id.Daftar_kasus_keracunan_massal_makan_siang_gratis#r0079""]","[""count_shared_across_rows""]"
id.Daftar_kasus_keracunan_massal_makan_siang_gratis#e0780,2026-08-20,2026-08-20,day,Sulawesi Tengah,Kabupaten Banggai Kepulauan,kabupaten,Banggai Kepulauan,72.07,-1.3119041730240604,123.29844358843701,130008,3,"[""SDN Mata"", ""SDN Kanali"", ""SD Muhammadiyah Peling""]","[""primary""]",51,51,51,exact,"{""person"": 51}",,"[""https://portal.banggaikep.go.id/puluhan-siswa-di-banggai-kepulauan-diduga-keracunan-usai-santap-mbg-pemda-bangkep-turun-ke-lokasi/""]","[""id.Daftar_kasus_keracunan_massal_makan_siang_gratis#r0780"", ""id.Daftar_kasus_keracunan_massal_makan_siang_gratis#r0781"", ""id.Daftar_kasus_keracunan_massal_makan_siang_gratis#r0782""]","[""count_shared_across_rows""]"
id.Daftar_kasus_keracunan_massal_makan_siang_gratis#e0474,2026-08-21,2026-08-21,day,Jawa Tengah,Kota Surakarta,kota,Surakarta,33.72,-7.569260552279098,110.82945951003452,589242,1,"[""SMAN 6 Surakarta""]","[""senior_secondary""]",175,175,175,exact,"{""student"": 175}",,"[""https://solo.tribunnews.com/solo/349142/175-siswa-sma-n-6-solo-keracunan-mbg-sppg-langsung-kena-suspend""]","[""id.Daftar_kasus_keracunan_massal_makan_siang_gratis#r0474""]",[]
id.Daftar_kasus_keracunan_massal_makan_siang_gratis#e0475,2026-08-21,2026-08-21,day,Jawa Tengah,Kabupaten Boyolali,kabupaten,Boyolali,33.09,-7.545656104163497,110.61059579654192,1114070,2,"[""SMPN 2 Boyolali"", ""SMPN 6 Boyolali""]","[""junior_secondary""]",100,100,100,exact,"{""person"": 100}",,"[""https://www.detik.com/jateng/berita/d-8629066/seratusan-murid-guru-2-smpn-di-boyolali-diduga-keracunan-mbg""]","[""id.Daftar_kasus_keracunan_massal_makan_siang_gratis#r0475"", ""id.Daftar_kasus_keracunan_massal_makan_siang_gratis#r0476""]","[""count_shared_across_rows""]"
id.Daftar_kasus_keracunan_massal_makan_siang_gratis#e0666,2026-09-01,2026-09-01,day,Jawa Timur,Kabupaten Sidoarjo,kabupaten,Sidoarjo,35.15,-7.447173306341014,112.71807833886932,2027874,4,"[""Ponpes Manba'ul Hikam"", ""MTS"", ""MA"", ""16 Lembaga Pendidikan Lainnya""]","[""junior_secondary"", ""pesantren"", ""senior_secondary""]",748,748,748,exact,"{""person"": 748}",,"[""https://www.detik.com/jatim/berita/d-8648306/korban-keracunan-mbg-di-sidoarjo-jadi-748-orang""]","[""id.Daftar_kasus_keracunan_massal_makan_siang_gratis#r0666"", ""id.Daftar_kasus_keracunan_massal_makan_siang_gratis#r0667"", ""id.Daftar_kasus_keracunan_massal_makan_siang_gratis#r0668"", ""id.Daftar_kasus_keracunan_massal_makan_siang_gratis#r0669""]","[""count_shared_across_rows""]"
id.Daftar_kasus_keracunan_massal_makan_siang_gratis#e0008,2026-09-02,2026-09-02,day,Aceh,Kabupaten Bener Meriah,kabupaten,Bener Meriah,11.17,4.702762114549044,96.86195266768776,181376,1,"[""SDN Bukit Mulie""]","[""primary""]",16,16,16,exact,"{""person"": 16}",,"[""https://gayo.tribunnews.com/bener-meriah/54004/breaking-news-belasan-siswa-sd-di-bener-meriah-diduga-keracunan-mbg-wartawan-diancam-oknum-tni""]","[""id.Daftar_kasus_keracunan_massal_makan_siang_gratis#r0008""]",[]
id.Daftar_kasus_keracunan_massal_makan_siang_gratis#e0035,2026-09-02,2026-09-02,day,Sumatera Barat,Kabupaten Agam,kabupaten,Agam,13.06,-0.3151932364711986,100.02965550313753,533254,2,"[""SD (Spesifik tidak disebutkan)"", ""SMP Negeri 1 Palupuh""]","[""junior_secondary"", ""primary""]",344,344,344,exact,"{""person"": 344}",,"[""https://sumbarkita.id/korban-keracunan-mbg-di-agam-capai-344-orang-lima-masih-dirawat/""]","[""id.Daftar_kasus_keracunan_massal_makan_siang_gratis#r0035"", ""id.Daftar_kasus_keracunan_massal_makan_siang_gratis#r0036""]","[""count_shared_across_rows"", ""no_venue""]"
id.Daftar_kasus_keracunan_massal_makan_siang_gratis#e0541,2026-09-02,2026-09-02,day,Jawa Timur,Kabupaten Nganjuk,kabupaten,Nganjuk,35.18,-7.601982862041979,111.90189545421411,1152575,1,"[""SMAN 3 Nganjuk""]","[""senior_secondary""]",127,127,127,exact,"{""student"": 127}",,"[""https://kabarbaik.co/bupati-marhaen-pantau-korban-keracunan-mbg-di-nganjuk-yang-tembus-127-siswa/""]","[""id.Daftar_kasus_keracunan_massal_makan_siang_gratis#r0541""]",[]
id.Daftar_kasus_keracunan_massal_makan_siang_gratis#e0640,2026-09-02,2026-09-02,day,Jawa Timur,Kabupaten Jombang,kabupaten,Jombang,35.17,-7.556402096019785,112.23460958304962,1378005,1,"[""SMPN 1 Kabuh""]","[""junior_secondary""]",260,260,260,exact,"{""person"": 260}",,"[""https://surabaya.kompas.com/read/2026/09/04/182005678/korban-diduga-keracunan-mbg-di-jombang-bertambah-jadi-260-orang-dinkes""]","[""id.Daftar_kasus_keracunan_massal_makan_siang_gratis#r0640""]",[]
id.Daftar_kasus_keracunan_massal_makan_siang_gratis#e0804,2026-09-02,2026-09-02,day,Sulawesi Selatan,Kabupaten Tana Toraja,kabupaten,Tana Toraja,73.18,-3.0865430500830704,119.85708269925097,258934,2,"[""SMP Negeri 1 Makale"", ""SMP Negeri 2 Makale""]","[""junior_secondary""]",193,193,193,exact,"{""student"": 193}",,"[""https://www.cnnindonesia.com/nasional/20260911180218-20-1402945/keracunan-massal-mbg-toraja-ayam-bumbu-kuning-positif-bakteri""]","[""id.Daftar_kasus_keracunan_massal_makan_siang_gratis#r0804"", ""id.Daftar_kasus_keracunan_massal_makan_siang_gratis#r0805""]","[""count_shared_across_rows""]"
id.Daftar_kasus_keracunan_massal_makan_siang_gratis#e0391,2026-09-03,2026-09-03,day,Jawa Tengah,Kabupaten Klaten,kabupaten,Klaten,33.10,-7.712385036340197,110.59213566770745,1302648,2,"[""MIM Srebegan"", ""MIM Cetan""]","[""primary""]",313,313,313,exact,"{""student"": 313}",,"[""https://regional.kompas.com/read/2026/09/04/194652378/313-siswa-mim-di-klaten-diduga-keracunan-mbg-76-diperiksa-dan-tak-ada-yang""]","[""id.Daftar_kasus_keracunan_massal_makan_siang_gratis#r0391"", ""id.Daftar_kasus_keracunan_massal_makan_siang_gratis#r0392""]","[""count_shared_across_rows""]"
id.Daftar_kasus_keracunan_massal_makan_siang_gratis#e0415,2026-09-03,2026-09-03,day,Jawa Tengah,Kabupaten Rembang,kabupaten,Rembang,33.17,-6.703466029933058,111.34262144071498,665501,1,"[""SMAN 1 Lasem""]","[""senior_secondary""]",777,777,777,exact,"{""person"": 777}",,"[""https://mediaindonesia.com/nusantara/929333/777-siswa-dan-guru-sma-negeri-1-lasem-rembang-diduga-keracunan-makan-bergizi-grati""]","[""id.Daftar_kasus_keracunan_massal_makan_siang_gratis#r0415""]",[]
id.Daftar_kasus_keracunan_massal_makan_siang_gratis#e0105,2026-09-04,2026-09-04,day,Bengkulu,Kota Bengkulu,kota,Bengkulu,17.71,-3.792845099999999,102.26076409999996,400533,1,"[""SDN 59 Kota Bengkulu""]","[""primary""]",7,7,7,exact,"{""student"": 7}",,"[""https://www.tempo.co/politik/keracunan-mbg-terus-terjadi-kali-ini-terjadi-di-bengkulu-2285541""]","[""id.Daftar_kasus_keracunan_massal_makan_siang_gratis#r0105""]",[]
id.Daftar_kasus_keracunan_massal_makan_siang_gratis#e0533,2026-09-04,2026-09-04,day,DI Yogyakarta,Kabupaten Bantul,kabupaten,Bantul,34.02,-7.886189837551494,110.3278379965447,980269,6,"[""TK KB Mawar Harapan"", ""KB Teratai Ceria"", ""SDN 1 Sumberagung"", ""SD Patalan"", ""SD Sawahan"", ""SD Kembangsongo""]","[""early_childhood"", ""primary""]",73,73,73,exact,"{""person"": 73}",,"[""https://jogja.tribunnews.com/diy/1223203/keracunan-mbg-berulang-di-sppg-patalan-2-dprd-bantul-minta-bgn-beri-sanksi-tegas""]","[""id.Daftar_kasus_keracunan_massal_makan_siang_gratis#r0533"", ""id.Daftar_kasus_keracunan_massal_makan_siang_gratis#r0534"", ""id.Daftar_kasus_keracunan_massal_makan_siang_gratis#r0535"", ""id.Daftar_kasus_keracunan_massal_makan_siang_gratis#r0536"", ""id.Daftar_kasus_keracunan_massal_makan_siang_gratis#r0537"", ""id.Daftar_kasus_keracunan_massal_makan_siang_gratis#r0538""]","[""count_shared_across_rows""]"
id.Daftar_kasus_keracunan_massal_makan_siang_gratis#e0409,2026-09-07,2026-09-07,day,Jawa Tengah,Kabupaten Jepara,kabupaten,Jepara,33.20,-6.59009446252794,110.66812971187831,1283687,3,"[""SDN 1 Srobyong"", ""SMK Nawakartika Sekuro"", ""MA Nawakartika Sekuro""]","[""primary"", ""senior_secondary""]",398,398,398,exact,"{""student"": 370, ""teacher"": 28}",,"[""https://www.cirebonraya.com/nusantara/43717620491/lagi-ratusan-siswa-dan-guru-di-jepara-diduga-keracunan-massal-menu-mbg-operasional-sppg-sekuro-disetop-sementara""]","[""id.Daftar_kasus_keracunan_massal_makan_siang_gratis#r0409"", ""id.Daftar_kasus_keracunan_massal_makan_siang_gratis#r0410"", ""id.Daftar_kasus_keracunan_massal_makan_siang_gratis#r0411""]","[""count_shared_across_rows""]"
id.Daftar_kasus_keracunan_massal_makan_siang_gratis#e0501,2026-09-07,2026-09-07,day,DI Yogyakarta,Kabupaten Sleman,kabupaten,Sleman,34.04,-7.71654673418279,110.35577266770737,1125571,3,"[""SD Muhammadiyah Balerante"", ""SMP Negeri 3 Turi"", ""SMK Muhammadiyah I Turi""]","[""junior_secondary"", ""primary"", ""senior_secondary""]",101,101,101,exact,"{""person"": 101}",,"[""https://jogja.tribunnews.com/diy/1222571/korban-keracunan-setelah-santap-mbg-di-turi-sleman-bertambah-jadi-101-siswa-dua-rawat-inap""]","[""id.Daftar_kasus_keracunan_massal_makan_siang_gratis#r0501"", ""id.Daftar_kasus_keracunan_massal_makan_siang_gratis#r0502"", ""id.Daftar_kasus_keracunan_massal_makan_siang_gratis#r0503""]","[""count_shared_across_rows""]"
id.Daftar_kasus_keracunan_massal_makan_siang_gratis#e0416,2026-09-08,2026-09-08,day,Jawa Tengah,Kabupaten Rembang,kabupaten,Rembang,33.17,-6.703466029933058,111.34262144071498,665501,1,"[""MAN 2 Rembang""]","[""senior_secondary""]",278,278,278,exact,"{""student"": 271, ""teacher"": 7}",,"[""https://banyumas.tribunnews.com/jateng/95884/santap-ayam-kare-mbg-271-siswa-dan-guru-man-2-rembang-mengalami-keracunan-massal""]","[""id.Daftar_kasus_keracunan_massal_makan_siang_gratis#r0416""]",[]
id.Daftar_kasus_keracunan_massal_makan_siang_gratis#e0439,2026-09-08,2026-09-08,day,Jawa Tengah,Kabupaten Blora,kabupaten,Blora,33.16,-6.969718505731454,111.41492279653751,927961,1,"[""SMAN 1 Tunjungan""]","[""senior_secondary""]",137,137,137,exact,"{""student"": 136, ""teacher"": 1}",,"[""https://www.detik.com/jateng/berita/d-8653953/137-siswa-guru-sman-1-tunjungan-blora-keracunan-mbg""]","[""id.Daftar_kasus_keracunan_massal_makan_siang_gratis#r0439""]",[]
id.Daftar_kasus_keracunan_massal_makan_siang_gratis#e0457,2026-09-09,2026-09-09,day,Jawa Tengah,Kabupaten Pati,kabupaten,Pati,33.18,-6.75222674353357,111.03994759653601,1385904,6,"[""SDN 3 Gembong"", ""MI Miftahul"", ""SMPN 1 Gembong"", ""MTSN 3 Pati"", ""MTs Manbaul Ulum"", ""Posyandu Anggrek""]","[""community_health_post"", ""junior_secondary"", ""primary""]",424,424,424,exact,"{""student"": 424}",,"[""https://serikatnews.com/korban-keracunan-mbg-di-pati-capai-424-orang/""]","[""id.Daftar_kasus_keracunan_massal_makan_siang_gratis#r0457"", ""id.Daftar_kasus_keracunan_massal_makan_siang_gratis#r0458"", ""id.Daftar_kasus_keracunan_massal_makan_siang_gratis#r0459"", ""id.Daftar_kasus_keracunan_massal_makan_siang_gratis#r0460"", ""id.Daftar_kasus_keracunan_massal_makan_siang_gratis#r0461"", ""id.Daftar_kasus_keracunan_massal_makan_siang_gratis#r0462""]","[""count_shared_across_rows""]"
id.Daftar_kasus_keracunan_massal_makan_siang_gratis#e0645,2026-09-09,2026-09-09,day,Jawa Timur,Kota Madiun,kota,Madiun,35.77,-7.624396873185385,111.52064916955761,201733,1,"[""SDN 2 Kanigoro""]","[""primary""]",30,30,30,exact,"{""student"": 30}",,"[""https://surabaya.kompas.com/read/2026/09/09/162042878/guru-dan-siswa-sd-di-madiun-diduga-keracunan-mbg-dirawat-di-puskesmas-dan""]","[""id.Daftar_kasus_keracunan_massal_makan_siang_gratis#r0645""]",[]
id.Daftar_kasus_keracunan_massal_makan_siang_gratis#e0330,2026-09-10,2026-09-10,day,Jawa Barat,Kabupaten Bandung Barat,kabupaten,Bandung Barat,32.17,-6.865221399999999,107.49197670000001,1911661,1,"[""SDN 2 Cipeundeuy""]","[""primary""]",32,32,32,exact,"{""student"": 31, ""teacher"": 1}",,"[""https://jabar.tribunnews.com/metro-bandung/1184202/tak-cuma-31-siswa-satu-guru-sd-negeri-2-cipeundeuy-padalarang-juga-jadi-korban-keracunan-mbg""]","[""id.Daftar_kasus_keracunan_massal_makan_siang_gratis#r0330""]",[]
id.Daftar_kasus_keracunan_massal_makan_siang_gratis#e0028,2026-09-11,2026-09-11,day,Sumatera Utara,Kabupaten Labuhanbatu Utara,kabupaten,Labuhanbatu Utara,12.23,2.5628487863896083,99.65806864456648,399306,1,"[""SMP Swasta Ahmad Dahlan""]","[""junior_secondary""]",5,5,5,exact,"{""student"": 5}",,"[""https://info86news.com/5-orang-siswa-smp-swasta-ahmad-dahlan-aek-kanopan-labuhanbatu-utara-diduga-keracuan-usai-mengkonsumsi-mbg/""]","[""id.Daftar_kasus_keracunan_massal_makan_siang_gratis#r0028""]",[]
id.Daftar_kasus_keracunan_massal_makan_siang_gratis#e0399,2026-09-11,2026-09-11,day,Jawa Tengah,Kabupaten Wonogiri,kabupaten,Wonogiri,33.12,-7.815058364755334,110.9256844677081,1057495,1,"[""SMP 1 Bulukerto""]","[""junior_secondary""]",155,155,155,exact,"{""student"": 155}",,"[""https://solo.suaramerdeka.com/solo-raya/0517648110/ratusan-siswa-smp-di-bulukerto-wonogiri-tidak-masuk-sekolah-karena-sakit-akibat-mbg""]","[""id.Daftar_kasus_keracunan_massal_makan_siang_gratis#r0399""]",[]
id.Daftar_kasus_keracunan_massal_makan_siang_gratis#e0400,2026-09-11,2026-09-11,day,Jawa Tengah,Kabupaten Wonogiri,kabupaten,Wonogiri,33.12,-7.815058364755334,110.9256844677081,1057495,1,"[""SMP 2 Bulukerto""]","[""junior_secondary""]",72,72,72,exact,"{""student"": 72}",,"[""https://solo.suaramerdeka.com/solo-raya/0517648110/ratusan-siswa-smp-di-bulukerto-wonogiri-tidak-masuk-sekolah-karena-sakit-akibat-mbg""]","[""id.Daftar_kasus_keracunan_massal_makan_siang_gratis#r0400""]",[]
id.Daftar_kasus_keracunan_massal_makan_siang_gratis#e0678,2026-09-11,2026-09-11,day,Nusa Tenggara Barat,Kabupaten Lombok Tengah,kabupaten,Lombok Tengah,52.02,-8.706131863466181,116.27003418305937,1128716,5,"[""SDN 2 Lendang Tampel"", ""SDN Repok Puyung"", ""SDN Beber"", ""SDN Mertak Kesambik"", ""MTs Qudwatun Hasanah""]","[""junior_secondary"", ""primary""]",352,352,352,exact,"{""student"": 352}",,"[""https://afu.id/nasional/keracunan-mbg-di-lombok-tengah-masif-352-siswa-sd-jadi-korban-wali-murid-geram-desak-program-dihentikan""]","[""id.Daftar_kasus_keracunan_massal_makan_siang_gratis#r0678"", ""id.Daftar_kasus_keracunan_massal_makan_siang_gratis#r0679"", ""id.Daftar_kasus_keracunan_massal_makan_siang_gratis#r0680"", ""id.Daftar_kasus_keracunan_massal_makan_siang_gratis#r0681"", ""id.Daftar_kasus_keracunan_massal_makan_siang_gratis#r0682""]","[""count_shared_across_rows""]"
id.Daftar_kasus_keracunan_massal_makan_siang_gratis#e0027,2026-09-14,2026-09-14,day,Sumatera Utara,Kabupaten Karo,kabupaten,Karo,12.06,3.110679693532461,98.5013348785831,422495,1,"[""SMKN 1 Merdeka""]","[""senior_secondary""]",35,35,35,exact,"{""student"": 35}",,"[""https://www.beritanusa.com/sumatera-utara/2503031129/kembali-terjadi-35-siswa-smkn-1-merdeka-karo-diduga-keracunan-menu-mbg-30-dirawat-di-rs""]","[""id.Daftar_kasus_keracunan_massal_makan_siang_gratis#r0027""]",[]
id.Daftar_kasus_keracunan_massal_makan_siang_gratis#e0029,2026-09-14,2026-09-14,day,Sumatera Utara,Kabupaten Asahan,kabupaten,Asahan,12.09,2.9881057835467244,99.61283578690154,799451,1,"[""MTsN 2 Kisaran""]","[""junior_secondary""]",30,30,30,exact,"{""student"": 30}",,"[""https://medan.kompas.com/read/2026/09/14/162019778/puluhan-siswa-di-asahan-diduga-keracunan-mbg-sejumlah-ompreng-berbau-tak-sedap""]","[""id.Daftar_kasus_keracunan_massal_makan_siang_gratis#r0029""]",[]
id.Daftar_kasus_keracunan_massal_makan_siang_gratis#e0045,2026-09-14,2026-09-14,day,Sumatera Barat,Kota Pariaman,kota,Pariaman,13.77,-0.6289899582270029,100.1377134437062,103835,2,"[""MTsN 1 Kota Pariaman"", ""SMP 1 Kota Pariaman""]","[""junior_secondary""]",127,127,127,exact,"{""student"": 127}",,"[""https://afu.id/humaniora/127-siswa-keracunan-usai-santap-mbg-di-pariaman-sppg-ditutup""]","[""id.Daftar_kasus_keracunan_massal_makan_siang_gratis#r0045"", ""id.Daftar_kasus_keracunan_massal_makan_siang_gratis#r0046""]","[""count_shared_across_rows""]"
id.Daftar_kasus_keracunan_massal_makan_siang_gratis#e0267,2026-09-14,2026-09-14,day,Jawa Barat,Kabupaten Kuningan,kabupaten,Kuningan,32.08,-6.975864860855258,108.48310462537334,1239999,1,"[""SMP (Spesifik tidak disebutkan)""]","[""junior_secondary""]",30,30,30,exact,"{""student"": 30}",,"[""https://jabar.tribunnews.com/jabar-region/1184295/30-pelajar-di-ciwaru-kuningan-keracunan-mbg-bupati-jenguk-korban-dan-uji-sampel-makanan""]","[""id.Daftar_kasus_keracunan_massal_makan_siang_gratis#r0267""]","[""no_venue""]"
id.Daftar_kasus_keracunan_massal_makan_siang_gratis#e0637,2026-09-15,2026-09-15,day,Jawa Timur,Kabupaten Trenggalek,kabupaten,Trenggalek,35.03,-8.047910064122286,111.70915082348205,753810,2,"[""SMP Global"", ""MA Global""]","[""junior_secondary"", ""senior_secondary""]",77,77,77,exact,"{""student"": 77}",,"[""https://afu.id/humaniora/keracunan-mbg-77-siswa-dan-guru-di-trenggalek-alami-diare-massal""]","[""id.Daftar_kasus_keracunan_massal_makan_siang_gratis#r0637"", ""id.Daftar_kasus_keracunan_massal_makan_siang_gratis#r0638""]","[""count_shared_across_rows"", ""unnumbered_subject""]"
id.Daftar_kasus_keracunan_massal_makan_siang_gratis#e0143,2026-09-16,2026-09-16,day,Lampung,Kabupaten Lampung Selatan,kabupaten,Lampung Selatan,18.01,-5.717676069034854,105.58534802478252,1124683,1,"[""MI Syamsul Maarif""]","[""primary""]",11,11,11,exact,"{""student"": 11}",,"[""https://lampung.viva.co.id/pendidikan/10127-11-siswa-mi-syamsul-maarif-diduga-keracunan-puskesmas-ketapang-ambil-sampel-dapur-mbg-sppg""]","[""id.Daftar_kasus_keracunan_massal_makan_siang_gratis#r0143""]",[]
id.Daftar_kasus_keracunan_massal_makan_siang_gratis#e0490,2026-09-16,2026-09-16,day,DI Yogyakarta,Kabupaten Kulon Progo,kabupaten,Kulon Progo,34.01,-7.857808676282555,110.15916128305197,444994,2,"[""MTs Ma'arif Jangkaran"", ""SMP Muhammadiyah Temon""]","[""junior_secondary""]",29,29,29,exact,"{""student"": 29}",,"[""https://jogjapolitan.harianjogja.com/r-1271607/kronologi-puluhan-siswa-temon-kulonprogo-keracunan-mbg-menu-diduga-berlendir""]","[""id.Daftar_kasus_keracunan_massal_makan_siang_gratis#r0490"", ""id.Daftar_kasus_keracunan_massal_makan_siang_gratis#r0491""]","[""count_shared_across_rows""]"
id.Daftar_kasus_keracunan_massal_makan_siang_gratis#e0521,2026-09-16,2026-09-16,day,DI Yogyakarta,Kota Yogyakarta,kota,Yogyakarta,34.71,-7.799905025562796,110.39137075421564,415605,1,"[""SMK Negeri 2 Yogyakarta""]","[""senior_secondary""]",413,413,413,exact,"{""person"": 413}",,"[""https://jogja.tribunnews.com/diy/1223367/kronologi-413-warga-smkn-2-yogyakarta-alami-gejala-keracunan-menu-mbg""]","[""id.Daftar_kasus_keracunan_massal_makan_siang_gratis#r0521""]",[]
id.Daftar_kasus_keracunan_massal_makan_siang_gratis#e0592,2026-09-16,2026-09-16,day,Jawa Timur,Kabupaten Tulungagung,kabupaten,Tulungagung,35.04,-8.064364715839401,111.90068000547873,1139224,1,"[""SMKN 1 Boyolangu""]","[""senior_secondary""]",200,200,200,exact,"{""student"": 200}",,"[""https://www.detik.com/jatim/berita/d-8667384/200-siswa-dan-guru-smkn-1-boyolangu-tulungagung-diduga-keracunan-mbg""]","[""id.Daftar_kasus_keracunan_massal_makan_siang_gratis#r0592""]",[]
id.Daftar_kasus_keracunan_massal_makan_siang_gratis#e0670,2026-09-16,2026-09-16,day,Jawa Timur,Kota Blitar,kota,Blitar,35.72,-8.099174292311863,112.1645539118899,161204,2,"[""SLB Negeri 1 Kota Blitar"", ""MTs Al Muhafizhoh""]","[""junior_secondary"", ""special_needs""]",20,20,20,exact,"{""student"": 20}",,"[""https://jogja.tribunnews.com/nasional/1223321/cerita-menyedihkan-siswa-slb-korban-keracunan-mbg-pingsan-karena-lama-menahan-sakit""]","[""id.Daftar_kasus_keracunan_massal_makan_siang_gratis#r0670"", ""id.Daftar_kasus_keracunan_massal_makan_siang_gratis#r0671""]","[""count_shared_across_rows""]"
id.Daftar_kasus_keracunan_massal_makan_siang_gratis#e0832,2026-09-16,2026-09-16,day,Papua Barat Daya,Kota Sorong,kota,Sorong,96.71,-0.881124482673792,131.28763959924163,286028,1,"[""SMP Muhammadiyah Al Amin Sorong""]","[""junior_secondary""]",33,33,33,exact,"{""student"": 33}",,"[""https://papuabarat.tribunnews.com/news/66127/33-siswa-dan-guru-diduga-keracunan-sppg-mbg-di-sorong-disetop-sementara""]","[""id.Daftar_kasus_keracunan_massal_makan_siang_gratis#r0832""]","[""unnumbered_subject""]"
id.Daftar_kasus_keracunan_massal_makan_siang_gratis#e0005,2026-09-17,2026-09-17,day,Aceh,Kabupaten Bireuen,kabupaten,Bireuen,11.11,5.207564894628741,96.72640339652622,468696,1,"[""SMAN 1 Kuala""]","[""senior_secondary""]",17,17,17,exact,"{""student"": 17}",,"[""https://prohaba.tribunnews.com/nanggroe/48626/belasan-siswadi-bireuen-didugakeracunan-mbg-aroma-ayam-sudah-tak-sedap""]","[""id.Daftar_kasus_keracunan_massal_makan_siang_gratis#r0005""]",[]
id.Daftar_kasus_keracunan_massal_makan_siang_gratis#e0651,2026-09-17,2026-09-17,day,Jawa Timur,Kota Kediri,kota,Kediri,35.71,-7.8121941506978585,112.0142841830517,301424,3,"[""SDN Kampung Dalem 3"", ""SDN Kampung Dalem 4"", ""SDN Kaliombo""]","[""primary""]",37,37,37,exact,"{""student"": 37}",,"[""https://surabaya.kompas.com/read/2026/09/18/113044678/dugaan-keracunan-mbg-di-kediri-meluas-37-siswa-dari-3-sekolah-terdampak""]","[""id.Daftar_kasus_keracunan_massal_makan_siang_gratis#r0651"", ""id.Daftar_kasus_keracunan_massal_makan_siang_gratis#r0652"", ""id.Daftar_kasus_keracunan_massal_makan_siang_gratis#r0653""]","[""count_shared_across_rows""]"
id.Daftar_kasus_keracunan_massal_makan_siang_gratis#e0018,2026-09-18,2026-09-18,day,Sumatera Utara,Kabupaten Deli Serdang,kabupaten,Deli Serdang,12.07,3.550718941711028,98.86644224023665,2080408,4,"[""SDN 101976 Desa Bandar Kuala"", ""SDN 106197 Desa Paku"", ""SDN 101961 Desa Timbang Deli"", ""SDN 107827 Desa Titi Besi""]","[""primary""]",38,38,38,exact,"{""student"": 38}",,"[""https://medan.tribunnews.com/deliserdang/1811584/puluhan-siswa-sd-di-deli-serdang-sakit-perut-setelah-konsumsi-mbg-dilarikan-ke-puskesmas""]","[""id.Daftar_kasus_keracunan_massal_makan_siang_gratis#r0018"", ""id.Daftar_kasus_keracunan_massal_makan_siang_gratis#r0019"", ""id.Daftar_kasus_keracunan_massal_makan_siang_gratis#r0020"", ""id.Daftar_kasus_keracunan_massal_makan_siang_gratis#r0021""]","[""count_shared_across_rows""]"
id.Daftar_kasus_keracunan_massal_makan_siang_gratis#e0115,2026-09-18,2026-09-18,day,Kepulauan Bangka Belitung,Kabupaten Bangka Tengah,kabupaten,Bangka Tengah,19.04,-2.515349261743928,106.41589404069474,210684,1,"[""Madrasah Ibtidaiyah (MI) Al-Arifin""]",[],6,6,6,exact,"{""student"": 6}",,"[""https://doorstop.id/enam-siswa-mi-al-arifin-dilarikan-ke-puskesmas-diduga-usai-santap-mbg-guru-temukan-ulat-dalam-susu/""]","[""id.Daftar_kasus_keracunan_massal_makan_siang_gratis#r0115""]",[]
id.Daftar_kasus_keracunan_massal_makan_siang_gratis#e0463,2026-09-18,2026-09-18,day,Jawa Tengah,Kabupaten Pati,kabupaten,Pati,33.18,-6.75222674353357,111.03994759653601,1385904,1,"[""SDN Maitan 01 Pati""]","[""primary""]",17,17,17,exact,"{""student"": 17}",,"[""https://www.liputan7.id/berita/2123036685/dugaan-keracunan-susu-program-mbg-di-sdn-maitan-01-pati-dinkes-lakukan-investigasi""]","[""id.Daftar_kasus_keracunan_massal_makan_siang_gratis#r0463""]",[]
id.Daftar_kasus_keracunan_massal_makan_siang_gratis#e0814,2026-09-18,2026-09-18,day,Sulawesi Tenggara,Kota Kendari,kota,Kendari,74.71,-3.9729017385837686,122.51174077056197,366454,1,"[""Pondok Pesantren Al-Askar""]","[""pesantren""]",58,58,58,exact,"{""santri"": 58}",,"[""https://www.indosultra.com/58-santri-al-askar-diduga-keracunan-menu-mbg-berasal-dari-dapur-sppg-watubangga/""]","[""id.Daftar_kasus_keracunan_massal_makan_siang_gratis#r0814""]",[]
id.Daftar_kasus_keracunan_massal_makan_siang_gratis#e0141,,,,Lampung,Kabupaten Lampung Selatan,kabupaten,Lampung Selatan,18.01,-5.717676069034854,105.58534802478252,1124683,1,"[""TBA( Tidak Disebutkan)""]",[],27,27,27,exact,"{""student"": 27}",,"[""https://www.liputan6.com/regional/read/6169729/siswa-keracunan-massal-mbg-pemprov-lampung-hentikan-sementara-dapur-makanan""]","[""id.Daftar_kasus_keracunan_massal_makan_siang_gratis#r0141""]","[""no_date"", ""no_venue""]"
id.Daftar_kasus_keracunan_massal_makan_siang_gratis#e0205,,,,DKI Jakarta,Kota Administrasi Jakarta Utara,kota,Jakarta Utara,31.72,-6.1200283357159915,106.89249513885989,1832032,1,"[""Kelurahan Lagoa""]",[],79,79,79,exact,"{""student"": 79}",,"[""https://ruminews.id/2025/09/23/keracunan-massal-program-mbg-dpr-minta-evaluasi-sistem-jppi-desak-moratorium/""]","[""id.Daftar_kasus_keracunan_massal_makan_siang_gratis#r0205""]","[""no_date""]"
