incident_id,source_page,table_row,event_id,date_iso,date_end_iso,date_precision,date_raw,province,province_raw,kabkota,kabkota_type,kabkota_name,kabkota_kode,kabkota_kode_match,provinsi_kode,kabkota_lat,kabkota_lng,kabkota_population,kabkota_area_km2,venue,venue_level,venue_raw,symptomatic_raw,symptomatic_kind,symptomatic,symptomatic_min,symptomatic_max,symptomatic_by_subject,symptomatic_counted,deaths_raw,deaths,deaths_counted,ref_ids,source_urls,flags
id.Daftar_kasus_keracunan_massal_makan_siang_gratis#r0000,id.Daftar_kasus_keracunan_massal_makan_siang_gratis,0,id.Daftar_kasus_keracunan_massal_makan_siang_gratis#e0000,2025-09-29,2025-09-29,day,29 September 2025,Aceh,Nanggroe Aceh Darussalam,Kabupaten Aceh Utara,kabupaten,Aceh Utara,11.08,exact,11,5.07571569194339,97.30262386768965,641007,2705.045,SDN 6 Matangkuli,primary,SDN 6 Matangkuli,3 Siswa,exact,3,3,3,"{""student"": 3}",3,,,,"["":3""]","[""https://regional.kompas.com/read/2025/10/03/143203478/3-murid-sd-aceh-utara-mual-dan-muntah-diduga-setelah-makan-mbg""]",[]
id.Daftar_kasus_keracunan_massal_makan_siang_gratis#r0001,id.Daftar_kasus_keracunan_massal_makan_siang_gratis,1,id.Daftar_kasus_keracunan_massal_makan_siang_gratis#e0001,2026-01-24,2026-01-24,day,24 Januari 2026,Aceh,Nanggroe Aceh Darussalam,Kabupaten Aceh Timur,kabupaten,Aceh Timur,11.03,exact,11,4.932736888548549,97.7838443591112,461391,5409.158,,,TBA (Tidak disebutkan),19 Siswa,exact,19,19,19,"{""student"": 19}",19,,,,"["":9""]","[""https://regional.kompas.com/read/2026/01/27/190043678/korban-keracunan-makanan-di-sekolah-cianjur-bertambah-jadi-33-siswa-12-anak""]","[""no_venue""]"
id.Daftar_kasus_keracunan_massal_makan_siang_gratis#r0002,id.Daftar_kasus_keracunan_massal_makan_siang_gratis,2,id.Daftar_kasus_keracunan_massal_makan_siang_gratis#e0002,2026-02-11,2026-02-11,day,11 Februari 2026,Aceh,Nanggroe Aceh Darussalam,Kabupaten Aceh Singkil,kabupaten,Aceh Singkil,11.10,exact,11,2.2710939677616295,97.81532536767888,140461,,TK Bunga Al-Qur’an,early_childhood,TK Bunga Al-Qur’an,33 Santri,exact,33,33,33,"{""santri"": 33}",33,,,,"[""auto:0bf5a209e2""]","[""https://www.ajnn.net/news/puluhan-santri-di-aceh-singkil-diduga-keracunan-mbg-sppg-dihentikan-sementara/amp.html""]",[]
id.Daftar_kasus_keracunan_massal_makan_siang_gratis#r0003,id.Daftar_kasus_keracunan_massal_makan_siang_gratis,3,id.Daftar_kasus_keracunan_massal_makan_siang_gratis#e0002,2026-02-11,2026-02-11,day,11 Februari 2026,Aceh,Nanggroe Aceh Darussalam,Kabupaten Aceh Singkil,kabupaten,Aceh Singkil,11.10,exact,11,2.2710939677616295,97.81532536767888,140461,,Pesantren Modern Darul Mustafa,pesantren,Pesantren Modern Darul Mustafa,33 Santri,exact,33,33,33,"{""santri"": 33}",,,,,"[""auto:0bf5a209e2""]","[""https://www.ajnn.net/news/puluhan-santri-di-aceh-singkil-diduga-keracunan-mbg-sppg-dihentikan-sementara/amp.html""]","[""count_shared_across_rows""]"
id.Daftar_kasus_keracunan_massal_makan_siang_gratis#r0004,id.Daftar_kasus_keracunan_massal_makan_siang_gratis,4,id.Daftar_kasus_keracunan_massal_makan_siang_gratis#e0004,2026-02-26,2026-02-26,day,26 Februari 2026,Aceh,Nanggroe Aceh Darussalam,Kabupaten Bireuen,kabupaten,Bireuen,11.11,exact,11,5.207564894628741,96.72640339652622,468696,1796.959,warga Simpang Mamplam dan Pandrah,,warga Simpang Mamplam dan Pandrah,140 Warga,exact,140,140,140,"{""resident"": 140}",140,,,,"[""auto:302397c5d8""]","[""https://aceh.tribunnews.com/nanggroe/1014016/terungkap-info-awal-kasus-dugaan-keracunan-mbg-di-bireuen-warga-telepon-kepala-puskesmas""]",[]
id.Daftar_kasus_keracunan_massal_makan_siang_gratis#r0005,id.Daftar_kasus_keracunan_massal_makan_siang_gratis,5,id.Daftar_kasus_keracunan_massal_makan_siang_gratis#e0005,2026-09-17,2026-09-17,day,17 September 2026,Aceh,Nanggroe Aceh Darussalam,Kabupaten Bireuen,kabupaten,Bireuen,11.11,exact,11,5.207564894628741,96.72640339652622,468696,1796.959,SMAN 1 Kuala,senior_secondary,SMAN 1 Kuala,17 Siswa,exact,17,17,17,"{""student"": 17}",17,,,,"[""auto:50b8cadbdc""]","[""https://prohaba.tribunnews.com/nanggroe/48626/belasan-siswadi-bireuen-didugakeracunan-mbg-aroma-ayam-sudah-tak-sedap""]",[]
id.Daftar_kasus_keracunan_massal_makan_siang_gratis#r0006,id.Daftar_kasus_keracunan_massal_makan_siang_gratis,6,id.Daftar_kasus_keracunan_massal_makan_siang_gratis#e0006,2026-02-26,2026-02-26,day,26 Februari 2026,Aceh,Nanggroe Aceh Darussalam,Kabupaten Aceh Selatan,kabupaten,Aceh Selatan,11.01,exact,11,3.2548016392931354,97.17411233973566,239629,4174.211,,early_childhood,PAUD (Spesifik tidak disebutkan),18 Siswa,exact,18,18,18,"{""student"": 18}",18,,,,"[""auto:4dfa8f2c0f""]","[""https://www.merdeka.com/peristiwa/dinkes-tetapkan-dugaan-keracunan-makanan-bergizi-gratis-aceh-selatan-sebagai-klb-542158-mvk.html""]","[""no_venue""]"
id.Daftar_kasus_keracunan_massal_makan_siang_gratis#r0007,id.Daftar_kasus_keracunan_massal_makan_siang_gratis,7,id.Daftar_kasus_keracunan_massal_makan_siang_gratis#e0006,2026-02-26,2026-02-26,day,26 Februari 2026,Aceh,Nanggroe Aceh Darussalam,Kabupaten Aceh Selatan,kabupaten,Aceh Selatan,11.01,exact,11,3.2548016392931354,97.17411233973566,239629,4174.211,,senior_secondary,SMA (Spesifik tidak disebutkan),18 Siswa,exact,18,18,18,"{""student"": 18}",,,,,"[""auto:4dfa8f2c0f""]","[""https://www.merdeka.com/peristiwa/dinkes-tetapkan-dugaan-keracunan-makanan-bergizi-gratis-aceh-selatan-sebagai-klb-542158-mvk.html""]","[""no_venue"", ""count_shared_across_rows""]"
id.Daftar_kasus_keracunan_massal_makan_siang_gratis#r0008,id.Daftar_kasus_keracunan_massal_makan_siang_gratis,8,id.Daftar_kasus_keracunan_massal_makan_siang_gratis#e0008,2026-09-02,2026-09-02,day,2 September 2026,Aceh,Nanggroe Aceh Darussalam,Kabupaten Bener Meriah,kabupaten,Bener Meriah,11.17,exact,11,4.702762114549044,96.86195266768776,181376,1907.399,SDN Bukit Mulie,primary,SDN Bukit Mulie,16 Orang,exact,16,16,16,"{""person"": 16}",16,,,,"[""auto:1db0df7bf1""]","[""https://gayo.tribunnews.com/bener-meriah/54004/breaking-news-belasan-siswa-sd-di-bener-meriah-diduga-keracunan-mbg-wartawan-diancam-oknum-tni""]",[]
id.Daftar_kasus_keracunan_massal_makan_siang_gratis#r0009,id.Daftar_kasus_keracunan_massal_makan_siang_gratis,9,id.Daftar_kasus_keracunan_massal_makan_siang_gratis#e0009,2025-10-15,2025-10-15,day,15 Oktober 2025,Sumatera Utara,Sumatera Utara,Kabupaten Toba,kabupaten,Toba,12.12,exact,12,2.3318009358602985,99.05102147349844,220508,2291.616,SD Tanding Laguboti,primary,SD Tanding Laguboti,121 Siswa,exact,121,121,121,"{""student"": 121}",121,,,,"["":4""]","[""https://metrodaily.jawapos.com/sumut/2356723516/121-orang-diduga-keracunan-mbg-di-toba-32-masih-dirawat-di-rs""]",[]
id.Daftar_kasus_keracunan_massal_makan_siang_gratis#r0010,id.Daftar_kasus_keracunan_massal_makan_siang_gratis,10,id.Daftar_kasus_keracunan_massal_makan_siang_gratis#e0009,2025-10-15,2025-10-15,day,15 Oktober 2025,Sumatera Utara,Sumatera Utara,Kabupaten Toba,kabupaten,Toba,12.12,exact,12,2.3318009358602985,99.05102147349844,220508,2291.616,SMPN 1 Laguboti,junior_secondary,SMPN 1 Laguboti,121 Siswa,exact,121,121,121,"{""student"": 121}",,,,,"["":4""]","[""https://metrodaily.jawapos.com/sumut/2356723516/121-orang-diduga-keracunan-mbg-di-toba-32-masih-dirawat-di-rs""]","[""count_shared_across_rows""]"
id.Daftar_kasus_keracunan_massal_makan_siang_gratis#r0011,id.Daftar_kasus_keracunan_massal_makan_siang_gratis,11,id.Daftar_kasus_keracunan_massal_makan_siang_gratis#e0011,2025-10-31,2025-10-31,day,31 Oktober 2025,Sumatera Utara,Sumatera Utara,Kabupaten Nias Utara,kabupaten,Nias Utara,12.24,exact,12,1.389322425641782,97.38136186409508,153338,1239.502,SD 071027 Onozitoli Sawo,primary,SD 071027 Onozitoli Sawo,26 Siswa,exact,26,26,26,"{""student"": 26}",26,,,,"[""auto:2d5d225962""]","[""https://nias.wahananews.co/utama/puluhan-pelajar-sd-di-nias-utara-sakit-perut-dan-sesak-nafas-usai-konsumsi-susu-mbg-jCP43JM5vs/3""]",[]
id.Daftar_kasus_keracunan_massal_makan_siang_gratis#r0012,id.Daftar_kasus_keracunan_massal_makan_siang_gratis,12,id.Daftar_kasus_keracunan_massal_makan_siang_gratis#e0012,2026-02-09,2026-02-09,day,9 Februari 2026,Sumatera Utara,Sumatera Utara,Kabupaten Dairi,kabupaten,Dairi,12.11,exact,12,2.7479672571598934,98.31396934594967,333335,2083.604,SMK Swasta HKBP Sidikalang,senior_secondary,SMK Swasta HKBP Sidikalang,271 Siswa,exact,271,271,271,"{""student"": 271}",271,,,,"[""auto:64c0ccc407""]","[""https://mistar.id/news/hukum-peristiwa/siswa-keracunan-mbg-di-dairi-terus-bertambah-total-271-orang""]",[]
id.Daftar_kasus_keracunan_massal_makan_siang_gratis#r0013,id.Daftar_kasus_keracunan_massal_makan_siang_gratis,13,id.Daftar_kasus_keracunan_massal_makan_siang_gratis#e0012,2026-02-09,2026-02-09,day,9 Februari 2026,Sumatera Utara,Sumatera Utara,Kabupaten Dairi,kabupaten,Dairi,12.11,exact,12,2.7479672571598934,98.31396934594967,333335,2083.604,SMK Swasta Arina Sidikalang,senior_secondary,SMK Swasta Arina Sidikalang,271 Siswa,exact,271,271,271,"{""student"": 271}",,,,,"[""auto:64c0ccc407""]","[""https://mistar.id/news/hukum-peristiwa/siswa-keracunan-mbg-di-dairi-terus-bertambah-total-271-orang""]","[""count_shared_across_rows""]"
id.Daftar_kasus_keracunan_massal_makan_siang_gratis#r0014,id.Daftar_kasus_keracunan_massal_makan_siang_gratis,14,id.Daftar_kasus_keracunan_massal_makan_siang_gratis#e0014,2026-02-24,2026-02-24,day,24 Februari 2026,Sumatera Utara,Sumatera Utara,Kabupaten Nias Selatan,kabupaten,Nias Selatan,12.14,exact,12,0.5833773193046318,97.7778846860258,369817,2531.59,SDN 071123,primary,SDN 071123,35 Siswa,exact,35,35,35,"{""student"": 35}",35,,,,"[""auto:c9418d5557""]","[""https://www.komunitastodays.co/2026-02-24/35-siswa-sdn-071123-diduga-keracunan-makanan-program-mbg-orang-tua-dan-warga-kepulauan-batu-kecewa/""]",[]
id.Daftar_kasus_keracunan_massal_makan_siang_gratis#r0015,id.Daftar_kasus_keracunan_massal_makan_siang_gratis,15,id.Daftar_kasus_keracunan_massal_makan_siang_gratis#e0015,2026-04-01,2026-04-01,day,1 April 2026,Sumatera Utara,Sumatera Utara,Kabupaten Humbang Hasundutan,kabupaten,Humbang Hasundutan,12.16,exact,12,2.250279290484845,98.79045401025103,211022,2351.514,SMPN 016 Nagasaribu,junior_secondary,SMPN 016 Nagasaribu,18 Siswa,exact,18,18,18,"{""student"": 18}",18,,,,"[""auto:6dc1bdfc43""]","[""https://www.komandopatastv.co.id/2026/04/puluhan-pelajar-dan-guru-diduga.html""]",[]
id.Daftar_kasus_keracunan_massal_makan_siang_gratis#r0016,id.Daftar_kasus_keracunan_massal_makan_siang_gratis,16,id.Daftar_kasus_keracunan_massal_makan_siang_gratis#e0015,2026-04-01,2026-04-01,day,1 April 2026,Sumatera Utara,Sumatera Utara,Kabupaten Humbang Hasundutan,kabupaten,Humbang Hasundutan,12.16,exact,12,2.250279290484845,98.79045401025103,211022,2351.514,SMA Negeri 3 Lintongnihuta,senior_secondary,SMA Negeri 3 Lintongnihuta,18 Siswa,exact,18,18,18,"{""student"": 18}",,,,,"[""auto:6dc1bdfc43""]","[""https://www.komandopatastv.co.id/2026/04/puluhan-pelajar-dan-guru-diduga.html""]","[""count_shared_across_rows""]"
id.Daftar_kasus_keracunan_massal_makan_siang_gratis#r0017,id.Daftar_kasus_keracunan_massal_makan_siang_gratis,17,id.Daftar_kasus_keracunan_massal_makan_siang_gratis#e0017,2026-04-28,2026-04-28,day,28 April 2026,Sumatera Utara,Sumatera Utara,Kabupaten Deli Serdang,kabupaten,Deli Serdang,12.07,exact,12,3.550718941711028,98.86644224023665,2080408,2581.482,SD swasta terpadu As Syifa,primary,SD swasta terpadu As Syifa,11 Siswa,exact,11,11,11,"{""student"": 11}",11,,,,"[""auto:aa9301123e""]","[""https://www.hariansib.com/Marsipature-Hutanabe/443537/11-pelajar-sd-diduga-keracunan-mbg-di-deliserdang/""]",[]
id.Daftar_kasus_keracunan_massal_makan_siang_gratis#r0018,id.Daftar_kasus_keracunan_massal_makan_siang_gratis,18,id.Daftar_kasus_keracunan_massal_makan_siang_gratis#e0018,2026-09-18,2026-09-18,day,18 September 2026,Sumatera Utara,Sumatera Utara,Kabupaten Deli Serdang,kabupaten,Deli Serdang,12.07,exact,12,3.550718941711028,98.86644224023665,2080408,2581.482,SDN 101976 Desa Bandar Kuala,primary,SDN 101976 Desa Bandar Kuala,38 Siswa,exact,38,38,38,"{""student"": 38}",38,,,,"[""auto:b0d7cdbb75""]","[""https://medan.tribunnews.com/deliserdang/1811584/puluhan-siswa-sd-di-deli-serdang-sakit-perut-setelah-konsumsi-mbg-dilarikan-ke-puskesmas""]",[]
id.Daftar_kasus_keracunan_massal_makan_siang_gratis#r0019,id.Daftar_kasus_keracunan_massal_makan_siang_gratis,19,id.Daftar_kasus_keracunan_massal_makan_siang_gratis#e0018,2026-09-18,2026-09-18,day,18 September 2026,Sumatera Utara,Sumatera Utara,Kabupaten Deli Serdang,kabupaten,Deli Serdang,12.07,exact,12,3.550718941711028,98.86644224023665,2080408,2581.482,SDN 106197 Desa Paku,primary,SDN 106197 Desa Paku,38 Siswa,exact,38,38,38,"{""student"": 38}",,,,,"[""auto:b0d7cdbb75""]","[""https://medan.tribunnews.com/deliserdang/1811584/puluhan-siswa-sd-di-deli-serdang-sakit-perut-setelah-konsumsi-mbg-dilarikan-ke-puskesmas""]","[""count_shared_across_rows""]"
id.Daftar_kasus_keracunan_massal_makan_siang_gratis#r0020,id.Daftar_kasus_keracunan_massal_makan_siang_gratis,20,id.Daftar_kasus_keracunan_massal_makan_siang_gratis#e0018,2026-09-18,2026-09-18,day,18 September 2026,Sumatera Utara,Sumatera Utara,Kabupaten Deli Serdang,kabupaten,Deli Serdang,12.07,exact,12,3.550718941711028,98.86644224023665,2080408,2581.482,SDN 101961 Desa Timbang Deli,primary,SDN 101961 Desa Timbang Deli,38 Siswa,exact,38,38,38,"{""student"": 38}",,,,,"[""auto:b0d7cdbb75""]","[""https://medan.tribunnews.com/deliserdang/1811584/puluhan-siswa-sd-di-deli-serdang-sakit-perut-setelah-konsumsi-mbg-dilarikan-ke-puskesmas""]","[""count_shared_across_rows""]"
id.Daftar_kasus_keracunan_massal_makan_siang_gratis#r0021,id.Daftar_kasus_keracunan_massal_makan_siang_gratis,21,id.Daftar_kasus_keracunan_massal_makan_siang_gratis#e0018,2026-09-18,2026-09-18,day,18 September 2026,Sumatera Utara,Sumatera Utara,Kabupaten Deli Serdang,kabupaten,Deli Serdang,12.07,exact,12,3.550718941711028,98.86644224023665,2080408,2581.482,SDN 107827 Desa Titi Besi,primary,SDN 107827 Desa Titi Besi,38 Siswa,exact,38,38,38,"{""student"": 38}",,,,,"[""auto:b0d7cdbb75""]","[""https://medan.tribunnews.com/deliserdang/1811584/puluhan-siswa-sd-di-deli-serdang-sakit-perut-setelah-konsumsi-mbg-dilarikan-ke-puskesmas""]","[""count_shared_across_rows""]"
id.Daftar_kasus_keracunan_massal_makan_siang_gratis#r0022,id.Daftar_kasus_keracunan_massal_makan_siang_gratis,22,id.Daftar_kasus_keracunan_massal_makan_siang_gratis#e0022,2026-08-13,2026-08-13,day,13 Agustus 2026,Sumatera Utara,Sumatera Utara,Kabupaten Karo,kabupaten,Karo,12.06,exact,12,3.110679693532461,98.5013348785831,422495,2206.876,SMP Negeri 3 Kabanjahe,junior_secondary,SMP Negeri 3 Kabanjahe,361 Siswa,exact,361,361,361,"{""student"": 361}",361,,,,"[""auto:b0c4982155""]","[""https://news.harianjogja.com/r-1267563/361-siswa-diduga-keracunan-mbg-di-karo-1-dirawat-intensif-di-medan""]",[]
id.Daftar_kasus_keracunan_massal_makan_siang_gratis#r0023,id.Daftar_kasus_keracunan_massal_makan_siang_gratis,23,id.Daftar_kasus_keracunan_massal_makan_siang_gratis#e0022,2026-08-13,2026-08-13,day,13 Agustus 2026,Sumatera Utara,Sumatera Utara,Kabupaten Karo,kabupaten,Karo,12.06,exact,12,3.110679693532461,98.5013348785831,422495,2206.876,SMP Swasta Bersama,junior_secondary,SMP Swasta Bersama,361 Siswa,exact,361,361,361,"{""student"": 361}",,,,,"[""auto:b0c4982155""]","[""https://news.harianjogja.com/r-1267563/361-siswa-diduga-keracunan-mbg-di-karo-1-dirawat-intensif-di-medan""]","[""count_shared_across_rows""]"
id.Daftar_kasus_keracunan_massal_makan_siang_gratis#r0024,id.Daftar_kasus_keracunan_massal_makan_siang_gratis,24,id.Daftar_kasus_keracunan_massal_makan_siang_gratis#e0022,2026-08-13,2026-08-13,day,13 Agustus 2026,Sumatera Utara,Sumatera Utara,Kabupaten Karo,kabupaten,Karo,12.06,exact,12,3.110679693532461,98.5013348785831,422495,2206.876,SMAN 1 Berastagi,senior_secondary,SMAN 1 Berastagi,361 Siswa,exact,361,361,361,"{""student"": 361}",,,,,"[""auto:b0c4982155""]","[""https://news.harianjogja.com/r-1267563/361-siswa-diduga-keracunan-mbg-di-karo-1-dirawat-intensif-di-medan""]","[""count_shared_across_rows""]"
id.Daftar_kasus_keracunan_massal_makan_siang_gratis#r0025,id.Daftar_kasus_keracunan_massal_makan_siang_gratis,25,id.Daftar_kasus_keracunan_massal_makan_siang_gratis#e0022,2026-08-13,2026-08-13,day,13 Agustus 2026,Sumatera Utara,Sumatera Utara,Kabupaten Karo,kabupaten,Karo,12.06,exact,12,3.110679693532461,98.5013348785831,422495,2206.876,SMK Swasta Bersama,senior_secondary,SMK Swasta Bersama,361 Siswa,exact,361,361,361,"{""student"": 361}",,,,,"[""auto:b0c4982155""]","[""https://news.harianjogja.com/r-1267563/361-siswa-diduga-keracunan-mbg-di-karo-1-dirawat-intensif-di-medan""]","[""count_shared_across_rows""]"
id.Daftar_kasus_keracunan_massal_makan_siang_gratis#r0026,id.Daftar_kasus_keracunan_massal_makan_siang_gratis,26,id.Daftar_kasus_keracunan_massal_makan_siang_gratis#e0022,2026-08-13,2026-08-13,day,13 Agustus 2026,Sumatera Utara,Sumatera Utara,Kabupaten Karo,kabupaten,Karo,12.06,exact,12,3.110679693532461,98.5013348785831,422495,2206.876,SMA Swasta Bersama,senior_secondary,SMA Swasta Bersama,361 Siswa,exact,361,361,361,"{""student"": 361}",,,,,"[""auto:b0c4982155""]","[""https://news.harianjogja.com/r-1267563/361-siswa-diduga-keracunan-mbg-di-karo-1-dirawat-intensif-di-medan""]","[""count_shared_across_rows""]"
id.Daftar_kasus_keracunan_massal_makan_siang_gratis#r0027,id.Daftar_kasus_keracunan_massal_makan_siang_gratis,27,id.Daftar_kasus_keracunan_massal_makan_siang_gratis#e0027,2026-09-14,2026-09-14,day,14 September 2026,Sumatera Utara,Sumatera Utara,Kabupaten Karo,kabupaten,Karo,12.06,exact,12,3.110679693532461,98.5013348785831,422495,2206.876,SMKN 1 Merdeka,senior_secondary,SMKN 1 Merdeka,35 Siswa,exact,35,35,35,"{""student"": 35}",35,,,,"[""auto:b6105099de""]","[""https://www.beritanusa.com/sumatera-utara/2503031129/kembali-terjadi-35-siswa-smkn-1-merdeka-karo-diduga-keracunan-menu-mbg-30-dirawat-di-rs""]",[]
id.Daftar_kasus_keracunan_massal_makan_siang_gratis#r0028,id.Daftar_kasus_keracunan_massal_makan_siang_gratis,28,id.Daftar_kasus_keracunan_massal_makan_siang_gratis#e0028,2026-09-11,2026-09-11,day,11 September 2026,Sumatera Utara,Sumatera Utara,Kabupaten Labuhanbatu Utara,kabupaten,Labuhanbatu Utara,12.23,exact,12,2.5628487863896083,99.65806864456648,399306,3687.179,SMP Swasta Ahmad Dahlan,junior_secondary,SMP Swasta Ahmad Dahlan,5 Siswa,exact,5,5,5,"{""student"": 5}",5,,,,"[""auto:2cb769a5eb""]","[""https://info86news.com/5-orang-siswa-smp-swasta-ahmad-dahlan-aek-kanopan-labuhanbatu-utara-diduga-keracuan-usai-mengkonsumsi-mbg/""]",[]
id.Daftar_kasus_keracunan_massal_makan_siang_gratis#r0029,id.Daftar_kasus_keracunan_massal_makan_siang_gratis,29,id.Daftar_kasus_keracunan_massal_makan_siang_gratis#e0029,2026-09-14,2026-09-14,day,14 September 2026,Sumatera Utara,Sumatera Utara,Kabupaten Asahan,kabupaten,Asahan,12.09,exact,12,2.9881057835467244,99.61283578690154,799451,3738.42,MTsN 2 Kisaran,junior_secondary,MTsN 2 Kisaran,30 Siswa,exact,30,30,30,"{""student"": 30}",30,,,,"[""auto:304ee537f3""]","[""https://medan.kompas.com/read/2026/09/14/162019778/puluhan-siswa-di-asahan-diduga-keracunan-mbg-sejumlah-ompreng-berbau-tak-sedap""]",[]
id.Daftar_kasus_keracunan_massal_makan_siang_gratis#r0030,id.Daftar_kasus_keracunan_massal_makan_siang_gratis,30,id.Daftar_kasus_keracunan_massal_makan_siang_gratis#e0030,2025-10-01,2025-10-01,day,1 Oktober 2025,Sumatera Barat,Sumatera Barat,Kabupaten Agam,kabupaten,Agam,13.06,exact,13,-0.3151932364711986,100.02965550313753,533254,2225.34,,early_childhood,TK (Spesifik tidak disebutkan),122 Siswa,exact,122,122,122,"{""student"": 122}",122,,,,"["":5""]","[""https://www.kompas.com/sumatera-barat/read/2025/10/03/181500288/-kronologi-122-korban-keracunan-program-mbg-di-agam-diduga-akibat""]","[""no_venue""]"
id.Daftar_kasus_keracunan_massal_makan_siang_gratis#r0031,id.Daftar_kasus_keracunan_massal_makan_siang_gratis,31,id.Daftar_kasus_keracunan_massal_makan_siang_gratis#e0030,2025-10-01,2025-10-01,day,1 Oktober 2025,Sumatera Barat,Sumatera Barat,Kabupaten Agam,kabupaten,Agam,13.06,exact,13,-0.3151932364711986,100.02965550313753,533254,2225.34,,primary,SD (Spesifik tidak disebutkan),122 Siswa,exact,122,122,122,"{""student"": 122}",,,,,"["":5""]","[""https://www.kompas.com/sumatera-barat/read/2025/10/03/181500288/-kronologi-122-korban-keracunan-program-mbg-di-agam-diduga-akibat""]","[""no_venue"", ""count_shared_across_rows""]"
id.Daftar_kasus_keracunan_massal_makan_siang_gratis#r0032,id.Daftar_kasus_keracunan_massal_makan_siang_gratis,32,id.Daftar_kasus_keracunan_massal_makan_siang_gratis#e0030,2025-10-01,2025-10-01,day,1 Oktober 2025,Sumatera Barat,Sumatera Barat,Kabupaten Agam,kabupaten,Agam,13.06,exact,13,-0.3151932364711986,100.02965550313753,533254,2225.34,,junior_secondary,MTS (Tidak diumumkan),122 Siswa,exact,122,122,122,"{""student"": 122}",,,,,"["":5""]","[""https://www.kompas.com/sumatera-barat/read/2025/10/03/181500288/-kronologi-122-korban-keracunan-program-mbg-di-agam-diduga-akibat""]","[""no_venue"", ""count_shared_across_rows""]"
id.Daftar_kasus_keracunan_massal_makan_siang_gratis#r0033,id.Daftar_kasus_keracunan_massal_makan_siang_gratis,33,id.Daftar_kasus_keracunan_massal_makan_siang_gratis#e0030,2025-10-01,2025-10-01,day,1 Oktober 2025,Sumatera Barat,Sumatera Barat,Kabupaten Agam,kabupaten,Agam,13.06,exact,13,-0.3151932364711986,100.02965550313753,533254,2225.34,,junior_secondary,SMP (Tidak diumumkan),122 Siswa,exact,122,122,122,"{""student"": 122}",,,,,"["":5""]","[""https://www.kompas.com/sumatera-barat/read/2025/10/03/181500288/-kronologi-122-korban-keracunan-program-mbg-di-agam-diduga-akibat""]","[""no_venue"", ""count_shared_across_rows""]"
id.Daftar_kasus_keracunan_massal_makan_siang_gratis#r0034,id.Daftar_kasus_keracunan_massal_makan_siang_gratis,34,id.Daftar_kasus_keracunan_massal_makan_siang_gratis#e0030,2025-10-01,2025-10-01,day,1 Oktober 2025,Sumatera Barat,Sumatera Barat,Kabupaten Agam,kabupaten,Agam,13.06,exact,13,-0.3151932364711986,100.02965550313753,533254,2225.34,,,TBA (Tidak diumumkan),122 Siswa,exact,122,122,122,"{""student"": 122}",,,,,"["":5""]","[""https://www.kompas.com/sumatera-barat/read/2025/10/03/181500288/-kronologi-122-korban-keracunan-program-mbg-di-agam-diduga-akibat""]","[""no_venue"", ""count_shared_across_rows""]"
id.Daftar_kasus_keracunan_massal_makan_siang_gratis#r0035,id.Daftar_kasus_keracunan_massal_makan_siang_gratis,35,id.Daftar_kasus_keracunan_massal_makan_siang_gratis#e0035,2026-09-02,2026-09-02,day,2 September 2026,Sumatera Barat,Sumatera Barat,Kabupaten Agam,kabupaten,Agam,13.06,exact,13,-0.3151932364711986,100.02965550313753,533254,2225.34,,primary,SD (Spesifik tidak disebutkan),344 Orang,exact,344,344,344,"{""person"": 344}",344,,,,"[""auto:9e9fd9e439""]","[""https://sumbarkita.id/korban-keracunan-mbg-di-agam-capai-344-orang-lima-masih-dirawat/""]","[""no_venue""]"
id.Daftar_kasus_keracunan_massal_makan_siang_gratis#r0036,id.Daftar_kasus_keracunan_massal_makan_siang_gratis,36,id.Daftar_kasus_keracunan_massal_makan_siang_gratis#e0035,2026-09-02,2026-09-02,day,2 September 2026,Sumatera Barat,Sumatera Barat,Kabupaten Agam,kabupaten,Agam,13.06,exact,13,-0.3151932364711986,100.02965550313753,533254,2225.34,SMP Negeri 1 Palupuh,junior_secondary,SMP Negeri 1 Palupuh,344 Orang,exact,344,344,344,"{""person"": 344}",,,,,"[""auto:9e9fd9e439""]","[""https://sumbarkita.id/korban-keracunan-mbg-di-agam-capai-344-orang-lima-masih-dirawat/""]","[""count_shared_across_rows""]"
id.Daftar_kasus_keracunan_massal_makan_siang_gratis#r0037,id.Daftar_kasus_keracunan_massal_makan_siang_gratis,37,id.Daftar_kasus_keracunan_massal_makan_siang_gratis#e0037,2025-10-07,2025-10-07,day,7 Oktober 2025,Sumatera Barat,Sumatera Barat,Kota Padang Panjang,kota,Padang Panjang,13.74,exact,13,-0.4621189750496027,100.39039860910817,63895,23.56,SDN 9 Kelurahan Ekor Lubuk,primary,SDN 9 Kelurahan Ekor Lubuk,29 Siswa,exact,29,29,29,"{""student"": 29}",29,,,,"["":10""]","[""https://regional.kompas.com/read/2026/01/13/134340278/11-siswa-sd-di-lampung-utara-keracunan-makan-bergizi-gratis-kepsek-ngamuk""]",[]
id.Daftar_kasus_keracunan_massal_makan_siang_gratis#r0038,id.Daftar_kasus_keracunan_massal_makan_siang_gratis,38,id.Daftar_kasus_keracunan_massal_makan_siang_gratis#e0037,2025-10-07,2025-10-07,day,7 Oktober 2025,Sumatera Barat,Sumatera Barat,Kota Padang Panjang,kota,Padang Panjang,13.74,exact,13,-0.4621189750496027,100.39039860910817,63895,23.56,SDN 10 Tabek Gadang,primary,SDN 10 Tabek Gadang,29 Siswa,exact,29,29,29,"{""student"": 29}",,,,,"["":10""]","[""https://regional.kompas.com/read/2026/01/13/134340278/11-siswa-sd-di-lampung-utara-keracunan-makan-bergizi-gratis-kepsek-ngamuk""]","[""count_shared_across_rows""]"
id.Daftar_kasus_keracunan_massal_makan_siang_gratis#r0039,id.Daftar_kasus_keracunan_massal_makan_siang_gratis,39,id.Daftar_kasus_keracunan_massal_makan_siang_gratis#e0037,2025-10-07,2025-10-07,day,7 Oktober 2025,Sumatera Barat,Sumatera Barat,Kota Padang Panjang,kota,Padang Panjang,13.74,exact,13,-0.4621189750496027,100.39039860910817,63895,23.56,SDN 7 Kelurahan Ganting,primary,SDN 7 Kelurahan Ganting,29 Siswa,exact,29,29,29,"{""student"": 29}",,,,,"["":10""]","[""https://regional.kompas.com/read/2026/01/13/134340278/11-siswa-sd-di-lampung-utara-keracunan-makan-bergizi-gratis-kepsek-ngamuk""]","[""count_shared_across_rows""]"
id.Daftar_kasus_keracunan_massal_makan_siang_gratis#r0040,id.Daftar_kasus_keracunan_massal_makan_siang_gratis,40,id.Daftar_kasus_keracunan_massal_makan_siang_gratis#e0037,2025-10-07,2025-10-07,day,7 Oktober 2025,Sumatera Barat,Sumatera Barat,Kota Padang Panjang,kota,Padang Panjang,13.74,exact,13,-0.4621189750496027,100.39039860910817,63895,23.56,SDN 5 Kelurahan Sigando,primary,SDN 5 Kelurahan Sigando,29 Siswa,exact,29,29,29,"{""student"": 29}",,,,,"["":10""]","[""https://regional.kompas.com/read/2026/01/13/134340278/11-siswa-sd-di-lampung-utara-keracunan-makan-bergizi-gratis-kepsek-ngamuk""]","[""count_shared_across_rows""]"
id.Daftar_kasus_keracunan_massal_makan_siang_gratis#r0041,id.Daftar_kasus_keracunan_massal_makan_siang_gratis,41,id.Daftar_kasus_keracunan_massal_makan_siang_gratis#e0037,2025-10-07,2025-10-07,day,7 Oktober 2025,Sumatera Barat,Sumatera Barat,Kota Padang Panjang,kota,Padang Panjang,13.74,exact,13,-0.4621189750496027,100.39039860910817,63895,23.56,SMPN 3 Kelurahan Ekor Lubuk,junior_secondary,SMPN 3 Kelurahan Ekor Lubuk,29 Siswa,exact,29,29,29,"{""student"": 29}",,,,,"["":10""]","[""https://regional.kompas.com/read/2026/01/13/134340278/11-siswa-sd-di-lampung-utara-keracunan-makan-bergizi-gratis-kepsek-ngamuk""]","[""count_shared_across_rows""]"
id.Daftar_kasus_keracunan_massal_makan_siang_gratis#r0042,id.Daftar_kasus_keracunan_massal_makan_siang_gratis,42,id.Daftar_kasus_keracunan_massal_makan_siang_gratis#e0037,2025-10-07,2025-10-07,day,7 Oktober 2025,Sumatera Barat,Sumatera Barat,Kota Padang Panjang,kota,Padang Panjang,13.74,exact,13,-0.4621189750496027,100.39039860910817,63895,23.56,SMKN 2 Kelurahan Ganting,senior_secondary,SMKN 2 Kelurahan Ganting,29 Siswa,exact,29,29,29,"{""student"": 29}",,,,,"["":10""]","[""https://regional.kompas.com/read/2026/01/13/134340278/11-siswa-sd-di-lampung-utara-keracunan-makan-bergizi-gratis-kepsek-ngamuk""]","[""count_shared_across_rows""]"
id.Daftar_kasus_keracunan_massal_makan_siang_gratis#r0043,id.Daftar_kasus_keracunan_massal_makan_siang_gratis,43,id.Daftar_kasus_keracunan_massal_makan_siang_gratis#e0043,2026-02-04,2026-02-04,day,4 Februari 2026,Sumatera Barat,Sumatera Barat,Kabupaten Dharmasraya,kabupaten,Dharmasraya,13.10,exact,13,-0.9529856017421708,101.4941127505854,242192,2920.925,SMAN 1 Sungai Rumbai,senior_secondary,SMAN 1 Sungai Rumbai,221 Orang,exact,221,221,221,"{""person"": 221}",221,,,,"[""auto:c1cec49f95""]","[""https://padek.jawapos.com/dharmasraya/2367167692/lima-hari-dugaan-keracunan-massal-di-dharmasraya-hasil-uji-lab-belum-diumumkan""]",[]
id.Daftar_kasus_keracunan_massal_makan_siang_gratis#r0044,id.Daftar_kasus_keracunan_massal_makan_siang_gratis,44,id.Daftar_kasus_keracunan_massal_makan_siang_gratis#e0043,2026-02-04,2026-02-04,day,4 Februari 2026,Sumatera Barat,Sumatera Barat,Kabupaten Dharmasraya,kabupaten,Dharmasraya,13.10,exact,13,-0.9529856017421708,101.4941127505854,242192,2920.925,Pondok Pesantrean,pesantren,Pondok Pesantrean,221 Orang,exact,221,221,221,"{""person"": 221}",,,,,"[""auto:c1cec49f95""]","[""https://padek.jawapos.com/dharmasraya/2367167692/lima-hari-dugaan-keracunan-massal-di-dharmasraya-hasil-uji-lab-belum-diumumkan""]","[""count_shared_across_rows""]"
id.Daftar_kasus_keracunan_massal_makan_siang_gratis#r0045,id.Daftar_kasus_keracunan_massal_makan_siang_gratis,45,id.Daftar_kasus_keracunan_massal_makan_siang_gratis#e0045,2026-09-14,2026-09-14,day,14 September 2026,Sumatera Barat,Sumatera Barat,Kota Pariaman,kota,Pariaman,13.77,exact,13,-0.6289899582270029,100.1377134437062,103835,64.626,MTsN 1 Kota Pariaman,junior_secondary,MTsN 1 Kota Pariaman,127 Siswa,exact,127,127,127,"{""student"": 127}",127,,,,"[""auto:919806de39""]","[""https://afu.id/humaniora/127-siswa-keracunan-usai-santap-mbg-di-pariaman-sppg-ditutup""]",[]
id.Daftar_kasus_keracunan_massal_makan_siang_gratis#r0046,id.Daftar_kasus_keracunan_massal_makan_siang_gratis,46,id.Daftar_kasus_keracunan_massal_makan_siang_gratis#e0045,2026-09-14,2026-09-14,day,14 September 2026,Sumatera Barat,Sumatera Barat,Kota Pariaman,kota,Pariaman,13.77,exact,13,-0.6289899582270029,100.1377134437062,103835,64.626,SMP 1 Kota Pariaman,junior_secondary,SMP 1 Kota Pariaman,127 Siswa,exact,127,127,127,"{""student"": 127}",,,,,"[""auto:919806de39""]","[""https://afu.id/humaniora/127-siswa-keracunan-usai-santap-mbg-di-pariaman-sppg-ditutup""]","[""count_shared_across_rows""]"
id.Daftar_kasus_keracunan_massal_makan_siang_gratis#r0047,id.Daftar_kasus_keracunan_massal_makan_siang_gratis,47,id.Daftar_kasus_keracunan_massal_makan_siang_gratis#e0047,2025-02-18,2025-02-18,day,18 Februari 2025,Sumatera Selatan,Sumatera Selatan,Kabupaten Empat Lawang,kabupaten,Empat Lawang,16.11,exact,16,-3.609843671060275,103.10276373795163,336783,2234.097,SD Negeri 7 Tebing Tinggi,primary,SD Negeri 7 Tebing Tinggi,8 Siswa,exact,8,8,8,"{""student"": 8}",8,,,,"[""auto:95df4ffd8b""]","[""https://web.archive.org/web/20250305140649/https://www.metrotvnews.com/play/KXyCQded-8-murid-sd-di-empat-lawang-diduga-keracunan-usai-santap-mbg""]",[]
id.Daftar_kasus_keracunan_massal_makan_siang_gratis#r0048,id.Daftar_kasus_keracunan_massal_makan_siang_gratis,48,id.Daftar_kasus_keracunan_massal_makan_siang_gratis#e0048,2025-05-05,2025-05-05,day,5 Mei 2025,Sumatera Selatan,Sumatera Selatan,Kabupaten Penukal Abab Lematang Ilir,kabupaten,Penukal Abab Lematang Ilir,16.12,exact,16,-3.3098740053582287,103.88405107482733,214795,1842.563,SDN 28 Talang Ubi,primary,SDN 28 Talang Ubi,174 Siswa,exact,174,174,174,"{""student"": 174}",174,,,,"[""auto:35cba3e4a5""]","[""https://www.viva.co.id/berita/nasional/1821155-ratusan-siswa-keracunan-program-mbg-di-pali-sumatera-selatan-disetop-sementara?page=1""]",[]
id.Daftar_kasus_keracunan_massal_makan_siang_gratis#r0049,id.Daftar_kasus_keracunan_massal_makan_siang_gratis,49,id.Daftar_kasus_keracunan_massal_makan_siang_gratis#e0048,2025-05-05,2025-05-05,day,5 Mei 2025,Sumatera Selatan,Sumatera Selatan,Kabupaten Penukal Abab Lematang Ilir,kabupaten,Penukal Abab Lematang Ilir,16.12,exact,16,-3.3098740053582287,103.88405107482733,214795,1842.563,SDN 20 Talang Ubi,primary,SDN 20 Talang Ubi,174 Siswa,exact,174,174,174,"{""student"": 174}",,,,,"[""auto:35cba3e4a5""]","[""https://www.viva.co.id/berita/nasional/1821155-ratusan-siswa-keracunan-program-mbg-di-pali-sumatera-selatan-disetop-sementara?page=1""]","[""count_shared_across_rows""]"
id.Daftar_kasus_keracunan_massal_makan_siang_gratis#r0050,id.Daftar_kasus_keracunan_massal_makan_siang_gratis,50,id.Daftar_kasus_keracunan_massal_makan_siang_gratis#e0048,2025-05-05,2025-05-05,day,5 Mei 2025,Sumatera Selatan,Sumatera Selatan,Kabupaten Penukal Abab Lematang Ilir,kabupaten,Penukal Abab Lematang Ilir,16.12,exact,16,-3.3098740053582287,103.88405107482733,214795,1842.563,SDN 14 Talang Ubi,primary,SDN 14 Talang Ubi,174 Siswa,exact,174,174,174,"{""student"": 174}",,,,,"[""auto:35cba3e4a5""]","[""https://www.viva.co.id/berita/nasional/1821155-ratusan-siswa-keracunan-program-mbg-di-pali-sumatera-selatan-disetop-sementara?page=1""]","[""count_shared_across_rows""]"
id.Daftar_kasus_keracunan_massal_makan_siang_gratis#r0051,id.Daftar_kasus_keracunan_massal_makan_siang_gratis,51,id.Daftar_kasus_keracunan_massal_makan_siang_gratis#e0048,2025-05-05,2025-05-05,day,5 Mei 2025,Sumatera Selatan,Sumatera Selatan,Kabupaten Penukal Abab Lematang Ilir,kabupaten,Penukal Abab Lematang Ilir,16.12,exact,16,-3.3098740053582287,103.88405107482733,214795,1842.563,SMPN 6 Talang Ubi,junior_secondary,SMPN 6 Talang Ubi,174 Siswa,exact,174,174,174,"{""student"": 174}",,,,,"[""auto:35cba3e4a5""]","[""https://www.viva.co.id/berita/nasional/1821155-ratusan-siswa-keracunan-program-mbg-di-pali-sumatera-selatan-disetop-sementara?page=1""]","[""count_shared_across_rows""]"
id.Daftar_kasus_keracunan_massal_makan_siang_gratis#r0052,id.Daftar_kasus_keracunan_massal_makan_siang_gratis,52,id.Daftar_kasus_keracunan_massal_makan_siang_gratis#e0048,2025-05-05,2025-05-05,day,5 Mei 2025,Sumatera Selatan,Sumatera Selatan,Kabupaten Penukal Abab Lematang Ilir,kabupaten,Penukal Abab Lematang Ilir,16.12,exact,16,-3.3098740053582287,103.88405107482733,214795,1842.563,MTs Handayani,junior_secondary,MTs Handayani,174 Siswa,exact,174,174,174,"{""student"": 174}",,,,,"[""auto:35cba3e4a5""]","[""https://www.viva.co.id/berita/nasional/1821155-ratusan-siswa-keracunan-program-mbg-di-pali-sumatera-selatan-disetop-sementara?page=1""]","[""count_shared_across_rows""]"
id.Daftar_kasus_keracunan_massal_makan_siang_gratis#r0053,id.Daftar_kasus_keracunan_massal_makan_siang_gratis,53,id.Daftar_kasus_keracunan_massal_makan_siang_gratis#e0048,2025-05-05,2025-05-05,day,5 Mei 2025,Sumatera Selatan,Sumatera Selatan,Kabupaten Penukal Abab Lematang Ilir,kabupaten,Penukal Abab Lematang Ilir,16.12,exact,16,-3.3098740053582287,103.88405107482733,214795,1842.563,PAUD Marwah,early_childhood,PAUD Marwah,174 Siswa,exact,174,174,174,"{""student"": 174}",,,,,"[""auto:35cba3e4a5""]","[""https://www.viva.co.id/berita/nasional/1821155-ratusan-siswa-keracunan-program-mbg-di-pali-sumatera-selatan-disetop-sementara?page=1""]","[""count_shared_across_rows""]"
id.Daftar_kasus_keracunan_massal_makan_siang_gratis#r0054,id.Daftar_kasus_keracunan_massal_makan_siang_gratis,54,id.Daftar_kasus_keracunan_massal_makan_siang_gratis#e0048,2025-05-05,2025-05-05,day,5 Mei 2025,Sumatera Selatan,Sumatera Selatan,Kabupaten Penukal Abab Lematang Ilir,kabupaten,Penukal Abab Lematang Ilir,16.12,exact,16,-3.3098740053582287,103.88405107482733,214795,1842.563,SMK 1 Handayani,senior_secondary,SMK 1 Handayani,174 Siswa,exact,174,174,174,"{""student"": 174}",,,,,"[""auto:35cba3e4a5""]","[""https://www.viva.co.id/berita/nasional/1821155-ratusan-siswa-keracunan-program-mbg-di-pali-sumatera-selatan-disetop-sementara?page=1""]","[""count_shared_across_rows""]"
id.Daftar_kasus_keracunan_massal_makan_siang_gratis#r0055,id.Daftar_kasus_keracunan_massal_makan_siang_gratis,55,id.Daftar_kasus_keracunan_massal_makan_siang_gratis#e0048,2025-05-05,2025-05-05,day,5 Mei 2025,Sumatera Selatan,Sumatera Selatan,Kabupaten Penukal Abab Lematang Ilir,kabupaten,Penukal Abab Lematang Ilir,16.12,exact,16,-3.3098740053582287,103.88405107482733,214795,1842.563,SMK 2 Agro,senior_secondary,SMK 2 Agro,174 Siswa,exact,174,174,174,"{""student"": 174}",,,,,"[""auto:35cba3e4a5""]","[""https://www.viva.co.id/berita/nasional/1821155-ratusan-siswa-keracunan-program-mbg-di-pali-sumatera-selatan-disetop-sementara?page=1""]","[""count_shared_across_rows""]"
id.Daftar_kasus_keracunan_massal_makan_siang_gratis#r0056,id.Daftar_kasus_keracunan_massal_makan_siang_gratis,56,id.Daftar_kasus_keracunan_massal_makan_siang_gratis#e0048,2025-05-05,2025-05-05,day,5 Mei 2025,Sumatera Selatan,Sumatera Selatan,Kabupaten Penukal Abab Lematang Ilir,kabupaten,Penukal Abab Lematang Ilir,16.12,exact,16,-3.3098740053582287,103.88405107482733,214795,1842.563,PAUD Rumah Cinta,early_childhood,PAUD Rumah Cinta,174 Siswa,exact,174,174,174,"{""student"": 174}",,,,,"[""auto:35cba3e4a5""]","[""https://www.viva.co.id/berita/nasional/1821155-ratusan-siswa-keracunan-program-mbg-di-pali-sumatera-selatan-disetop-sementara?page=1""]","[""count_shared_across_rows""]"
id.Daftar_kasus_keracunan_massal_makan_siang_gratis#r0057,id.Daftar_kasus_keracunan_massal_makan_siang_gratis,57,id.Daftar_kasus_keracunan_massal_makan_siang_gratis#e0048,2025-05-05,2025-05-05,day,5 Mei 2025,Sumatera Selatan,Sumatera Selatan,Kabupaten Penukal Abab Lematang Ilir,kabupaten,Penukal Abab Lematang Ilir,16.12,exact,16,-3.3098740053582287,103.88405107482733,214795,1842.563,TK Al Hafidz,early_childhood,TK Al Hafidz,174 Siswa,exact,174,174,174,"{""student"": 174}",,,,,"[""auto:35cba3e4a5""]","[""https://www.viva.co.id/berita/nasional/1821155-ratusan-siswa-keracunan-program-mbg-di-pali-sumatera-selatan-disetop-sementara?page=1""]","[""count_shared_across_rows""]"
id.Daftar_kasus_keracunan_massal_makan_siang_gratis#r0058,id.Daftar_kasus_keracunan_massal_makan_siang_gratis,58,id.Daftar_kasus_keracunan_massal_makan_siang_gratis#e0048,2025-05-05,2025-05-05,day,5 Mei 2025,Sumatera Selatan,Sumatera Selatan,Kabupaten Penukal Abab Lematang Ilir,kabupaten,Penukal Abab Lematang Ilir,16.12,exact,16,-3.3098740053582287,103.88405107482733,214795,1842.563,SMKN 2 Talang Ubi,senior_secondary,SMKN 2 Talang Ubi,174 Siswa,exact,174,174,174,"{""student"": 174}",,,,,"[""auto:35cba3e4a5""]","[""https://www.viva.co.id/berita/nasional/1821155-ratusan-siswa-keracunan-program-mbg-di-pali-sumatera-selatan-disetop-sementara?page=1""]","[""count_shared_across_rows""]"
id.Daftar_kasus_keracunan_massal_makan_siang_gratis#r0059,id.Daftar_kasus_keracunan_massal_makan_siang_gratis,59,id.Daftar_kasus_keracunan_massal_makan_siang_gratis#e0048,2025-05-05,2025-05-05,day,5 Mei 2025,Sumatera Selatan,Sumatera Selatan,Kabupaten Penukal Abab Lematang Ilir,kabupaten,Penukal Abab Lematang Ilir,16.12,exact,16,-3.3098740053582287,103.88405107482733,214795,1842.563,SDN 1 Talang Ubi,primary,SDN 1 Talang Ubi,174 Siswa,exact,174,174,174,"{""student"": 174}",,,,,"[""auto:35cba3e4a5""]","[""https://www.viva.co.id/berita/nasional/1821155-ratusan-siswa-keracunan-program-mbg-di-pali-sumatera-selatan-disetop-sementara?page=1""]","[""count_shared_across_rows""]"
id.Daftar_kasus_keracunan_massal_makan_siang_gratis#r0060,id.Daftar_kasus_keracunan_massal_makan_siang_gratis,60,id.Daftar_kasus_keracunan_massal_makan_siang_gratis#e0048,2025-05-05,2025-05-05,day,5 Mei 2025,Sumatera Selatan,Sumatera Selatan,Kabupaten Penukal Abab Lematang Ilir,kabupaten,Penukal Abab Lematang Ilir,16.12,exact,16,-3.3098740053582287,103.88405107482733,214795,1842.563,SDN 2 Talang Ubi,primary,SDN 2 Talang Ubi,174 Siswa,exact,174,174,174,"{""student"": 174}",,,,,"[""auto:35cba3e4a5""]","[""https://www.viva.co.id/berita/nasional/1821155-ratusan-siswa-keracunan-program-mbg-di-pali-sumatera-selatan-disetop-sementara?page=1""]","[""count_shared_across_rows""]"
id.Daftar_kasus_keracunan_massal_makan_siang_gratis#r0061,id.Daftar_kasus_keracunan_massal_makan_siang_gratis,61,id.Daftar_kasus_keracunan_massal_makan_siang_gratis#e0048,2025-05-05,2025-05-05,day,5 Mei 2025,Sumatera Selatan,Sumatera Selatan,Kabupaten Penukal Abab Lematang Ilir,kabupaten,Penukal Abab Lematang Ilir,16.12,exact,16,-3.3098740053582287,103.88405107482733,214795,1842.563,SMPN 1 Talang Ubi,junior_secondary,SMPN 1 Talang Ubi,174 Siswa,exact,174,174,174,"{""student"": 174}",,,,,"[""auto:35cba3e4a5""]","[""https://www.viva.co.id/berita/nasional/1821155-ratusan-siswa-keracunan-program-mbg-di-pali-sumatera-selatan-disetop-sementara?page=1""]","[""count_shared_across_rows""]"
id.Daftar_kasus_keracunan_massal_makan_siang_gratis#r0062,id.Daftar_kasus_keracunan_massal_makan_siang_gratis,62,id.Daftar_kasus_keracunan_massal_makan_siang_gratis#e0062,2025-09-02,2025-09-02,day,2 September 2025,Sumatera Selatan,Sumatera Selatan,Kabupaten Ogan Komering Ilir,kabupaten,Ogan Komering Ilir,16.02,alias,16,-3.4116461216612666,104.82302047600152,801059,17075.713,SD Negeri 1 Pedamaran,primary,SD Negeri 1 Pedamaran,80 Siswa,exact,80,80,80,"{""student"": 80}",80,,,,"[""auto:6124db872a""]","[""https://www.detik.com/sumbagsel/berita/d-8095058/program-mbg-di-oki-dihentikan-sementara-usai-80-siswa-sd-smp-keracunan""]",[]
id.Daftar_kasus_keracunan_massal_makan_siang_gratis#r0063,id.Daftar_kasus_keracunan_massal_makan_siang_gratis,63,id.Daftar_kasus_keracunan_massal_makan_siang_gratis#e0062,2025-09-02,2025-09-02,day,2 September 2025,Sumatera Selatan,Sumatera Selatan,Kabupaten Ogan Komering Ilir,kabupaten,Ogan Komering Ilir,16.02,alias,16,-3.4116461216612666,104.82302047600152,801059,17075.713,SD Negeri 5 Pedamaran,primary,SD Negeri 5 Pedamaran,80 Siswa,exact,80,80,80,"{""student"": 80}",,,,,"[""auto:6124db872a""]","[""https://www.detik.com/sumbagsel/berita/d-8095058/program-mbg-di-oki-dihentikan-sementara-usai-80-siswa-sd-smp-keracunan""]","[""count_shared_across_rows""]"
id.Daftar_kasus_keracunan_massal_makan_siang_gratis#r0064,id.Daftar_kasus_keracunan_massal_makan_siang_gratis,64,id.Daftar_kasus_keracunan_massal_makan_siang_gratis#e0062,2025-09-02,2025-09-02,day,2 September 2025,Sumatera Selatan,Sumatera Selatan,Kabupaten Ogan Komering Ilir,kabupaten,Ogan Komering Ilir,16.02,alias,16,-3.4116461216612666,104.82302047600152,801059,17075.713,SMP Negeri 1 Pedamaran,junior_secondary,SMP Negeri 1 Pedamaran,80 Siswa,exact,80,80,80,"{""student"": 80}",,,,,"[""auto:6124db872a""]","[""https://www.detik.com/sumbagsel/berita/d-8095058/program-mbg-di-oki-dihentikan-sementara-usai-80-siswa-sd-smp-keracunan""]","[""count_shared_across_rows""]"
id.Daftar_kasus_keracunan_massal_makan_siang_gratis#r0065,id.Daftar_kasus_keracunan_massal_makan_siang_gratis,65,id.Daftar_kasus_keracunan_massal_makan_siang_gratis#e0065,2025-09-03,2025-09-03,day,3 September 2025,Sumatera Selatan,Sumatera Selatan,Kabupaten Musi Banyuasin,kabupaten,Musi Banyuasin,16.06,exact,16,-2.8888428202148733,103.84022898155693,736897,14550.788,SDN 3 Mangun Jaya,primary,SDN 3 Mangun Jaya,9 Siswa,exact,9,9,9,"{""student"": 9}",9,,,,"[""auto:6c02eb90a1""]","[""https://www.kompas.com/sumatera-selatan/read/2025/09/05/153000688/9-siswa-sd-di-muba-diduga-keracunan-makanan-program-makan""]",[]
id.Daftar_kasus_keracunan_massal_makan_siang_gratis#r0066,id.Daftar_kasus_keracunan_massal_makan_siang_gratis,66,id.Daftar_kasus_keracunan_massal_makan_siang_gratis#e0066,2025-09-23,2025-09-23,day,23 September 2025,Sumatera Selatan,Sumatera Selatan,Kabupaten Ogan Komering Ulu,kabupaten,Ogan Komering Ulu,16.01,exact,16,-4.165710009351137,104.19777124067642,390048,3774.497,SMPN 9 Ogan Komering Ulu,junior_secondary,SMPN 9 Ogan Komering Ulu,12 Siswa,exact,12,12,12,"{""student"": 12}",12,,,,"[""auto:332d38c07c""]","[""https://sumsel.idntimes.com/news/sumatera-selatan/belasan-siswa-smp-di-oku-dilarikan-ke-puskesmas-diduga-keracunan-mbg-c1c2-01-fzf3x-vxzcjc""]",[]
id.Daftar_kasus_keracunan_massal_makan_siang_gratis#r0067,id.Daftar_kasus_keracunan_massal_makan_siang_gratis,67,id.Daftar_kasus_keracunan_massal_makan_siang_gratis#e0067,2025-09-25,2025-09-25,day,25 September 2025,Sumatera Selatan,Sumatera Selatan,Kota Palembang,kota,Palembang,16.71,exact,16,-2.991046172915815,104.75675098698375,1801367,352.523,SDN 178 Palembang,primary,SDN 178 Palembang,15 Siswa,exact,15,15,15,"{""student"": 15}",15,,,,"[""auto:a3bc7092bb""]","[""https://regional.kompas.com/read/2025/09/25/162236478/diduga-usai-santap-mbg-15-murid-sd-di-palembang-mual-dan-muntah""]",[]
id.Daftar_kasus_keracunan_massal_makan_siang_gratis#r0068,id.Daftar_kasus_keracunan_massal_makan_siang_gratis,68,id.Daftar_kasus_keracunan_massal_makan_siang_gratis#e0068,2025-11-05,2025-11-05,day,5 November 2025,Sumatera Selatan,Sumatera Selatan,Kota Palembang,kota,Palembang,16.71,exact,16,-2.991046172915815,104.75675098698375,1801367,352.523,Pondok Pesantren Ma’had Zaadul Ma’ad,pesantren,Pondok Pesantren Ma’had Zaadul Ma’ad,20 Santri,exact,20,20,20,"{""santri"": 20}",20,,,,"[""auto:7fcc7e4c25""]","[""https://harianmuba.disway.id/utama/read/665577/diduga-keracunan-menu-mbg-20-santri-ponpes-zaadul-maad-palembang-sempat-dilarikan-ke-klinik""]",[]
id.Daftar_kasus_keracunan_massal_makan_siang_gratis#r0069,id.Daftar_kasus_keracunan_massal_makan_siang_gratis,69,id.Daftar_kasus_keracunan_massal_makan_siang_gratis#e0069,2025-11-26,2025-11-26,day,26 November 2025,Sumatera Selatan,Sumatera Selatan,Kota Palembang,kota,Palembang,16.71,exact,16,-2.991046172915815,104.75675098698375,1801367,352.523,SMAN 2 Palembang,senior_secondary,SMAN 2 Palembang,23 Siswa,exact,23,23,23,"{""student"": 23}",23,,,,"[""auto:8785ad1707""]","[""https://mediabbc.co.id/sppg-di-bawah-sorotan-krisis-tata-kelola-dan-transparansi-mencuat-setelah-puluhan-siswa-sman-2-palembang-sakit-usai-konsumsi-mbg/""]",[]
id.Daftar_kasus_keracunan_massal_makan_siang_gratis#r0070,id.Daftar_kasus_keracunan_massal_makan_siang_gratis,70,id.Daftar_kasus_keracunan_massal_makan_siang_gratis#e0070,2026-01-30,2026-01-30,day,30 Januari 2026,Sumatera Selatan,Sumatera Selatan,Kota Palembang,kota,Palembang,16.71,exact,16,-2.991046172915815,104.75675098698375,1801367,352.523,SMPN 31 Palembang,junior_secondary,SMPN 31 Palembang,4 Siswa,exact,4,4,4,"{""student"": 4}",4,,,,"[""auto:bf78b0c5dd""]","[""https://www.merdeka.com/peristiwa/baru-makan-dua-suap-empat-siswa-smp-di-palembang-keracunan-mbg-529726-mvk.html""]",[]
id.Daftar_kasus_keracunan_massal_makan_siang_gratis#r0071,id.Daftar_kasus_keracunan_massal_makan_siang_gratis,71,id.Daftar_kasus_keracunan_massal_makan_siang_gratis#e0071,2026-02-09,2026-02-09,day,9 Februari 2026,Sumatera Selatan,Sumatera Selatan,Kabupaten Ogan Ilir,kabupaten,Ogan Ilir,16.10,exact,16,-3.2605839796212193,104.65253470549459,446020,2302.858,Pondok Pesantren Al Ittifaqiah Indralaya,pesantren,Pondok Pesantren Al Ittifaqiah Indralaya,15 Santri,exact,15,15,15,"{""santri"": 15}",15,,,,"[""auto:28a5d0706d""]","[""https://www.merdeka.com/peristiwa/15-santri-di-ogan-ilir-diduga-keracunan-mbg-korban-muntah-muntah-sebelum-dilarikan-ke-rs-533475-mvk.html""]",[]
id.Daftar_kasus_keracunan_massal_makan_siang_gratis#r0072,id.Daftar_kasus_keracunan_massal_makan_siang_gratis,72,id.Daftar_kasus_keracunan_massal_makan_siang_gratis#e0072,2025-08-22,2025-08-22,day,22 Agustus 2025,Riau,Riau,Kabupaten Indragiri Hilir,kabupaten,Indragiri Hilir,14.04,exact,14,-0.3151906894045306,103.15785004555477,713294,13518.47,SDN 032 Tembilahan,primary,SDN 032 Tembilahan,28 Siswa,exact,28,28,28,"{""student"": 28}",28,,,,"[""auto:107f09648c""]","[""https://bukamata.co/kesehatan/501314310/setelah-28-siswa-di-tembilahan-keracunan-massal-mbg-pihak-sppg-cuma-minta-maaf""]",[]
id.Daftar_kasus_keracunan_massal_makan_siang_gratis#r0073,id.Daftar_kasus_keracunan_massal_makan_siang_gratis,73,id.Daftar_kasus_keracunan_massal_makan_siang_gratis#e0072,2025-08-22,2025-08-22,day,22 Agustus 2025,Riau,Riau,Kabupaten Indragiri Hilir,kabupaten,Indragiri Hilir,14.04,exact,14,-0.3151906894045306,103.15785004555477,713294,13518.47,SDN 008 Tembilahan,primary,SDN 008 Tembilahan,28 Siswa,exact,28,28,28,"{""student"": 28}",,,,,"[""auto:107f09648c""]","[""https://bukamata.co/kesehatan/501314310/setelah-28-siswa-di-tembilahan-keracunan-massal-mbg-pihak-sppg-cuma-minta-maaf""]","[""count_shared_across_rows""]"
id.Daftar_kasus_keracunan_massal_makan_siang_gratis#r0074,id.Daftar_kasus_keracunan_massal_makan_siang_gratis,74,id.Daftar_kasus_keracunan_massal_makan_siang_gratis#e0072,2025-08-22,2025-08-22,day,22 Agustus 2025,Riau,Riau,Kabupaten Indragiri Hilir,kabupaten,Indragiri Hilir,14.04,exact,14,-0.3151906894045306,103.15785004555477,713294,13518.47,SD Muhammadiyah,primary,SD Muhammadiyah,28 Siswa,exact,28,28,28,"{""student"": 28}",,,,,"[""auto:107f09648c""]","[""https://bukamata.co/kesehatan/501314310/setelah-28-siswa-di-tembilahan-keracunan-massal-mbg-pihak-sppg-cuma-minta-maaf""]","[""count_shared_across_rows""]"
id.Daftar_kasus_keracunan_massal_makan_siang_gratis#r0075,id.Daftar_kasus_keracunan_massal_makan_siang_gratis,75,id.Daftar_kasus_keracunan_massal_makan_siang_gratis#e0072,2025-08-22,2025-08-22,day,22 Agustus 2025,Riau,Riau,Kabupaten Indragiri Hilir,kabupaten,Indragiri Hilir,14.04,exact,14,-0.3151906894045306,103.15785004555477,713294,13518.47,SMA Negeri 1 Kota,senior_secondary,SMA Negeri 1 Kota,28 Siswa,exact,28,28,28,"{""student"": 28}",,,,,"[""auto:107f09648c""]","[""https://bukamata.co/kesehatan/501314310/setelah-28-siswa-di-tembilahan-keracunan-massal-mbg-pihak-sppg-cuma-minta-maaf""]","[""count_shared_across_rows""]"
id.Daftar_kasus_keracunan_massal_makan_siang_gratis#r0076,id.Daftar_kasus_keracunan_massal_makan_siang_gratis,76,id.Daftar_kasus_keracunan_massal_makan_siang_gratis#e0072,2025-08-22,2025-08-22,day,22 Agustus 2025,Riau,Riau,Kabupaten Indragiri Hilir,kabupaten,Indragiri Hilir,14.04,exact,14,-0.3151906894045306,103.15785004555477,713294,13518.47,TK Faturahman,early_childhood,TK Faturahman,28 Siswa,exact,28,28,28,"{""student"": 28}",,,,,"[""auto:107f09648c""]","[""https://bukamata.co/kesehatan/501314310/setelah-28-siswa-di-tembilahan-keracunan-massal-mbg-pihak-sppg-cuma-minta-maaf""]","[""count_shared_across_rows""]"
id.Daftar_kasus_keracunan_massal_makan_siang_gratis#r0077,id.Daftar_kasus_keracunan_massal_makan_siang_gratis,77,id.Daftar_kasus_keracunan_massal_makan_siang_gratis#e0077,2025-08-28,2025-08-28,day,28 Agustus 2025,Riau,Riau,Kabupaten Kampar,kabupaten,Kampar,14.01,exact,14,0.3138917999795952,101.01798894984739,898973,10352.803,SDN 006 Langgini,primary,SDN 006 Langgini,18 siswa,exact,18,18,18,"{""student"": 18}",18,,,,"[""auto:1ce6f23321""]","[""https://www.iniriau.com/detail/48677/orang-tua-siswa-resah-usai-insiden-keracunan-mbg-di-bangkinang""]",[]
id.Daftar_kasus_keracunan_massal_makan_siang_gratis#r0078,id.Daftar_kasus_keracunan_massal_makan_siang_gratis,78,id.Daftar_kasus_keracunan_massal_makan_siang_gratis#e0078,2026-08-18,2026-08-18,day,18 Agustus 2026,Riau,Riau,Kabupaten Kampar,kabupaten,Kampar,14.01,exact,14,0.3138917999795952,101.01798894984739,898973,10352.803,SDN 008 Rimba Beringin,primary,SDN 008 Rimba Beringin,141 Orang,exact,141,141,141,"{""person"": 141}",141,,,,"[""auto:2a292b052c""]","[""https://bukamata.co/kesehatan/501315543/petaka-program-mbg-kampar-141-siswa-dan-15-guru-keracunan-massal-dapur-penyedia-ternyata-tak-punya-izin-sanitasi""]",[]
id.Daftar_kasus_keracunan_massal_makan_siang_gratis#r0079,id.Daftar_kasus_keracunan_massal_makan_siang_gratis,79,id.Daftar_kasus_keracunan_massal_makan_siang_gratis#e0078,2026-08-18,2026-08-18,day,18 Agustus 2026,Riau,Riau,Kabupaten Kampar,kabupaten,Kampar,14.01,exact,14,0.3138917999795952,101.01798894984739,898973,10352.803,SMKN 1 Tapung Hulu,senior_secondary,SMKN 1 Tapung Hulu,141 Orang,exact,141,141,141,"{""person"": 141}",,,,,"[""auto:2a292b052c""]","[""https://bukamata.co/kesehatan/501315543/petaka-program-mbg-kampar-141-siswa-dan-15-guru-keracunan-massal-dapur-penyedia-ternyata-tak-punya-izin-sanitasi""]","[""count_shared_across_rows""]"
id.Daftar_kasus_keracunan_massal_makan_siang_gratis#r0080,id.Daftar_kasus_keracunan_massal_makan_siang_gratis,80,id.Daftar_kasus_keracunan_massal_makan_siang_gratis#e0080,2026-01-23,2026-01-23,day,23 Januari 2026,Riau,Riau,Kabupaten Siak,kabupaten,Siak,14.08,exact,14,0.8045392202011306,102.02031850446771,495760,7803.566,SMKN 1 Kandis,senior_secondary,SMKN 1 Kandis,21 Siswa,exact,21,21,21,"{""student"": 21}",21,,,,"[""auto:d8e8d7bc2a""]","[""https://www.riauonline.co.id/riau/read/2026/01/23/puluhan-siswa-smkn-1-kandis-dilarikan-ke-klinik-usai-santap-mbg-diduga-keracunan""]",[]
id.Daftar_kasus_keracunan_massal_makan_siang_gratis#r0081,id.Daftar_kasus_keracunan_massal_makan_siang_gratis,81,id.Daftar_kasus_keracunan_massal_makan_siang_gratis#e0081,2026-08-13,2026-08-13,day,13 Agustus 2026,Riau,Riau,Kota Dumai,kota,Dumai,14.72,exact,14,1.605410676514873,101.39165976395793,355256,2061.463,SDN 013 Buluh Kasap,primary,SDN 013 Buluh Kasap,42 Siswa,exact,42,42,42,"{""student"": 42}",42,,,,"[""auto:e72ee2a4bd""]","[""https://pekanbaru.inews.id/read/709211/puluhan-siswa-sd-di-dumai-keracunan-mbg""]",[]
id.Daftar_kasus_keracunan_massal_makan_siang_gratis#r0082,id.Daftar_kasus_keracunan_massal_makan_siang_gratis,82,id.Daftar_kasus_keracunan_massal_makan_siang_gratis#e0081,2026-08-13,2026-08-13,day,13 Agustus 2026,Riau,Riau,Kota Dumai,kota,Dumai,14.72,exact,14,1.605410676514873,101.39165976395793,355256,2061.463,SDN 015 Buluh Kasap,primary,SDN 015 Buluh Kasap,42 Siswa,exact,42,42,42,"{""student"": 42}",,,,,"[""auto:e72ee2a4bd""]","[""https://pekanbaru.inews.id/read/709211/puluhan-siswa-sd-di-dumai-keracunan-mbg""]","[""count_shared_across_rows""]"
id.Daftar_kasus_keracunan_massal_makan_siang_gratis#r0083,id.Daftar_kasus_keracunan_massal_makan_siang_gratis,83,id.Daftar_kasus_keracunan_massal_makan_siang_gratis#e0083,2025-09-25,2025-09-25,day,25 September 2025,Kepulauan Riau,Kepulauan Riau,Kabupaten Karimun,kabupaten,Karimun,21.02,exact,21,1.032978125457723,103.37578135747897,273946,916.331,SMPN 2 Karimun,junior_secondary,SMPN 2 Karimun,14 Siswa,exact,14,14,14,"{""student"": 14}",14,,,,"[""auto:38b6b869c9""]","[""https://www.kompas.com/sumatera-selatan/read/2025/09/25/204500088/14-siswa-smp-negeri-2-karimun-diduga-keracunan-mbg-polisi-ambil""]",[]
id.Daftar_kasus_keracunan_massal_makan_siang_gratis#r0084,id.Daftar_kasus_keracunan_massal_makan_siang_gratis,84,id.Daftar_kasus_keracunan_massal_makan_siang_gratis#e0084,2025-09-29,2025-09-29,day,29 September 2025,Kepulauan Riau,Kepulauan Riau,Kota Batam,kota,Batam,21.71,exact,21,1.1287452751793037,104.05533324230443,1342038,1020.28,SDN 016 Seilekop,primary,SDN 016 Seilekop,18 Siswa,exact,18,18,18,"{""student"": 18}",18,,,,"[""auto:94b08fea37""]","[""https://batampos.jawapos.com/infokota/2426637580/18-murid-sdn-016-seilekop-batam-keracunan-program-mbg-dihentikan-sementara""]",[]
id.Daftar_kasus_keracunan_massal_makan_siang_gratis#r0085,id.Daftar_kasus_keracunan_massal_makan_siang_gratis,85,id.Daftar_kasus_keracunan_massal_makan_siang_gratis#e0085,2025-11-11,2025-11-11,day,11 November 2025,Kepulauan Riau,Kepulauan Riau,Kota Batam,kota,Batam,21.71,exact,21,1.1287452751793037,104.05533324230443,1342038,1020.28,MAN 2 Kota Batam,senior_secondary,MAN 2 Kota Batam,235 Siswa,exact,235,235,235,"{""student"": 235}",235,,,,"[""auto:957da7e58d""]","[""https://www.merahputih.com/""]",[]
id.Daftar_kasus_keracunan_massal_makan_siang_gratis#r0086,id.Daftar_kasus_keracunan_massal_makan_siang_gratis,86,id.Daftar_kasus_keracunan_massal_makan_siang_gratis#e0086,2026-04-29,2026-04-29,day,29 April 2026,Kepulauan Riau,Kepulauan Riau,Kota Batam,kota,Batam,21.71,exact,21,1.1287452751793037,104.05533324230443,1342038,1020.28,SMK Negeri 3 Batam,senior_secondary,SMK Negeri 3 Batam,Ratusan Siswa,vague,,100,999,{},,,,,"[""auto:2d6afb367d""]","[""https://inspirasitoday.com/ratusan-siswa-smkn-3-batam-diduga-keracunan-mbg-banyak-yang-sakit-perut/""]","[""count_vague""]"
id.Daftar_kasus_keracunan_massal_makan_siang_gratis#r0087,id.Daftar_kasus_keracunan_massal_makan_siang_gratis,87,id.Daftar_kasus_keracunan_massal_makan_siang_gratis#e0087,2026-04-15,2026-04-15,day,15 April 2026,Kepulauan Riau,Kepulauan Riau,Kabupaten Kepulauan Anambas,kabupaten,Kepulauan Anambas,21.05,exact,21,3.2145458693401,106.24870240264536,50922,620.622,,early_childhood,TK (Spesifik tidak disebutkan),158 Siswa,exact,158,158,158,"{""student"": 158}",158,,,,"[""auto:3b3d9f6ce2""]","[""https://www.merahputih.com/""]","[""no_venue""]"
id.Daftar_kasus_keracunan_massal_makan_siang_gratis#r0088,id.Daftar_kasus_keracunan_massal_makan_siang_gratis,88,id.Daftar_kasus_keracunan_massal_makan_siang_gratis#e0087,2026-04-15,2026-04-15,day,15 April 2026,Kepulauan Riau,Kepulauan Riau,Kabupaten Kepulauan Anambas,kabupaten,Kepulauan Anambas,21.05,exact,21,3.2145458693401,106.24870240264536,50922,620.622,,primary,SD (Spesifik tidak disebutkan),158 Siswa,exact,158,158,158,"{""student"": 158}",,,,,"[""auto:3b3d9f6ce2""]","[""https://www.merahputih.com/""]","[""no_venue"", ""count_shared_across_rows""]"
id.Daftar_kasus_keracunan_massal_makan_siang_gratis#r0089,id.Daftar_kasus_keracunan_massal_makan_siang_gratis,89,id.Daftar_kasus_keracunan_massal_makan_siang_gratis#e0087,2026-04-15,2026-04-15,day,15 April 2026,Kepulauan Riau,Kepulauan Riau,Kabupaten Kepulauan Anambas,kabupaten,Kepulauan Anambas,21.05,exact,21,3.2145458693401,106.24870240264536,50922,620.622,,junior_secondary,SMP ((Spesifik tidak disebutkan),158 Siswa,exact,158,158,158,"{""student"": 158}",,,,,"[""auto:3b3d9f6ce2""]","[""https://www.merahputih.com/""]","[""no_venue"", ""count_shared_across_rows""]"
id.Daftar_kasus_keracunan_massal_makan_siang_gratis#r0090,id.Daftar_kasus_keracunan_massal_makan_siang_gratis,90,id.Daftar_kasus_keracunan_massal_makan_siang_gratis#e0090,2025-08-28,2025-08-28,day,28 Agustus 2025,Bengkulu,Bengkulu,Kabupaten Lebong,kabupaten,Lebong,17.07,exact,17,-3.1574485628093467,102.18284672681582,115520,1666.621,PAUD IT Al-Azhar,early_childhood,PAUD IT Al-Azhar,539 Siswa,exact,539,539,539,"{""student"": 539}",539,,,,"[""auto:46ad4c49bb""]","[""https://bengkulu.bpk.go.id/tertinggi-korban-mbg-di-lebong-539-orang/""]",[]
id.Daftar_kasus_keracunan_massal_makan_siang_gratis#r0091,id.Daftar_kasus_keracunan_massal_makan_siang_gratis,91,id.Daftar_kasus_keracunan_massal_makan_siang_gratis#e0090,2025-08-28,2025-08-28,day,28 Agustus 2025,Bengkulu,Bengkulu,Kabupaten Lebong,kabupaten,Lebong,17.07,exact,17,-3.1574485628093467,102.18284672681582,115520,1666.621,PAUD Az-Zahra,early_childhood,PAUD Az-Zahra,539 Siswa,exact,539,539,539,"{""student"": 539}",,,,,"[""auto:46ad4c49bb""]","[""https://bengkulu.bpk.go.id/tertinggi-korban-mbg-di-lebong-539-orang/""]","[""count_shared_across_rows""]"
id.Daftar_kasus_keracunan_massal_makan_siang_gratis#r0092,id.Daftar_kasus_keracunan_massal_makan_siang_gratis,92,id.Daftar_kasus_keracunan_massal_makan_siang_gratis#e0090,2025-08-28,2025-08-28,day,28 Agustus 2025,Bengkulu,Bengkulu,Kabupaten Lebong,kabupaten,Lebong,17.07,exact,17,-3.1574485628093467,102.18284672681582,115520,1666.621,TK Al Akhlak,early_childhood,TK Al Akhlak,539 Siswa,exact,539,539,539,"{""student"": 539}",,,,,"[""auto:46ad4c49bb""]","[""https://bengkulu.bpk.go.id/tertinggi-korban-mbg-di-lebong-539-orang/""]","[""count_shared_across_rows""]"
id.Daftar_kasus_keracunan_massal_makan_siang_gratis#r0093,id.Daftar_kasus_keracunan_massal_makan_siang_gratis,93,id.Daftar_kasus_keracunan_massal_makan_siang_gratis#e0090,2025-08-28,2025-08-28,day,28 Agustus 2025,Bengkulu,Bengkulu,Kabupaten Lebong,kabupaten,Lebong,17.07,exact,17,-3.1574485628093467,102.18284672681582,115520,1666.621,SD IT Al Azhar,primary,SD IT Al Azhar,539 Siswa,exact,539,539,539,"{""student"": 539}",,,,,"[""auto:46ad4c49bb""]","[""https://bengkulu.bpk.go.id/tertinggi-korban-mbg-di-lebong-539-orang/""]","[""count_shared_across_rows""]"
id.Daftar_kasus_keracunan_massal_makan_siang_gratis#r0094,id.Daftar_kasus_keracunan_massal_makan_siang_gratis,94,id.Daftar_kasus_keracunan_massal_makan_siang_gratis#e0090,2025-08-28,2025-08-28,day,28 Agustus 2025,Bengkulu,Bengkulu,Kabupaten Lebong,kabupaten,Lebong,17.07,exact,17,-3.1574485628093467,102.18284672681582,115520,1666.621,SD IT Al-Azhar Sukabumi,primary,SD IT Al-Azhar Sukabumi,539 Siswa,exact,539,539,539,"{""student"": 539}",,,,,"[""auto:46ad4c49bb""]","[""https://bengkulu.bpk.go.id/tertinggi-korban-mbg-di-lebong-539-orang/""]","[""count_shared_across_rows""]"
id.Daftar_kasus_keracunan_massal_makan_siang_gratis#r0095,id.Daftar_kasus_keracunan_massal_makan_siang_gratis,95,id.Daftar_kasus_keracunan_massal_makan_siang_gratis#e0090,2025-08-28,2025-08-28,day,28 Agustus 2025,Bengkulu,Bengkulu,Kabupaten Lebong,kabupaten,Lebong,17.07,exact,17,-3.1574485628093467,102.18284672681582,115520,1666.621,SD Muhammadiyah Ujung Tanjung,primary,SD Muhammadiyah Ujung Tanjung,539 Siswa,exact,539,539,539,"{""student"": 539}",,,,,"[""auto:46ad4c49bb""]","[""https://bengkulu.bpk.go.id/tertinggi-korban-mbg-di-lebong-539-orang/""]","[""count_shared_across_rows""]"
id.Daftar_kasus_keracunan_massal_makan_siang_gratis#r0096,id.Daftar_kasus_keracunan_massal_makan_siang_gratis,96,id.Daftar_kasus_keracunan_massal_makan_siang_gratis#e0090,2025-08-28,2025-08-28,day,28 Agustus 2025,Bengkulu,Bengkulu,Kabupaten Lebong,kabupaten,Lebong,17.07,exact,17,-3.1574485628093467,102.18284672681582,115520,1666.621,SD Muhammadiyah Ujung Tanjung II,primary,SD Muhammadiyah Ujung Tanjung II,539 Siswa,exact,539,539,539,"{""student"": 539}",,,,,"[""auto:46ad4c49bb""]","[""https://bengkulu.bpk.go.id/tertinggi-korban-mbg-di-lebong-539-orang/""]","[""count_shared_across_rows""]"
id.Daftar_kasus_keracunan_massal_makan_siang_gratis#r0097,id.Daftar_kasus_keracunan_massal_makan_siang_gratis,97,id.Daftar_kasus_keracunan_massal_makan_siang_gratis#e0090,2025-08-28,2025-08-28,day,28 Agustus 2025,Bengkulu,Bengkulu,Kabupaten Lebong,kabupaten,Lebong,17.07,exact,17,-3.1574485628093467,102.18284672681582,115520,1666.621,SD Negeri 17 Ujung Tanjung I,primary,SD Negeri 17 Ujung Tanjung I,539 Siswa,exact,539,539,539,"{""student"": 539}",,,,,"[""auto:46ad4c49bb""]","[""https://bengkulu.bpk.go.id/tertinggi-korban-mbg-di-lebong-539-orang/""]","[""count_shared_across_rows""]"
id.Daftar_kasus_keracunan_massal_makan_siang_gratis#r0098,id.Daftar_kasus_keracunan_massal_makan_siang_gratis,98,id.Daftar_kasus_keracunan_massal_makan_siang_gratis#e0090,2025-08-28,2025-08-28,day,28 Agustus 2025,Bengkulu,Bengkulu,Kabupaten Lebong,kabupaten,Lebong,17.07,exact,17,-3.1574485628093467,102.18284672681582,115520,1666.621,SD Negeri 25 Desa Sukabumi,primary,SD Negeri 25 Desa Sukabumi,539 Siswa,exact,539,539,539,"{""student"": 539}",,,,,"[""auto:46ad4c49bb""]","[""https://bengkulu.bpk.go.id/tertinggi-korban-mbg-di-lebong-539-orang/""]","[""count_shared_across_rows""]"
id.Daftar_kasus_keracunan_massal_makan_siang_gratis#r0099,id.Daftar_kasus_keracunan_massal_makan_siang_gratis,99,id.Daftar_kasus_keracunan_massal_makan_siang_gratis#e0090,2025-08-28,2025-08-28,day,28 Agustus 2025,Bengkulu,Bengkulu,Kabupaten Lebong,kabupaten,Lebong,17.07,exact,17,-3.1574485628093467,102.18284672681582,115520,1666.621,SD IT Suka Bumi,primary,SD IT Suka Bumi,539 Siswa,exact,539,539,539,"{""student"": 539}",,,,,"[""auto:46ad4c49bb""]","[""https://bengkulu.bpk.go.id/tertinggi-korban-mbg-di-lebong-539-orang/""]","[""count_shared_across_rows""]"
id.Daftar_kasus_keracunan_massal_makan_siang_gratis#r0100,id.Daftar_kasus_keracunan_massal_makan_siang_gratis,100,id.Daftar_kasus_keracunan_massal_makan_siang_gratis#e0090,2025-08-28,2025-08-28,day,28 Agustus 2025,Bengkulu,Bengkulu,Kabupaten Lebong,kabupaten,Lebong,17.07,exact,17,-3.1574485628093467,102.18284672681582,115520,1666.621,SMP 05 Lebong,junior_secondary,SMP 05 Lebong,539 Siswa,exact,539,539,539,"{""student"": 539}",,,,,"[""auto:46ad4c49bb""]","[""https://bengkulu.bpk.go.id/tertinggi-korban-mbg-di-lebong-539-orang/""]","[""count_shared_across_rows""]"
id.Daftar_kasus_keracunan_massal_makan_siang_gratis#r0101,id.Daftar_kasus_keracunan_massal_makan_siang_gratis,101,id.Daftar_kasus_keracunan_massal_makan_siang_gratis#e0090,2025-08-28,2025-08-28,day,28 Agustus 2025,Bengkulu,Bengkulu,Kabupaten Lebong,kabupaten,Lebong,17.07,exact,17,-3.1574485628093467,102.18284672681582,115520,1666.621,SMP 16 Lebong,junior_secondary,SMP 16 Lebong,539 Siswa,exact,539,539,539,"{""student"": 539}",,,,,"[""auto:46ad4c49bb""]","[""https://bengkulu.bpk.go.id/tertinggi-korban-mbg-di-lebong-539-orang/""]","[""count_shared_across_rows""]"
id.Daftar_kasus_keracunan_massal_makan_siang_gratis#r0102,id.Daftar_kasus_keracunan_massal_makan_siang_gratis,102,id.Daftar_kasus_keracunan_massal_makan_siang_gratis#e0102,2026-02-26,2026-02-26,day,26 Februari 2026,Bengkulu,Bengkulu,Kabupaten Bengkulu Utara,kabupaten,Bengkulu Utara,17.03,exact,17,-3.436858034706668,102.2017863093631,309773,4478.107,,,,,unreported,,,,{},,1 Siswa,1,1,"[""auto:defa3b88d3""]","[""https://daerahpost.com/polhukam/diduga-keracunan-burger-mbg-siswa-min-2-ketahun-tutup-usia-di-rs-bhayangkara-bengkulu/""]","[""no_venue"", ""count_unreported""]"
id.Daftar_kasus_keracunan_massal_makan_siang_gratis#r0103,id.Daftar_kasus_keracunan_massal_makan_siang_gratis,103,id.Daftar_kasus_keracunan_massal_makan_siang_gratis#e0103,2026-04-23,2026-04-23,day,23 April 2026,Bengkulu,Bengkulu,Kabupaten Bengkulu Tengah,kabupaten,Bengkulu Tengah,17.09,exact,17,-3.7728554135369468,102.3899904291284,126339,1132.405,SMP Negeri 3 Bengkulu Tengah,junior_secondary,SMP Negeri 3 Bengkulu Tengah,8 Siswa,exact,8,8,8,"{""student"": 8}",8,,,,"[""auto:f2526168f9""]","[""https://bengkulu.tribunnews.com/breaking-news/100624/breaking-news-7-siswa-smpn-3-bengkulu-tengah-diduga-keracunan-mbg-sempat-dirawat-di-klinik""]",[]
id.Daftar_kasus_keracunan_massal_makan_siang_gratis#r0104,id.Daftar_kasus_keracunan_massal_makan_siang_gratis,104,id.Daftar_kasus_keracunan_massal_makan_siang_gratis#e0104,2026-06-04,2026-06-04,day,4 Juni 2026,Bengkulu,Bengkulu,Kabupaten Kepahiang,kabupaten,Kepahiang,17.08,exact,17,-3.6251092126391558,102.55634520967017,151910,738.965,SDN 18 Taba Tebelet,primary,SDN 18 Taba Tebelet,16 Orang,exact,16,16,16,"{""person"": 16}",16,,,,"[""auto:5cf96638ed""]","[""https://betv.disway.id/daerah/read/73679/bertambah-menjadi-16-orang-korban-keracunan-mbg-di-kepahiang-termasuk-guru-dan-penjaga-sekolah""]",[]
id.Daftar_kasus_keracunan_massal_makan_siang_gratis#r0105,id.Daftar_kasus_keracunan_massal_makan_siang_gratis,105,id.Daftar_kasus_keracunan_massal_makan_siang_gratis#e0105,2026-09-04,2026-09-04,day,4 September 2026,Bengkulu,Bengkulu,Kota Bengkulu,kota,Bengkulu,17.71,exact,17,-3.792845099999999,102.26076409999996,400533,150.183,SDN 59 Kota Bengkulu,primary,SDN 59 Kota Bengkulu,7 Siswa,exact,7,7,7,"{""student"": 7}",7,,,,"[""auto:1b054f1007""]","[""https://www.tempo.co/politik/keracunan-mbg-terus-terjadi-kali-ini-terjadi-di-bengkulu-2285541""]",[]
id.Daftar_kasus_keracunan_massal_makan_siang_gratis#r0106,id.Daftar_kasus_keracunan_massal_makan_siang_gratis,106,id.Daftar_kasus_keracunan_massal_makan_siang_gratis#e0106,2026-01-30,2026-01-30,day,30 Januari 2026,Jambi,Jambi,Kabupaten Muaro Jambi,kabupaten,Muaro Jambi,15.05,exact,15,-1.4482512111723946,103.51549566092164,457238,5159.623,,early_childhood,TK (Spesifik tidak disebutkan),150 Siswa,exact,150,150,150,"{""student"": 150}",150,,,,"[""auto:1b5965b08a""]","[""https://www.jambiseru.com/berita/31/01/korban-keracunan-mbg-di-muaro-jambi-tembus-150-pelajar-puluhan-masih-dirawat-inap""]","[""no_venue""]"
id.Daftar_kasus_keracunan_massal_makan_siang_gratis#r0107,id.Daftar_kasus_keracunan_massal_makan_siang_gratis,107,id.Daftar_kasus_keracunan_massal_makan_siang_gratis#e0106,2026-01-30,2026-01-30,day,30 Januari 2026,Jambi,Jambi,Kabupaten Muaro Jambi,kabupaten,Muaro Jambi,15.05,exact,15,-1.4482512111723946,103.51549566092164,457238,5159.623,,primary,SD (Spesifik tidak disebutkan),150 Siswa,exact,150,150,150,"{""student"": 150}",,,,,"[""auto:1b5965b08a""]","[""https://www.jambiseru.com/berita/31/01/korban-keracunan-mbg-di-muaro-jambi-tembus-150-pelajar-puluhan-masih-dirawat-inap""]","[""no_venue"", ""count_shared_across_rows""]"
id.Daftar_kasus_keracunan_massal_makan_siang_gratis#r0108,id.Daftar_kasus_keracunan_massal_makan_siang_gratis,108,id.Daftar_kasus_keracunan_massal_makan_siang_gratis#e0106,2026-01-30,2026-01-30,day,30 Januari 2026,Jambi,Jambi,Kabupaten Muaro Jambi,kabupaten,Muaro Jambi,15.05,exact,15,-1.4482512111723946,103.51549566092164,457238,5159.623,,junior_secondary,SMP (Spesifik tidak disebutkan),150 Siswa,exact,150,150,150,"{""student"": 150}",,,,,"[""auto:1b5965b08a""]","[""https://www.jambiseru.com/berita/31/01/korban-keracunan-mbg-di-muaro-jambi-tembus-150-pelajar-puluhan-masih-dirawat-inap""]","[""no_venue"", ""count_shared_across_rows""]"
id.Daftar_kasus_keracunan_massal_makan_siang_gratis#r0109,id.Daftar_kasus_keracunan_massal_makan_siang_gratis,109,id.Daftar_kasus_keracunan_massal_makan_siang_gratis#e0106,2026-01-30,2026-01-30,day,30 Januari 2026,Jambi,Jambi,Kabupaten Muaro Jambi,kabupaten,Muaro Jambi,15.05,exact,15,-1.4482512111723946,103.51549566092164,457238,5159.623,,senior_secondary,SMA (Spesifik tidak disebutkan),150 Siswa,exact,150,150,150,"{""student"": 150}",,,,,"[""auto:1b5965b08a""]","[""https://www.jambiseru.com/berita/31/01/korban-keracunan-mbg-di-muaro-jambi-tembus-150-pelajar-puluhan-masih-dirawat-inap""]","[""no_venue"", ""count_shared_across_rows""]"
id.Daftar_kasus_keracunan_massal_makan_siang_gratis#r0110,id.Daftar_kasus_keracunan_massal_makan_siang_gratis,110,id.Daftar_kasus_keracunan_massal_makan_siang_gratis#e0110,2026-04-09,2026-04-09,day,9 April 2026,Jambi,Jambi,Kota Jambi,kota,Jambi,15.71,exact,15,-1.6305013396917745,103.60727024612254,649656,169.887,SMPN 7 Kota Jambi,junior_secondary,SMPN 7 Kota Jambi,3 Guru,exact,3,3,3,"{""teacher"": 3}",3,,,,"[""auto:729acaf5aa""]","[""https://jambitv.disway.id/kota-jambi/read/13307/heboh-dugaan-keracunan-mbg-di-smpn-7-kota-jambi-ini-fakta-dan-klarifikasi-sekolah""]",[]
id.Daftar_kasus_keracunan_massal_makan_siang_gratis#r0111,id.Daftar_kasus_keracunan_massal_makan_siang_gratis,111,id.Daftar_kasus_keracunan_massal_makan_siang_gratis#e0111,2026-05-20,2026-05-20,day,20 Mei 2026,Jambi,Jambi,Kota Jambi,kota,Jambi,15.71,exact,15,-1.6305013396917745,103.60727024612254,649656,169.887,SMKN 1 Kota Jambi,senior_secondary,SMKN 1 Kota Jambi,8 Siswa,exact,8,8,8,"{""student"": 8}",8,,,,"[""auto:c0cf427f9e""]","[""https://jambi.tribunnews.com/makalam/1196531/delapan-pelajar-smkn-1-jambi-mual-hingga-muntah-setelah-santap-mbg-tadi-pagi""]",[]
id.Daftar_kasus_keracunan_massal_makan_siang_gratis#r0112,id.Daftar_kasus_keracunan_massal_makan_siang_gratis,112,id.Daftar_kasus_keracunan_massal_makan_siang_gratis#e0112,2025-08,2025-08,month,Agustus 2025,Kepulauan Bangka Belitung,Bangka Belitung,Kabupaten Belitung Timur,kabupaten,Belitung Timur,19.06,exact,19,-2.883346486095607,108.23930392535223,132495,2585.734,,,TBA (Tidak Diumumkan),TBA (Tidak Diumumkan),unreported,,,,{},,,,,"[""auto:007ceef899""]","[""https://www.antaranews.com/berita/5126560/bpom-bakteri-salmonella-di-lauk-picu-keracunan-mbg-belitung-timur""]","[""month_precision_only"", ""no_venue"", ""count_unreported""]"
id.Daftar_kasus_keracunan_massal_makan_siang_gratis#r0113,id.Daftar_kasus_keracunan_massal_makan_siang_gratis,113,id.Daftar_kasus_keracunan_massal_makan_siang_gratis#e0113,2026-05-04,2026-05-04,day,4 Mei 2026,Kepulauan Bangka Belitung,Bangka Belitung,Kabupaten Belitung,kabupaten,Belitung,19.02,exact,19,-2.742308350486171,107.65431549651602,192405,2266.107,SDN 23 Tanjungpandan,primary,SDN 23 Tanjungpandan,30 Siswa,exact,30,30,30,"{""student"": 30}",30,,,,"[""auto:11190c32f6""]","[""https://belitung.tribunnews.com/lokal/213812/puluhan-murid-muntah-kepsek-sdn-23-tanjungpandan-tidak-berani-sebut-keracunan-mbg""]",[]
id.Daftar_kasus_keracunan_massal_makan_siang_gratis#r0114,id.Daftar_kasus_keracunan_massal_makan_siang_gratis,114,id.Daftar_kasus_keracunan_massal_makan_siang_gratis#e0113,2026-05-04,2026-05-04,day,4 Mei 2026,Kepulauan Bangka Belitung,Bangka Belitung,Kabupaten Belitung,kabupaten,Belitung,19.02,exact,19,-2.742308350486171,107.65431549651602,192405,2266.107,SD Negeri 7 Tanjungpandan,primary,SD Negeri 7 Tanjungpandan,30 Siswa,exact,30,30,30,"{""student"": 30}",,,,,"[""auto:11190c32f6""]","[""https://belitung.tribunnews.com/lokal/213812/puluhan-murid-muntah-kepsek-sdn-23-tanjungpandan-tidak-berani-sebut-keracunan-mbg""]","[""count_shared_across_rows""]"
id.Daftar_kasus_keracunan_massal_makan_siang_gratis#r0115,id.Daftar_kasus_keracunan_massal_makan_siang_gratis,115,id.Daftar_kasus_keracunan_massal_makan_siang_gratis#e0115,2026-09-18,2026-09-18,day,18 September 2026,Kepulauan Bangka Belitung,Bangka Belitung,Kabupaten Bangka Tengah,kabupaten,Bangka Tengah,19.04,exact,19,-2.515349261743928,106.41589404069474,210684,2253.854,Madrasah Ibtidaiyah (MI) Al-Arifin,,Madrasah Ibtidaiyah (MI) Al-Arifin,6 Siswa,exact,6,6,6,"{""student"": 6}",6,,,,"[""auto:658a67ada7""]","[""https://doorstop.id/enam-siswa-mi-al-arifin-dilarikan-ke-puskesmas-diduga-usai-santap-mbg-guru-temukan-ulat-dalam-susu/""]",[]
id.Daftar_kasus_keracunan_massal_makan_siang_gratis#r0116,id.Daftar_kasus_keracunan_massal_makan_siang_gratis,116,id.Daftar_kasus_keracunan_massal_makan_siang_gratis#e0116,2025-07-15,2025-07-15,day,15 Juli 2025,Lampung,Lampung,Kabupaten Lampung Utara,kabupaten,Lampung Utara,18.03,exact,18,-4.8291901217543,104.88744459932492,675626,2669.304,SD Soekarno Hatta,primary,SD Soekarno Hatta,Puluhan Siswa,vague,,20,99,{},,,,,"[""auto:b6d5fae408""]","[""https://www.cakralampung.com/2025/07/15/siswa-sd-di-lampung-utara-keracunan-usai-santap-mbg/""]","[""count_vague""]"
id.Daftar_kasus_keracunan_massal_makan_siang_gratis#r0117,id.Daftar_kasus_keracunan_massal_makan_siang_gratis,117,id.Daftar_kasus_keracunan_massal_makan_siang_gratis#e0116,2025-07-15,2025-07-15,day,15 Juli 2025,Lampung,Lampung,Kabupaten Lampung Utara,kabupaten,Lampung Utara,18.03,exact,18,-4.8291901217543,104.88744459932492,675626,2669.304,SD IT Insan Rhobani,primary,SD IT Insan Rhobani,Puluhan Siswa,vague,,20,99,{},,,,,"[""auto:b6d5fae408""]","[""https://www.cakralampung.com/2025/07/15/siswa-sd-di-lampung-utara-keracunan-usai-santap-mbg/""]","[""count_vague"", ""count_shared_across_rows""]"
id.Daftar_kasus_keracunan_massal_makan_siang_gratis#r0118,id.Daftar_kasus_keracunan_massal_makan_siang_gratis,118,id.Daftar_kasus_keracunan_massal_makan_siang_gratis#e0118,2025-08-29,2025-08-29,day,29 Agustus 2025,Lampung,Lampung,Kabupaten Lampung Utara,kabupaten,Lampung Utara,18.03,exact,18,-4.8291901217543,104.88744459932492,675626,2669.304,SDN 1 Negara Agung,primary,SDN 1 Negara Agung,16 Siswa,exact,16,16,16,"{""student"": 16}",16,,,,"[""auto:988f9aa753""]","[""https://lampost.co/lampung/16-pelajar-lampung-utara-keracunan-makan-bergizi-gratis/""]",[]
id.Daftar_kasus_keracunan_massal_makan_siang_gratis#r0119,id.Daftar_kasus_keracunan_massal_makan_siang_gratis,119,id.Daftar_kasus_keracunan_massal_makan_siang_gratis#e0119,2025-09-29,2025-09-29,day,29 September 2025,Lampung,Lampung,Kabupaten Lampung Utara,kabupaten,Lampung Utara,18.03,exact,18,-4.8291901217543,104.88744459932492,675626,2669.304,SMAN 4 Kota Bumi,senior_secondary,SMAN 4 Kota Bumi,52 Siswa,exact,52,52,52,"{""student"": 52}",52,,,,"[""auto:8786fffd5b""]","[""https://www.detik.com/sumbagsel/berita/d-8138143/52-pelajar-sma-di-lampung-utara-keracunan-mbg-usai-santap-ayam-crispy""]",[]
id.Daftar_kasus_keracunan_massal_makan_siang_gratis#r0120,id.Daftar_kasus_keracunan_massal_makan_siang_gratis,120,id.Daftar_kasus_keracunan_massal_makan_siang_gratis#e0120,2026-01-12,2026-01-12,day,12 Januari 2026,Lampung,Lampung,Kabupaten Lampung Utara,kabupaten,Lampung Utara,18.03,exact,18,-4.8291901217543,104.88744459932492,675626,2669.304,SDN 3 Sindang Sari,primary,SDN 3 Sindang Sari,11 Siswa,exact,11,11,11,"{""student"": 11}",11,,,,"["":10""]","[""https://regional.kompas.com/read/2026/01/13/134340278/11-siswa-sd-di-lampung-utara-keracunan-makan-bergizi-gratis-kepsek-ngamuk""]",[]
id.Daftar_kasus_keracunan_massal_makan_siang_gratis#r0121,id.Daftar_kasus_keracunan_massal_makan_siang_gratis,121,id.Daftar_kasus_keracunan_massal_makan_siang_gratis#e0121,2025-08-06,2025-08-06,day,6 Agustus 2025,Lampung,Lampung,Kabupaten Tanggamus,kabupaten,Tanggamus,18.06,exact,18,-5.480674664821914,104.68229977472107,641036,2947.187,SDN 1 Way Jaha,primary,SDN 1 Way Jaha,18 Siswa,exact,18,18,18,"{""student"": 18}",18,,,,"[""auto:a9e48a0c87""]","[""https://www.liputan6.com/regional/read/6130634/18-siswa-di-lampung-mual-hingga-lemas-usai-santap-lele-disdikbud-perketat-pengawasan-mbg""]",[]
id.Daftar_kasus_keracunan_massal_makan_siang_gratis#r0122,id.Daftar_kasus_keracunan_massal_makan_siang_gratis,122,id.Daftar_kasus_keracunan_massal_makan_siang_gratis#e0122,2026-07-23,2026-07-23,day,23 Juli 2026,Lampung,Lampung,Kabupaten Tanggamus,kabupaten,Tanggamus,18.06,exact,18,-5.480674664821914,104.68229977472107,641036,2947.187,SMPN 1 Talangpadang,junior_secondary,SMPN 1 Talangpadang,23 Siswa,exact,23,23,23,"{""student"": 23}",23,,,,"[""auto:abd74c35df""]","[""https://www.instagram.com/p/DbMx8XJj0s3/""]",[]
id.Daftar_kasus_keracunan_massal_makan_siang_gratis#r0123,id.Daftar_kasus_keracunan_massal_makan_siang_gratis,123,id.Daftar_kasus_keracunan_massal_makan_siang_gratis#e0123,2025-08-26,2025-08-26,day,26 Agustus 2025,Lampung,Lampung,Kabupaten Lampung Timur,kabupaten,Lampung Timur,18.07,exact,18,-5.048183264548101,105.52825470212977,1122605,3860.546,Pondok Pesantren Al Islah,pesantren,Pondok Pesantren Al Islah,40 Santri,exact,40,40,40,"{""santri"": 40}",40,,,,"[""auto:04ff97c0a8""]","[""https://lampung.inews.id/berita/40-siswa-smp-di-lampung-timur-diduga-keracunan-mbg-31-dirawat-inap""]",[]
id.Daftar_kasus_keracunan_massal_makan_siang_gratis#r0124,id.Daftar_kasus_keracunan_massal_makan_siang_gratis,124,id.Daftar_kasus_keracunan_massal_makan_siang_gratis#e0124,2025-09-26,2025-09-26,day,26 September 2025,Lampung,Lampung,Kabupaten Lampung Timur,kabupaten,Lampung Timur,18.07,exact,18,-5.048183264548101,105.52825470212977,1122605,3860.546,SDN 1 Lehan,primary,SDN 1 Lehan,41 Siswa,exact,41,41,41,"{""student"": 41}",41,,,,"[""auto:61a1c8ecd3""]","[""https://lampung.tribunnews.com/lampung/1191560/kondisi-terkini-41-siswa-di-lampung-timur-usai-keracunan-roti-sosis-mbg""]",[]
id.Daftar_kasus_keracunan_massal_makan_siang_gratis#r0125,id.Daftar_kasus_keracunan_massal_makan_siang_gratis,125,id.Daftar_kasus_keracunan_massal_makan_siang_gratis#e0124,2025-09-26,2025-09-26,day,26 September 2025,Lampung,Lampung,Kabupaten Lampung Timur,kabupaten,Lampung Timur,18.07,exact,18,-5.048183264548101,105.52825470212977,1122605,3860.546,SDN 2 Lehan,primary,SDN 2 Lehan,41 Siswa,exact,41,41,41,"{""student"": 41}",,,,,"[""auto:61a1c8ecd3""]","[""https://lampung.tribunnews.com/lampung/1191560/kondisi-terkini-41-siswa-di-lampung-timur-usai-keracunan-roti-sosis-mbg""]","[""count_shared_across_rows""]"
id.Daftar_kasus_keracunan_massal_makan_siang_gratis#r0126,id.Daftar_kasus_keracunan_massal_makan_siang_gratis,126,id.Daftar_kasus_keracunan_massal_makan_siang_gratis#e0124,2025-09-26,2025-09-26,day,26 September 2025,Lampung,Lampung,Kabupaten Lampung Timur,kabupaten,Lampung Timur,18.07,exact,18,-5.048183264548101,105.52825470212977,1122605,3860.546,SDN 1 Sukadana,primary,SDN 1 Sukadana,41 Siswa,exact,41,41,41,"{""student"": 41}",,,,,"[""auto:61a1c8ecd3""]","[""https://lampung.tribunnews.com/lampung/1191560/kondisi-terkini-41-siswa-di-lampung-timur-usai-keracunan-roti-sosis-mbg""]","[""count_shared_across_rows""]"
id.Daftar_kasus_keracunan_massal_makan_siang_gratis#r0127,id.Daftar_kasus_keracunan_massal_makan_siang_gratis,127,id.Daftar_kasus_keracunan_massal_makan_siang_gratis#e0124,2025-09-26,2025-09-26,day,26 September 2025,Lampung,Lampung,Kabupaten Lampung Timur,kabupaten,Lampung Timur,18.07,exact,18,-5.048183264548101,105.52825470212977,1122605,3860.546,SD Catur Swako,primary,SD Catur Swako,41 Siswa,exact,41,41,41,"{""student"": 41}",,,,,"[""auto:61a1c8ecd3""]","[""https://lampung.tribunnews.com/lampung/1191560/kondisi-terkini-41-siswa-di-lampung-timur-usai-keracunan-roti-sosis-mbg""]","[""count_shared_across_rows""]"
id.Daftar_kasus_keracunan_massal_makan_siang_gratis#r0128,id.Daftar_kasus_keracunan_massal_makan_siang_gratis,128,id.Daftar_kasus_keracunan_massal_makan_siang_gratis#e0124,2025-09-26,2025-09-26,day,26 September 2025,Lampung,Lampung,Kabupaten Lampung Timur,kabupaten,Lampung Timur,18.07,exact,18,-5.048183264548101,105.52825470212977,1122605,3860.546,SMPN PGRI 1 Bumi Agung,junior_secondary,SMPN PGRI 1 Bumi Agung,41 Siswa,exact,41,41,41,"{""student"": 41}",,,,,"[""auto:61a1c8ecd3""]","[""https://lampung.tribunnews.com/lampung/1191560/kondisi-terkini-41-siswa-di-lampung-timur-usai-keracunan-roti-sosis-mbg""]","[""count_shared_across_rows""]"
id.Daftar_kasus_keracunan_massal_makan_siang_gratis#r0129,id.Daftar_kasus_keracunan_massal_makan_siang_gratis,129,id.Daftar_kasus_keracunan_massal_makan_siang_gratis#e0129,2026-01-28,2026-01-28,day,28 Januari 2026,Lampung,Lampung,Kabupaten Lampung Timur,kabupaten,Lampung Timur,18.07,exact,18,-5.048183264548101,105.52825470212977,1122605,3860.546,,pesantren,Pondok Pesantren (Spesifik tidak disebutkan),Ratusan siswa,vague,,100,999,{},,,,,"[""auto:30cb861ee4""]","[""https://medialintastimurnews.com/2026/01/29/terjadi-lagi-di-lamtim-ratusan-anak-diduga-keracunan-usai-santap-mbg/""]","[""no_venue"", ""count_vague""]"
id.Daftar_kasus_keracunan_massal_makan_siang_gratis#r0130,id.Daftar_kasus_keracunan_massal_makan_siang_gratis,130,id.Daftar_kasus_keracunan_massal_makan_siang_gratis#e0129,2026-01-28,2026-01-28,day,28 Januari 2026,Lampung,Lampung,Kabupaten Lampung Timur,kabupaten,Lampung Timur,18.07,exact,18,-5.048183264548101,105.52825470212977,1122605,3860.546,,primary,SD (Spesifik tidak disebutkan),Ratusan siswa,vague,,100,999,{},,,,,"[""auto:30cb861ee4""]","[""https://medialintastimurnews.com/2026/01/29/terjadi-lagi-di-lamtim-ratusan-anak-diduga-keracunan-usai-santap-mbg/""]","[""no_venue"", ""count_vague"", ""count_shared_across_rows""]"
id.Daftar_kasus_keracunan_massal_makan_siang_gratis#r0131,id.Daftar_kasus_keracunan_massal_makan_siang_gratis,131,id.Daftar_kasus_keracunan_massal_makan_siang_gratis#e0129,2026-01-28,2026-01-28,day,28 Januari 2026,Lampung,Lampung,Kabupaten Lampung Timur,kabupaten,Lampung Timur,18.07,exact,18,-5.048183264548101,105.52825470212977,1122605,3860.546,,junior_secondary,SMP (Spesifik tidak disebutkan),Ratusan siswa,vague,,100,999,{},,,,,"[""auto:30cb861ee4""]","[""https://medialintastimurnews.com/2026/01/29/terjadi-lagi-di-lamtim-ratusan-anak-diduga-keracunan-usai-santap-mbg/""]","[""no_venue"", ""count_vague"", ""count_shared_across_rows""]"
id.Daftar_kasus_keracunan_massal_makan_siang_gratis#r0132,id.Daftar_kasus_keracunan_massal_makan_siang_gratis,132,id.Daftar_kasus_keracunan_massal_makan_siang_gratis#e0132,2026-02-27,2026-02-27,day,27 Februari 2026,Lampung,Lampung,Kabupaten Lampung Timur,kabupaten,Lampung Timur,18.07,exact,18,-5.048183264548101,105.52825470212977,1122605,3860.546,,,TBA (Tidak disebutkan),Belasan Siswa,vague,,11,19,{},,,,,"[""auto:6a5258702e""]","[""https://lampung77.com/lampung/belasan-pelajar-di-lampung-timur-diduga-keracunan-mbg-ada-siswa-paud/""]","[""no_venue"", ""count_vague""]"
id.Daftar_kasus_keracunan_massal_makan_siang_gratis#r0133,id.Daftar_kasus_keracunan_massal_makan_siang_gratis,133,id.Daftar_kasus_keracunan_massal_makan_siang_gratis#e0133,2025-08-29,2025-08-29,day,29 Agustus 2025,Lampung,Lampung,Kota Bandar Lampung,kota,Bandar Lampung,18.71,exact,18,-5.429579213794452,105.26256765111627,1077664,183.719,SDN 2 Sukabumi,primary,SDN 2 Sukabumi,247 siswa,exact,247,247,247,"{""student"": 247}",247,,,,"[""auto:7030f1d3bd""]","[""https://indonesiainvestigasi.com/orang-tua-murid-meminta-polda-lampung-periksa-dan-proses-yayasan-penyedia-mbg-yang-menyebabkan-puluhan-murid-mengalami-keracunan-massal/31/""]",[]
id.Daftar_kasus_keracunan_massal_makan_siang_gratis#r0134,id.Daftar_kasus_keracunan_massal_makan_siang_gratis,134,id.Daftar_kasus_keracunan_massal_makan_siang_gratis#e0133,2025-08-29,2025-08-29,day,29 Agustus 2025,Lampung,Lampung,Kota Bandar Lampung,kota,Bandar Lampung,18.71,exact,18,-5.429579213794452,105.26256765111627,1077664,183.719,SDN 2 Campang Raya,primary,SDN 2 Campang Raya,247 siswa,exact,247,247,247,"{""student"": 247}",,,,,"[""auto:7030f1d3bd""]","[""https://indonesiainvestigasi.com/orang-tua-murid-meminta-polda-lampung-periksa-dan-proses-yayasan-penyedia-mbg-yang-menyebabkan-puluhan-murid-mengalami-keracunan-massal/31/""]","[""count_shared_across_rows""]"
id.Daftar_kasus_keracunan_massal_makan_siang_gratis#r0135,id.Daftar_kasus_keracunan_massal_makan_siang_gratis,135,id.Daftar_kasus_keracunan_massal_makan_siang_gratis#e0133,2025-08-29,2025-08-29,day,29 Agustus 2025,Lampung,Lampung,Kota Bandar Lampung,kota,Bandar Lampung,18.71,exact,18,-5.429579213794452,105.26256765111627,1077664,183.719,SMPN 31 Campang Raya,junior_secondary,SMPN 31 Campang Raya,247 siswa,exact,247,247,247,"{""student"": 247}",,,,,"[""auto:7030f1d3bd""]","[""https://indonesiainvestigasi.com/orang-tua-murid-meminta-polda-lampung-periksa-dan-proses-yayasan-penyedia-mbg-yang-menyebabkan-puluhan-murid-mengalami-keracunan-massal/31/""]","[""count_shared_across_rows""]"
id.Daftar_kasus_keracunan_massal_makan_siang_gratis#r0136,id.Daftar_kasus_keracunan_massal_makan_siang_gratis,136,id.Daftar_kasus_keracunan_massal_makan_siang_gratis#e0133,2025-08-29,2025-08-29,day,29 Agustus 2025,Lampung,Lampung,Kota Bandar Lampung,kota,Bandar Lampung,18.71,exact,18,-5.429579213794452,105.26256765111627,1077664,183.719,SMKN 5 Sukabumi,senior_secondary,SMKN 5 Sukabumi,247 siswa,exact,247,247,247,"{""student"": 247}",,,,,"[""auto:7030f1d3bd""]","[""https://indonesiainvestigasi.com/orang-tua-murid-meminta-polda-lampung-periksa-dan-proses-yayasan-penyedia-mbg-yang-menyebabkan-puluhan-murid-mengalami-keracunan-massal/31/""]","[""count_shared_across_rows""]"
id.Daftar_kasus_keracunan_massal_makan_siang_gratis#r0137,id.Daftar_kasus_keracunan_massal_makan_siang_gratis,137,id.Daftar_kasus_keracunan_massal_makan_siang_gratis#e0137,2026-02-11,2026-02-11,day,11 Februari 2026,Lampung,Lampung,Kota Bandar Lampung,kota,Bandar Lampung,18.71,exact,18,-5.429579213794452,105.26256765111627,1077664,183.719,SDN 4 Sumberjo,primary,SDN 4 Sumberjo,87 Orang,exact,87,87,87,"{""person"": 87}",87,,,,"[""auto:b66e916568""]","[""https://lampung.viva.co.id/pendidikan/8169-ratusan-siswa-di-kemiling-keracunan-massal-mbg-badan-gizi-nasional-tegaskan-evaluasi-sppg""]",[]
id.Daftar_kasus_keracunan_massal_makan_siang_gratis#r0138,id.Daftar_kasus_keracunan_massal_makan_siang_gratis,138,id.Daftar_kasus_keracunan_massal_makan_siang_gratis#e0138,2026-02-11,2026-02-11,day,11 Februari 2026,Lampung,Lampung,Kota Bandar Lampung,kota,Bandar Lampung,18.71,exact,18,-5.429579213794452,105.26256765111627,1077664,183.719,SD Al Munawaroh,primary,SD Al Munawaroh,76 Orang,exact,76,76,76,"{""person"": 76}",76,,,,"[""auto:b66e916568""]","[""https://lampung.viva.co.id/pendidikan/8169-ratusan-siswa-di-kemiling-keracunan-massal-mbg-badan-gizi-nasional-tegaskan-evaluasi-sppg""]",[]
id.Daftar_kasus_keracunan_massal_makan_siang_gratis#r0139,id.Daftar_kasus_keracunan_massal_makan_siang_gratis,139,id.Daftar_kasus_keracunan_massal_makan_siang_gratis#e0139,2026-02-11,2026-02-11,day,11 Februari 2026,Lampung,Lampung,Kota Bandar Lampung,kota,Bandar Lampung,18.71,exact,18,-5.429579213794452,105.26256765111627,1077664,183.719,SMPN 14 Bandar Lampung,junior_secondary,SMPN 14 Bandar Lampung,43 Orang,exact,43,43,43,"{""person"": 43}",43,,,,"[""auto:b66e916568""]","[""https://lampung.viva.co.id/pendidikan/8169-ratusan-siswa-di-kemiling-keracunan-massal-mbg-badan-gizi-nasional-tegaskan-evaluasi-sppg""]",[]
id.Daftar_kasus_keracunan_massal_makan_siang_gratis#r0140,id.Daftar_kasus_keracunan_massal_makan_siang_gratis,140,id.Daftar_kasus_keracunan_massal_makan_siang_gratis#e0140,2026-04-22,2026-04-22,day,22 April 2026,Lampung,Lampung,Kota Bandar Lampung,kota,Bandar Lampung,18.71,exact,18,-5.429579213794452,105.26256765111627,1077664,183.719,SMAN 6 Bandar Lampung,senior_secondary,SMAN 6 Bandar Lampung,172 Orang,exact,172,172,172,"{""person"": 172}",172,,,,"[""auto:dc41e987ad""]","[""https://kupastuntas.co/2026/04/24/ratusan-siswa-sman-6-diduga-keracunan-mbg-dapur-way-lunik-disetop-sementara""]",[]
id.Daftar_kasus_keracunan_massal_makan_siang_gratis#r0141,id.Daftar_kasus_keracunan_massal_makan_siang_gratis,141,id.Daftar_kasus_keracunan_massal_makan_siang_gratis#e0141,,,,Tidak Disebutkan,Lampung,Lampung,Kabupaten Lampung Selatan,kabupaten,Lampung Selatan,18.01,exact,18,-5.717676069034854,105.58534802478252,1124683,2227.357,,,TBA( Tidak Disebutkan),27 Siswa,exact,27,27,27,"{""student"": 27}",27,,,,"[""auto:3c99279d85""]","[""https://www.liputan6.com/regional/read/6169729/siswa-keracunan-massal-mbg-pemprov-lampung-hentikan-sementara-dapur-makanan""]","[""no_date"", ""no_venue""]"
id.Daftar_kasus_keracunan_massal_makan_siang_gratis#r0142,id.Daftar_kasus_keracunan_massal_makan_siang_gratis,142,id.Daftar_kasus_keracunan_massal_makan_siang_gratis#e0142,2025-12-03,2025-12-03,day,3 Desember 2025,Lampung,Lampung,Kabupaten Lampung Selatan,kabupaten,Lampung Selatan,18.01,exact,18,-5.717676069034854,105.58534802478252,1124683,2227.357,SMPN 2 Kalianda,junior_secondary,SMPN 2 Kalianda,6 Siswa,exact,6,6,6,"{""student"": 6}",6,,,,"[""auto:0ddc900ea3""]","[""https://www.infodesanews.com/langkah-cepat-tim-dinkes-lamsel-telusuri-dugaan-keracunan-makanan-mbg-di-smpn-kalianda/""]",[]
id.Daftar_kasus_keracunan_massal_makan_siang_gratis#r0143,id.Daftar_kasus_keracunan_massal_makan_siang_gratis,143,id.Daftar_kasus_keracunan_massal_makan_siang_gratis#e0143,2026-09-16,2026-09-16,day,16 September 2026,Lampung,Lampung,Kabupaten Lampung Selatan,kabupaten,Lampung Selatan,18.01,exact,18,-5.717676069034854,105.58534802478252,1124683,2227.357,MI Syamsul Maarif,primary,MI Syamsul Maarif,11 Siswa,exact,11,11,11,"{""student"": 11}",11,,,,"[""auto:0d739bf548""]","[""https://lampung.viva.co.id/pendidikan/10127-11-siswa-mi-syamsul-maarif-diduga-keracunan-puskesmas-ketapang-ambil-sampel-dapur-mbg-sppg""]",[]
id.Daftar_kasus_keracunan_massal_makan_siang_gratis#r0144,id.Daftar_kasus_keracunan_massal_makan_siang_gratis,144,id.Daftar_kasus_keracunan_massal_makan_siang_gratis#e0144,2025-09-04,2025-09-04,day,4 September 2025,Lampung,Lampung,Kota Metro,kota,Metro,18.72,exact,18,-5.113688728188825,105.30690431111174,182293,73.214,,,TBA( Tidak Disebutkan),12 Siswa,exact,12,12,12,"{""student"": 12}",12,,,,"[""auto:89e5598d33""]","[""https://radarlampung.disway.id/read/716610/sikapi-kasus-keracunan-siswa-mbg-wagub-jihan-kuota-dapur-terlalu-besar-perlu-dievaluasi""]","[""no_venue""]"
id.Daftar_kasus_keracunan_massal_makan_siang_gratis#r0145,id.Daftar_kasus_keracunan_massal_makan_siang_gratis,145,id.Daftar_kasus_keracunan_massal_makan_siang_gratis#e0145,2025-09-29,2025-09-29,day,29 September 2025,Lampung,Lampung,Kabupaten Tulang Bawang Barat,kabupaten,Tulang Bawang Barat,18.12,exact,18,-4.499407459058168,105.11989991165247,312516,1257.088,SDN 06 Penumangan Lama,primary,SDN 06 Penumangan Lama,8 Siswa,exact,8,8,8,"{""student"": 8}",8,,,,"[""auto:798f337c11""]","[""https://lampung.idntimes.com/news/lampung/siswa-sekolah-tubaba-dan-lampura-diduga-keracunan-santap-mbg-00-5h6fh-4dw7l1""]",[]
id.Daftar_kasus_keracunan_massal_makan_siang_gratis#r0146,id.Daftar_kasus_keracunan_massal_makan_siang_gratis,146,id.Daftar_kasus_keracunan_massal_makan_siang_gratis#e0146,2025-10-06,2025-10-06,day,6 Oktober 2025,Lampung,Lampung,Kabupaten Lampung Tengah,kabupaten,Lampung Tengah,18.02,exact,18,-4.977246742581951,105.21014035161986,1394395,4559.57,SMA Negeri 1 Punggur,senior_secondary,SMA Negeri 1 Punggur,14 Siswa,exact,14,14,14,"{""student"": 14}",14,,,,"[""auto:d10954399a""]","[""https://lampung.idntimes.com/news/lampung/belasan-siswa-sma-di-lamteng-diduga-keracunan-mbg-jaksa-turun-tangan-00-5h6fh-5xq1g3""]",[]
id.Daftar_kasus_keracunan_massal_makan_siang_gratis#r0147,id.Daftar_kasus_keracunan_massal_makan_siang_gratis,147,id.Daftar_kasus_keracunan_massal_makan_siang_gratis#e0147,2025-12-03,2025-12-03,day,3 Desember 2025,Lampung,Lampung,Kabupaten Way Kanan,kabupaten,Way Kanan,18.08,exact,18,-4.506182074363012,104.51131397505866,495058,3522.114,,junior_secondary,SMP (Spesifik tidak disebutkan),11 Siswa + 1 Guru,exact,12,12,12,"{""student"": 11, ""teacher"": 1}",12,,,,"[""auto:8dd39dcb0f""]","[""https://cnnnusantara.com/berita-pulau-sumatera/belasan-siswa-dan-guru-keracunan-program-mbg-di-way-kanan-ketua-for-win-desak-polres-usut-tuntas/""]","[""no_venue""]"
id.Daftar_kasus_keracunan_massal_makan_siang_gratis#r0148,id.Daftar_kasus_keracunan_massal_makan_siang_gratis,148,id.Daftar_kasus_keracunan_massal_makan_siang_gratis#e0148,2026-02-24,2026-02-24,day,24 Februari 2026,Lampung,Lampung,Kabupaten Tulang Bawang,kabupaten,Tulang Bawang,18.05,exact,18,-4.494996749237475,105.22021203836975,440040,3118.613,SDN 1 Kibang,primary,SDN 1 Kibang,35 Siswa,exact,35,35,35,"{""student"": 35}",35,,,,"[""auto:71828848f0""]","[""https://lampungcity.co/kasus-keracunan-massal-mbg-menggala-bertambah-35-siswa-jadi-korban-dapur-sppg-belum-kantongi-sertifikat-higiene/""]",[]
id.Daftar_kasus_keracunan_massal_makan_siang_gratis#r0149,id.Daftar_kasus_keracunan_massal_makan_siang_gratis,149,id.Daftar_kasus_keracunan_massal_makan_siang_gratis#e0149,2026-07-24,2026-07-24,day,24 Juli 2026,Lampung,Lampung,Kabupaten Pesawaran,kabupaten,Pesawaran,18.09,exact,18,-5.397533024693423,105.07010811310506,501047,1286.843,SDN 22 Ogan 2 Trimulyo,primary,SDN 22 Ogan 2 Trimulyo,33 Orang,exact,33,33,33,"{""person"": 33}",33,,,,"[""auto:3427b71bbf""]","[""https://www.detik.com/sumbagsel/berita/d-8588523/puluhan-siswa-guru-sd-di-pesawaran-keracunan-diduga-usai-santap-menu-mbg""]",[]
id.Daftar_kasus_keracunan_massal_makan_siang_gratis#r0150,id.Daftar_kasus_keracunan_massal_makan_siang_gratis,150,id.Daftar_kasus_keracunan_massal_makan_siang_gratis#e0150,2025-02-25,2025-02-25,day,25 Februari 2025,Kalimantan Barat,Kalimantan Barat,Kabupaten Kubu Raya,kabupaten,Kubu Raya,61.12,exact,61,-0.12685886609816646,109.40395645418373,646091,8549.057,SDN 08 Sungai Raya,primary,SDN 08 Sungai Raya,5 Siswa,exact,5,5,5,"{""student"": 5}",5,,,,"[""auto:5484bb26e8""]","[""https://pontianakpost.jawapos.com/kubu-raya/1465693199/siswa-sdn-08-sungai-raya-alami-keracunan-usai-makan-makanan-program-mbg-begini-penjelasan-disdikbud-kubu-raya""]",[]
id.Daftar_kasus_keracunan_massal_makan_siang_gratis#r0151,id.Daftar_kasus_keracunan_massal_makan_siang_gratis,151,id.Daftar_kasus_keracunan_massal_makan_siang_gratis#e0151,2026-04-24,2026-04-24,day,24 April 2026,Kalimantan Barat,Kalimantan Barat,Kabupaten Kubu Raya,kabupaten,Kubu Raya,61.12,exact,61,-0.12685886609816646,109.40395645418373,646091,8549.057,SDN 23 Sungai Ambawang,primary,SDN 23 Sungai Ambawang,12 Siswa,exact,12,12,12,"{""student"": 12}",12,,,,"[""auto:f2e3f16a1f""]","[""https://insidepontianak.com/article/42255/lagi-siswa-sd-di-kubu-raya-diduga-keracunan-mbg-ayam-goreng-disebut-berbau-dan-keras""]",[]
id.Daftar_kasus_keracunan_massal_makan_siang_gratis#r0152,id.Daftar_kasus_keracunan_massal_makan_siang_gratis,152,id.Daftar_kasus_keracunan_massal_makan_siang_gratis#e0152,2025-09-23,2025-09-23,day,23 September 2025,Kalimantan Barat,Kalimantan Barat,Kabupaten Ketapang,kabupaten,Ketapang,61.04,exact,61,-1.8442282167132769,109.97893875233444,583541,30012.023,SDN 12 Benua Kayong,primary,SDN 12 Benua Kayong,25 Siswa,exact,25,25,25,"{""student"": 25}",25,,,,"[""auto:b183b99af0""]","[""https://regional.kompas.com/read/2025/09/24/213525178/korban-keracunan-mbg-di-ketapang-bertambah-jadi-25-orang-dapur-ditutup""]",[]
id.Daftar_kasus_keracunan_massal_makan_siang_gratis#r0153,id.Daftar_kasus_keracunan_massal_makan_siang_gratis,153,id.Daftar_kasus_keracunan_massal_makan_siang_gratis#e0153,2026-02-05,2026-02-05,day,5 Februari 2026,Kalimantan Barat,Kalimantan Barat,Kabupaten Ketapang,kabupaten,Ketapang,61.04,exact,61,-1.8442282167132769,109.97893875233444,583541,30012.023,SMP Negeri 1 Marau,junior_secondary,SMP Negeri 1 Marau,417 Siswa,exact,417,417,417,"{""student"": 417}",417,,,,"[""auto:5edccee4f8""]","[""https://pontianak.tribunnews.com/kalbar/1161424/417-siswa-dan-guru-di-ketapang-keracunan-massal-setelah-konsumsi-mbg-dari-dapur-surya-gizi-lestari""]",[]
id.Daftar_kasus_keracunan_massal_makan_siang_gratis#r0154,id.Daftar_kasus_keracunan_massal_makan_siang_gratis,154,id.Daftar_kasus_keracunan_massal_makan_siang_gratis#e0153,2026-02-05,2026-02-05,day,5 Februari 2026,Kalimantan Barat,Kalimantan Barat,Kabupaten Ketapang,kabupaten,Ketapang,61.04,exact,61,-1.8442282167132769,109.97893875233444,583541,30012.023,SMA Negeri 1 Marau,senior_secondary,SMA Negeri 1 Marau,417 Siswa,exact,417,417,417,"{""student"": 417}",,,,,"[""auto:5edccee4f8""]","[""https://pontianak.tribunnews.com/kalbar/1161424/417-siswa-dan-guru-di-ketapang-keracunan-massal-setelah-konsumsi-mbg-dari-dapur-surya-gizi-lestari""]","[""count_shared_across_rows""]"
id.Daftar_kasus_keracunan_massal_makan_siang_gratis#r0155,id.Daftar_kasus_keracunan_massal_makan_siang_gratis,155,id.Daftar_kasus_keracunan_massal_makan_siang_gratis#e0153,2026-02-05,2026-02-05,day,5 Februari 2026,Kalimantan Barat,Kalimantan Barat,Kabupaten Ketapang,kabupaten,Ketapang,61.04,exact,61,-1.8442282167132769,109.97893875233444,583541,30012.023,SMK Negeri 1 Marau,senior_secondary,SMK Negeri 1 Marau,417 Siswa,exact,417,417,417,"{""student"": 417}",,,,,"[""auto:5edccee4f8""]","[""https://pontianak.tribunnews.com/kalbar/1161424/417-siswa-dan-guru-di-ketapang-keracunan-massal-setelah-konsumsi-mbg-dari-dapur-surya-gizi-lestari""]","[""count_shared_across_rows""]"
id.Daftar_kasus_keracunan_massal_makan_siang_gratis#r0156,id.Daftar_kasus_keracunan_massal_makan_siang_gratis,156,id.Daftar_kasus_keracunan_massal_makan_siang_gratis#e0156,2025-09-25,2025-09-25,day,25 September 2025,Kalimantan Barat,Kalimantan Barat,Kabupaten Sanggau,kabupaten,Sanggau,61.03,exact,61,0.12348442018479931,110.59604636952717,499074,12452.224,MIS Al-Wardah,primary,MIS Al-Wardah,6 Siswa,exact,6,6,6,"{""student"": 6}",6,,,,"[""auto:4fa4efa495""]","[""https://www.detik.com/kalimantan/berita/d-8130024/siswa-di-sanggau-keracunan-satgas-mbg-turunkan-tim-investigasi""]",[]
id.Daftar_kasus_keracunan_massal_makan_siang_gratis#r0157,id.Daftar_kasus_keracunan_massal_makan_siang_gratis,157,id.Daftar_kasus_keracunan_massal_makan_siang_gratis#e0157,2025-09-29,2025-09-29,day,29 September 2025,Kalimantan Barat,Kalimantan Barat,Kabupaten Kayong Utara,kabupaten,Kayong Utara,61.11,exact,61,-1.253324768640413,109.95437986952808,126898,4108.533,SMP PGRI 01 Simpang Hilir,junior_secondary,SMP PGRI 01 Simpang Hilir,9 Siswa,exact,9,9,9,"{""student"": 9}",9,,,,"[""auto:17a95931e1""]","[""https://www.detik.com/kalimantan/berita/d-8136915/9-pelajar-smp-di-kayong-utara-diduga-keracunan-mbg-muntahan-diuji-lab""]",[]
id.Daftar_kasus_keracunan_massal_makan_siang_gratis#r0158,id.Daftar_kasus_keracunan_massal_makan_siang_gratis,158,id.Daftar_kasus_keracunan_massal_makan_siang_gratis#e0158,2025-11-04,2025-11-04,day,4 November 2025,Kalimantan Barat,Kalimantan Barat,Kabupaten Kapuas Hulu,kabupaten,Kapuas Hulu,61.06,exact,61,0.8792574508162577,112.92539148302002,276988,31318.246,SD Tahfiz Al-Hidayah,primary,SD Tahfiz Al-Hidayah,19 Siswa,exact,19,19,19,"{""student"": 19}",19,,,,"[""auto:bc41252df0""]","[""https://pontianak.tribunnews.com/kalbar/1148709/19-anak-jadi-korban-keracunan-mbg-kapuas-hulu-kalbar-dapur-sppg-yayasan-media-insan-ditutup""]",[]
id.Daftar_kasus_keracunan_massal_makan_siang_gratis#r0159,id.Daftar_kasus_keracunan_massal_makan_siang_gratis,159,id.Daftar_kasus_keracunan_massal_makan_siang_gratis#e0158,2025-11-04,2025-11-04,day,4 November 2025,Kalimantan Barat,Kalimantan Barat,Kabupaten Kapuas Hulu,kabupaten,Kapuas Hulu,61.06,exact,61,0.8792574508162577,112.92539148302002,276988,31318.246,SDN 1 Kedamin,primary,SDN 1 Kedamin,19 Siswa,exact,19,19,19,"{""student"": 19}",,,,,"[""auto:bc41252df0""]","[""https://pontianak.tribunnews.com/kalbar/1148709/19-anak-jadi-korban-keracunan-mbg-kapuas-hulu-kalbar-dapur-sppg-yayasan-media-insan-ditutup""]","[""count_shared_across_rows""]"
id.Daftar_kasus_keracunan_massal_makan_siang_gratis#r0160,id.Daftar_kasus_keracunan_massal_makan_siang_gratis,160,id.Daftar_kasus_keracunan_massal_makan_siang_gratis#e0160,2025-11-19,2025-11-19,day,19 November 2025,Kalimantan Barat,Kalimantan Barat,Kabupaten Landak,kabupaten,Landak,61.08,exact,61,0.37478897210209017,109.9382701253479,415033,8430.711,SMA Maniamas Ngabang,senior_secondary,SMA Maniamas Ngabang,53 Siswa,exact,53,53,53,"{""student"": 53}",53,,,,"[""auto:3813c08371""]","[""https://pontianak.tribunnews.com/kalbar/1151174/astaga-9-dapur-tak-miliki-slhs-53-murid-smasmk-tumbang-keracunan-massal-dari-dapur-hilir-kantor""]",[]
id.Daftar_kasus_keracunan_massal_makan_siang_gratis#r0161,id.Daftar_kasus_keracunan_massal_makan_siang_gratis,161,id.Daftar_kasus_keracunan_massal_makan_siang_gratis#e0160,2025-11-19,2025-11-19,day,19 November 2025,Kalimantan Barat,Kalimantan Barat,Kabupaten Landak,kabupaten,Landak,61.08,exact,61,0.37478897210209017,109.9382701253479,415033,8430.711,SMK Maniamas Ngabang,senior_secondary,SMK Maniamas Ngabang,53 Siswa,exact,53,53,53,"{""student"": 53}",,,,,"[""auto:3813c08371""]","[""https://pontianak.tribunnews.com/kalbar/1151174/astaga-9-dapur-tak-miliki-slhs-53-murid-smasmk-tumbang-keracunan-massal-dari-dapur-hilir-kantor""]","[""count_shared_across_rows""]"
id.Daftar_kasus_keracunan_massal_makan_siang_gratis#r0162,id.Daftar_kasus_keracunan_massal_makan_siang_gratis,162,id.Daftar_kasus_keracunan_massal_makan_siang_gratis#e0160,2025-11-19,2025-11-19,day,19 November 2025,Kalimantan Barat,Kalimantan Barat,Kabupaten Landak,kabupaten,Landak,61.08,exact,61,0.37478897210209017,109.9382701253479,415033,8430.711,SMA Pelita,senior_secondary,SMA Pelita,53 Siswa,exact,53,53,53,"{""student"": 53}",,,,,"[""auto:3813c08371""]","[""https://pontianak.tribunnews.com/kalbar/1151174/astaga-9-dapur-tak-miliki-slhs-53-murid-smasmk-tumbang-keracunan-massal-dari-dapur-hilir-kantor""]","[""count_shared_across_rows""]"
id.Daftar_kasus_keracunan_massal_makan_siang_gratis#r0163,id.Daftar_kasus_keracunan_massal_makan_siang_gratis,163,id.Daftar_kasus_keracunan_massal_makan_siang_gratis#e0163,2026-02-05,2026-02-05,day,5 Februari 2026,Kalimantan Barat,Kalimantan Barat,Kota Singkawang,kota,Singkawang,61.72,exact,61,0.904786196799786,108.97740501185594,249954,550.345,MAN Model Singkawang,senior_secondary,MAN Model Singkawang,56 Siswa,exact,56,56,56,"{""student"": 56}",56,,,,"[""auto:18a7b79afd""]","[""https://wartapontianak.pikiran-rakyat.com/kalbar/pr-1179990397/puluhan-siswa-man-model-kota-singkawang-diduga-keracunan-usai-santap-mbg""]",[]
id.Daftar_kasus_keracunan_massal_makan_siang_gratis#r0164,id.Daftar_kasus_keracunan_massal_makan_siang_gratis,164,id.Daftar_kasus_keracunan_massal_makan_siang_gratis#e0164,2026-05-22,2026-05-22,day,22 Mei 2026,Kalimantan Barat,Kalimantan Barat,Kabupaten Sambas,kabupaten,Sambas,61.01,exact,61,1.3610923732904279,109.3285001118564,651246,5928.221,,primary,SD (Spesiftik tidak disebutkan),15 Siswa,exact,15,15,15,"{""student"": 15}",15,,,,"[""auto:8bb2042c38""]","[""https://mataexpose.co.id/post/15-siswa-sd-di-sambas-diduga-alami-keracunan-usai-santap-menu-makan-bergizi-gratis-investigasi-dapur-mitra-dimulai""]","[""no_venue""]"
id.Daftar_kasus_keracunan_massal_makan_siang_gratis#r0165,id.Daftar_kasus_keracunan_massal_makan_siang_gratis,165,id.Daftar_kasus_keracunan_massal_makan_siang_gratis#e0165,2025-09-29,2025-09-29,day,29 September 2025,Kalimantan Tengah,Kalimantan Tengah,Kota Palangka Raya,kota,Palangka Raya,62.71,alias,62,-2.173996226380074,113.8802702994111,315153,2848.699,SDN 3 Bukit Tunggal,primary,SDN 3 Bukit Tunggal,27 Siswa,exact,27,27,27,"{""student"": 27}",27,,,,"[""auto:280f1b867d""]","[""https://news.detik.com/berita/d-8137416/27-siswa-sd-di-palangka-raya-mual-pusing-usai-santap-burger-mbg""]",[]
id.Daftar_kasus_keracunan_massal_makan_siang_gratis#r0166,id.Daftar_kasus_keracunan_massal_makan_siang_gratis,166,id.Daftar_kasus_keracunan_massal_makan_siang_gratis#e0166,2026-02-05,2026-02-05,day,5 Februari 2026,Kalimantan Tengah,Kalimantan Tengah,Kota Palangka Raya,kota,Palangka Raya,62.71,alias,62,-2.173996226380074,113.8802702994111,315153,2848.699,Posyandu Harum Manis,community_health_post,Posyandu Harum Manis,16 Warga,exact,16,16,16,"{""resident"": 16}",16,,,,"[""auto:11b1032b79""]","[""https://beritasampit.com/2026/02/09/16-warga-palangka-raya-keracunan-usai-santap-mbg-pemprov-kalteng-turun-tangan/""]",[]
id.Daftar_kasus_keracunan_massal_makan_siang_gratis#r0167,id.Daftar_kasus_keracunan_massal_makan_siang_gratis,167,id.Daftar_kasus_keracunan_massal_makan_siang_gratis#e0167,2026-07-28,2026-07-28,day,28 Juli 2026,Kalimantan Tengah,Kalimantan Tengah,Kabupaten Seruyan,kabupaten,Seruyan,62.07,exact,62,-3.4138432398482084,112.54170361471685,159849,15211.714,SMPN 1 Kuala Pembuang,junior_secondary,SMPN 1 Kuala Pembuang,156 Orang,exact,156,156,156,"{""person"": 156}",156,,,,"[""auto:1ebc780174""]","[""https://www.detik.com/kalimantan/berita/d-8601733/sppg-di-seruyan-dihentikan-usai-156-penerima-mbg-diduga-keracunan""]",[]
id.Daftar_kasus_keracunan_massal_makan_siang_gratis#r0168,id.Daftar_kasus_keracunan_massal_makan_siang_gratis,168,id.Daftar_kasus_keracunan_massal_makan_siang_gratis#e0168,2026-07-28,2026-07-28,day,28 Juli 2026,Kalimantan Tengah,Kalimantan Tengah,Kabupaten Seruyan,kabupaten,Seruyan,62.07,exact,62,-3.4138432398482084,112.54170361471685,159849,15211.714,SMAN 1 Kuala Pembuang,senior_secondary,SMAN 1 Kuala Pembuang,,unreported,,,,{},,,,,[],[],"[""count_unreported"", ""no_source_url""]"
id.Daftar_kasus_keracunan_massal_makan_siang_gratis#r0169,id.Daftar_kasus_keracunan_massal_makan_siang_gratis,169,id.Daftar_kasus_keracunan_massal_makan_siang_gratis#e0169,2025-01-13,2025-01-13,day,13 Januari 2025,Kalimantan Utara,Kalimantan Utara,Kabupaten Nunukan,kabupaten,Nunukan,65.03,exact,65,4.077076241826642,117.71891117176128,227460,13549.868,SDN 003 Nunukan Selatan,primary,SDN 003 Nunukan Selatan,29 Siswa,exact,29,29,29,"{""student"": 29}",29,,,,"[""auto:0fbdfa3ab0""]","[""https://web.archive.org/web/20250312155351/https://regional.kompas.com/read/2025/01/17/133943478/puluhan-anak-sd-di-nunukan-keracunan-mbg-begini-penjelasan-penyedia-menu""]",[]
id.Daftar_kasus_keracunan_massal_makan_siang_gratis#r0170,id.Daftar_kasus_keracunan_massal_makan_siang_gratis,170,id.Daftar_kasus_keracunan_massal_makan_siang_gratis#e0170,2025-01-13,2025-01-13,day,13 Januari 2025,Kalimantan Utara,Kalimantan Utara,Kabupaten Nunukan,kabupaten,Nunukan,65.03,exact,65,4.077076241826642,117.71891117176128,227460,13549.868,SMAN 2 Nunukan Selatan,senior_secondary,SMAN 2 Nunukan Selatan,> 30 Siswa,lower_bound,30,30,,"{""student"": 30}",30,,,,"[""auto:de1dad4af3""]","[""https://web.archive.org/web/20250505070755/https://regional.kompas.com/read/2025/01/19/094801178/siswa-sma-di-nunukan-juga-keracunan-mbg-lauk-tongkol-berulat""]",[]
id.Daftar_kasus_keracunan_massal_makan_siang_gratis#r0171,id.Daftar_kasus_keracunan_massal_makan_siang_gratis,171,id.Daftar_kasus_keracunan_massal_makan_siang_gratis#e0171,2025-09-30,2025-09-30,day,30 September 2025,Kalimantan Utara,Kalimantan Utara,Kabupaten Nunukan,kabupaten,Nunukan,65.03,exact,65,4.077076241826642,117.71891117176128,227460,13549.868,"PAUD Ar Rahman, Sei Limau",early_childhood,"PAUD Ar Rahman, Sei Limau",145 Siswa,exact,145,145,145,"{""student"": 145}",145,,,,"[""auto:8157fe6598""]","[""https://regional.kompas.com/read/2025/10/02/142025478/keracunan-mbg-di-nunukan-bertambah-jadi-145-anak-telur-rebus-diduga-jadi""]",[]
id.Daftar_kasus_keracunan_massal_makan_siang_gratis#r0172,id.Daftar_kasus_keracunan_massal_makan_siang_gratis,172,id.Daftar_kasus_keracunan_massal_makan_siang_gratis#e0171,2025-09-30,2025-09-30,day,30 September 2025,Kalimantan Utara,Kalimantan Utara,Kabupaten Nunukan,kabupaten,Nunukan,65.03,exact,65,4.077076241826642,117.71891117176128,227460,13549.868,MI As Adiyah Tapal Batas,primary,MI As Adiyah Tapal Batas,145 Siswa,exact,145,145,145,"{""student"": 145}",,,,,"[""auto:8157fe6598""]","[""https://regional.kompas.com/read/2025/10/02/142025478/keracunan-mbg-di-nunukan-bertambah-jadi-145-anak-telur-rebus-diduga-jadi""]","[""count_shared_across_rows""]"
id.Daftar_kasus_keracunan_massal_makan_siang_gratis#r0173,id.Daftar_kasus_keracunan_massal_makan_siang_gratis,173,id.Daftar_kasus_keracunan_massal_makan_siang_gratis#e0171,2025-09-30,2025-09-30,day,30 September 2025,Kalimantan Utara,Kalimantan Utara,Kabupaten Nunukan,kabupaten,Nunukan,65.03,exact,65,4.077076241826642,117.71891117176128,227460,13549.868,SDN 04 Sei Limau,primary,SDN 04 Sei Limau,145 Siswa,exact,145,145,145,"{""student"": 145}",,,,,"[""auto:8157fe6598""]","[""https://regional.kompas.com/read/2025/10/02/142025478/keracunan-mbg-di-nunukan-bertambah-jadi-145-anak-telur-rebus-diduga-jadi""]","[""count_shared_across_rows""]"
id.Daftar_kasus_keracunan_massal_makan_siang_gratis#r0174,id.Daftar_kasus_keracunan_massal_makan_siang_gratis,174,id.Daftar_kasus_keracunan_massal_makan_siang_gratis#e0171,2025-09-30,2025-09-30,day,30 September 2025,Kalimantan Utara,Kalimantan Utara,Kabupaten Nunukan,kabupaten,Nunukan,65.03,exact,65,4.077076241826642,117.71891117176128,227460,13549.868,SDN 05 Sei Limau,primary,SDN 05 Sei Limau,145 Siswa,exact,145,145,145,"{""student"": 145}",,,,,"[""auto:8157fe6598""]","[""https://regional.kompas.com/read/2025/10/02/142025478/keracunan-mbg-di-nunukan-bertambah-jadi-145-anak-telur-rebus-diduga-jadi""]","[""count_shared_across_rows""]"
id.Daftar_kasus_keracunan_massal_makan_siang_gratis#r0175,id.Daftar_kasus_keracunan_massal_makan_siang_gratis,175,id.Daftar_kasus_keracunan_massal_makan_siang_gratis#e0175,2025-09-22,2025-09-22,day,22 September 2025,Kalimantan Utara,Kalimantan Utara,Kabupaten Bulungan,kabupaten,Bulungan,65.01,exact,65,2.840859024940894,117.3980777424597,170239,13719.983,SMAN 1 Tanjung Selor,senior_secondary,SMAN 1 Tanjung Selor,2 Siswa,exact,2,2,2,"{""student"": 2}",2,,,,"[""auto:6004eef66d""]","[""https://mediakaltimtara.com/diduga-keracunan-makanan-mbg-2-pelajar-sman-1-tanjung-selor-dilarikan-ke-rumah-sakit/""]",[]
id.Daftar_kasus_keracunan_massal_makan_siang_gratis#r0176,id.Daftar_kasus_keracunan_massal_makan_siang_gratis,176,id.Daftar_kasus_keracunan_massal_makan_siang_gratis#e0176,2025-09-25,2025-09-25,day,25 September 2025,Kalimantan Timur,Kalimantan Timur,Kota Balikpapan,kota,Balikpapan,64.71,exact,64,-1.276337448127985,116.82776028626806,757418,509.45,SMKN 3 Balikpapan,senior_secondary,SMKN 3 Balikpapan,5 Siswa,exact,5,5,5,"{""student"": 5}",5,,,,"[""auto:2a35578bcd""]","[""https://kaltim.idntimes.com/news/kalimantan-timur/dugaan-keracunan-mbg-di-balikpapan-sampel-dikirim-ke-bpom-samarinda-00-htmy4-92b081""]",[]
id.Daftar_kasus_keracunan_massal_makan_siang_gratis#r0177,id.Daftar_kasus_keracunan_massal_makan_siang_gratis,177,id.Daftar_kasus_keracunan_massal_makan_siang_gratis#e0177,2026-02-12,2026-02-12,day,12 Februari 2026,Kalimantan Timur,Kalimantan Timur,Kabupaten Penajam Paser Utara,kabupaten,Penajam Paser Utara,64.09,exact,64,-1.308203498951236,116.72690384014312,202067,3197.199,SDN 008 Waru,primary,SDN 008 Waru,26 Siswa,exact,26,26,26,"{""student"": 26}",26,,,,"[""auto:6f347585de""]","[""https://www.instagram.com/reels/DUoGzXqkxBP/""]",[]
id.Daftar_kasus_keracunan_massal_makan_siang_gratis#r0178,id.Daftar_kasus_keracunan_massal_makan_siang_gratis,178,id.Daftar_kasus_keracunan_massal_makan_siang_gratis#e0177,2026-02-12,2026-02-12,day,12 Februari 2026,Kalimantan Timur,Kalimantan Timur,Kabupaten Penajam Paser Utara,kabupaten,Penajam Paser Utara,64.09,exact,64,-1.308203498951236,116.72690384014312,202067,3197.199,SMAN 2 Penajam Paser Utara,senior_secondary,SMAN 2 Penajam Paser Utara,26 Siswa,exact,26,26,26,"{""student"": 26}",,,,,"[""auto:6f347585de""]","[""https://www.instagram.com/reels/DUoGzXqkxBP/""]","[""count_shared_across_rows""]"
id.Daftar_kasus_keracunan_massal_makan_siang_gratis#r0179,id.Daftar_kasus_keracunan_massal_makan_siang_gratis,179,id.Daftar_kasus_keracunan_massal_makan_siang_gratis#e0179,2026-08-03,2026-08-03,day,3 Agustus 2026,Kalimantan Timur,Kalimantan Timur,Kabupaten Kutai Kartanegara,kabupaten,Kutai Kartanegara,64.02,exact,64,-0.4427799289927499,116.99867075751636,806964,26912.065,SDN 025 Sebulu,primary,SDN 025 Sebulu,46 Orang,exact,46,46,46,"{""person"": 46}",46,,,,"[""auto:7bf6eba620""]","[""https://eksposkaltim.com/berita-18043-dugaan-keracunan-massal-mbg-di-kukar-puluhan-pelajar-dilarikan-ke-puskesmas-.html""]",[]
id.Daftar_kasus_keracunan_massal_makan_siang_gratis#r0180,id.Daftar_kasus_keracunan_massal_makan_siang_gratis,180,id.Daftar_kasus_keracunan_massal_makan_siang_gratis#e0179,2026-08-03,2026-08-03,day,3 Agustus 2026,Kalimantan Timur,Kalimantan Timur,Kabupaten Kutai Kartanegara,kabupaten,Kutai Kartanegara,64.02,exact,64,-0.4427799289927499,116.99867075751636,806964,26912.065,SDN 003 Sebulu,primary,SDN 003 Sebulu,46 Orang,exact,46,46,46,"{""person"": 46}",,,,,"[""auto:7bf6eba620""]","[""https://eksposkaltim.com/berita-18043-dugaan-keracunan-massal-mbg-di-kukar-puluhan-pelajar-dilarikan-ke-puskesmas-.html""]","[""count_shared_across_rows""]"
id.Daftar_kasus_keracunan_massal_makan_siang_gratis#r0181,id.Daftar_kasus_keracunan_massal_makan_siang_gratis,181,id.Daftar_kasus_keracunan_massal_makan_siang_gratis#e0179,2026-08-03,2026-08-03,day,3 Agustus 2026,Kalimantan Timur,Kalimantan Timur,Kabupaten Kutai Kartanegara,kabupaten,Kutai Kartanegara,64.02,exact,64,-0.4427799289927499,116.99867075751636,806964,26912.065,,primary,MI (Spesifik tidak disebutkan),46 Orang,exact,46,46,46,"{""person"": 46}",,,,,"[""auto:7bf6eba620""]","[""https://eksposkaltim.com/berita-18043-dugaan-keracunan-massal-mbg-di-kukar-puluhan-pelajar-dilarikan-ke-puskesmas-.html""]","[""no_venue"", ""count_shared_across_rows""]"
id.Daftar_kasus_keracunan_massal_makan_siang_gratis#r0182,id.Daftar_kasus_keracunan_massal_makan_siang_gratis,182,id.Daftar_kasus_keracunan_massal_makan_siang_gratis#e0179,2026-08-03,2026-08-03,day,3 Agustus 2026,Kalimantan Timur,Kalimantan Timur,Kabupaten Kutai Kartanegara,kabupaten,Kutai Kartanegara,64.02,exact,64,-0.4427799289927499,116.99867075751636,806964,26912.065,,junior_secondary,MTS (Spesifik tidak disebutkan),46 Orang,exact,46,46,46,"{""person"": 46}",,,,,"[""auto:7bf6eba620""]","[""https://eksposkaltim.com/berita-18043-dugaan-keracunan-massal-mbg-di-kukar-puluhan-pelajar-dilarikan-ke-puskesmas-.html""]","[""no_venue"", ""count_shared_across_rows""]"
id.Daftar_kasus_keracunan_massal_makan_siang_gratis#r0183,id.Daftar_kasus_keracunan_massal_makan_siang_gratis,183,id.Daftar_kasus_keracunan_massal_makan_siang_gratis#e0183,2026-08-05,2026-08-05,day,5 Agustus 2026,Kalimantan Timur,Kalimantan Timur,Kota Bontang,kota,Bontang,64.74,exact,64,0.06954899217650308,117.44419874425222,191811,160.2,,,TBA (Spesifik tidak disebutkan),27 Siswa,exact,27,27,27,"{""student"": 27}",27,,,,"[""auto:7e1314287a""]","[""https://www.detik.com/kalimantan/berita/d-8614428/puluhan-siswa-di-bontang-sakit-usai-santap-mbg-2-kepala-sppg-dicopot""]","[""no_venue""]"
id.Daftar_kasus_keracunan_massal_makan_siang_gratis#r0184,id.Daftar_kasus_keracunan_massal_makan_siang_gratis,184,id.Daftar_kasus_keracunan_massal_makan_siang_gratis#e0184,2025-10-09,2025-10-09,day,9 Oktober 2025,Kalimantan Selatan,Kalimantan Selatan,Kabupaten Banjar,kabupaten,Banjar,63.03,exact,63,-3.408734828681626,114.84815554140891,590393,4588.37,Sekolah Islam Terpadu Assalam,,Sekolah Islam Terpadu Assalam,134 Siswa,exact,134,134,134,"{""student"": 134}",134,,,,"[""auto:21cc696847""]","[""https://banjarmasin.tribunnews.com/kalsel/1333897/134-pelajar-di-martapura-keracunan-massal-satgas-mbg-banjar-sebut-bukan-keteledoran""]",[]
id.Daftar_kasus_keracunan_massal_makan_siang_gratis#r0185,id.Daftar_kasus_keracunan_massal_makan_siang_gratis,185,id.Daftar_kasus_keracunan_massal_makan_siang_gratis#e0184,2025-10-09,2025-10-09,day,9 Oktober 2025,Kalimantan Selatan,Kalimantan Selatan,Kabupaten Banjar,kabupaten,Banjar,63.03,exact,63,-3.408734828681626,114.84815554140891,590393,4588.37,SD Muhammadiyah,primary,SD Muhammadiyah,134 Siswa,exact,134,134,134,"{""student"": 134}",,,,,"[""auto:21cc696847""]","[""https://banjarmasin.tribunnews.com/kalsel/1333897/134-pelajar-di-martapura-keracunan-massal-satgas-mbg-banjar-sebut-bukan-keteledoran""]","[""count_shared_across_rows""]"
id.Daftar_kasus_keracunan_massal_makan_siang_gratis#r0186,id.Daftar_kasus_keracunan_massal_makan_siang_gratis,186,id.Daftar_kasus_keracunan_massal_makan_siang_gratis#e0184,2025-10-09,2025-10-09,day,9 Oktober 2025,Kalimantan Selatan,Kalimantan Selatan,Kabupaten Banjar,kabupaten,Banjar,63.03,exact,63,-3.408734828681626,114.84815554140891,590393,4588.37,SDN 1 Tungkaran,primary,SDN 1 Tungkaran,134 Siswa,exact,134,134,134,"{""student"": 134}",,,,,"[""auto:21cc696847""]","[""https://banjarmasin.tribunnews.com/kalsel/1333897/134-pelajar-di-martapura-keracunan-massal-satgas-mbg-banjar-sebut-bukan-keteledoran""]","[""count_shared_across_rows""]"
id.Daftar_kasus_keracunan_massal_makan_siang_gratis#r0187,id.Daftar_kasus_keracunan_massal_makan_siang_gratis,187,id.Daftar_kasus_keracunan_massal_makan_siang_gratis#e0184,2025-10-09,2025-10-09,day,9 Oktober 2025,Kalimantan Selatan,Kalimantan Selatan,Kabupaten Banjar,kabupaten,Banjar,63.03,exact,63,-3.408734828681626,114.84815554140891,590393,4588.37,SDN 1 Pasayangan,primary,SDN 1 Pasayangan,134 Siswa,exact,134,134,134,"{""student"": 134}",,,,,"[""auto:21cc696847""]","[""https://banjarmasin.tribunnews.com/kalsel/1333897/134-pelajar-di-martapura-keracunan-massal-satgas-mbg-banjar-sebut-bukan-keteledoran""]","[""count_shared_across_rows""]"
id.Daftar_kasus_keracunan_massal_makan_siang_gratis#r0188,id.Daftar_kasus_keracunan_massal_makan_siang_gratis,188,id.Daftar_kasus_keracunan_massal_makan_siang_gratis#e0184,2025-10-09,2025-10-09,day,9 Oktober 2025,Kalimantan Selatan,Kalimantan Selatan,Kabupaten Banjar,kabupaten,Banjar,63.03,exact,63,-3.408734828681626,114.84815554140891,590393,4588.37,SMA IT Assalam,senior_secondary,SMA IT Assalam,134 Siswa,exact,134,134,134,"{""student"": 134}",,,,,"[""auto:21cc696847""]","[""https://banjarmasin.tribunnews.com/kalsel/1333897/134-pelajar-di-martapura-keracunan-massal-satgas-mbg-banjar-sebut-bukan-keteledoran""]","[""count_shared_across_rows""]"
id.Daftar_kasus_keracunan_massal_makan_siang_gratis#r0189,id.Daftar_kasus_keracunan_massal_makan_siang_gratis,189,id.Daftar_kasus_keracunan_massal_makan_siang_gratis#e0189,2025-10-21,2025-10-21,day,21 Oktober 2025,Kalimantan Selatan,Kalimantan Selatan,Kota Banjarmasin,kota,Banjarmasin,63.71,exact,63,-3.327490958483104,114.58899911265445,681693,98.372,SMPN 33 Banjarmasin,junior_secondary,SMPN 33 Banjarmasin,40 Siswa,exact,40,40,40,"{""student"": 40}",40,,,,"[""auto:0a09be14a8""]","[""https://www.detik.com/kalimantan/berita/d-8170946/puluhan-siswa-smpn-33-banjarmasin-diduga-keracunan-mbg""]",[]
id.Daftar_kasus_keracunan_massal_makan_siang_gratis#r0190,id.Daftar_kasus_keracunan_massal_makan_siang_gratis,190,id.Daftar_kasus_keracunan_massal_makan_siang_gratis#e0190,2026-04-23,2026-04-23,day,23 April 2026,Kalimantan Selatan,Kalimantan Selatan,Kabupaten Hulu Sungai Utara,kabupaten,Hulu Sungai Utara,63.08,exact,63,-2.4188734176622435,115.254335243741,238250,907.491,SMKN 1 Amuntai,senior_secondary,SMKN 1 Amuntai,61 Siswa,exact,61,61,61,"{""student"": 61}",61,,,,"[""auto:75370be513""]","[""https://beritaborneo.com/main/61-korban-keracunan-dprd-kalsel-minta-sistem-mbg-dibongkar-ulang/""]",[]
id.Daftar_kasus_keracunan_massal_makan_siang_gratis#r0191,id.Daftar_kasus_keracunan_massal_makan_siang_gratis,191,id.Daftar_kasus_keracunan_massal_makan_siang_gratis#e0191,2025-01-19,2025-01-19,day,19 Januari 2025,Banten,Banten,Kabupaten Pandeglang,kabupaten,Pandeglang,36.01,exact,36,-6.316855430513631,106.11479446982028,1437046,2771.488,SDN 2 Alaswangi,primary,SDN 2 Alaswangi,28 Siswa,exact,28,28,28,"{""student"": 28}",28,,,,"[""auto:d65803f02f""]","[""https://web.archive.org/web/20250222022850/https://regional.kompas.com/read/2025/02/21/175529378/28-siswa-sd-di-pandeglang-alami-gejala-keracunan-usai-santap-mbg""]",[]
id.Daftar_kasus_keracunan_massal_makan_siang_gratis#r0192,id.Daftar_kasus_keracunan_massal_makan_siang_gratis,192,id.Daftar_kasus_keracunan_massal_makan_siang_gratis#e0192,2025-09-02,2025-09-02,day,2 September 2025,Banten,Banten,Kabupaten Serang,kabupaten,Serang,36.04,exact,36,-6.115302501045602,106.15201508303925,1791795,1471.543,SMPN 1 Kramatwatu,junior_secondary,SMPN 1 Kramatwatu,27 Siswa,exact,27,27,27,"{""student"": 27}",27,,,,"[""auto:9a5278bfba""]","[""https://www.inews.id/news/nasional/27-siswa-smp-di-serang-banten-diduga-keracunan-mbg-gejala-mual-hingga-diare""]",[]
id.Daftar_kasus_keracunan_massal_makan_siang_gratis#r0193,id.Daftar_kasus_keracunan_massal_makan_siang_gratis,193,id.Daftar_kasus_keracunan_massal_makan_siang_gratis#e0193,2025-09,2025-09,month,September 2025,Banten,Banten,Kota Tangerang Selatan,kota,Tangerang Selatan,36.74,exact,36,-6.321567965040671,106.70774205743535,1463607,164.86,,primary,SD (Spesifik tidak disebutkan),TBA (Tidak Diumumkan),unreported,,,,{},,,,,"[""auto:39024dac82""]","[""https://tangselife.com/news/pilar-saga-ichsan-ungkap-sempat-ada-kasus-keracunan-mbg-di-tangsel""]","[""month_precision_only"", ""no_venue"", ""count_unreported""]"
id.Daftar_kasus_keracunan_massal_makan_siang_gratis#r0194,id.Daftar_kasus_keracunan_massal_makan_siang_gratis,194,id.Daftar_kasus_keracunan_massal_makan_siang_gratis#e0194,2026-04-08,2026-04-08,day,8 April 2026,Banten,Banten,Kota Tangerang,kota,Tangerang,36.71,exact,36,-6.164361554952064,106.64107113819723,1957349,178.347,,early_childhood,TK (Spesifik tidak disebutkan),±100 Siswa,approx,100,100,100,"{""student"": 100}",100,,,,"[""auto:18e7b91096""]","[""https://banten.akurat.co/news/848143/puluhan-siswa-keracunan-di-kecamatan-pinang-kota-tangerang-wahidin-halim-semprot-yayasan-banten-hebat""]","[""no_venue""]"
id.Daftar_kasus_keracunan_massal_makan_siang_gratis#r0195,id.Daftar_kasus_keracunan_massal_makan_siang_gratis,195,id.Daftar_kasus_keracunan_massal_makan_siang_gratis#e0194,2026-04-08,2026-04-08,day,8 April 2026,Banten,Banten,Kota Tangerang,kota,Tangerang,36.71,exact,36,-6.164361554952064,106.64107113819723,1957349,178.347,SMK Farmasi,senior_secondary,SMK Farmasi,±100 Siswa,approx,100,100,100,"{""student"": 100}",,,,,"[""auto:18e7b91096""]","[""https://banten.akurat.co/news/848143/puluhan-siswa-keracunan-di-kecamatan-pinang-kota-tangerang-wahidin-halim-semprot-yayasan-banten-hebat""]","[""count_shared_across_rows""]"
id.Daftar_kasus_keracunan_massal_makan_siang_gratis#r0196,id.Daftar_kasus_keracunan_massal_makan_siang_gratis,196,id.Daftar_kasus_keracunan_massal_makan_siang_gratis#e0194,2026-04-08,2026-04-08,day,8 April 2026,Banten,Banten,Kota Tangerang,kota,Tangerang,36.71,exact,36,-6.164361554952064,106.64107113819723,1957349,178.347,Pesantren WH Tahfidz,pesantren,Pesantren WH Tahfidz,±100 Siswa,approx,100,100,100,"{""student"": 100}",,,,,"[""auto:18e7b91096""]","[""https://banten.akurat.co/news/848143/puluhan-siswa-keracunan-di-kecamatan-pinang-kota-tangerang-wahidin-halim-semprot-yayasan-banten-hebat""]","[""count_shared_across_rows""]"
id.Daftar_kasus_keracunan_massal_makan_siang_gratis#r0197,id.Daftar_kasus_keracunan_massal_makan_siang_gratis,197,id.Daftar_kasus_keracunan_massal_makan_siang_gratis#e0197,2026-04-16,2026-04-16,day,16 April 2026,Banten,Banten,Kota Cilegon,kota,Cilegon,36.72,exact,36,-6.00980901882699,106.04212868303857,480378,162.578,MTs Al-Inayah,junior_secondary,MTs Al-Inayah,49 Siswa,exact,49,49,49,"{""student"": 49}",49,,,,"[""auto:1a1659a5ac""]","[""https://www.suara.com/news/2026/04/17/213500/49-siswa-di-cilegon-diduga-keracunan-mbg-polisi-telusuri-sisa-makanan-hingga-darah-korban""]",[]
id.Daftar_kasus_keracunan_massal_makan_siang_gratis#r0198,id.Daftar_kasus_keracunan_massal_makan_siang_gratis,198,id.Daftar_kasus_keracunan_massal_makan_siang_gratis#e0198,2026-04-20,2026-04-20,day,20 April 2026,Banten,Banten,Kota Cilegon,kota,Cilegon,36.72,exact,36,-6.00980901882699,106.04212868303857,480378,162.578,SDN Cikerai 2,primary,SDN Cikerai 2,19 Siswa,exact,19,19,19,"{""student"": 19}",19,,,,"[""auto:e2589f7eeb""]","[""https://rri.co.id/banten/nasional/2351429/dugaan-keracunan-mbg-kembali-terjadi-di-kota-cilegon""]",[]
id.Daftar_kasus_keracunan_massal_makan_siang_gratis#r0199,id.Daftar_kasus_keracunan_massal_makan_siang_gratis,199,id.Daftar_kasus_keracunan_massal_makan_siang_gratis#e0199,2026-04-22,2026-04-22,day,22 April 2026,Banten,Banten,Kota Cilegon,kota,Cilegon,36.72,exact,36,-6.00980901882699,106.04212868303857,480378,162.578,SMP PGRI Citangkil,junior_secondary,SMP PGRI Citangkil,11 Siswa,exact,11,11,11,"{""student"": 11}",11,,,,"[""auto:55bd4e44e4""]","[""https://www.radarbanten.co.id/2026/04/23/keracunan-mbg-terjadi-lagi-kini-menimpa-11-siswa-smp-pgri-cilegon/""]",[]
id.Daftar_kasus_keracunan_massal_makan_siang_gratis#r0200,id.Daftar_kasus_keracunan_massal_makan_siang_gratis,200,id.Daftar_kasus_keracunan_massal_makan_siang_gratis#e0200,2026-04-29,2026-04-29,day,29 April 2026,Banten,Banten,Kabupaten Tangerang,kabupaten,Tangerang,36.03,exact,36,-6.269630455565761,106.48440474071201,3459706,1028.335,,,TBA (Tidak disebutkan),33 Siswa,exact,33,33,33,"{""student"": 33}",33,,,,"[""auto:7fa65ea3ac""]","[""https://tangerangnews.co.id/2026/04/30/33-siswa-di-kronjo-keracunan-massal-usai-santap-menu-mbg-makaroni-bermalam-jadi-pemicu/""]","[""no_venue""]"
id.Daftar_kasus_keracunan_massal_makan_siang_gratis#r0201,id.Daftar_kasus_keracunan_massal_makan_siang_gratis,201,id.Daftar_kasus_keracunan_massal_makan_siang_gratis#e0201,2026-05-24,2026-05-24,day,24 Mei 2026,Banten,Banten,Kabupaten Serang,kabupaten,Serang,36.04,exact,36,-6.115302501045602,106.15201508303925,1791795,1471.543,SMAN 1 Padarincang,senior_secondary,SMAN 1 Padarincang,32 Siswa,exact,32,32,32,"{""student"": 32}",32,,,,"[""auto:404df6adbf""]","[""https://www.asatunews.co.id/siswa-sman-1-padarincang-serang-keracunan-makan-bergizi-gratis""]",[]
id.Daftar_kasus_keracunan_massal_makan_siang_gratis#r0202,id.Daftar_kasus_keracunan_massal_makan_siang_gratis,202,id.Daftar_kasus_keracunan_massal_makan_siang_gratis#e0202,2025-08-29,2025-08-29,day,29 Agustus 2025,DKI Jakarta,DKI Jakarta,Kota Administrasi Jakarta Selatan,kota,Jakarta Selatan,31.74,exact,31,-6.247775007302514,106.80763679653259,2331411,144.942,,,TBA (Tidak diumumkan),3 Siswa,exact,3,3,3,"{""student"": 3}",3,,,,"["":2""]","[""https://news.republika.co.id/berita/t3fv80487/ditanya-kejadian-keracunan-mbg-di-jakarta-pramono-tanyakan-pemerintah-pusat""]","[""no_venue""]"
id.Daftar_kasus_keracunan_massal_makan_siang_gratis#r0203,id.Daftar_kasus_keracunan_massal_makan_siang_gratis,203,id.Daftar_kasus_keracunan_massal_makan_siang_gratis#e0203,2025-09-08,2025-09-08,day,8 September 2025,DKI Jakarta,DKI Jakarta,Kota Administrasi Jakarta Utara,kota,Jakarta Utara,31.72,exact,31,-6.1200283357159915,106.89249513885989,1832032,147.534,,,TBA (Tidak diumumkan),14 Siswa,exact,14,14,14,"{""student"": 14}",14,,,,"["":2""]","[""https://news.republika.co.id/berita/t3fv80487/ditanya-kejadian-keracunan-mbg-di-jakarta-pramono-tanyakan-pemerintah-pusat""]","[""no_venue""]"
id.Daftar_kasus_keracunan_massal_makan_siang_gratis#r0204,id.Daftar_kasus_keracunan_massal_makan_siang_gratis,204,id.Daftar_kasus_keracunan_massal_makan_siang_gratis#e0204,2025-09-08,2025-09-08,day,8 September 2025,DKI Jakarta,DKI Jakarta,Kota Administrasi Jakarta Utara,kota,Jakarta Utara,31.72,exact,31,-6.1200283357159915,106.89249513885989,1832032,147.534,SMPN 277 Jakarta,junior_secondary,SMPN 277 Jakarta,Puluhan Siswa,vague,,20,99,{},,,,,"[""auto:eb6304bba5""]","[""https://www.tempo.co/politik/keracunan-makan-bergizi-gratis-2073995""]","[""count_vague""]"
id.Daftar_kasus_keracunan_massal_makan_siang_gratis#r0205,id.Daftar_kasus_keracunan_massal_makan_siang_gratis,205,id.Daftar_kasus_keracunan_massal_makan_siang_gratis#e0205,,,,Tidak Disebutkan,DKI Jakarta,DKI Jakarta,Kota Administrasi Jakarta Utara,kota,Jakarta Utara,31.72,exact,31,-6.1200283357159915,106.89249513885989,1832032,147.534,Kelurahan Lagoa,,Kelurahan Lagoa,79 Siswa,exact,79,79,79,"{""student"": 79}",79,,,,"[""auto:fb7440fa22""]","[""https://ruminews.id/2025/09/23/keracunan-massal-program-mbg-dpr-minta-evaluasi-sistem-jppi-desak-moratorium/""]","[""no_date""]"
id.Daftar_kasus_keracunan_massal_makan_siang_gratis#r0206,id.Daftar_kasus_keracunan_massal_makan_siang_gratis,206,id.Daftar_kasus_keracunan_massal_makan_siang_gratis#e0206,2025-09-23,2025-09-23,day,23 September 2025,DKI Jakarta,DKI Jakarta,Kota Administrasi Jakarta Utara,kota,Jakarta Utara,31.72,exact,31,-6.1200283357159915,106.89249513885989,1832032,147.534,SMAN 15 Jakarta,senior_secondary,SMAN 15 Jakarta,7 Siswa,exact,7,7,7,"{""student"": 7}",7,,,,"[""auto:a00f4ca598""]","[""https://news.republika.co.id/berita/t31pal484/tujuh-siswa-sman-15-jakarta-alami-gejala-keracunan-usai-santap-mbg""]",[]
id.Daftar_kasus_keracunan_massal_makan_siang_gratis#r0207,id.Daftar_kasus_keracunan_massal_makan_siang_gratis,207,id.Daftar_kasus_keracunan_massal_makan_siang_gratis#e0207,2025-09-25,2025-09-25,day,25 September 2025,DKI Jakarta,DKI Jakarta,Kota Administrasi Jakarta Timur,kota,Jakarta Timur,31.75,exact,31,-6.2136855478344994,106.9440075965323,3230417,185.538,SDN 07 Pulogebang,primary,SDN 07 Pulogebang,6 Siswa,exact,6,6,6,"{""student"": 6}",6,,,,"[""auto:4e75b64136""]","[""https://megapolitan.kompas.com/read/2025/09/25/13450971/kronologi-6-siswa-sdn-07-pulogebang-alami-mual-dan-muntah-usai-santap-mbg""]",[]
id.Daftar_kasus_keracunan_massal_makan_siang_gratis#r0208,id.Daftar_kasus_keracunan_massal_makan_siang_gratis,208,id.Daftar_kasus_keracunan_massal_makan_siang_gratis#e0208,2025-09-30,2025-09-30,day,30 September 2025,DKI Jakarta,DKI Jakarta,Kota Administrasi Jakarta Timur,kota,Jakarta Timur,31.75,exact,31,-6.2136855478344994,106.9440075965323,3230417,185.538,SDN 01 Gedong,primary,SDN 01 Gedong,22 Siswa,exact,22,22,22,"{""student"": 22}",22,,,,"[""auto:e0e4e6d9d6""]","[""https://www.suara.com/news/2025/10/01/144207/korban-keracunan-mbg-di-sdn-gedong-jadi-22-siswa-komnas-pa-kritik-guru-jadi-pencicip-makanan""]",[]
id.Daftar_kasus_keracunan_massal_makan_siang_gratis#r0209,id.Daftar_kasus_keracunan_massal_makan_siang_gratis,209,id.Daftar_kasus_keracunan_massal_makan_siang_gratis#e0209,2026-04-03,2026-04-03,day,3 April 2026,DKI Jakarta,DKI Jakarta,Kota Administrasi Jakarta Timur,kota,Jakarta Timur,31.75,exact,31,-6.2136855478344994,106.9440075965323,3230417,185.538,SDN Pondok Kelapa 1,primary,SDN Pondok Kelapa 1,135 Siswa,exact,135,135,135,"{""student"": 135}",135,,,,"[""auto:cc111f524f""]","[""https://terkenal.co.id/kasus-keracunan-mbg-di-jakarta-terus-meluas-total-135-orang-terdampak/,%20https://terkenal.co.id/kasus-keracunan-mbg-di-jakarta-terus-meluas-total-135-orang-terdampak/""]",[]
id.Daftar_kasus_keracunan_massal_makan_siang_gratis#r0210,id.Daftar_kasus_keracunan_massal_makan_siang_gratis,210,id.Daftar_kasus_keracunan_massal_makan_siang_gratis#e0209,2026-04-03,2026-04-03,day,3 April 2026,DKI Jakarta,DKI Jakarta,Kota Administrasi Jakarta Timur,kota,Jakarta Timur,31.75,exact,31,-6.2136855478344994,106.9440075965323,3230417,185.538,SDN Pondok Kelapa 7,primary,SDN Pondok Kelapa 7,135 Siswa,exact,135,135,135,"{""student"": 135}",,,,,"[""auto:cc111f524f""]","[""https://terkenal.co.id/kasus-keracunan-mbg-di-jakarta-terus-meluas-total-135-orang-terdampak/,%20https://terkenal.co.id/kasus-keracunan-mbg-di-jakarta-terus-meluas-total-135-orang-terdampak/""]","[""count_shared_across_rows""]"
id.Daftar_kasus_keracunan_massal_makan_siang_gratis#r0211,id.Daftar_kasus_keracunan_massal_makan_siang_gratis,211,id.Daftar_kasus_keracunan_massal_makan_siang_gratis#e0209,2026-04-03,2026-04-03,day,3 April 2026,DKI Jakarta,DKI Jakarta,Kota Administrasi Jakarta Timur,kota,Jakarta Timur,31.75,exact,31,-6.2136855478344994,106.9440075965323,3230417,185.538,SDN Pondok Kelapa 9,primary,SDN Pondok Kelapa 9,135 Siswa,exact,135,135,135,"{""student"": 135}",,,,,"[""auto:cc111f524f""]","[""https://terkenal.co.id/kasus-keracunan-mbg-di-jakarta-terus-meluas-total-135-orang-terdampak/,%20https://terkenal.co.id/kasus-keracunan-mbg-di-jakarta-terus-meluas-total-135-orang-terdampak/""]","[""count_shared_across_rows""]"
id.Daftar_kasus_keracunan_massal_makan_siang_gratis#r0212,id.Daftar_kasus_keracunan_massal_makan_siang_gratis,212,id.Daftar_kasus_keracunan_massal_makan_siang_gratis#e0209,2026-04-03,2026-04-03,day,3 April 2026,DKI Jakarta,DKI Jakarta,Kota Administrasi Jakarta Timur,kota,Jakarta Timur,31.75,exact,31,-6.2136855478344994,106.9440075965323,3230417,185.538,SMAN 91 Jakarta,senior_secondary,SMAN 91 Jakarta,135 Siswa,exact,135,135,135,"{""student"": 135}",,,,,"[""auto:cc111f524f""]","[""https://terkenal.co.id/kasus-keracunan-mbg-di-jakarta-terus-meluas-total-135-orang-terdampak/,%20https://terkenal.co.id/kasus-keracunan-mbg-di-jakarta-terus-meluas-total-135-orang-terdampak/""]","[""count_shared_across_rows""]"
id.Daftar_kasus_keracunan_massal_makan_siang_gratis#r0213,id.Daftar_kasus_keracunan_massal_makan_siang_gratis,213,id.Daftar_kasus_keracunan_massal_makan_siang_gratis#e0213,2026-05-08,2026-05-08,day,8 Mei 2026,DKI Jakarta,DKI Jakarta,Kota Administrasi Jakarta Timur,kota,Jakarta Timur,31.75,exact,31,-6.2136855478344994,106.9440075965323,3230417,185.538,SDN Cakung Timur 01,primary,SDN Cakung Timur 01,252 Siswa,exact,252,252,252,"{""student"": 252}",252,,,,"[""auto:700790fcdb""]","[""https://news.detik.com/berita/d-8481654/252-siswa-di-jaktim-diduga-keracunan-mbg-alami-gejala-usai-makan-pangsit-tahu""]",[]
id.Daftar_kasus_keracunan_massal_makan_siang_gratis#r0214,id.Daftar_kasus_keracunan_massal_makan_siang_gratis,214,id.Daftar_kasus_keracunan_massal_makan_siang_gratis#e0213,2026-05-08,2026-05-08,day,8 Mei 2026,DKI Jakarta,DKI Jakarta,Kota Administrasi Jakarta Timur,kota,Jakarta Timur,31.75,exact,31,-6.2136855478344994,106.9440075965323,3230417,185.538,SDN Ujung Menteng 02,primary,SDN Ujung Menteng 02,252 Siswa,exact,252,252,252,"{""student"": 252}",,,,,"[""auto:700790fcdb""]","[""https://news.detik.com/berita/d-8481654/252-siswa-di-jaktim-diduga-keracunan-mbg-alami-gejala-usai-makan-pangsit-tahu""]","[""count_shared_across_rows""]"
id.Daftar_kasus_keracunan_massal_makan_siang_gratis#r0215,id.Daftar_kasus_keracunan_massal_makan_siang_gratis,215,id.Daftar_kasus_keracunan_massal_makan_siang_gratis#e0213,2026-05-08,2026-05-08,day,8 Mei 2026,DKI Jakarta,DKI Jakarta,Kota Administrasi Jakarta Timur,kota,Jakarta Timur,31.75,exact,31,-6.2136855478344994,106.9440075965323,3230417,185.538,SDN Ujung Menteng 03,primary,SDN Ujung Menteng 03,252 Siswa,exact,252,252,252,"{""student"": 252}",,,,,"[""auto:700790fcdb""]","[""https://news.detik.com/berita/d-8481654/252-siswa-di-jaktim-diduga-keracunan-mbg-alami-gejala-usai-makan-pangsit-tahu""]","[""count_shared_across_rows""]"
id.Daftar_kasus_keracunan_massal_makan_siang_gratis#r0216,id.Daftar_kasus_keracunan_massal_makan_siang_gratis,216,id.Daftar_kasus_keracunan_massal_makan_siang_gratis#e0216,2025-10-29,2025-10-29,day,29 Oktober 2025,DKI Jakarta,DKI Jakarta,Kota Administrasi Jakarta Barat,kota,Jakarta Barat,31.73,exact,31,-6.184334501192923,106.73662053886034,2556752,125.0,SDN Meruya Selatan 01,primary,SDN Meruya Selatan 01,20 Siswa,exact,20,20,20,"{""student"": 20}",20,,,,"[""auto:e963925b42""]","[""https://indonesia.jakartadaily.id/ekonomi-bisnis/69316182933/sdn-meruya-selatan-01-hentikan-sementara-program-mbg-20-siswa-diduga-keracunan""]",[]
id.Daftar_kasus_keracunan_massal_makan_siang_gratis#r0217,id.Daftar_kasus_keracunan_massal_makan_siang_gratis,217,id.Daftar_kasus_keracunan_massal_makan_siang_gratis#e0217,2026-05-22,2026-05-22,day,22 Mei 2026,DKI Jakarta,DKI Jakarta,Kota Administrasi Jakarta Barat,kota,Jakarta Barat,31.73,exact,31,-6.184334501192923,106.73662053886034,2556752,125.0,SMPN 82 Jakarta,junior_secondary,SMPN 82 Jakarta,116 Siswa,exact,116,116,116,"{""student"": 116}",116,,,,"[""auto:6c12db6b7c""]","[""https://megapolitan.kompas.com/read/2026/05/26/15212251/116-siswa-smp-di-grogol-jakbar-diduga-keracunan-usai-santap-mbg""]",[]
id.Daftar_kasus_keracunan_massal_makan_siang_gratis#r0218,id.Daftar_kasus_keracunan_massal_makan_siang_gratis,218,id.Daftar_kasus_keracunan_massal_makan_siang_gratis#e0218,2026-04-01,2026-04-01,day,1 April 2026,DKI Jakarta,DKI Jakarta,Kota Administrasi Jakarta Pusat,kota,Jakarta Pusat,31.71,exact,31,-6.172913263118424,106.81869625420377,1057270,47.565,SMPN 71 Jakarta Pusat,junior_secondary,SMPN 71 Jakarta Pusat,48 Siswa,exact,48,48,48,"{""student"": 48}",48,,,,"[""auto:5a27649383""]","[""https://www.instagram.com/p/DXJmRxskwr8/""]",[]
id.Daftar_kasus_keracunan_massal_makan_siang_gratis#r0219,id.Daftar_kasus_keracunan_massal_makan_siang_gratis,219,id.Daftar_kasus_keracunan_massal_makan_siang_gratis#e0219,2025-01-14,2025-01-14,day,14 Januari 2025,Jawa Barat,Jawa Barat,Kabupaten Indramayu,kabupaten,Indramayu,32.12,exact,32,-6.327080208332331,108.32320909838413,1980080,2076.266,,,TBA (Tidak Disebutkan),6 Siswa,exact,6,6,6,"{""student"": 6}",6,,,,"["":1""]","[""https://www.kompas.com/jawa-barat/read/2025/09/27/130000188/9-daerah-di-jawa-barat-tertinggi-kasus-keracunan-mbg-korban-tembus?page=all#page2""]","[""no_venue""]"
id.Daftar_kasus_keracunan_massal_makan_siang_gratis#r0220,id.Daftar_kasus_keracunan_massal_makan_siang_gratis,220,id.Daftar_kasus_keracunan_massal_makan_siang_gratis#e0220,2025-08-22,2025-08-22,day,22 Agustus 2025,Jawa Barat,Jawa Barat,Kabupaten Indramayu,kabupaten,Indramayu,32.12,exact,32,-6.327080208332331,108.32320909838413,1980080,2076.266,,,TBA (Tidak Disebutkan),2 Siswa,exact,2,2,2,"{""student"": 2}",2,,,,"["":1""]","[""https://www.kompas.com/jawa-barat/read/2025/09/27/130000188/9-daerah-di-jawa-barat-tertinggi-kasus-keracunan-mbg-korban-tembus?page=all#page2""]","[""no_venue""]"
id.Daftar_kasus_keracunan_massal_makan_siang_gratis#r0221,id.Daftar_kasus_keracunan_massal_makan_siang_gratis,221,id.Daftar_kasus_keracunan_massal_makan_siang_gratis#e0221,2025-04-21,2025-04-21,day,21 April 2025,Jawa Barat,Jawa Barat,Kabupaten Cianjur,kabupaten,Cianjur,32.03,exact,32,-6.822746173673224,107.1394835830441,2638825,3631.969,MAN 1 Cianjur,senior_secondary,MAN 1 Cianjur,51 Siswa,exact,51,51,51,"{""student"": 51}",51,,,,"[""auto:fabf6c7267""]","[""https://web.archive.org/web/20250422011753/https://www.detik.com/jabar/berita/d-7879471/siswa-man-1-cianjur-keracunan-massal-usai-santap-mbg""]",[]
id.Daftar_kasus_keracunan_massal_makan_siang_gratis#r0222,id.Daftar_kasus_keracunan_massal_makan_siang_gratis,222,id.Daftar_kasus_keracunan_massal_makan_siang_gratis#e0222,2025-04-21,2025-04-21,day,21 April 2025,Jawa Barat,Jawa Barat,Kabupaten Cianjur,kabupaten,Cianjur,32.03,exact,32,-6.822746173673224,107.1394835830441,2638825,3631.969,SMP PGRI Cianjur,junior_secondary,SMP PGRI Cianjur,52 Siswa,exact,52,52,52,"{""student"": 52}",52,,,,"[""auto:5fa0e3a14f""]","[""https://web.archive.org/web/20250424025812/https://news.okezone.com/read/2025/04/22/525/3132871/lagi-belasan-siswa-smp-1-pgri-cianjur-alami-keracunan-makanan-program-mbg""]",[]
id.Daftar_kasus_keracunan_massal_makan_siang_gratis#r0223,id.Daftar_kasus_keracunan_massal_makan_siang_gratis,223,id.Daftar_kasus_keracunan_massal_makan_siang_gratis#e0223,2025-08-20,2025-08-20,day,20 Agustus 2025,Jawa Barat,Jawa Barat,Kabupaten Cianjur,kabupaten,Cianjur,32.03,exact,32,-6.822746173673224,107.1394835830441,2638825,3631.969,Pondok Pesantren Darul Quran,pesantren,Pondok Pesantren Darul Quran,12 Santri,exact,12,12,12,"{""santri"": 12}",12,,,,"[""auto:f16b9d778d""]","[""https://www.detik.com/jabar/berita/d-8072825/12-santriwati-di-cianjur-dibawa-ke-rs-diduga-keracunan-makanan-mbg""]",[]
id.Daftar_kasus_keracunan_massal_makan_siang_gratis#r0224,id.Daftar_kasus_keracunan_massal_makan_siang_gratis,224,id.Daftar_kasus_keracunan_massal_makan_siang_gratis#e0224,2025-09-03,2025-09-03,day,3 September 2025,Jawa Barat,Jawa Barat,Kabupaten Cianjur,kabupaten,Cianjur,32.03,exact,32,-6.822746173673224,107.1394835830441,2638825,3631.969,MTs Islamiyah Sayang,junior_secondary,MTs Islamiyah Sayang,9 Siswa,exact,9,9,9,"{""student"": 9}",9,,,,"[""auto:0458b8acab""]","[""https://pakuanraya.com/diduga-keracunan-mbg-sembilan-siswa-mts-di-cianjur-dilarikan-ke-rumah-sakit/""]",[]
id.Daftar_kasus_keracunan_massal_makan_siang_gratis#r0225,id.Daftar_kasus_keracunan_massal_makan_siang_gratis,225,id.Daftar_kasus_keracunan_massal_makan_siang_gratis#e0225,2025-09-11,2025-09-11,day,11 September 2025,Jawa Barat,Jawa Barat,Kabupaten Cianjur,kabupaten,Cianjur,32.03,exact,32,-6.822746173673224,107.1394835830441,2638825,3631.969,SDN Salakawung,primary,SDN Salakawung,36 Siswa,exact,36,36,36,"{""student"": 36}",36,,,,"[""auto:91dcf78883""]","[""https://www.detik.com/jabar/hukum-dan-kriminal/d-8107679/36-siswa-sd-smp-di-cianjur-keracunan-usai-santap-mbg""]",[]
id.Daftar_kasus_keracunan_massal_makan_siang_gratis#r0226,id.Daftar_kasus_keracunan_massal_makan_siang_gratis,226,id.Daftar_kasus_keracunan_massal_makan_siang_gratis#e0225,2025-09-11,2025-09-11,day,11 September 2025,Jawa Barat,Jawa Barat,Kabupaten Cianjur,kabupaten,Cianjur,32.03,exact,32,-6.822746173673224,107.1394835830441,2638825,3631.969,SMP Budi Luhur,junior_secondary,SMP Budi Luhur,36 Siswa,exact,36,36,36,"{""student"": 36}",,,,,"[""auto:91dcf78883""]","[""https://www.detik.com/jabar/hukum-dan-kriminal/d-8107679/36-siswa-sd-smp-di-cianjur-keracunan-usai-santap-mbg""]","[""count_shared_across_rows""]"
id.Daftar_kasus_keracunan_massal_makan_siang_gratis#r0227,id.Daftar_kasus_keracunan_massal_makan_siang_gratis,227,id.Daftar_kasus_keracunan_massal_makan_siang_gratis#e0227,2025-09-25,2025-09-25,day,25 September 2025,Jawa Barat,Jawa Barat,Kabupaten Cianjur,kabupaten,Cianjur,32.03,exact,32,-6.822746173673224,107.1394835830441,2638825,3631.969,SDN Taruna Bakti,primary,SDN Taruna Bakti,30 Siswa,exact,30,30,30,"{""student"": 30}",30,,,,"[""auto:2e1e6f4cee""]","[""https://bandung.kompas.com/read/2025/09/25/160208478/puluhan-siswa-sd-di-cianjur-alami-gejala-keracunan-usai-santap-mbg""]",[]
id.Daftar_kasus_keracunan_massal_makan_siang_gratis#r0228,id.Daftar_kasus_keracunan_massal_makan_siang_gratis,228,id.Daftar_kasus_keracunan_massal_makan_siang_gratis#e0228,2025-10-09,2025-10-09,day,9 Oktober 2025,Jawa Barat,Jawa Barat,Kabupaten Cianjur,kabupaten,Cianjur,32.03,exact,32,-6.822746173673224,107.1394835830441,2638825,3631.969,Yayasan Raudhatul Muttaqin,,Yayasan Raudhatul Muttaqin,16 Siswa,exact,16,16,16,"{""student"": 16}",16,,,,"[""auto:125b8ddfed""]","[""https://cianjurekspres.disway.id/read/19461/kasus-dugaan-keracunan-mbg-terulang-kembali-di-cianjur-16-siswa-jadi-korban""]",[]
id.Daftar_kasus_keracunan_massal_makan_siang_gratis#r0229,id.Daftar_kasus_keracunan_massal_makan_siang_gratis,229,id.Daftar_kasus_keracunan_massal_makan_siang_gratis#e0229,2026-01-27,2026-01-27,day,27 Januari 2026,Jawa Barat,Jawa Barat,Kabupaten Cianjur,kabupaten,Cianjur,32.03,exact,32,-6.822746173673224,107.1394835830441,2638825,3631.969,SDN Wargasari,primary,SDN Wargasari,300 Siswa,exact,300,300,300,"{""student"": 300}",300,,,,"[""auto:3c49005867""]","[""https://prfmnews.pikiran-rakyat.com/jawa-barat/pr-139967875/buntut-keracunan-mbg-3-dapur-sppg-di-cianjur-ditutup""]",[]
id.Daftar_kasus_keracunan_massal_makan_siang_gratis#r0230,id.Daftar_kasus_keracunan_massal_makan_siang_gratis,230,id.Daftar_kasus_keracunan_massal_makan_siang_gratis#e0229,2026-01-27,2026-01-27,day,27 Januari 2026,Jawa Barat,Jawa Barat,Kabupaten Cianjur,kabupaten,Cianjur,32.03,exact,32,-6.822746173673224,107.1394835830441,2638825,3631.969,,,TBA ( Tidak disebutkan),300 Siswa,exact,300,300,300,"{""student"": 300}",,,,,"[""auto:3c49005867""]","[""https://prfmnews.pikiran-rakyat.com/jawa-barat/pr-139967875/buntut-keracunan-mbg-3-dapur-sppg-di-cianjur-ditutup""]","[""no_venue"", ""count_shared_across_rows""]"
id.Daftar_kasus_keracunan_massal_makan_siang_gratis#r0231,id.Daftar_kasus_keracunan_massal_makan_siang_gratis,231,id.Daftar_kasus_keracunan_massal_makan_siang_gratis#e0231,2026-04-17,2026-04-17,day,17 April 2026,Jawa Barat,Jawa Barat,Kabupaten Cianjur,kabupaten,Cianjur,32.03,exact,32,-6.822746173673224,107.1394835830441,2638825,3631.969,Desa Sukasirna,,Desa Sukasirna,134 Warga,exact,134,134,134,"{""resident"": 134}",134,1 Orang,1,1,"[""auto:dc8f57dfac""]","[""https://cianjurekspres.disway.id/metropolis/read/20790/balita-keracunan-diduga-usai-santap-mbg-di-leles-cianjur-meninggal-dunia""]",[]
id.Daftar_kasus_keracunan_massal_makan_siang_gratis#r0232,id.Daftar_kasus_keracunan_massal_makan_siang_gratis,232,id.Daftar_kasus_keracunan_massal_makan_siang_gratis#e0231,2026-04-17,2026-04-17,day,17 April 2026,Jawa Barat,Jawa Barat,Kabupaten Cianjur,kabupaten,Cianjur,32.03,exact,32,-6.822746173673224,107.1394835830441,2638825,3631.969,Desa Purabaya,,Desa Purabaya,134 Warga,exact,134,134,134,"{""resident"": 134}",,1 Orang,1,,"[""auto:dc8f57dfac""]","[""https://cianjurekspres.disway.id/metropolis/read/20790/balita-keracunan-diduga-usai-santap-mbg-di-leles-cianjur-meninggal-dunia""]","[""count_shared_across_rows""]"
id.Daftar_kasus_keracunan_massal_makan_siang_gratis#r0233,id.Daftar_kasus_keracunan_massal_makan_siang_gratis,233,id.Daftar_kasus_keracunan_massal_makan_siang_gratis#e0233,2026-05-13,2026-05-13,day,13 Mei 2026,Jawa Barat,Jawa Barat,Kabupaten Cianjur,kabupaten,Cianjur,32.03,exact,32,-6.822746173673224,107.1394835830441,2638825,3631.969,SD Negeri Ciadeg,primary,SD Negeri Ciadeg,19 Siswa,exact,19,19,19,"{""student"": 19}",19,,,,"[""auto:7295d647cf""]","[""https://cianjurekspres.disway.id/metropolis/read/20901/belasan-siswa-sd-di-pagelaran-cianjur-diduga-keracunan-usai-konsumsi-mbg-dan-jajanan-es""]",[]
id.Daftar_kasus_keracunan_massal_makan_siang_gratis#r0234,id.Daftar_kasus_keracunan_massal_makan_siang_gratis,234,id.Daftar_kasus_keracunan_massal_makan_siang_gratis#e0234,2026-08-06,2026-08-06,day,6 Agustus 2026,Jawa Barat,Jawa Barat,Kabupaten Cianjur,kabupaten,Cianjur,32.03,exact,32,-6.822746173673224,107.1394835830441,2638825,3631.969,MTS Al - Hidayah,junior_secondary,MTS Al - Hidayah,250 Siswa,exact,250,250,250,"{""student"": 250}",250,,,,"[""auto:c150c86ba4""]","[""https://inilahcianjur.com/2026/08/250-siswa-tumbang-usai-santap-mbg-dugaan-keracunan-gegerkan-warungkondang/""]",[]
id.Daftar_kasus_keracunan_massal_makan_siang_gratis#r0235,id.Daftar_kasus_keracunan_massal_makan_siang_gratis,235,id.Daftar_kasus_keracunan_massal_makan_siang_gratis#e0234,2026-08-06,2026-08-06,day,6 Agustus 2026,Jawa Barat,Jawa Barat,Kabupaten Cianjur,kabupaten,Cianjur,32.03,exact,32,-6.822746173673224,107.1394835830441,2638825,3631.969,MA Al - Hidayah,senior_secondary,MA Al - Hidayah,250 Siswa,exact,250,250,250,"{""student"": 250}",,,,,"[""auto:c150c86ba4""]","[""https://inilahcianjur.com/2026/08/250-siswa-tumbang-usai-santap-mbg-dugaan-keracunan-gegerkan-warungkondang/""]","[""count_shared_across_rows""]"
id.Daftar_kasus_keracunan_massal_makan_siang_gratis#r0236,id.Daftar_kasus_keracunan_massal_makan_siang_gratis,236,id.Daftar_kasus_keracunan_massal_makan_siang_gratis#e0236,2025-04-29,2025-04-29,day,29 April 2025,Jawa Barat,Jawa Barat,Kota Bandung,kota,Bandung,32.73,exact,32,-6.910655826355507,107.60986952537303,2591763,166.593,SMP Negeri 35 Bandung,junior_secondary,SMP Negeri 35 Bandung,342 siswa dan 2 guru,exact,344,344,344,"{""student"": 342, ""teacher"": 2}",344,,,,"[""auto:af0b886ec5""]","[""https://web.archive.org/web/20250504032254/https://news.detik.com/berita/d-7897505/4-langkah-bgn-usai-bermunculan-kasus-pelajar-keracunan-mbg""]",[]
id.Daftar_kasus_keracunan_massal_makan_siang_gratis#r0237,id.Daftar_kasus_keracunan_massal_makan_siang_gratis,237,id.Daftar_kasus_keracunan_massal_makan_siang_gratis#e0237,2025-05-01,2025-05-01,day,1 Mei 2025,Jawa Barat,Jawa Barat,Kabupaten Tasikmalaya,kabupaten,Tasikmalaya,32.06,exact,32,-7.361038703594784,108.11307619839148,1996059,2706.972,Beberapa Sekolah TK,,Beberapa Sekolah TK,400 Siswa,exact,400,400,400,"{""student"": 400}",400,,,,"[""auto:d71e9bd4df""]","[""https://web.archive.org/web/20250503015310/https://news.detik.com/berita/d-7896007/pelajar-di-tasikmalaya-diduga-keracunan-mbg-capai-400-orang""]",[]
id.Daftar_kasus_keracunan_massal_makan_siang_gratis#r0238,id.Daftar_kasus_keracunan_massal_makan_siang_gratis,238,id.Daftar_kasus_keracunan_massal_makan_siang_gratis#e0237,2025-05-01,2025-05-01,day,1 Mei 2025,Jawa Barat,Jawa Barat,Kabupaten Tasikmalaya,kabupaten,Tasikmalaya,32.06,exact,32,-7.361038703594784,108.11307619839148,1996059,2706.972,SDN 1 Rajapolah,primary,SDN 1 Rajapolah,400 Siswa,exact,400,400,400,"{""student"": 400}",,,,,"[""auto:d71e9bd4df""]","[""https://web.archive.org/web/20250503015310/https://news.detik.com/berita/d-7896007/pelajar-di-tasikmalaya-diduga-keracunan-mbg-capai-400-orang""]","[""count_shared_across_rows""]"
id.Daftar_kasus_keracunan_massal_makan_siang_gratis#r0239,id.Daftar_kasus_keracunan_massal_makan_siang_gratis,239,id.Daftar_kasus_keracunan_massal_makan_siang_gratis#e0237,2025-05-01,2025-05-01,day,1 Mei 2025,Jawa Barat,Jawa Barat,Kabupaten Tasikmalaya,kabupaten,Tasikmalaya,32.06,exact,32,-7.361038703594784,108.11307619839148,1996059,2706.972,SDN 2 Rajapolah,primary,SDN 2 Rajapolah,400 Siswa,exact,400,400,400,"{""student"": 400}",,,,,"[""auto:d71e9bd4df""]","[""https://web.archive.org/web/20250503015310/https://news.detik.com/berita/d-7896007/pelajar-di-tasikmalaya-diduga-keracunan-mbg-capai-400-orang""]","[""count_shared_across_rows""]"
id.Daftar_kasus_keracunan_massal_makan_siang_gratis#r0240,id.Daftar_kasus_keracunan_massal_makan_siang_gratis,240,id.Daftar_kasus_keracunan_massal_makan_siang_gratis#e0237,2025-05-01,2025-05-01,day,1 Mei 2025,Jawa Barat,Jawa Barat,Kabupaten Tasikmalaya,kabupaten,Tasikmalaya,32.06,exact,32,-7.361038703594784,108.11307619839148,1996059,2706.972,SMPN 1 Rajapolah,junior_secondary,SMPN 1 Rajapolah,400 Siswa,exact,400,400,400,"{""student"": 400}",,,,,"[""auto:d71e9bd4df""]","[""https://web.archive.org/web/20250503015310/https://news.detik.com/berita/d-7896007/pelajar-di-tasikmalaya-diduga-keracunan-mbg-capai-400-orang""]","[""count_shared_across_rows""]"
id.Daftar_kasus_keracunan_massal_makan_siang_gratis#r0241,id.Daftar_kasus_keracunan_massal_makan_siang_gratis,241,id.Daftar_kasus_keracunan_massal_makan_siang_gratis#e0241,2025-09-18,2025-09-18,day,18 September 2025,Jawa Barat,Jawa Barat,Kabupaten Tasikmalaya,kabupaten,Tasikmalaya,32.06,exact,32,-7.361038703594784,108.11307619839148,1996059,2706.972,SD Cikalong 1,primary,SD Cikalong 1,52 Siswa,exact,52,52,52,"{""student"": 52}",52,,,,"[""auto:d1ccea51e9""]","[""https://bandung.kompas.com/read/2025/09/19/202607678/update-korban-keracunan-mbg-di-tasikmalaya-total-52-siswa-sudah-pulang-ke""]",[]
id.Daftar_kasus_keracunan_massal_makan_siang_gratis#r0242,id.Daftar_kasus_keracunan_massal_makan_siang_gratis,242,id.Daftar_kasus_keracunan_massal_makan_siang_gratis#e0241,2025-09-18,2025-09-18,day,18 September 2025,Jawa Barat,Jawa Barat,Kabupaten Tasikmalaya,kabupaten,Tasikmalaya,32.06,exact,32,-7.361038703594784,108.11307619839148,1996059,2706.972,PAUD di wilayah Cikalong,early_childhood,PAUD di wilayah Cikalong,52 Siswa,exact,52,52,52,"{""student"": 52}",,,,,"[""auto:d1ccea51e9""]","[""https://bandung.kompas.com/read/2025/09/19/202607678/update-korban-keracunan-mbg-di-tasikmalaya-total-52-siswa-sudah-pulang-ke""]","[""count_shared_across_rows""]"
id.Daftar_kasus_keracunan_massal_makan_siang_gratis#r0243,id.Daftar_kasus_keracunan_massal_makan_siang_gratis,243,id.Daftar_kasus_keracunan_massal_makan_siang_gratis#e0241,2025-09-18,2025-09-18,day,18 September 2025,Jawa Barat,Jawa Barat,Kabupaten Tasikmalaya,kabupaten,Tasikmalaya,32.06,exact,32,-7.361038703594784,108.11307619839148,1996059,2706.972,“beberapa sekolah lain” di Kecamatan Cikalong,,“beberapa sekolah lain” di Kecamatan Cikalong,52 Siswa,exact,52,52,52,"{""student"": 52}",,,,,"[""auto:d1ccea51e9""]","[""https://bandung.kompas.com/read/2025/09/19/202607678/update-korban-keracunan-mbg-di-tasikmalaya-total-52-siswa-sudah-pulang-ke""]","[""count_shared_across_rows""]"
id.Daftar_kasus_keracunan_massal_makan_siang_gratis#r0244,id.Daftar_kasus_keracunan_massal_makan_siang_gratis,244,id.Daftar_kasus_keracunan_massal_makan_siang_gratis#e0244,2025-10-02,2025-10-02,day,2 Oktober 2025,Jawa Barat,Jawa Barat,Kabupaten Tasikmalaya,kabupaten,Tasikmalaya,32.06,exact,32,-7.361038703594784,108.11307619839148,1996059,2706.972,SMK Negeri Cipatujah,senior_secondary,SMK Negeri Cipatujah,115 Siswa,exact,115,115,115,"{""student"": 115}",115,,,,"[""auto:0e26206893""]","[""https://www.detik.com/jabar/berita/d-8143212/korban-keracunan-mbg-di-tasikmalaya-tembus-115-orang""]",[]
id.Daftar_kasus_keracunan_massal_makan_siang_gratis#r0245,id.Daftar_kasus_keracunan_massal_makan_siang_gratis,245,id.Daftar_kasus_keracunan_massal_makan_siang_gratis#e0244,2025-10-02,2025-10-02,day,2 Oktober 2025,Jawa Barat,Jawa Barat,Kabupaten Tasikmalaya,kabupaten,Tasikmalaya,32.06,exact,32,-7.361038703594784,108.11307619839148,1996059,2706.972,SMP Negeri 4 Cipatujah,junior_secondary,SMP Negeri 4 Cipatujah,115 Siswa,exact,115,115,115,"{""student"": 115}",,,,,"[""auto:0e26206893""]","[""https://www.detik.com/jabar/berita/d-8143212/korban-keracunan-mbg-di-tasikmalaya-tembus-115-orang""]","[""count_shared_across_rows""]"
id.Daftar_kasus_keracunan_massal_makan_siang_gratis#r0246,id.Daftar_kasus_keracunan_massal_makan_siang_gratis,246,id.Daftar_kasus_keracunan_massal_makan_siang_gratis#e0244,2025-10-02,2025-10-02,day,2 Oktober 2025,Jawa Barat,Jawa Barat,Kabupaten Tasikmalaya,kabupaten,Tasikmalaya,32.06,exact,32,-7.361038703594784,108.11307619839148,1996059,2706.972,Pondok Pesantren Nursyamsiah,pesantren,Pondok Pesantren Nursyamsiah,115 Siswa,exact,115,115,115,"{""student"": 115}",,,,,"[""auto:0e26206893""]","[""https://www.detik.com/jabar/berita/d-8143212/korban-keracunan-mbg-di-tasikmalaya-tembus-115-orang""]","[""count_shared_across_rows""]"
id.Daftar_kasus_keracunan_massal_makan_siang_gratis#r0247,id.Daftar_kasus_keracunan_massal_makan_siang_gratis,247,id.Daftar_kasus_keracunan_massal_makan_siang_gratis#e0247,2025-10-13,2025-10-13,day,13 Oktober 2025,Jawa Barat,Jawa Barat,Kabupaten Tasikmalaya,kabupaten,Tasikmalaya,32.06,exact,32,-7.361038703594784,108.11307619839148,1996059,2706.972,Posyandu Daerah Manonjaya,community_health_post,Posyandu Daerah Manonjaya,11 Balita,exact,11,11,11,"{""child"": 11}",11,,,,"[""auto:b1828142e5""]","[""https://bandung.kompas.com/read/2025/10/14/182839778/balita-di-tasikmalaya-diduga-keracunan-mbg-orangtua-pembagian-siang-dimakan""]",[]
id.Daftar_kasus_keracunan_massal_makan_siang_gratis#r0248,id.Daftar_kasus_keracunan_massal_makan_siang_gratis,248,id.Daftar_kasus_keracunan_massal_makan_siang_gratis#e0248,2025-10-17,2025-10-17,day,17 Oktober 2025,Jawa Barat,Jawa Barat,Kabupaten Tasikmalaya,kabupaten,Tasikmalaya,32.06,exact,32,-7.361038703594784,108.11307619839148,1996059,2706.972,SDN Margamulya,primary,SDN Margamulya,13 Siswa,exact,13,13,13,"{""student"": 13}",13,,,,"[""auto:721c849341""]","[""https://bandung.kompas.com/read/2025/10/17/163905178/13-siswa-sd-di-tasikmalaya-diduga-keracunan-mbg-menu-nasi-goreng-guru""]",[]
id.Daftar_kasus_keracunan_massal_makan_siang_gratis#r0249,id.Daftar_kasus_keracunan_massal_makan_siang_gratis,249,id.Daftar_kasus_keracunan_massal_makan_siang_gratis#e0249,2026-04-08,2026-04-08,day,8 April 2026,Jawa Barat,Jawa Barat,Kabupaten Tasikmalaya,kabupaten,Tasikmalaya,32.06,exact,32,-7.361038703594784,108.11307619839148,1996059,2706.972,SMAN 1 Cisayong,senior_secondary,SMAN 1 Cisayong,119 Siswa,exact,119,119,119,"{""student"": 119}",119,,,,"[""auto:97060160a7""]","[""https://priangan.com/pasca-119-siswa-terdampak-suplai-mbg-di-sman-1-cisayong-dihentikan-total/""]",[]
id.Daftar_kasus_keracunan_massal_makan_siang_gratis#r0250,id.Daftar_kasus_keracunan_massal_makan_siang_gratis,250,id.Daftar_kasus_keracunan_massal_makan_siang_gratis#e0250,2025-05-07,2025-05-09,day,7 S/d 9 Mei 2025,Jawa Barat,Jawa Barat,Kota Bogor,kota,Bogor,32.71,exact,32,-6.595057464978462,106.79411231002724,1144108,111.366,TK Bosowa Bina Insani,early_childhood,TK Bosowa Bina Insani,28 Siswa,exact,28,28,28,"{""student"": 28}",28,,,,"[""auto:6fca852482""]","[""https://www.tribunnews.com/nasional/2025/05/13/223-anak-di-bogor-jadi-korban-keracunan-mbg-bpom-danwali-kota-bogor-ambil-sikap""]","[""date_range""]"
id.Daftar_kasus_keracunan_massal_makan_siang_gratis#r0251,id.Daftar_kasus_keracunan_massal_makan_siang_gratis,251,id.Daftar_kasus_keracunan_massal_makan_siang_gratis#e0251,2025-05-07,2025-05-09,day,7 S/d 9 Mei 2025,Jawa Barat,Jawa Barat,Kota Bogor,kota,Bogor,32.71,exact,32,-6.595057464978462,106.79411231002724,1144108,111.366,SD Bosowa Bina Insani,primary,SD Bosowa Bina Insani,13 Siswa,exact,13,13,13,"{""student"": 13}",13,,,,"[""auto:6fca852482""]","[""https://www.tribunnews.com/nasional/2025/05/13/223-anak-di-bogor-jadi-korban-keracunan-mbg-bpom-danwali-kota-bogor-ambil-sikap""]","[""date_range""]"
id.Daftar_kasus_keracunan_massal_makan_siang_gratis#r0252,id.Daftar_kasus_keracunan_massal_makan_siang_gratis,252,id.Daftar_kasus_keracunan_massal_makan_siang_gratis#e0252,2025-05-07,2025-05-09,day,7 S/d 9 Mei 2025,Jawa Barat,Jawa Barat,Kota Bogor,kota,Bogor,32.71,exact,32,-6.595057464978462,106.79411231002724,1144108,111.366,SMP Bosowa Bina Insani,junior_secondary,SMP Bosowa Bina Insani,96 Siswa,exact,96,96,96,"{""student"": 96}",96,,,,"[""auto:6fca852482""]","[""https://www.tribunnews.com/nasional/2025/05/13/223-anak-di-bogor-jadi-korban-keracunan-mbg-bpom-danwali-kota-bogor-ambil-sikap""]","[""date_range""]"
id.Daftar_kasus_keracunan_massal_makan_siang_gratis#r0253,id.Daftar_kasus_keracunan_massal_makan_siang_gratis,253,id.Daftar_kasus_keracunan_massal_makan_siang_gratis#e0253,2025-05-07,2025-05-09,day,7 S/d 9 Mei 2025,Jawa Barat,Jawa Barat,Kota Bogor,kota,Bogor,32.71,exact,32,-6.595057464978462,106.79411231002724,1144108,111.366,SMA Bosowa Bina Insani,senior_secondary,SMA Bosowa Bina Insani,1 Siswa,exact,1,1,1,"{""student"": 1}",1,,,,"[""auto:6fca852482""]","[""https://www.tribunnews.com/nasional/2025/05/13/223-anak-di-bogor-jadi-korban-keracunan-mbg-bpom-danwali-kota-bogor-ambil-sikap""]","[""date_range""]"
id.Daftar_kasus_keracunan_massal_makan_siang_gratis#r0254,id.Daftar_kasus_keracunan_massal_makan_siang_gratis,254,id.Daftar_kasus_keracunan_massal_makan_siang_gratis#e0254,2025-05-07,2025-05-09,day,7 S/d 9 Mei 2025,Jawa Barat,Jawa Barat,Kota Bogor,kota,Bogor,32.71,exact,32,-6.595057464978462,106.79411231002724,1144108,111.366,SDN Kukupu 3,primary,SDN Kukupu 3,8 Siswa,exact,8,8,8,"{""student"": 8}",8,,,,"[""auto:6fca852482""]","[""https://www.tribunnews.com/nasional/2025/05/13/223-anak-di-bogor-jadi-korban-keracunan-mbg-bpom-danwali-kota-bogor-ambil-sikap""]","[""date_range""]"
id.Daftar_kasus_keracunan_massal_makan_siang_gratis#r0255,id.Daftar_kasus_keracunan_massal_makan_siang_gratis,255,id.Daftar_kasus_keracunan_massal_makan_siang_gratis#e0255,2025-05-07,2025-05-09,day,7 S/d 9 Mei 2025,Jawa Barat,Jawa Barat,Kota Bogor,kota,Bogor,32.71,exact,32,-6.595057464978462,106.79411231002724,1144108,111.366,SDN Kedung Waringin,primary,SDN Kedung Waringin,7 Siswa,exact,7,7,7,"{""student"": 7}",7,,,,"[""auto:6fca852482""]","[""https://www.tribunnews.com/nasional/2025/05/13/223-anak-di-bogor-jadi-korban-keracunan-mbg-bpom-danwali-kota-bogor-ambil-sikap""]","[""date_range""]"
id.Daftar_kasus_keracunan_massal_makan_siang_gratis#r0256,id.Daftar_kasus_keracunan_massal_makan_siang_gratis,256,id.Daftar_kasus_keracunan_massal_makan_siang_gratis#e0256,2025-05-07,2025-05-09,day,7 S/d 9 Mei 2025,Jawa Barat,Jawa Barat,Kota Bogor,kota,Bogor,32.71,exact,32,-6.595057464978462,106.79411231002724,1144108,111.366,SDN Kedung Jaya 1,primary,SDN Kedung Jaya 1,16 Siswa,exact,16,16,16,"{""student"": 16}",16,,,,"[""auto:6fca852482""]","[""https://www.tribunnews.com/nasional/2025/05/13/223-anak-di-bogor-jadi-korban-keracunan-mbg-bpom-danwali-kota-bogor-ambil-sikap""]","[""date_range""]"
id.Daftar_kasus_keracunan_massal_makan_siang_gratis#r0257,id.Daftar_kasus_keracunan_massal_makan_siang_gratis,257,id.Daftar_kasus_keracunan_massal_makan_siang_gratis#e0257,2025-05-07,2025-05-09,day,7 S/d 9 Mei 2025,Jawa Barat,Jawa Barat,Kota Bogor,kota,Bogor,32.71,exact,32,-6.595057464978462,106.79411231002724,1144108,111.366,SDN Kedung Jaya 2,primary,SDN Kedung Jaya 2,46 Siswa,exact,46,46,46,"{""student"": 46}",46,,,,"[""auto:6fca852482""]","[""https://www.tribunnews.com/nasional/2025/05/13/223-anak-di-bogor-jadi-korban-keracunan-mbg-bpom-danwali-kota-bogor-ambil-sikap""]","[""date_range""]"
id.Daftar_kasus_keracunan_massal_makan_siang_gratis#r0258,id.Daftar_kasus_keracunan_massal_makan_siang_gratis,258,id.Daftar_kasus_keracunan_massal_makan_siang_gratis#e0258,2025-05-07,2025-05-09,day,7 S/d 9 Mei 2025,Jawa Barat,Jawa Barat,Kota Bogor,kota,Bogor,32.71,exact,32,-6.595057464978462,106.79411231002724,1144108,111.366,SMP Bina Greha,junior_secondary,SMP Bina Greha,8 Siswa,exact,8,8,8,"{""student"": 8}",8,,,,"[""auto:6fca852482""]","[""https://www.tribunnews.com/nasional/2025/05/13/223-anak-di-bogor-jadi-korban-keracunan-mbg-bpom-danwali-kota-bogor-ambil-sikap""]","[""date_range""]"
id.Daftar_kasus_keracunan_massal_makan_siang_gratis#r0259,id.Daftar_kasus_keracunan_massal_makan_siang_gratis,259,id.Daftar_kasus_keracunan_massal_makan_siang_gratis#e0259,2025-11-14,2025-11-14,day,14 November 2025,Jawa Barat,Jawa Barat,Kota Bogor,kota,Bogor,32.71,exact,32,-6.595057464978462,106.79411231002724,1144108,111.366,SDN 2 Batu Tulis,primary,SDN 2 Batu Tulis,50 Siswa,exact,50,50,50,"{""student"": 50}",50,,,,"[""auto:010feb2c4d""]","[""https://www.kompas.id/artikel/kasus-berulang-50-murid-keracunan-mbg-di-kota-bogor""]",[]
id.Daftar_kasus_keracunan_massal_makan_siang_gratis#r0260,id.Daftar_kasus_keracunan_massal_makan_siang_gratis,260,id.Daftar_kasus_keracunan_massal_makan_siang_gratis#e0259,2025-11-14,2025-11-14,day,14 November 2025,Jawa Barat,Jawa Barat,Kota Bogor,kota,Bogor,32.71,exact,32,-6.595057464978462,106.79411231002724,1144108,111.366,SDN 3 Batu Tulis,primary,SDN 3 Batu Tulis,50 Siswa,exact,50,50,50,"{""student"": 50}",,,,,"[""auto:010feb2c4d""]","[""https://www.kompas.id/artikel/kasus-berulang-50-murid-keracunan-mbg-di-kota-bogor""]","[""count_shared_across_rows""]"
id.Daftar_kasus_keracunan_massal_makan_siang_gratis#r0261,id.Daftar_kasus_keracunan_massal_makan_siang_gratis,261,id.Daftar_kasus_keracunan_massal_makan_siang_gratis#e0259,2025-11-14,2025-11-14,day,14 November 2025,Jawa Barat,Jawa Barat,Kota Bogor,kota,Bogor,32.71,exact,32,-6.595057464978462,106.79411231002724,1144108,111.366,SD Lawang Gintung,primary,SD Lawang Gintung,50 Siswa,exact,50,50,50,"{""student"": 50}",,,,,"[""auto:010feb2c4d""]","[""https://www.kompas.id/artikel/kasus-berulang-50-murid-keracunan-mbg-di-kota-bogor""]","[""count_shared_across_rows""]"
id.Daftar_kasus_keracunan_massal_makan_siang_gratis#r0262,id.Daftar_kasus_keracunan_massal_makan_siang_gratis,262,id.Daftar_kasus_keracunan_massal_makan_siang_gratis#e0259,2025-11-14,2025-11-14,day,14 November 2025,Jawa Barat,Jawa Barat,Kota Bogor,kota,Bogor,32.71,exact,32,-6.595057464978462,106.79411231002724,1144108,111.366,SMK PUI Kota Bogor,senior_secondary,SMK PUI Kota Bogor,50 Siswa,exact,50,50,50,"{""student"": 50}",,,,,"[""auto:010feb2c4d""]","[""https://www.kompas.id/artikel/kasus-berulang-50-murid-keracunan-mbg-di-kota-bogor""]","[""count_shared_across_rows""]"
id.Daftar_kasus_keracunan_massal_makan_siang_gratis#r0263,id.Daftar_kasus_keracunan_massal_makan_siang_gratis,263,id.Daftar_kasus_keracunan_massal_makan_siang_gratis#e0263,2025-07-31,2025-07-31,day,31 Juli 2025,Jawa Barat,Jawa Barat,Kabupaten Kuningan,kabupaten,Kuningan,32.08,exact,32,-6.975864860855258,108.48310462537334,1239999,1193.449,SMPN 1 Cilimus,junior_secondary,SMPN 1 Cilimus,± 30 Siswa,approx,30,30,30,"{""student"": 30}",30,,,,"[""auto:dc7d9f2eee""]","[""https://kuninganmass.com/setelah-makan-siang-gratis-puluhan-siswa-smpn-1-cilimus-sakit-perut/""]",[]
id.Daftar_kasus_keracunan_massal_makan_siang_gratis#r0264,id.Daftar_kasus_keracunan_massal_makan_siang_gratis,264,id.Daftar_kasus_keracunan_massal_makan_siang_gratis#e0264,2025-10-03,2025-10-03,day,3 Oktober 2025,Jawa Barat,Jawa Barat,Kabupaten Kuningan,kabupaten,Kuningan,32.08,exact,32,-6.975864860855258,108.48310462537334,1239999,1193.449,SMP 1 Luragung,junior_secondary,SMP 1 Luragung,97 Siswa,exact,97,97,97,"{""student"": 97}",97,,,,"[""auto:07ce3ee9ba""]","[""https://regional.kompas.com/read/2025/10/04/064836178/satu-hari-usai-santap-mbg-ratusan-siswa-di-kuningan-muntah-dan-diare""]",[]
id.Daftar_kasus_keracunan_massal_makan_siang_gratis#r0265,id.Daftar_kasus_keracunan_massal_makan_siang_gratis,265,id.Daftar_kasus_keracunan_massal_makan_siang_gratis#e0265,2025-10-03,2025-10-03,day,3 Oktober 2025,Jawa Barat,Jawa Barat,Kabupaten Kuningan,kabupaten,Kuningan,32.08,exact,32,-6.975864860855258,108.48310462537334,1239999,1193.449,SMAN 1 Luragung,senior_secondary,SMAN 1 Luragung,103 Siswa,exact,103,103,103,"{""student"": 103}",103,,,,"[""auto:07ce3ee9ba""]","[""https://regional.kompas.com/read/2025/10/04/064836178/satu-hari-usai-santap-mbg-ratusan-siswa-di-kuningan-muntah-dan-diare""]",[]
id.Daftar_kasus_keracunan_massal_makan_siang_gratis#r0266,id.Daftar_kasus_keracunan_massal_makan_siang_gratis,266,id.Daftar_kasus_keracunan_massal_makan_siang_gratis#e0266,2025-11-28,2025-11-28,day,28 November 2025,Jawa Barat,Jawa Barat,Kabupaten Kuningan,kabupaten,Kuningan,32.08,exact,32,-6.975864860855258,108.48310462537334,1239999,1193.449,,,TBA (tidak disebutkan),74 Siswa,exact,74,74,74,"{""student"": 74}",74,,,,"[""auto:44d34122f1""]","[""https://www.koranmandala.com/daerah/206780/74-siswa-keracunan-usai-konsumsi-menu-mbg-dapur-cigandamekar/""]","[""no_venue""]"
id.Daftar_kasus_keracunan_massal_makan_siang_gratis#r0267,id.Daftar_kasus_keracunan_massal_makan_siang_gratis,267,id.Daftar_kasus_keracunan_massal_makan_siang_gratis#e0267,2026-09-14,2026-09-14,day,14 September 2026,Jawa Barat,Jawa Barat,Kabupaten Kuningan,kabupaten,Kuningan,32.08,exact,32,-6.975864860855258,108.48310462537334,1239999,1193.449,,junior_secondary,SMP (Spesifik tidak disebutkan),30 Pelajar,exact,30,30,30,"{""student"": 30}",30,,,,"[""auto:3fa3b58a4b""]","[""https://jabar.tribunnews.com/jabar-region/1184295/30-pelajar-di-ciwaru-kuningan-keracunan-mbg-bupati-jenguk-korban-dan-uji-sampel-makanan""]","[""no_venue""]"
id.Daftar_kasus_keracunan_massal_makan_siang_gratis#r0268,id.Daftar_kasus_keracunan_massal_makan_siang_gratis,268,id.Daftar_kasus_keracunan_massal_makan_siang_gratis#e0268,2025-08-06,2025-08-06,day,6 Agustus 2025,Jawa Barat,Jawa Barat,Kabupaten Sukabumi,kabupaten,Sukabumi,32.02,exact,32,-6.989164614549726,106.55022261003006,2868943,4163.824,SDN Puncak Batu,primary,SDN Puncak Batu,± 32 Siswa,approx,32,32,32,"{""student"": 32}",32,,,,"[""auto:ccbd8425bb""]","[""https://www.detik.com/jabar/berita/d-8049711/32-pelajar-sukabumi-keracunan-sampel-makanan-dikirim-ke-lab""]",[]
id.Daftar_kasus_keracunan_massal_makan_siang_gratis#r0269,id.Daftar_kasus_keracunan_massal_makan_siang_gratis,269,id.Daftar_kasus_keracunan_massal_makan_siang_gratis#e0268,2025-08-06,2025-08-06,day,6 Agustus 2025,Jawa Barat,Jawa Barat,Kabupaten Sukabumi,kabupaten,Sukabumi,32.02,exact,32,-6.989164614549726,106.55022261003006,2868943,4163.824,MI Cikadu,primary,MI Cikadu,± 32 Siswa,approx,32,32,32,"{""student"": 32}",,,,,"[""auto:ccbd8425bb""]","[""https://www.detik.com/jabar/berita/d-8049711/32-pelajar-sukabumi-keracunan-sampel-makanan-dikirim-ke-lab""]","[""count_shared_across_rows""]"
id.Daftar_kasus_keracunan_massal_makan_siang_gratis#r0270,id.Daftar_kasus_keracunan_massal_makan_siang_gratis,270,id.Daftar_kasus_keracunan_massal_makan_siang_gratis#e0268,2025-08-06,2025-08-06,day,6 Agustus 2025,Jawa Barat,Jawa Barat,Kabupaten Sukabumi,kabupaten,Sukabumi,32.02,exact,32,-6.989164614549726,106.55022261003006,2868943,4163.824,PAUD di Desa Cipamingkis,early_childhood,PAUD di Desa Cipamingkis,± 32 Siswa,approx,32,32,32,"{""student"": 32}",,,,,"[""auto:ccbd8425bb""]","[""https://www.detik.com/jabar/berita/d-8049711/32-pelajar-sukabumi-keracunan-sampel-makanan-dikirim-ke-lab""]","[""count_shared_across_rows""]"
id.Daftar_kasus_keracunan_massal_makan_siang_gratis#r0271,id.Daftar_kasus_keracunan_massal_makan_siang_gratis,271,id.Daftar_kasus_keracunan_massal_makan_siang_gratis#e0268,2025-08-06,2025-08-06,day,6 Agustus 2025,Jawa Barat,Jawa Barat,Kabupaten Sukabumi,kabupaten,Sukabumi,32.02,exact,32,-6.989164614549726,106.55022261003006,2868943,4163.824,,,TBA (tidak disebutkan),± 32 Siswa,approx,32,32,32,"{""student"": 32}",,,,,"[""auto:ccbd8425bb""]","[""https://www.detik.com/jabar/berita/d-8049711/32-pelajar-sukabumi-keracunan-sampel-makanan-dikirim-ke-lab""]","[""no_venue"", ""count_shared_across_rows""]"
id.Daftar_kasus_keracunan_massal_makan_siang_gratis#r0272,id.Daftar_kasus_keracunan_massal_makan_siang_gratis,272,id.Daftar_kasus_keracunan_massal_makan_siang_gratis#e0272,2025-08-22,2025-08-22,day,22 Agustus 2025,Jawa Barat,Jawa Barat,Kabupaten Sukabumi,kabupaten,Sukabumi,32.02,exact,32,-6.989164614549726,106.55022261003006,2868943,4163.824,SDN 02 Parakansalak,primary,SDN 02 Parakansalak,24 Siswa,exact,24,24,24,"{""student"": 24}",24,,,,"[""auto:8367c0cd2d""]","[""https://www.detik.com/jabar/berita/d-8074457/kronologi-24-siswa-sd-parakansalak-keracunan-usai-santap-mbg""]",[]
id.Daftar_kasus_keracunan_massal_makan_siang_gratis#r0273,id.Daftar_kasus_keracunan_massal_makan_siang_gratis,273,id.Daftar_kasus_keracunan_massal_makan_siang_gratis#e0273,2025-09-11,2025-09-11,day,11 September 2025,Jawa Barat,Jawa Barat,Kabupaten Sukabumi,kabupaten,Sukabumi,32.02,exact,32,-6.989164614549726,106.55022261003006,2868943,4163.824,SMKN 1 Cibadak,senior_secondary,SMKN 1 Cibadak,69 Siswa,exact,69,69,69,"{""student"": 69}",69,,,,"[""auto:eb9e9490e7""]","[""https://www.koran-gala.id/news/58715927443/sebanyak-69-siswa-smkn-1-cibadak-sukabumi-diduga-keracunan-menu-mbg""]",[]
id.Daftar_kasus_keracunan_massal_makan_siang_gratis#r0274,id.Daftar_kasus_keracunan_massal_makan_siang_gratis,274,id.Daftar_kasus_keracunan_massal_makan_siang_gratis#e0274,2025-09-24,2025-09-24,day,24 September 2025,Jawa Barat,Jawa Barat,Kabupaten Sukabumi,kabupaten,Sukabumi,32.02,exact,32,-6.989164614549726,106.55022261003006,2868943,4163.824,SMK Doa Bangsa,senior_secondary,SMK Doa Bangsa,32 Siswa,exact,32,32,32,"{""student"": 32}",32,,,,"[""auto:7f369380a9""]","[""https://bandung.kompas.com/read/2025/09/25/111248678/32-pelajar-di-pelabuhanratu-sukabumi-diduga-keracunan-mbg""]",[]
id.Daftar_kasus_keracunan_massal_makan_siang_gratis#r0275,id.Daftar_kasus_keracunan_massal_makan_siang_gratis,275,id.Daftar_kasus_keracunan_massal_makan_siang_gratis#e0275,2026-01-28,2026-01-28,day,28 Januari 2026,Jawa Barat,Jawa Barat,Kabupaten Sukabumi,kabupaten,Sukabumi,32.02,exact,32,-6.989164614549726,106.55022261003006,2868943,4163.824,PAUD Al Hadi,early_childhood,PAUD Al Hadi,31 Siswa,exact,31,31,31,"{""student"": 31}",31,,,,"[""auto:9db6fbee2b""]","[""https://jabar.tribunnews.com/jabar-region/1162793/breaking-news-31-siswa-dan-guru-hamil-keracunan-diduga-tahu-goreng-berjamur-dari-mbg""]",[]
id.Daftar_kasus_keracunan_massal_makan_siang_gratis#r0276,id.Daftar_kasus_keracunan_massal_makan_siang_gratis,276,id.Daftar_kasus_keracunan_massal_makan_siang_gratis#e0275,2026-01-28,2026-01-28,day,28 Januari 2026,Jawa Barat,Jawa Barat,Kabupaten Sukabumi,kabupaten,Sukabumi,32.02,exact,32,-6.989164614549726,106.55022261003006,2868943,4163.824,SDN Bojong Kopo,primary,SDN Bojong Kopo,31 Siswa,exact,31,31,31,"{""student"": 31}",,,,,"[""auto:9db6fbee2b""]","[""https://jabar.tribunnews.com/jabar-region/1162793/breaking-news-31-siswa-dan-guru-hamil-keracunan-diduga-tahu-goreng-berjamur-dari-mbg""]","[""count_shared_across_rows""]"
id.Daftar_kasus_keracunan_massal_makan_siang_gratis#r0277,id.Daftar_kasus_keracunan_massal_makan_siang_gratis,277,id.Daftar_kasus_keracunan_massal_makan_siang_gratis#e0275,2026-01-28,2026-01-28,day,28 Januari 2026,Jawa Barat,Jawa Barat,Kabupaten Sukabumi,kabupaten,Sukabumi,32.02,exact,32,-6.989164614549726,106.55022261003006,2868943,4163.824,SDN Gunung Biru,primary,SDN Gunung Biru,31 Siswa,exact,31,31,31,"{""student"": 31}",,,,,"[""auto:9db6fbee2b""]","[""https://jabar.tribunnews.com/jabar-region/1162793/breaking-news-31-siswa-dan-guru-hamil-keracunan-diduga-tahu-goreng-berjamur-dari-mbg""]","[""count_shared_across_rows""]"
id.Daftar_kasus_keracunan_massal_makan_siang_gratis#r0278,id.Daftar_kasus_keracunan_massal_makan_siang_gratis,278,id.Daftar_kasus_keracunan_massal_makan_siang_gratis#e0275,2026-01-28,2026-01-28,day,28 Januari 2026,Jawa Barat,Jawa Barat,Kabupaten Sukabumi,kabupaten,Sukabumi,32.02,exact,32,-6.989164614549726,106.55022261003006,2868943,4163.824,SDN Loji,primary,SDN Loji,31 Siswa,exact,31,31,31,"{""student"": 31}",,,,,"[""auto:9db6fbee2b""]","[""https://jabar.tribunnews.com/jabar-region/1162793/breaking-news-31-siswa-dan-guru-hamil-keracunan-diduga-tahu-goreng-berjamur-dari-mbg""]","[""count_shared_across_rows""]"
id.Daftar_kasus_keracunan_massal_makan_siang_gratis#r0279,id.Daftar_kasus_keracunan_massal_makan_siang_gratis,279,id.Daftar_kasus_keracunan_massal_makan_siang_gratis#e0275,2026-01-28,2026-01-28,day,28 Januari 2026,Jawa Barat,Jawa Barat,Kabupaten Sukabumi,kabupaten,Sukabumi,32.02,exact,32,-6.989164614549726,106.55022261003006,2868943,4163.824,SDN Sangrawayang,primary,SDN Sangrawayang,31 Siswa,exact,31,31,31,"{""student"": 31}",,,,,"[""auto:9db6fbee2b""]","[""https://jabar.tribunnews.com/jabar-region/1162793/breaking-news-31-siswa-dan-guru-hamil-keracunan-diduga-tahu-goreng-berjamur-dari-mbg""]","[""count_shared_across_rows""]"
id.Daftar_kasus_keracunan_massal_makan_siang_gratis#r0280,id.Daftar_kasus_keracunan_massal_makan_siang_gratis,280,id.Daftar_kasus_keracunan_massal_makan_siang_gratis#e0275,2026-01-28,2026-01-28,day,28 Januari 2026,Jawa Barat,Jawa Barat,Kabupaten Sukabumi,kabupaten,Sukabumi,32.02,exact,32,-6.989164614549726,106.55022261003006,2868943,4163.824,SDN Cibutun,primary,SDN Cibutun,31 Siswa,exact,31,31,31,"{""student"": 31}",,,,,"[""auto:9db6fbee2b""]","[""https://jabar.tribunnews.com/jabar-region/1162793/breaking-news-31-siswa-dan-guru-hamil-keracunan-diduga-tahu-goreng-berjamur-dari-mbg""]","[""count_shared_across_rows""]"
id.Daftar_kasus_keracunan_massal_makan_siang_gratis#r0281,id.Daftar_kasus_keracunan_massal_makan_siang_gratis,281,id.Daftar_kasus_keracunan_massal_makan_siang_gratis#e0275,2026-01-28,2026-01-28,day,28 Januari 2026,Jawa Barat,Jawa Barat,Kabupaten Sukabumi,kabupaten,Sukabumi,32.02,exact,32,-6.989164614549726,106.55022261003006,2868943,4163.824,,senior_secondary,MA (Spesifik tidak disebutkan,31 Siswa,exact,31,31,31,"{""student"": 31}",,,,,"[""auto:9db6fbee2b""]","[""https://jabar.tribunnews.com/jabar-region/1162793/breaking-news-31-siswa-dan-guru-hamil-keracunan-diduga-tahu-goreng-berjamur-dari-mbg""]","[""no_venue"", ""count_shared_across_rows""]"
id.Daftar_kasus_keracunan_massal_makan_siang_gratis#r0282,id.Daftar_kasus_keracunan_massal_makan_siang_gratis,282,id.Daftar_kasus_keracunan_massal_makan_siang_gratis#e0282,2026-03-06,2026-03-06,day,6 Maret 2026,Jawa Barat,Jawa Barat,Kabupaten Sukabumi,kabupaten,Sukabumi,32.02,exact,32,-6.989164614549726,106.55022261003006,2868943,4163.824,Ponpes Az-Zain,pesantren,Ponpes Az-Zain,47 Orang,exact,47,47,47,"{""person"": 47}",47,,,,"[""auto:e196b864c0""]","[""https://lingkarjabar.com/puluhan-santri-dan-guru-di-sukabumi-diduga-keracunan-usai-santap-program-mbg-47-orang-sempat-alami-keluhan/""]",[]
id.Daftar_kasus_keracunan_massal_makan_siang_gratis#r0283,id.Daftar_kasus_keracunan_massal_makan_siang_gratis,283,id.Daftar_kasus_keracunan_massal_makan_siang_gratis#e0283,2026-06-18,2026-06-18,day,18 Juni 2026,Jawa Barat,Jawa Barat,Kabupaten Sukabumi,kabupaten,Sukabumi,32.02,exact,32,-6.989164614549726,106.55022261003006,2868943,4163.824,Satu Keluarga,,Satu Keluarga,3 Orang,exact,3,3,3,"{""person"": 3}",3,,,,"[""auto:6d3958090f""]","[""https://www.liputan6.com/regional/read/7894521/ibu-dan-dua-anak-diduga-keracunan-susu-mbg-ini-kata-pengelola-sppg""]",[]
id.Daftar_kasus_keracunan_massal_makan_siang_gratis#r0284,id.Daftar_kasus_keracunan_massal_makan_siang_gratis,284,id.Daftar_kasus_keracunan_massal_makan_siang_gratis#e0284,2026-07-28,2026-07-28,day,28 Juli 2026,Jawa Barat,Jawa Barat,Kabupaten Sukabumi,kabupaten,Sukabumi,32.02,exact,32,-6.989164614549726,106.55022261003006,2868943,4163.824,SDN Bojong koneng,primary,SDN Bojong koneng,39 Siswa,exact,39,39,39,"{""student"": 39}",39,,,,"[""auto:16bd842af3""]","[""https://jabar.idntimes.com/news/jawa-barat/puluhan-siswa-sd-di-sukabumi-keracunan-susu-mbg-diduga-kedaluwarsa-00-6snxf-yg9t08""]",[]
id.Daftar_kasus_keracunan_massal_makan_siang_gratis#r0285,id.Daftar_kasus_keracunan_massal_makan_siang_gratis,285,id.Daftar_kasus_keracunan_massal_makan_siang_gratis#e0285,2025-08-14,2025-08-14,day,14 Agustus 2025,Jawa Barat,Jawa Barat,Kabupaten Karawang,kabupaten,Karawang,32.15,exact,32,-6.301616343281738,107.30488191002529,2612065,1916.056,,,TBA( tidak disebutkan),82 Siswa,exact,82,82,82,"{""student"": 82}",82,,,,"["":1""]","[""https://www.kompas.com/jawa-barat/read/2025/09/27/130000188/9-daerah-di-jawa-barat-tertinggi-kasus-keracunan-mbg-korban-tembus?page=all#page2""]","[""no_venue""]"
id.Daftar_kasus_keracunan_massal_makan_siang_gratis#r0286,id.Daftar_kasus_keracunan_massal_makan_siang_gratis,286,id.Daftar_kasus_keracunan_massal_makan_siang_gratis#e0286,2026-04-17,2026-04-17,day,17 April 2026,Jawa Barat,Jawa Barat,Kabupaten Karawang,kabupaten,Karawang,32.15,exact,32,-6.301616343281738,107.30488191002529,2612065,1916.056,Balita,,Balita,46 Warga,exact,46,46,46,"{""resident"": 46}",46,,,,"[""auto:3038309bff""]","[""https://www.lensapurwakarta.com/saba-desa/28517009190/46-warga-desa-cariumulya-kabupaten-karawang-diduga-keracunan-mbg-korban-merasa-pusing-dan-mual""]",[]
id.Daftar_kasus_keracunan_massal_makan_siang_gratis#r0287,id.Daftar_kasus_keracunan_massal_makan_siang_gratis,287,id.Daftar_kasus_keracunan_massal_makan_siang_gratis#e0286,2026-04-17,2026-04-17,day,17 April 2026,Jawa Barat,Jawa Barat,Kabupaten Karawang,kabupaten,Karawang,32.15,exact,32,-6.301616343281738,107.30488191002529,2612065,1916.056,Ibu Menyusui,,Ibu Menyusui,46 Warga,exact,46,46,46,"{""resident"": 46}",,,,,"[""auto:3038309bff""]","[""https://www.lensapurwakarta.com/saba-desa/28517009190/46-warga-desa-cariumulya-kabupaten-karawang-diduga-keracunan-mbg-korban-merasa-pusing-dan-mual""]","[""count_shared_across_rows""]"
id.Daftar_kasus_keracunan_massal_makan_siang_gratis#r0288,id.Daftar_kasus_keracunan_massal_makan_siang_gratis,288,id.Daftar_kasus_keracunan_massal_makan_siang_gratis#e0288,2025-08-21,2025-08-21,day,21 Agustus 2025,Jawa Barat,Jawa Barat,Kabupaten Bandung,kabupaten,Bandung,32.04,exact,32,-7.021854779311784,107.52755122537383,3839721,1740.843,SD Negeri Legok Hayam,primary,SD Negeri Legok Hayam,12 Siswa,exact,12,12,12,"{""student"": 12}",12,,,,"[""auto:86b375f4aa""]","[""https://jabarekspres.com/berita/2025/08/22/12-siswa-sdn-legokhayam-cimenyan-alami-keracunan-diduga-dari-makanan-program-mbg/""]",[]
id.Daftar_kasus_keracunan_massal_makan_siang_gratis#r0289,id.Daftar_kasus_keracunan_massal_makan_siang_gratis,289,id.Daftar_kasus_keracunan_massal_makan_siang_gratis#e0289,2025-09-17,2025-09-17,day,17 September 2025,Jawa Barat,Jawa Barat,Kabupaten Garut,kabupaten,Garut,32.05,exact,32,-7.202671667220667,107.88606805421097,2851877,3101.132,SDN 2 Mandalasari,primary,SDN 2 Mandalasari,657 Siswa,exact,657,657,657,"{""student"": 657}",657,,,,"[""auto:080122ce4c""]","[""https://koran.pikiran-rakyat.com/news/pr-3039659563/korban-keracunan-mbg-di-garut-capai-657-siswa-bupati-janji-evaluasi-menyeluruh""]",[]
id.Daftar_kasus_keracunan_massal_makan_siang_gratis#r0290,id.Daftar_kasus_keracunan_massal_makan_siang_gratis,290,id.Daftar_kasus_keracunan_massal_makan_siang_gratis#e0289,2025-09-17,2025-09-17,day,17 September 2025,Jawa Barat,Jawa Barat,Kabupaten Garut,kabupaten,Garut,32.05,exact,32,-7.202671667220667,107.88606805421097,2851877,3101.132,SMP Siti Aisyah,junior_secondary,SMP Siti Aisyah,657 Siswa,exact,657,657,657,"{""student"": 657}",,,,,"[""auto:080122ce4c""]","[""https://koran.pikiran-rakyat.com/news/pr-3039659563/korban-keracunan-mbg-di-garut-capai-657-siswa-bupati-janji-evaluasi-menyeluruh""]","[""count_shared_across_rows""]"
id.Daftar_kasus_keracunan_massal_makan_siang_gratis#r0291,id.Daftar_kasus_keracunan_massal_makan_siang_gratis,291,id.Daftar_kasus_keracunan_massal_makan_siang_gratis#e0289,2025-09-17,2025-09-17,day,17 September 2025,Jawa Barat,Jawa Barat,Kabupaten Garut,kabupaten,Garut,32.05,exact,32,-7.202671667220667,107.88606805421097,2851877,3101.132,MA (Madrasah Aliyah) Siti Aisyah,senior_secondary,MA (Madrasah Aliyah) Siti Aisyah,657 Siswa,exact,657,657,657,"{""student"": 657}",,,,,"[""auto:080122ce4c""]","[""https://koran.pikiran-rakyat.com/news/pr-3039659563/korban-keracunan-mbg-di-garut-capai-657-siswa-bupati-janji-evaluasi-menyeluruh""]","[""count_shared_across_rows""]"
id.Daftar_kasus_keracunan_massal_makan_siang_gratis#r0292,id.Daftar_kasus_keracunan_massal_makan_siang_gratis,292,id.Daftar_kasus_keracunan_massal_makan_siang_gratis#e0289,2025-09-17,2025-09-17,day,17 September 2025,Jawa Barat,Jawa Barat,Kabupaten Garut,kabupaten,Garut,32.05,exact,32,-7.202671667220667,107.88606805421097,2851877,3101.132,MA Maarif Cilageni,senior_secondary,MA Maarif Cilageni,657 Siswa,exact,657,657,657,"{""student"": 657}",,,,,"[""auto:080122ce4c""]","[""https://koran.pikiran-rakyat.com/news/pr-3039659563/korban-keracunan-mbg-di-garut-capai-657-siswa-bupati-janji-evaluasi-menyeluruh""]","[""count_shared_across_rows""]"
id.Daftar_kasus_keracunan_massal_makan_siang_gratis#r0293,id.Daftar_kasus_keracunan_massal_makan_siang_gratis,293,id.Daftar_kasus_keracunan_massal_makan_siang_gratis#e0289,2025-09-17,2025-09-17,day,17 September 2025,Jawa Barat,Jawa Barat,Kabupaten Garut,kabupaten,Garut,32.05,exact,32,-7.202671667220667,107.88606805421097,2851877,3101.132,SMA Siti Aisyah,senior_secondary,SMA Siti Aisyah,657 Siswa,exact,657,657,657,"{""student"": 657}",,,,,"[""auto:080122ce4c""]","[""https://koran.pikiran-rakyat.com/news/pr-3039659563/korban-keracunan-mbg-di-garut-capai-657-siswa-bupati-janji-evaluasi-menyeluruh""]","[""count_shared_across_rows""]"
id.Daftar_kasus_keracunan_massal_makan_siang_gratis#r0294,id.Daftar_kasus_keracunan_massal_makan_siang_gratis,294,id.Daftar_kasus_keracunan_massal_makan_siang_gratis#e0294,2025-09-30,2025-09-30,day,30 September 2025,Jawa Barat,Jawa Barat,Kabupaten Garut,kabupaten,Garut,32.05,exact,32,-7.202671667220667,107.88606805421097,2851877,3101.132,SDN 3 Talagasari,primary,SDN 3 Talagasari,307 Siswa,exact,307,307,307,"{""student"": 307}",307,,,,"[""auto:da8ee9ba30""]","[""https://rri.co.id/makan-bergizi-gratis/1879386/keracunan-massal-mbg-di-garut-capai-307-orang""]",[]
id.Daftar_kasus_keracunan_massal_makan_siang_gratis#r0295,id.Daftar_kasus_keracunan_massal_makan_siang_gratis,295,id.Daftar_kasus_keracunan_massal_makan_siang_gratis#e0294,2025-09-30,2025-09-30,day,30 September 2025,Jawa Barat,Jawa Barat,Kabupaten Garut,kabupaten,Garut,32.05,exact,32,-7.202671667220667,107.88606805421097,2851877,3101.132,SMPN 1 Kadungora,junior_secondary,SMPN 1 Kadungora,307 Siswa,exact,307,307,307,"{""student"": 307}",,,,,"[""auto:da8ee9ba30""]","[""https://rri.co.id/makan-bergizi-gratis/1879386/keracunan-massal-mbg-di-garut-capai-307-orang""]","[""count_shared_across_rows""]"
id.Daftar_kasus_keracunan_massal_makan_siang_gratis#r0296,id.Daftar_kasus_keracunan_massal_makan_siang_gratis,296,id.Daftar_kasus_keracunan_massal_makan_siang_gratis#e0294,2025-09-30,2025-09-30,day,30 September 2025,Jawa Barat,Jawa Barat,Kabupaten Garut,kabupaten,Garut,32.05,exact,32,-7.202671667220667,107.88606805421097,2851877,3101.132,SMP PGRI Kadungora,junior_secondary,SMP PGRI Kadungora,307 Siswa,exact,307,307,307,"{""student"": 307}",,,,,"[""auto:da8ee9ba30""]","[""https://rri.co.id/makan-bergizi-gratis/1879386/keracunan-massal-mbg-di-garut-capai-307-orang""]","[""count_shared_across_rows""]"
id.Daftar_kasus_keracunan_massal_makan_siang_gratis#r0297,id.Daftar_kasus_keracunan_massal_makan_siang_gratis,297,id.Daftar_kasus_keracunan_massal_makan_siang_gratis#e0294,2025-09-30,2025-09-30,day,30 September 2025,Jawa Barat,Jawa Barat,Kabupaten Garut,kabupaten,Garut,32.05,exact,32,-7.202671667220667,107.88606805421097,2851877,3101.132,SMA Annisa Kadungora,senior_secondary,SMA Annisa Kadungora,307 Siswa,exact,307,307,307,"{""student"": 307}",,,,,"[""auto:da8ee9ba30""]","[""https://rri.co.id/makan-bergizi-gratis/1879386/keracunan-massal-mbg-di-garut-capai-307-orang""]","[""count_shared_across_rows""]"
id.Daftar_kasus_keracunan_massal_makan_siang_gratis#r0298,id.Daftar_kasus_keracunan_massal_makan_siang_gratis,298,id.Daftar_kasus_keracunan_massal_makan_siang_gratis#e0298,2026-05-21,2026-05-21,day,21 Mei 2026,Jawa Barat,Jawa Barat,Kabupaten Garut,kabupaten,Garut,32.05,exact,32,-7.202671667220667,107.88606805421097,2851877,3101.132,SD Negeri 2 Hegarsari,primary,SD Negeri 2 Hegarsari,57 Siswa,exact,57,57,57,"{""student"": 57}",57,,,,"[""auto:89cb9f3b0d""]","[""https://prianganinsider.pikiran-rakyat.com/priangan/pr-38310221715/heboh-di-garut-program-mbg-berujung-dugaan-keracunan-massal-orang-tua-panik""]",[]
id.Daftar_kasus_keracunan_massal_makan_siang_gratis#r0299,id.Daftar_kasus_keracunan_massal_makan_siang_gratis,299,id.Daftar_kasus_keracunan_massal_makan_siang_gratis#e0299,2026-07-22,2026-07-22,day,22 Juli 2026,Jawa Barat,Jawa Barat,Kabupaten Garut,kabupaten,Garut,32.05,exact,32,-7.202671667220667,107.88606805421097,2851877,3101.132,Ponpes Al Mansuriah,pesantren,Ponpes Al Mansuriah,117 Orang,exact,117,117,117,"{""person"": 117}",117,,,,"[""auto:f7fab5178d""]","[""https://transtwonews.com/2026/07/sebanyak-117-orang-diduga-keracunan-makan-bergizi-gratis-kembali-terulang-di-garut-jawa-barat/""]",[]
id.Daftar_kasus_keracunan_massal_makan_siang_gratis#r0300,id.Daftar_kasus_keracunan_massal_makan_siang_gratis,300,id.Daftar_kasus_keracunan_massal_makan_siang_gratis#e0299,2026-07-22,2026-07-22,day,22 Juli 2026,Jawa Barat,Jawa Barat,Kabupaten Garut,kabupaten,Garut,32.05,exact,32,-7.202671667220667,107.88606805421097,2851877,3101.132,PAUD Al-Mukhtar,early_childhood,PAUD Al-Mukhtar,117 Orang,exact,117,117,117,"{""person"": 117}",,,,,"[""auto:f7fab5178d""]","[""https://transtwonews.com/2026/07/sebanyak-117-orang-diduga-keracunan-makan-bergizi-gratis-kembali-terulang-di-garut-jawa-barat/""]","[""count_shared_across_rows""]"
id.Daftar_kasus_keracunan_massal_makan_siang_gratis#r0301,id.Daftar_kasus_keracunan_massal_makan_siang_gratis,301,id.Daftar_kasus_keracunan_massal_makan_siang_gratis#e0299,2026-07-22,2026-07-22,day,22 Juli 2026,Jawa Barat,Jawa Barat,Kabupaten Garut,kabupaten,Garut,32.05,exact,32,-7.202671667220667,107.88606805421097,2851877,3101.132,SDN 1 Sindangsuka,primary,SDN 1 Sindangsuka,117 Orang,exact,117,117,117,"{""person"": 117}",,,,,"[""auto:f7fab5178d""]","[""https://transtwonews.com/2026/07/sebanyak-117-orang-diduga-keracunan-makan-bergizi-gratis-kembali-terulang-di-garut-jawa-barat/""]","[""count_shared_across_rows""]"
id.Daftar_kasus_keracunan_massal_makan_siang_gratis#r0302,id.Daftar_kasus_keracunan_massal_makan_siang_gratis,302,id.Daftar_kasus_keracunan_massal_makan_siang_gratis#e0299,2026-07-22,2026-07-22,day,22 Juli 2026,Jawa Barat,Jawa Barat,Kabupaten Garut,kabupaten,Garut,32.05,exact,32,-7.202671667220667,107.88606805421097,2851877,3101.132,SDN 3 Sindangsuka,primary,SDN 3 Sindangsuka,117 Orang,exact,117,117,117,"{""person"": 117}",,,,,"[""auto:f7fab5178d""]","[""https://transtwonews.com/2026/07/sebanyak-117-orang-diduga-keracunan-makan-bergizi-gratis-kembali-terulang-di-garut-jawa-barat/""]","[""count_shared_across_rows""]"
id.Daftar_kasus_keracunan_massal_makan_siang_gratis#r0303,id.Daftar_kasus_keracunan_massal_makan_siang_gratis,303,id.Daftar_kasus_keracunan_massal_makan_siang_gratis#e0299,2026-07-22,2026-07-22,day,22 Juli 2026,Jawa Barat,Jawa Barat,Kabupaten Garut,kabupaten,Garut,32.05,exact,32,-7.202671667220667,107.88606805421097,2851877,3101.132,SDN 5 Sindangsuka,primary,SDN 5 Sindangsuka,117 Orang,exact,117,117,117,"{""person"": 117}",,,,,"[""auto:f7fab5178d""]","[""https://transtwonews.com/2026/07/sebanyak-117-orang-diduga-keracunan-makan-bergizi-gratis-kembali-terulang-di-garut-jawa-barat/""]","[""count_shared_across_rows""]"
id.Daftar_kasus_keracunan_massal_makan_siang_gratis#r0304,id.Daftar_kasus_keracunan_massal_makan_siang_gratis,304,id.Daftar_kasus_keracunan_massal_makan_siang_gratis#e0304,2025-09-22,2025-09-22,day,22 September 2025,Jawa Barat,Jawa Barat,Kabupaten Bandung Barat,kabupaten,Bandung Barat,32.17,exact,32,-6.865221399999999,107.49197670000001,1911661,1283.439,SD Negeri Cipari,primary,SD Negeri Cipari,1.333 Siswa,exact,1333,1333,1333,"{""student"": 1333}",1333,,,,"[""auto:7e757046c4""]","[""https://bandung.kompas.com/read/2025/09/25/165121378/update-korban-keracunan-mbg-di-bandung-barat-tembus-1333-orang""]",[]
id.Daftar_kasus_keracunan_massal_makan_siang_gratis#r0305,id.Daftar_kasus_keracunan_massal_makan_siang_gratis,305,id.Daftar_kasus_keracunan_massal_makan_siang_gratis#e0304,2025-09-22,2025-09-22,day,22 September 2025,Jawa Barat,Jawa Barat,Kabupaten Bandung Barat,kabupaten,Bandung Barat,32.17,exact,32,-6.865221399999999,107.49197670000001,1911661,1283.439,MTs Darul Fiqri,junior_secondary,MTs Darul Fiqri,1.333 Siswa,exact,1333,1333,1333,"{""student"": 1333}",,,,,"[""auto:7e757046c4""]","[""https://bandung.kompas.com/read/2025/09/25/165121378/update-korban-keracunan-mbg-di-bandung-barat-tembus-1333-orang""]","[""count_shared_across_rows""]"
id.Daftar_kasus_keracunan_massal_makan_siang_gratis#r0306,id.Daftar_kasus_keracunan_massal_makan_siang_gratis,306,id.Daftar_kasus_keracunan_massal_makan_siang_gratis#e0304,2025-09-22,2025-09-22,day,22 September 2025,Jawa Barat,Jawa Barat,Kabupaten Bandung Barat,kabupaten,Bandung Barat,32.17,exact,32,-6.865221399999999,107.49197670000001,1911661,1283.439,SMK Pembangunan Bandung Barat,senior_secondary,SMK Pembangunan Bandung Barat,1.333 Siswa,exact,1333,1333,1333,"{""student"": 1333}",,,,,"[""auto:7e757046c4""]","[""https://bandung.kompas.com/read/2025/09/25/165121378/update-korban-keracunan-mbg-di-bandung-barat-tembus-1333-orang""]","[""count_shared_across_rows""]"
id.Daftar_kasus_keracunan_massal_makan_siang_gratis#r0307,id.Daftar_kasus_keracunan_massal_makan_siang_gratis,307,id.Daftar_kasus_keracunan_massal_makan_siang_gratis#e0304,2025-09-24,2025-09-24,day,24 September 2025,Jawa Barat,Jawa Barat,Kabupaten Bandung Barat,kabupaten,Bandung Barat,32.17,exact,32,-6.865221399999999,107.49197670000001,1911661,1283.439,TK Nurul Saadah,early_childhood,TK Nurul Saadah,1.333 Siswa,exact,1333,1333,1333,"{""student"": 1333}",,,,,"[""auto:7e757046c4""]","[""https://bandung.kompas.com/read/2025/09/25/165121378/update-korban-keracunan-mbg-di-bandung-barat-tembus-1333-orang""]","[""count_shared_across_rows""]"
id.Daftar_kasus_keracunan_massal_makan_siang_gratis#r0308,id.Daftar_kasus_keracunan_massal_makan_siang_gratis,308,id.Daftar_kasus_keracunan_massal_makan_siang_gratis#e0304,2025-09-24,2025-09-24,day,24 September 2025,Jawa Barat,Jawa Barat,Kabupaten Bandung Barat,kabupaten,Bandung Barat,32.17,exact,32,-6.865221399999999,107.49197670000001,1911661,1283.439,SMP Ciparai,junior_secondary,SMP Ciparai,1.333 Siswa,exact,1333,1333,1333,"{""student"": 1333}",,,,,"[""auto:7e757046c4""]","[""https://bandung.kompas.com/read/2025/09/25/165121378/update-korban-keracunan-mbg-di-bandung-barat-tembus-1333-orang""]","[""count_shared_across_rows""]"
id.Daftar_kasus_keracunan_massal_makan_siang_gratis#r0309,id.Daftar_kasus_keracunan_massal_makan_siang_gratis,309,id.Daftar_kasus_keracunan_massal_makan_siang_gratis#e0304,2025-09-24,2025-09-24,day,24 September 2025,Jawa Barat,Jawa Barat,Kabupaten Bandung Barat,kabupaten,Bandung Barat,32.17,exact,32,-6.865221399999999,107.49197670000001,1911661,1283.439,SMK Karya Perjuangan,senior_secondary,SMK Karya Perjuangan,1.333 Siswa,exact,1333,1333,1333,"{""student"": 1333}",,,,,"[""auto:7e757046c4""]","[""https://bandung.kompas.com/read/2025/09/25/165121378/update-korban-keracunan-mbg-di-bandung-barat-tembus-1333-orang""]","[""count_shared_across_rows""]"
id.Daftar_kasus_keracunan_massal_makan_siang_gratis#r0310,id.Daftar_kasus_keracunan_massal_makan_siang_gratis,310,id.Daftar_kasus_keracunan_massal_makan_siang_gratis#e0304,2025-09-24,2025-09-24,day,24 September 2025,Jawa Barat,Jawa Barat,Kabupaten Bandung Barat,kabupaten,Bandung Barat,32.17,exact,32,-6.865221399999999,107.49197670000001,1911661,1283.439,MTs Manarul Huda,junior_secondary,MTs Manarul Huda,1.333 Siswa,exact,1333,1333,1333,"{""student"": 1333}",,,,,"[""auto:7e757046c4""]","[""https://bandung.kompas.com/read/2025/09/25/165121378/update-korban-keracunan-mbg-di-bandung-barat-tembus-1333-orang""]","[""count_shared_across_rows""]"
id.Daftar_kasus_keracunan_massal_makan_siang_gratis#r0311,id.Daftar_kasus_keracunan_massal_makan_siang_gratis,311,id.Daftar_kasus_keracunan_massal_makan_siang_gratis#e0304,2025-09-24,2025-09-24,day,24 September 2025,Jawa Barat,Jawa Barat,Kabupaten Bandung Barat,kabupaten,Bandung Barat,32.17,exact,32,-6.865221399999999,107.49197670000001,1911661,1283.439,SDN 1 Cihampelas,primary,SDN 1 Cihampelas,1.333 Siswa,exact,1333,1333,1333,"{""student"": 1333}",,,,,"[""auto:7e757046c4""]","[""https://bandung.kompas.com/read/2025/09/25/165121378/update-korban-keracunan-mbg-di-bandung-barat-tembus-1333-orang""]","[""count_shared_across_rows""]"
id.Daftar_kasus_keracunan_massal_makan_siang_gratis#r0312,id.Daftar_kasus_keracunan_massal_makan_siang_gratis,312,id.Daftar_kasus_keracunan_massal_makan_siang_gratis#e0304,2025-09-24,2025-09-24,day,24 September 2025,Jawa Barat,Jawa Barat,Kabupaten Bandung Barat,kabupaten,Bandung Barat,32.17,exact,32,-6.865221399999999,107.49197670000001,1911661,1283.439,MTs Al Mukhtariyah,junior_secondary,MTs Al Mukhtariyah,1.333 Siswa,exact,1333,1333,1333,"{""student"": 1333}",,,,,"[""auto:7e757046c4""]","[""https://bandung.kompas.com/read/2025/09/25/165121378/update-korban-keracunan-mbg-di-bandung-barat-tembus-1333-orang""]","[""count_shared_across_rows""]"
id.Daftar_kasus_keracunan_massal_makan_siang_gratis#r0313,id.Daftar_kasus_keracunan_massal_makan_siang_gratis,313,id.Daftar_kasus_keracunan_massal_makan_siang_gratis#e0304,2025-09-24,2025-09-24,day,24 September 2025,Jawa Barat,Jawa Barat,Kabupaten Bandung Barat,kabupaten,Bandung Barat,32.17,exact,32,-6.865221399999999,107.49197670000001,1911661,1283.439,SMKN 1 Cihampelas,senior_secondary,SMKN 1 Cihampelas,1.333 Siswa,exact,1333,1333,1333,"{""student"": 1333}",,,,,"[""auto:7e757046c4""]","[""https://bandung.kompas.com/read/2025/09/25/165121378/update-korban-keracunan-mbg-di-bandung-barat-tembus-1333-orang""]","[""count_shared_across_rows""]"
id.Daftar_kasus_keracunan_massal_makan_siang_gratis#r0314,id.Daftar_kasus_keracunan_massal_makan_siang_gratis,314,id.Daftar_kasus_keracunan_massal_makan_siang_gratis#e0304,2025-09-24,2025-09-24,day,24 September 2025,Jawa Barat,Jawa Barat,Kabupaten Bandung Barat,kabupaten,Bandung Barat,32.17,exact,32,-6.865221399999999,107.49197670000001,1911661,1283.439,MA Al Mukhtariyah,senior_secondary,MA Al Mukhtariyah,1.333 Siswa,exact,1333,1333,1333,"{""student"": 1333}",,,,,"[""auto:7e757046c4""]","[""https://bandung.kompas.com/read/2025/09/25/165121378/update-korban-keracunan-mbg-di-bandung-barat-tembus-1333-orang""]","[""count_shared_across_rows""]"
id.Daftar_kasus_keracunan_massal_makan_siang_gratis#r0315,id.Daftar_kasus_keracunan_massal_makan_siang_gratis,315,id.Daftar_kasus_keracunan_massal_makan_siang_gratis#e0315,2025-10-14,2025-10-14,day,14 Oktober 2025,Jawa Barat,Jawa Barat,Kabupaten Bandung Barat,kabupaten,Bandung Barat,32.17,exact,32,-6.865221399999999,107.49197670000001,1911661,1283.439,SMPN 1 Cisarua,junior_secondary,SMPN 1 Cisarua,518 Siswa,exact,518,518,518,"{""student"": 518}",518,,,,"[""auto:704240a58e""]","[""https://bandung.kompas.com/read/2025/10/16/135546578/korban-keracunan-mbg-di-bandung-barat-tembus-518-korban-50-siswa-masih""]",[]
id.Daftar_kasus_keracunan_massal_makan_siang_gratis#r0316,id.Daftar_kasus_keracunan_massal_makan_siang_gratis,316,id.Daftar_kasus_keracunan_massal_makan_siang_gratis#e0315,2025-10-15,2025-10-15,day,15 Oktober 2025,Jawa Barat,Jawa Barat,Kabupaten Bandung Barat,kabupaten,Bandung Barat,32.17,exact,32,-6.865221399999999,107.49197670000001,1911661,1283.439,SDN 1 Garuda,primary,SDN 1 Garuda,518 Siswa,exact,518,518,518,"{""student"": 518}",,,,,"[""auto:704240a58e""]","[""https://bandung.kompas.com/read/2025/10/16/135546578/korban-keracunan-mbg-di-bandung-barat-tembus-518-korban-50-siswa-masih""]","[""count_shared_across_rows""]"
id.Daftar_kasus_keracunan_massal_makan_siang_gratis#r0317,id.Daftar_kasus_keracunan_massal_makan_siang_gratis,317,id.Daftar_kasus_keracunan_massal_makan_siang_gratis#e0315,2025-10-15,2025-10-15,day,15 Oktober 2025,Jawa Barat,Jawa Barat,Kabupaten Bandung Barat,kabupaten,Bandung Barat,32.17,exact,32,-6.865221399999999,107.49197670000001,1911661,1283.439,SD Negeri 1 Barukai,primary,SD Negeri 1 Barukai,518 Siswa,exact,518,518,518,"{""student"": 518}",,,,,"[""auto:704240a58e""]","[""https://bandung.kompas.com/read/2025/10/16/135546578/korban-keracunan-mbg-di-bandung-barat-tembus-518-korban-50-siswa-masih""]","[""count_shared_across_rows""]"
id.Daftar_kasus_keracunan_massal_makan_siang_gratis#r0318,id.Daftar_kasus_keracunan_massal_makan_siang_gratis,318,id.Daftar_kasus_keracunan_massal_makan_siang_gratis#e0315,2025-10-15,2025-10-15,day,15 Oktober 2025,Jawa Barat,Jawa Barat,Kabupaten Bandung Barat,kabupaten,Bandung Barat,32.17,exact,32,-6.865221399999999,107.49197670000001,1911661,1283.439,SMKN 1 Cisarua,senior_secondary,SMKN 1 Cisarua,518 Siswa,exact,518,518,518,"{""student"": 518}",,,,,"[""auto:704240a58e""]","[""https://bandung.kompas.com/read/2025/10/16/135546578/korban-keracunan-mbg-di-bandung-barat-tembus-518-korban-50-siswa-masih""]","[""count_shared_across_rows""]"
id.Daftar_kasus_keracunan_massal_makan_siang_gratis#r0319,id.Daftar_kasus_keracunan_massal_makan_siang_gratis,319,id.Daftar_kasus_keracunan_massal_makan_siang_gratis#e0315,2025-10-15,2025-10-15,day,15 Oktober 2025,Jawa Barat,Jawa Barat,Kabupaten Bandung Barat,kabupaten,Bandung Barat,32.17,exact,32,-6.865221399999999,107.49197670000001,1911661,1283.439,SMP Karya Prestasi Mandiri,junior_secondary,SMP Karya Prestasi Mandiri,518 Siswa,exact,518,518,518,"{""student"": 518}",,,,,"[""auto:704240a58e""]","[""https://bandung.kompas.com/read/2025/10/16/135546578/korban-keracunan-mbg-di-bandung-barat-tembus-518-korban-50-siswa-masih""]","[""count_shared_across_rows""]"
id.Daftar_kasus_keracunan_massal_makan_siang_gratis#r0320,id.Daftar_kasus_keracunan_massal_makan_siang_gratis,320,id.Daftar_kasus_keracunan_massal_makan_siang_gratis#e0315,2025-10-15,2025-10-15,day,15 Oktober 2025,Jawa Barat,Jawa Barat,Kabupaten Bandung Barat,kabupaten,Bandung Barat,32.17,exact,32,-6.865221399999999,107.49197670000001,1911661,1283.439,SMK Widya Karya,senior_secondary,SMK Widya Karya,518 Siswa,exact,518,518,518,"{""student"": 518}",,,,,"[""auto:704240a58e""]","[""https://bandung.kompas.com/read/2025/10/16/135546578/korban-keracunan-mbg-di-bandung-barat-tembus-518-korban-50-siswa-masih""]","[""count_shared_across_rows""]"
id.Daftar_kasus_keracunan_massal_makan_siang_gratis#r0321,id.Daftar_kasus_keracunan_massal_makan_siang_gratis,321,id.Daftar_kasus_keracunan_massal_makan_siang_gratis#e0315,2025-10-15,2025-10-15,day,15 Oktober 2025,Jawa Barat,Jawa Barat,Kabupaten Bandung Barat,kabupaten,Bandung Barat,32.17,exact,32,-6.865221399999999,107.49197670000001,1911661,1283.439,pesantren Bani Sulaiman,pesantren,pesantren Bani Sulaiman,518 Siswa,exact,518,518,518,"{""student"": 518}",,,,,"[""auto:704240a58e""]","[""https://bandung.kompas.com/read/2025/10/16/135546578/korban-keracunan-mbg-di-bandung-barat-tembus-518-korban-50-siswa-masih""]","[""count_shared_across_rows""]"
id.Daftar_kasus_keracunan_massal_makan_siang_gratis#r0322,id.Daftar_kasus_keracunan_massal_makan_siang_gratis,322,id.Daftar_kasus_keracunan_massal_makan_siang_gratis#e0322,2025-10-23,2025-10-23,day,23 Oktober 2025,Jawa Barat,Jawa Barat,Kabupaten Bandung Barat,kabupaten,Bandung Barat,32.17,exact,32,-6.865221399999999,107.49197670000001,1911661,1283.439,SMPN 1 Lembang,junior_secondary,SMPN 1 Lembang,30 Siswa,exact,30,30,30,"{""student"": 30}",30,,,,"[""auto:3e663d5a59""]","[""https://rejabar.republika.co.id/berita/t4l7g2512/lagi-keracunan-terjadi-usai-konsumsi-mbg-di-bandung-barat-korban-puluhan-siswa""]",[]
id.Daftar_kasus_keracunan_massal_makan_siang_gratis#r0323,id.Daftar_kasus_keracunan_massal_makan_siang_gratis,323,id.Daftar_kasus_keracunan_massal_makan_siang_gratis#e0323,2025-10-28,2025-10-28,day,28 Oktober 2025,Jawa Barat,Jawa Barat,Kabupaten Bandung Barat,kabupaten,Bandung Barat,32.17,exact,32,-6.865221399999999,107.49197670000001,1911661,1283.439,SDN 1 Cibodas,primary,SDN 1 Cibodas,236 Siswa,exact,236,236,236,"{""student"": 236}",236,,,,"[""auto:da89047ebb""]","[""https://www.koran-gala.id/news/58716170691/dapur-sppg-cibodas-2-ditutup-sementara-imbas-kasus-keracunan-mbg-yang-mencapai-236-korban-di-lembang""]",[]
id.Daftar_kasus_keracunan_massal_makan_siang_gratis#r0324,id.Daftar_kasus_keracunan_massal_makan_siang_gratis,324,id.Daftar_kasus_keracunan_massal_makan_siang_gratis#e0323,2025-10-28,2025-10-28,day,28 Oktober 2025,Jawa Barat,Jawa Barat,Kabupaten Bandung Barat,kabupaten,Bandung Barat,32.17,exact,32,-6.865221399999999,107.49197670000001,1911661,1283.439,SDN 2 Cibodas,primary,SDN 2 Cibodas,236 Siswa,exact,236,236,236,"{""student"": 236}",,,,,"[""auto:da89047ebb""]","[""https://www.koran-gala.id/news/58716170691/dapur-sppg-cibodas-2-ditutup-sementara-imbas-kasus-keracunan-mbg-yang-mencapai-236-korban-di-lembang""]","[""count_shared_across_rows""]"
id.Daftar_kasus_keracunan_massal_makan_siang_gratis#r0325,id.Daftar_kasus_keracunan_massal_makan_siang_gratis,325,id.Daftar_kasus_keracunan_massal_makan_siang_gratis#e0323,2025-10-28,2025-10-28,day,28 Oktober 2025,Jawa Barat,Jawa Barat,Kabupaten Bandung Barat,kabupaten,Bandung Barat,32.17,exact,32,-6.865221399999999,107.49197670000001,1911661,1283.439,SDN 1 Sutenjaya,primary,SDN 1 Sutenjaya,236 Siswa,exact,236,236,236,"{""student"": 236}",,,,,"[""auto:da89047ebb""]","[""https://www.koran-gala.id/news/58716170691/dapur-sppg-cibodas-2-ditutup-sementara-imbas-kasus-keracunan-mbg-yang-mencapai-236-korban-di-lembang""]","[""count_shared_across_rows""]"
id.Daftar_kasus_keracunan_massal_makan_siang_gratis#r0326,id.Daftar_kasus_keracunan_massal_makan_siang_gratis,326,id.Daftar_kasus_keracunan_massal_makan_siang_gratis#e0323,2025-10-28,2025-10-28,day,28 Oktober 2025,Jawa Barat,Jawa Barat,Kabupaten Bandung Barat,kabupaten,Bandung Barat,32.17,exact,32,-6.865221399999999,107.49197670000001,1911661,1283.439,SDN Buahbatu,primary,SDN Buahbatu,236 Siswa,exact,236,236,236,"{""student"": 236}",,,,,"[""auto:da89047ebb""]","[""https://www.koran-gala.id/news/58716170691/dapur-sppg-cibodas-2-ditutup-sementara-imbas-kasus-keracunan-mbg-yang-mencapai-236-korban-di-lembang""]","[""count_shared_across_rows""]"
id.Daftar_kasus_keracunan_massal_makan_siang_gratis#r0327,id.Daftar_kasus_keracunan_massal_makan_siang_gratis,327,id.Daftar_kasus_keracunan_massal_makan_siang_gratis#e0323,2025-10-28,2025-10-28,day,28 Oktober 2025,Jawa Barat,Jawa Barat,Kabupaten Bandung Barat,kabupaten,Bandung Barat,32.17,exact,32,-6.865221399999999,107.49197670000001,1911661,1283.439,SMPN 4 Lembang,junior_secondary,SMPN 4 Lembang,236 Siswa,exact,236,236,236,"{""student"": 236}",,,,,"[""auto:da89047ebb""]","[""https://www.koran-gala.id/news/58716170691/dapur-sppg-cibodas-2-ditutup-sementara-imbas-kasus-keracunan-mbg-yang-mencapai-236-korban-di-lembang""]","[""count_shared_across_rows""]"
id.Daftar_kasus_keracunan_massal_makan_siang_gratis#r0328,id.Daftar_kasus_keracunan_massal_makan_siang_gratis,328,id.Daftar_kasus_keracunan_massal_makan_siang_gratis#e0323,2025-10-28,2025-10-28,day,28 Oktober 2025,Jawa Barat,Jawa Barat,Kabupaten Bandung Barat,kabupaten,Bandung Barat,32.17,exact,32,-6.865221399999999,107.49197670000001,1911661,1283.439,SMK Putra Nasional Cibodas,senior_secondary,SMK Putra Nasional Cibodas,236 Siswa,exact,236,236,236,"{""student"": 236}",,,,,"[""auto:da89047ebb""]","[""https://www.koran-gala.id/news/58716170691/dapur-sppg-cibodas-2-ditutup-sementara-imbas-kasus-keracunan-mbg-yang-mencapai-236-korban-di-lembang""]","[""count_shared_across_rows""]"
id.Daftar_kasus_keracunan_massal_makan_siang_gratis#r0329,id.Daftar_kasus_keracunan_massal_makan_siang_gratis,329,id.Daftar_kasus_keracunan_massal_makan_siang_gratis#e0329,2025-11-11,2025-11-11,day,11 November 2025,Jawa Barat,Jawa Barat,Kabupaten Bandung Barat,kabupaten,Bandung Barat,32.17,exact,32,-6.865221399999999,107.49197670000001,1911661,1283.439,SMP Bina Karya,junior_secondary,SMP Bina Karya,21 Siswa,exact,21,21,21,"{""student"": 21}",21,,,,"[""auto:36706839ea""]","[""https://www.detik.com/jabar/berita/d-8206996/21-siswa-keracunan-mbg-di-kbb-satu-masih-dirawat""]",[]
id.Daftar_kasus_keracunan_massal_makan_siang_gratis#r0330,id.Daftar_kasus_keracunan_massal_makan_siang_gratis,330,id.Daftar_kasus_keracunan_massal_makan_siang_gratis#e0330,2026-09-10,2026-09-10,day,10 September 2026,Jawa Barat,Jawa Barat,Kabupaten Bandung Barat,kabupaten,Bandung Barat,32.17,exact,32,-6.865221399999999,107.49197670000001,1911661,1283.439,SDN 2 Cipeundeuy,primary,SDN 2 Cipeundeuy,31 Siswa + 1 Guru,exact,32,32,32,"{""student"": 31, ""teacher"": 1}",32,,,,"[""auto:8b172e0462""]","[""https://jabar.tribunnews.com/metro-bandung/1184202/tak-cuma-31-siswa-satu-guru-sd-negeri-2-cipeundeuy-padalarang-juga-jadi-korban-keracunan-mbg""]",[]
id.Daftar_kasus_keracunan_massal_makan_siang_gratis#r0331,id.Daftar_kasus_keracunan_massal_makan_siang_gratis,331,id.Daftar_kasus_keracunan_massal_makan_siang_gratis#e0331,2025-09-25,2025-09-25,day,25 September 2025,Jawa Barat,Jawa Barat,Kabupaten Subang,kabupaten,Subang,32.13,exact,32,-6.571294853262137,107.76235318119123,1677628,2168.909,SD Rawalele,primary,SD Rawalele,11 Siswa,exact,11,11,11,"{""student"": 11}",11,,,,"[""auto:f2ead9084f""]","[""https://www.detik.com/jabar/berita/d-8130733/11-siswa-sd-di-subang-alami-mual-muntah-usai-santap-mbg""]",[]
id.Daftar_kasus_keracunan_massal_makan_siang_gratis#r0332,id.Daftar_kasus_keracunan_massal_makan_siang_gratis,332,id.Daftar_kasus_keracunan_massal_makan_siang_gratis#e0332,2025-09-25,2025-09-25,day,25 September 2025,Jawa Barat,Jawa Barat,Kabupaten Sumedang,kabupaten,Sumedang,32.11,exact,32,-6.86120394309925,107.92061689653679,1226660,1566.204,SMK Win Ujungjaya,senior_secondary,SMK Win Ujungjaya,164 Siswa,exact,164,164,164,"{""student"": 164}",164,,,,"[""auto:cf0354d9de""]","[""https://www.detik.com/jabar/berita/d-8131647/korban-keracunan-mbg-di-sumedang-capai-164-siswa""]",[]
id.Daftar_kasus_keracunan_massal_makan_siang_gratis#r0333,id.Daftar_kasus_keracunan_massal_makan_siang_gratis,333,id.Daftar_kasus_keracunan_massal_makan_siang_gratis#e0332,2025-09-25,2025-09-25,day,25 September 2025,Jawa Barat,Jawa Barat,Kabupaten Sumedang,kabupaten,Sumedang,32.11,exact,32,-6.86120394309925,107.92061689653679,1226660,1566.204,SMK Rimba Bahari Situraja,senior_secondary,SMK Rimba Bahari Situraja,164 Siswa,exact,164,164,164,"{""student"": 164}",,,,,"[""auto:cf0354d9de""]","[""https://www.detik.com/jabar/berita/d-8131647/korban-keracunan-mbg-di-sumedang-capai-164-siswa""]","[""count_shared_across_rows""]"
id.Daftar_kasus_keracunan_massal_makan_siang_gratis#r0334,id.Daftar_kasus_keracunan_massal_makan_siang_gratis,334,id.Daftar_kasus_keracunan_massal_makan_siang_gratis#e0332,2025-09-25,2025-09-25,day,25 September 2025,Jawa Barat,Jawa Barat,Kabupaten Sumedang,kabupaten,Sumedang,32.11,exact,32,-6.86120394309925,107.92061689653679,1226660,1566.204,SMA Negeri 1 Tomo,senior_secondary,SMA Negeri 1 Tomo,164 Siswa,exact,164,164,164,"{""student"": 164}",,,,,"[""auto:cf0354d9de""]","[""https://www.detik.com/jabar/berita/d-8131647/korban-keracunan-mbg-di-sumedang-capai-164-siswa""]","[""count_shared_across_rows""]"
id.Daftar_kasus_keracunan_massal_makan_siang_gratis#r0335,id.Daftar_kasus_keracunan_massal_makan_siang_gratis,335,id.Daftar_kasus_keracunan_massal_makan_siang_gratis#e0335,2025-09-26,2025-09-26,day,26 September 2025,Jawa Barat,Jawa Barat,Kabupaten Bogor,kabupaten,Bogor,32.01,exact,32,-6.479478948089524,106.82471731002641,5809790,2991.778,SMPN 1 Jonggol,junior_secondary,SMPN 1 Jonggol,4 Siswa,exact,4,4,4,"{""student"": 4}",4,,,,"[""auto:45ebc445f1""]","[""https://news.detik.com/berita/d-8131586/4-siswa-smp-di-jonggol-bogor-diduga-keracunan-menu-makan-bergizi-gratis""]",[]
id.Daftar_kasus_keracunan_massal_makan_siang_gratis#r0336,id.Daftar_kasus_keracunan_massal_makan_siang_gratis,336,id.Daftar_kasus_keracunan_massal_makan_siang_gratis#e0336,2025-10-01,2025-10-01,day,1 Oktober 2025,Jawa Barat,Jawa Barat,Kabupaten Bogor,kabupaten,Bogor,32.01,exact,32,-6.479478948089524,106.82471731002641,5809790,2991.778,SDN 02 Pasir Angin,primary,SDN 02 Pasir Angin,3 Siswa,exact,3,3,3,"{""student"": 3}",3,,,,"[""auto:6c7805c0a8""]","[""https://www.detik.com/jabar/bisnis/d-8139357/3-dari-107-siswa-sdn-pasir-angin-02-bogor-muntah-usai-santap-mbg""]",[]
id.Daftar_kasus_keracunan_massal_makan_siang_gratis#r0337,id.Daftar_kasus_keracunan_massal_makan_siang_gratis,337,id.Daftar_kasus_keracunan_massal_makan_siang_gratis#e0337,2025-10-16,2025-10-16,day,16 Oktober 2025,Jawa Barat,Jawa Barat,Kabupaten Bogor,kabupaten,Bogor,32.01,exact,32,-6.479478948089524,106.82471731002641,5809790,2991.778,SDN Ciangsana 02 Bogor,primary,SDN Ciangsana 02 Bogor,7 Siswa,exact,7,7,7,"{""student"": 7}",7,,,,"[""auto:74b1bad27f""]","[""https://bandung.kompas.com/read/2025/10/17/222324678/diduga-keracunan-mbg-7-siswa-sdn-ciangsana-02-bogor-mual-dan-muntah""]",[]
id.Daftar_kasus_keracunan_massal_makan_siang_gratis#r0338,id.Daftar_kasus_keracunan_massal_makan_siang_gratis,338,id.Daftar_kasus_keracunan_massal_makan_siang_gratis#e0338,2026-04-06,2026-04-06,day,6 April 2026,Jawa Barat,Jawa Barat,Kabupaten Bogor,kabupaten,Bogor,32.01,exact,32,-6.479478948089524,106.82471731002641,5809790,2991.778,Warga Tanjung Sari,,Warga Tanjung Sari,107 Orang,exact,107,107,107,"{""person"": 107}",107,,,,"[""auto:2ce9c086c9""]","[""https://www.detik.com/jabar/berita/d-8435452/107-warga-diduga-keracunan-mbg-sppg-menu-sama-sekolah-nihil-keluhan""]",[]
id.Daftar_kasus_keracunan_massal_makan_siang_gratis#r0339,id.Daftar_kasus_keracunan_massal_makan_siang_gratis,339,id.Daftar_kasus_keracunan_massal_makan_siang_gratis#e0339,2026-08-07,2026-08-07,day,7 Agustus 2026,Jawa Barat,Jawa Barat,Kabupaten Bogor,kabupaten,Bogor,32.01,exact,32,-6.479478948089524,106.82471731002641,5809790,2991.778,SDN Ciherang 01,primary,SDN Ciherang 01,33 Siswa,exact,33,33,33,"{""student"": 33}",33,,,,"[""auto:b8fedb3e1a""]","[""https://pakuanraya.com/pemkab-bogor-investigasi-kasus-keracunan-massal-mbg-yang-timpa-puluhan-siswa-sd-di-dramaga/""]",[]
id.Daftar_kasus_keracunan_massal_makan_siang_gratis#r0340,id.Daftar_kasus_keracunan_massal_makan_siang_gratis,340,id.Daftar_kasus_keracunan_massal_makan_siang_gratis#e0339,2026-08-07,2026-08-07,day,7 Agustus 2026,Jawa Barat,Jawa Barat,Kabupaten Bogor,kabupaten,Bogor,32.01,exact,32,-6.479478948089524,106.82471731002641,5809790,2991.778,SDN Ciherang 02,primary,SDN Ciherang 02,33 Siswa,exact,33,33,33,"{""student"": 33}",,,,,"[""auto:b8fedb3e1a""]","[""https://pakuanraya.com/pemkab-bogor-investigasi-kasus-keracunan-massal-mbg-yang-timpa-puluhan-siswa-sd-di-dramaga/""]","[""count_shared_across_rows""]"
id.Daftar_kasus_keracunan_massal_makan_siang_gratis#r0341,id.Daftar_kasus_keracunan_massal_makan_siang_gratis,341,id.Daftar_kasus_keracunan_massal_makan_siang_gratis#e0339,2026-08-07,2026-08-07,day,7 Agustus 2026,Jawa Barat,Jawa Barat,Kabupaten Bogor,kabupaten,Bogor,32.01,exact,32,-6.479478948089524,106.82471731002641,5809790,2991.778,SDN Ciherang 04,primary,SDN Ciherang 04,33 Siswa,exact,33,33,33,"{""student"": 33}",,,,,"[""auto:b8fedb3e1a""]","[""https://pakuanraya.com/pemkab-bogor-investigasi-kasus-keracunan-massal-mbg-yang-timpa-puluhan-siswa-sd-di-dramaga/""]","[""count_shared_across_rows""]"
id.Daftar_kasus_keracunan_massal_makan_siang_gratis#r0342,id.Daftar_kasus_keracunan_massal_makan_siang_gratis,342,id.Daftar_kasus_keracunan_massal_makan_siang_gratis#e0339,2026-08-07,2026-08-07,day,7 Agustus 2026,Jawa Barat,Jawa Barat,Kabupaten Bogor,kabupaten,Bogor,32.01,exact,32,-6.479478948089524,106.82471731002641,5809790,2991.778,SD IT Darul Hijrin,primary,SD IT Darul Hijrin,33 Siswa,exact,33,33,33,"{""student"": 33}",,,,,"[""auto:b8fedb3e1a""]","[""https://pakuanraya.com/pemkab-bogor-investigasi-kasus-keracunan-massal-mbg-yang-timpa-puluhan-siswa-sd-di-dramaga/""]","[""count_shared_across_rows""]"
id.Daftar_kasus_keracunan_massal_makan_siang_gratis#r0343,id.Daftar_kasus_keracunan_massal_makan_siang_gratis,343,id.Daftar_kasus_keracunan_massal_makan_siang_gratis#e0343,2025-09-29,2025-09-29,day,29 September 2025,Jawa Barat,Jawa Barat,Kabupaten Ciamis,kabupaten,Ciamis,32.07,exact,32,-7.325899103457777,108.3514012468077,1297783,1595.936,SMPN 4 Pamarican,junior_secondary,SMPN 4 Pamarican,52 Siswa,exact,52,52,52,"{""student"": 52}",52,,,,"[""auto:d89dcaac07""]","[""https://www.tribunnews.com/nasional/7735011/52-siswa-smpn-4-pamarican-di-ciamis-keracunan-mbg-menu-ayam-dan-labu-diduga-jadi-biang-kerok""]",[]
id.Daftar_kasus_keracunan_massal_makan_siang_gratis#r0344,id.Daftar_kasus_keracunan_massal_makan_siang_gratis,344,id.Daftar_kasus_keracunan_massal_makan_siang_gratis#e0344,2025-10-03,2025-10-03,day,3 Oktober 2025,Jawa Barat,Jawa Barat,Kabupaten Ciamis,kabupaten,Ciamis,32.07,exact,32,-7.325899103457777,108.3514012468077,1297783,1595.936,SDN 1 Sindang Sari,primary,SDN 1 Sindang Sari,10 Siswa,exact,10,10,10,"{""student"": 10}",10,,,,"[""auto:5b49c256fc""]","[""https://jabar.suara.com/read/2025/10/03/184731/lagi-siswa-sd-di-ciamis-keracunan-massal-usai-santap-mbg""]",[]
id.Daftar_kasus_keracunan_massal_makan_siang_gratis#r0345,id.Daftar_kasus_keracunan_massal_makan_siang_gratis,345,id.Daftar_kasus_keracunan_massal_makan_siang_gratis#e0345,2025-10-01,2025-10-01,day,1 Oktober 2025,Jawa Barat,Jawa Barat,Kabupaten Pangandaran,kabupaten,Pangandaran,32.18,exact,32,-7.615061099999999,108.49882690000004,447272,1128.122,MI Attarbiyah Leuwiliang,primary,MI Attarbiyah Leuwiliang,8 Siswa,exact,8,8,8,"{""student"": 8}",8,,,,"[""auto:c90b503e3e""]","[""https://www.detik.com/jabar/berita/d-8139574/8-siswa-mi-di-pangandaran-diduga-keracunan-usai-santap-mbg""]",[]
id.Daftar_kasus_keracunan_massal_makan_siang_gratis#r0346,id.Daftar_kasus_keracunan_massal_makan_siang_gratis,346,id.Daftar_kasus_keracunan_massal_makan_siang_gratis#e0346,2025-10-01,2025-10-01,day,1 Oktober 2025,Jawa Barat,Jawa Barat,Kota Banjar,kota,Banjar,32.79,exact,32,-7.362161223560727,108.55958988304805,209317,131.005,SMPN 3 Banjar,junior_secondary,SMPN 3 Banjar,79 Siswa,exact,79,79,79,"{""student"": 79}",79,,,,"[""auto:e9f990efee""]","[""https://disway.id/read/901860/79-siswa-smp-di-banjar-diduga-keracunan-mbg-41-masih-dirawat""]",[]
id.Daftar_kasus_keracunan_massal_makan_siang_gratis#r0347,id.Daftar_kasus_keracunan_massal_makan_siang_gratis,347,id.Daftar_kasus_keracunan_massal_makan_siang_gratis#e0347,2025-10-02,2025-10-02,day,2 Oktober 2025,Jawa Barat,Jawa Barat,Kota Bekasi,kota,Bekasi,32.75,exact,32,-6.2360139577925855,106.9942480407117,2572209,213.036,SDN Kota Baru 3 Bekasi,primary,SDN Kota Baru 3 Bekasi,6 Siswa,exact,6,6,6,"{""student"": 6}",6,,,,"[""auto:d78bad09d1""]","[""https://megapolitan.kompas.com/read/2025/10/02/16383171/6-siswa-sdn-kota-baru-3-bekasi-diduga-keracunan-usai-santap-mbg""]",[]
id.Daftar_kasus_keracunan_massal_makan_siang_gratis#r0348,id.Daftar_kasus_keracunan_massal_makan_siang_gratis,348,id.Daftar_kasus_keracunan_massal_makan_siang_gratis#e0348,2025-10-22,2025-10-22,day,22 Oktober 2025,Jawa Barat,Jawa Barat,Kota Cirebon,kota,Cirebon,32.74,exact,32,-6.706735309782623,108.55824665420744,356629,39.398,SDN Kesenden,primary,SDN Kesenden,13 Siswa,exact,13,13,13,"{""student"": 13}",13,,,,"[""auto:d6c7cdf6a3""]","[""https://suaracirebon.com/2025/10/24/13-murid-sdn-kesenden-cirebon-diduga-keracunan-mbg/""]",[]
id.Daftar_kasus_keracunan_massal_makan_siang_gratis#r0349,id.Daftar_kasus_keracunan_massal_makan_siang_gratis,349,id.Daftar_kasus_keracunan_massal_makan_siang_gratis#e0349,2025-11-04,2025-11-04,day,4 November 2025,Jawa Barat,Jawa Barat,Kabupaten Cirebon,kabupaten,Cirebon,32.09,exact,32,-6.764528033189753,108.47861955420773,2489046,1073.772,SDN 2 Setu Wetan,primary,SDN 2 Setu Wetan,20 Siswa,exact,20,20,20,"{""student"": 20}",20,,,,"[""auto:2fa3b888b3""]","[""https://www.detik.com/jabar/cirebon-raya/d-8193968/20-siswa-sd-di-cirebon-keracunan-soto-mbg-polisi-dinkes-turun-tangan""]",[]
id.Daftar_kasus_keracunan_massal_makan_siang_gratis#r0350,id.Daftar_kasus_keracunan_massal_makan_siang_gratis,350,id.Daftar_kasus_keracunan_massal_makan_siang_gratis#e0350,2026-03-10,2026-03-10,day,10 Maret 2026,Jawa Barat,Jawa Barat,Kabupaten Cirebon,kabupaten,Cirebon,32.09,exact,32,-6.764528033189753,108.47861955420773,2489046,1073.772,SMAN 1 Jamblang,senior_secondary,SMAN 1 Jamblang,1 Siswa,exact,1,1,1,"{""student"": 1}",1,,,,"[""auto:57994ac76d""]","[""https://www.cirebonraya.com/ciayumajakuning/43716855496/usai-santap-roti-dan-makanan-mbg-diduga-keracunan-siswi-sma-negeri-1-jamblang-cirebon-dilarikan-ke-rumah-sakit""]",[]
id.Daftar_kasus_keracunan_massal_makan_siang_gratis#r0351,id.Daftar_kasus_keracunan_massal_makan_siang_gratis,351,id.Daftar_kasus_keracunan_massal_makan_siang_gratis#e0351,2025-11-17,2025-11-17,day,17 November 2025,Jawa Barat,Jawa Barat,Kota Sukabumi,kota,Sukabumi,32.72,exact,32,-6.917619028189996,106.93185683886544,370096,48.314,MI Al Ihsan,primary,MI Al Ihsan,28 Siswa,exact,28,28,28,"{""student"": 28}",28,,,,"[""auto:231dd8386d""]","[""https://cirebon.tribunnews.com/jabar-region/174997/puluhan-siswa-madrasah-di-kota-sukabumi-diduga-keracunan-seusai-santap-mbg""]",[]
id.Daftar_kasus_keracunan_massal_makan_siang_gratis#r0352,id.Daftar_kasus_keracunan_massal_makan_siang_gratis,352,id.Daftar_kasus_keracunan_massal_makan_siang_gratis#e0352,2026-08-14,2026-08-14,day,14 Agustus 2026,Jawa Barat,Jawa Barat,Kota Sukabumi,kota,Sukabumi,32.72,exact,32,-6.917619028189996,106.93185683886544,370096,48.314,Pondok Pesantren Baiti Jannati,pesantren,Pondok Pesantren Baiti Jannati,134 Santri,exact,134,134,134,"{""santri"": 134}",134,,,,"[""auto:a7a4ae0d74""]","[""https://sukabumisatu.com/dugaan-keracunan-massal-mbg-di-ponpes-baiti-jannati-sukabumi-134-santri-tumbang-pengawasan-penyedia-makanan-dipertanyakan/""]",[]
id.Daftar_kasus_keracunan_massal_makan_siang_gratis#r0353,id.Daftar_kasus_keracunan_massal_makan_siang_gratis,353,id.Daftar_kasus_keracunan_massal_makan_siang_gratis#e0353,2025-12-04,2025-12-04,day,4 Desember 2025,Jawa Barat,Jawa Barat,Kabupaten Majalengka,kabupaten,Majalengka,32.10,exact,32,-6.836270833744539,108.22755549468556,1369569,1331.553,,,TBA (Tidak disebutkan),42 Orang,exact,42,42,42,"{""person"": 42}",42,,,,"[""auto:0c12737f43""]","[""https://jabar.tribunnews.com/jabar-region/1157725/bukan-anak-sekolah-keracunan-mbg-di-majalengka-ternyata-timpa-ibu-ibu-hamil""]","[""no_venue""]"
id.Daftar_kasus_keracunan_massal_makan_siang_gratis#r0354,id.Daftar_kasus_keracunan_massal_makan_siang_gratis,354,id.Daftar_kasus_keracunan_massal_makan_siang_gratis#e0354,2026-05-29,2026-05-29,day,29 Mei 2026,Jawa Barat,Jawa Barat,Kabupaten Majalengka,kabupaten,Majalengka,32.10,exact,32,-6.836270833744539,108.22755549468556,1369569,1331.553,,junior_secondary,SMP ( Spesifik tidak disebutkan),22 Siswa,exact,22,22,22,"{""student"": 22}",22,,,,"[""auto:9006ab77d2""]","[""https://www.detik.com/jabar/cirebon-raya/d-8512997/sppg-di-talaga-majalengka-disetop-sementara-usai-22-siswa-dirawat-rs""]","[""no_venue""]"
id.Daftar_kasus_keracunan_massal_makan_siang_gratis#r0355,id.Daftar_kasus_keracunan_massal_makan_siang_gratis,355,id.Daftar_kasus_keracunan_massal_makan_siang_gratis#e0354,2026-05-29,2026-05-29,day,29 Mei 2026,Jawa Barat,Jawa Barat,Kabupaten Majalengka,kabupaten,Majalengka,32.10,exact,32,-6.836270833744539,108.22755549468556,1369569,1331.553,,senior_secondary,SMA ( Spesifik tidak disebutkan),22 Siswa,exact,22,22,22,"{""student"": 22}",,,,,"[""auto:9006ab77d2""]","[""https://www.detik.com/jabar/cirebon-raya/d-8512997/sppg-di-talaga-majalengka-disetop-sementara-usai-22-siswa-dirawat-rs""]","[""no_venue"", ""count_shared_across_rows""]"
id.Daftar_kasus_keracunan_massal_makan_siang_gratis#r0356,id.Daftar_kasus_keracunan_massal_makan_siang_gratis,356,id.Daftar_kasus_keracunan_massal_makan_siang_gratis#e0356,2026-02-25,2026-02-25,day,25 Februari 2026,Jawa Barat,Jawa Barat,Kota Cimahi,kota,Cimahi,32.77,exact,32,-6.870807159364418,107.55515922352156,581994,42.432,TK PGRI,early_childhood,TK PGRI,46 Siswa,exact,46,46,46,"{""student"": 46}",46,,,,"[""auto:784113193d""]","[""https://bandungbergerak.id/article/detail/1546036135/keracunan-massal-mbg-terulang-46-siswa-dan-guru-di-kota-cimahi-jadi-korban""]",[]
id.Daftar_kasus_keracunan_massal_makan_siang_gratis#r0357,id.Daftar_kasus_keracunan_massal_makan_siang_gratis,357,id.Daftar_kasus_keracunan_massal_makan_siang_gratis#e0356,2026-02-25,2026-02-25,day,25 Februari 2026,Jawa Barat,Jawa Barat,Kota Cimahi,kota,Cimahi,32.77,exact,32,-6.870807159364418,107.55515922352156,581994,42.432,TK Kartika,early_childhood,TK Kartika,46 Siswa,exact,46,46,46,"{""student"": 46}",,,,,"[""auto:784113193d""]","[""https://bandungbergerak.id/article/detail/1546036135/keracunan-massal-mbg-terulang-46-siswa-dan-guru-di-kota-cimahi-jadi-korban""]","[""count_shared_across_rows""]"
id.Daftar_kasus_keracunan_massal_makan_siang_gratis#r0358,id.Daftar_kasus_keracunan_massal_makan_siang_gratis,358,id.Daftar_kasus_keracunan_massal_makan_siang_gratis#e0356,2026-02-25,2026-02-25,day,25 Februari 2026,Jawa Barat,Jawa Barat,Kota Cimahi,kota,Cimahi,32.77,exact,32,-6.870807159364418,107.55515922352156,581994,42.432,SDN Cimahi Mandiri 4,primary,SDN Cimahi Mandiri 4,46 Siswa,exact,46,46,46,"{""student"": 46}",,,,,"[""auto:784113193d""]","[""https://bandungbergerak.id/article/detail/1546036135/keracunan-massal-mbg-terulang-46-siswa-dan-guru-di-kota-cimahi-jadi-korban""]","[""count_shared_across_rows""]"
id.Daftar_kasus_keracunan_massal_makan_siang_gratis#r0359,id.Daftar_kasus_keracunan_massal_makan_siang_gratis,359,id.Daftar_kasus_keracunan_massal_makan_siang_gratis#e0356,2026-02-25,2026-02-25,day,25 Februari 2026,Jawa Barat,Jawa Barat,Kota Cimahi,kota,Cimahi,32.77,exact,32,-6.870807159364418,107.55515922352156,581994,42.432,SDN Karangmekar 5,primary,SDN Karangmekar 5,46 Siswa,exact,46,46,46,"{""student"": 46}",,,,,"[""auto:784113193d""]","[""https://bandungbergerak.id/article/detail/1546036135/keracunan-massal-mbg-terulang-46-siswa-dan-guru-di-kota-cimahi-jadi-korban""]","[""count_shared_across_rows""]"
id.Daftar_kasus_keracunan_massal_makan_siang_gratis#r0360,id.Daftar_kasus_keracunan_massal_makan_siang_gratis,360,id.Daftar_kasus_keracunan_massal_makan_siang_gratis#e0356,2026-02-25,2026-02-25,day,25 Februari 2026,Jawa Barat,Jawa Barat,Kota Cimahi,kota,Cimahi,32.77,exact,32,-6.870807159364418,107.55515922352156,581994,42.432,SMPN 6 Cimahi,junior_secondary,SMPN 6 Cimahi,46 Siswa,exact,46,46,46,"{""student"": 46}",,,,,"[""auto:784113193d""]","[""https://bandungbergerak.id/article/detail/1546036135/keracunan-massal-mbg-terulang-46-siswa-dan-guru-di-kota-cimahi-jadi-korban""]","[""count_shared_across_rows""]"
id.Daftar_kasus_keracunan_massal_makan_siang_gratis#r0361,id.Daftar_kasus_keracunan_massal_makan_siang_gratis,361,id.Daftar_kasus_keracunan_massal_makan_siang_gratis#e0361,2025-01-16,2025-01-16,day,16 Januari 2025,Jawa Tengah,Jawa Tengah,Kabupaten Sukoharjo,kabupaten,Sukoharjo,33.11,exact,33,-7.664598872152095,110.83586765421464,916472,493.601,SDN Dukuh 03 Sukoharjo,primary,SDN Dukuh 03 Sukoharjo,50 Siswa,exact,50,50,50,"{""student"": 50}",50,,,,"[""auto:2793687a0f""]","[""https://web.archive.org/web/20250505070804/https://www.metrotvnews.com/read/kELCzjnn-puluhan-siswa-sdn-dukuh-03-sukoharjo-keracunan-usai-santap-makan-bergizi-gratis""]",[]
id.Daftar_kasus_keracunan_massal_makan_siang_gratis#r0362,id.Daftar_kasus_keracunan_massal_makan_siang_gratis,362,id.Daftar_kasus_keracunan_massal_makan_siang_gratis#e0362,2025-04-14,2025-04-14,day,14 April 2025,Jawa Tengah,Jawa Tengah,Kabupaten Batang,kabupaten,Batang,33.25,exact,33,-6.910710871962525,109.72968238304469,855878,857.073,SDN 5 Proyonanggan,primary,SDN 5 Proyonanggan,60 Siswa,exact,60,60,60,"{""student"": 60}",60,,,,"[""auto:83f26eb4cc""]","[""https://nasional.kompas.com/read/2025/04/24/18431321/rentetan-keracunan-massal-mbg-lebih-dari-200-siswa-jadi-korban""]",[]
id.Daftar_kasus_keracunan_massal_makan_siang_gratis#r0363,id.Daftar_kasus_keracunan_massal_makan_siang_gratis,363,id.Daftar_kasus_keracunan_massal_makan_siang_gratis#e0363,2025-04-14,2025-04-14,day,14 April 2025,Jawa Tengah,Jawa Tengah,Kabupaten Batang,kabupaten,Batang,33.25,exact,33,-6.910710871962525,109.72968238304469,855878,857.073,TK Islam Al Karomah,early_childhood,TK Islam Al Karomah,3 Siswa,exact,3,3,3,"{""student"": 3}",3,,,,"[""auto:b0dfe7dc6e""]","[""https://web.archive.org/web/20250415041303/https://www.detik.com/jateng/berita/d-7868911/viral-murid-tk-di-batang-muntah-usai-santap-mbg-dinkes-selidiki""]",[]
id.Daftar_kasus_keracunan_massal_makan_siang_gratis#r0364,id.Daftar_kasus_keracunan_massal_makan_siang_gratis,364,id.Daftar_kasus_keracunan_massal_makan_siang_gratis#e0364,2025-10-31,2025-10-31,day,31 Oktober 2025,Jawa Tengah,Jawa Tengah,Kabupaten Batang,kabupaten,Batang,33.25,exact,33,-6.910710871962525,109.72968238304469,855878,857.073,SMK Kandeman,senior_secondary,SMK Kandeman,800 Siswa,exact,800,800,800,"{""student"": 800}",800,,,,"[""auto:b5f17d3921""]","[""https://www.genpi.co/berita/268438/diduga-keracunan-mbg-800-siswa-smk-kandeman-batang-alami-diare""]",[]
id.Daftar_kasus_keracunan_massal_makan_siang_gratis#r0365,id.Daftar_kasus_keracunan_massal_makan_siang_gratis,365,id.Daftar_kasus_keracunan_massal_makan_siang_gratis#e0365,2025-04-24,2025-04-24,day,24 April 2025,Jawa Tengah,Jawa Tengah,Kabupaten Karanganyar,kabupaten,Karanganyar,33.13,exact,33,-7.595516965884652,110.93964029654224,953696,802.848,SD Wonorejo,primary,SD Wonorejo,2 Siswa dan 1 Kepala Sekolah,exact,3,3,3,"{""student"": 2, ""principal"": 1}",3,,,,"[""auto:53f72e3937""]","[""https://www.cnnindonesia.com/nasional/20250429174012-20-1223999/kepala-sekolah-dan-dua-siswa-di-karanganyar-diduga-keracunan-mbg""]",[]
id.Daftar_kasus_keracunan_massal_makan_siang_gratis#r0366,id.Daftar_kasus_keracunan_massal_makan_siang_gratis,366,id.Daftar_kasus_keracunan_massal_makan_siang_gratis#e0366,2025-10-03,2025-10-03,day,3 Oktober 2025,Jawa Tengah,Jawa Tengah,Kabupaten Karanganyar,kabupaten,Karanganyar,33.13,exact,33,-7.595516965884652,110.93964029654224,953696,802.848,,,TBA ( Tidak disebutkan),168 Siswa,exact,168,168,168,"{""student"": 168}",168,,,,"[""auto:129694ffca""]","[""https://regional.kompas.com/read/2025/10/07/165931478/168-siswa-diduga-keracunan-mbg-sppg-popongan-2-karanganyar-dihentikan""]","[""no_venue""]"
id.Daftar_kasus_keracunan_massal_makan_siang_gratis#r0367,id.Daftar_kasus_keracunan_massal_makan_siang_gratis,367,id.Daftar_kasus_keracunan_massal_makan_siang_gratis#e0367,2025-10-09,2025-10-09,day,9 Oktober 2025,Jawa Tengah,Jawa Tengah,Kabupaten Karanganyar,kabupaten,Karanganyar,33.13,exact,33,-7.595516965884652,110.93964029654224,953696,802.848,TK Nglebak 1,early_childhood,TK Nglebak 1,105 Siswa,exact,105,105,105,"{""student"": 105}",105,,,,"[""auto:b75767b45c""]","[""https://www.klikwarta.com/105-siswa-di-tawangmangu-karanganyar-keracunan-menu-mbg-satu-dapur-sppg-ditutup-sementara""]",[]
id.Daftar_kasus_keracunan_massal_makan_siang_gratis#r0368,id.Daftar_kasus_keracunan_massal_makan_siang_gratis,368,id.Daftar_kasus_keracunan_massal_makan_siang_gratis#e0367,2025-10-09,2025-10-09,day,9 Oktober 2025,Jawa Tengah,Jawa Tengah,Kabupaten Karanganyar,kabupaten,Karanganyar,33.13,exact,33,-7.595516965884652,110.93964029654224,953696,802.848,TK Nglebak 2,early_childhood,TK Nglebak 2,105 Siswa,exact,105,105,105,"{""student"": 105}",,,,,"[""auto:b75767b45c""]","[""https://www.klikwarta.com/105-siswa-di-tawangmangu-karanganyar-keracunan-menu-mbg-satu-dapur-sppg-ditutup-sementara""]","[""count_shared_across_rows""]"
id.Daftar_kasus_keracunan_massal_makan_siang_gratis#r0369,id.Daftar_kasus_keracunan_massal_makan_siang_gratis,369,id.Daftar_kasus_keracunan_massal_makan_siang_gratis#e0367,2025-10-09,2025-10-09,day,9 Oktober 2025,Jawa Tengah,Jawa Tengah,Kabupaten Karanganyar,kabupaten,Karanganyar,33.13,exact,33,-7.595516965884652,110.93964029654224,953696,802.848,SD Negeri 2 Nglebak,primary,SD Negeri 2 Nglebak,105 Siswa,exact,105,105,105,"{""student"": 105}",,,,,"[""auto:b75767b45c""]","[""https://www.klikwarta.com/105-siswa-di-tawangmangu-karanganyar-keracunan-menu-mbg-satu-dapur-sppg-ditutup-sementara""]","[""count_shared_across_rows""]"
id.Daftar_kasus_keracunan_massal_makan_siang_gratis#r0370,id.Daftar_kasus_keracunan_massal_makan_siang_gratis,370,id.Daftar_kasus_keracunan_massal_makan_siang_gratis#e0367,2025-10-09,2025-10-09,day,9 Oktober 2025,Jawa Tengah,Jawa Tengah,Kabupaten Karanganyar,kabupaten,Karanganyar,33.13,exact,33,-7.595516965884652,110.93964029654224,953696,802.848,SDN 3 Ngeblak,primary,SDN 3 Ngeblak,105 Siswa,exact,105,105,105,"{""student"": 105}",,,,,"[""auto:b75767b45c""]","[""https://www.klikwarta.com/105-siswa-di-tawangmangu-karanganyar-keracunan-menu-mbg-satu-dapur-sppg-ditutup-sementara""]","[""count_shared_across_rows""]"
id.Daftar_kasus_keracunan_massal_makan_siang_gratis#r0371,id.Daftar_kasus_keracunan_massal_makan_siang_gratis,371,id.Daftar_kasus_keracunan_massal_makan_siang_gratis#e0367,2025-10-09,2025-10-09,day,9 Oktober 2025,Jawa Tengah,Jawa Tengah,Kabupaten Karanganyar,kabupaten,Karanganyar,33.13,exact,33,-7.595516965884652,110.93964029654224,953696,802.848,SMP Negeri 1 Tawangmangu,junior_secondary,SMP Negeri 1 Tawangmangu,105 Siswa,exact,105,105,105,"{""student"": 105}",,,,,"[""auto:b75767b45c""]","[""https://www.klikwarta.com/105-siswa-di-tawangmangu-karanganyar-keracunan-menu-mbg-satu-dapur-sppg-ditutup-sementara""]","[""count_shared_across_rows""]"
id.Daftar_kasus_keracunan_massal_makan_siang_gratis#r0372,id.Daftar_kasus_keracunan_massal_makan_siang_gratis,372,id.Daftar_kasus_keracunan_massal_makan_siang_gratis#e0372,2025-10-13,2025-10-13,day,13 Oktober 2025,Jawa Tengah,Jawa Tengah,Kabupaten Karanganyar,kabupaten,Karanganyar,33.13,exact,33,-7.595516965884652,110.93964029654224,953696,802.848,SMPN 1 Colomadu,junior_secondary,SMPN 1 Colomadu,17 Siswa,exact,17,17,17,"{""student"": 17}",17,,,,"[""auto:7da46b9da0""]","[""https://news.detik.com/berita/d-8159232/17-siswa-smp-di-karanganyar-diduga-keracunan-mbg-dilarikan-ke-puskesmas""]",[]
id.Daftar_kasus_keracunan_massal_makan_siang_gratis#r0373,id.Daftar_kasus_keracunan_massal_makan_siang_gratis,373,id.Daftar_kasus_keracunan_massal_makan_siang_gratis#e0373,2025-10-15,2025-10-15,day,15 Oktober 2025,Jawa Tengah,Jawa Tengah,Kabupaten Karanganyar,kabupaten,Karanganyar,33.13,exact,33,-7.595516965884652,110.93964029654224,953696,802.848,SMPN 1 Karanganyar,junior_secondary,SMPN 1 Karanganyar,Ratusan siswa,vague,,100,999,{},,,,,"[""auto:90e29664b9""]","[""https://jateng.harianjogja.com/read/2025/10/16/648/1232160/santap-menu-mbg-ratusan-siswa-smp-di-karanganyar-alami-keracunan""]","[""count_vague""]"
id.Daftar_kasus_keracunan_massal_makan_siang_gratis#r0374,id.Daftar_kasus_keracunan_massal_makan_siang_gratis,374,id.Daftar_kasus_keracunan_massal_makan_siang_gratis#e0374,2026-08-12,2026-08-12,day,12 Agustus 2026,Jawa Tengah,Jawa Tengah,Kabupaten Karanganyar,kabupaten,Karanganyar,33.13,exact,33,-7.595516965884652,110.93964029654224,953696,802.848,,,TBA (Spesifik tidak disebutkan),1 Orang,exact,1,1,1,"{""person"": 1}",1,,,,"[""auto:1228caaa89""]","[""https://trends.tribunnews.com/news/122594/muntah-3-kali-usai-cicipi-mbg-kepala-sppg-karanganyar-selamatkan-3000-siswa-dari-keracunan-massal""]","[""no_venue""]"
id.Daftar_kasus_keracunan_massal_makan_siang_gratis#r0375,id.Daftar_kasus_keracunan_massal_makan_siang_gratis,375,id.Daftar_kasus_keracunan_massal_makan_siang_gratis#e0375,2025-08-11,2025-08-11,day,11 Agustus 2025,Jawa Tengah,Jawa Tengah,Kabupaten Sragen,kabupaten,Sragen,33.14,exact,33,-7.426354762546872,111.02317943886926,1023538,994.573,SD Negeri 3 Gemolong,primary,SD Negeri 3 Gemolong,1 Orang,exact,1,1,1,"{""person"": 1}",1,,,,"[""auto:a0d74fcc71""]","[""https://regional.kompas.com/read/2025/08/13/060240278/buntut-keracunan-massal-251-siswa-bupati-sragen-hentikan-distribusi-mbg-di""]",[]
id.Daftar_kasus_keracunan_massal_makan_siang_gratis#r0376,id.Daftar_kasus_keracunan_massal_makan_siang_gratis,376,id.Daftar_kasus_keracunan_massal_makan_siang_gratis#e0376,2025-08-11,2025-08-11,day,11 Agustus 2025,Jawa Tengah,Jawa Tengah,Kabupaten Sragen,kabupaten,Sragen,33.14,exact,33,-7.426354762546872,111.02317943886926,1023538,994.573,SD Negeri 4 Gemolong,primary,SD Negeri 4 Gemolong,26 Orang,exact,26,26,26,"{""person"": 26}",26,,,,"[""auto:a0d74fcc71""]","[""https://regional.kompas.com/read/2025/08/13/060240278/buntut-keracunan-massal-251-siswa-bupati-sragen-hentikan-distribusi-mbg-di""]",[]
id.Daftar_kasus_keracunan_massal_makan_siang_gratis#r0377,id.Daftar_kasus_keracunan_massal_makan_siang_gratis,377,id.Daftar_kasus_keracunan_massal_makan_siang_gratis#e0377,2025-08-11,2025-08-11,day,11 Agustus 2025,Jawa Tengah,Jawa Tengah,Kabupaten Sragen,kabupaten,Sragen,33.14,exact,33,-7.426354762546872,111.02317943886926,1023538,994.573,SD Negeri Gemolong,primary,SD Negeri Gemolong,66 Orang,exact,66,66,66,"{""person"": 66}",66,,,,"[""auto:a0d74fcc71""]","[""https://regional.kompas.com/read/2025/08/13/060240278/buntut-keracunan-massal-251-siswa-bupati-sragen-hentikan-distribusi-mbg-di""]",[]
id.Daftar_kasus_keracunan_massal_makan_siang_gratis#r0378,id.Daftar_kasus_keracunan_massal_makan_siang_gratis,378,id.Daftar_kasus_keracunan_massal_makan_siang_gratis#e0378,2025-08-11,2025-08-11,day,11 Agustus 2025,Jawa Tengah,Jawa Tengah,Kabupaten Sragen,kabupaten,Sragen,33.14,exact,33,-7.426354762546872,111.02317943886926,1023538,994.573,SMP Negeri 1 Gemolong,junior_secondary,SMP Negeri 1 Gemolong,97 Orang,exact,97,97,97,"{""person"": 97}",97,,,,"[""auto:a0d74fcc71""]","[""https://regional.kompas.com/read/2025/08/13/060240278/buntut-keracunan-massal-251-siswa-bupati-sragen-hentikan-distribusi-mbg-di""]",[]
id.Daftar_kasus_keracunan_massal_makan_siang_gratis#r0379,id.Daftar_kasus_keracunan_massal_makan_siang_gratis,379,id.Daftar_kasus_keracunan_massal_makan_siang_gratis#e0379,2025-08-11,2025-08-11,day,11 Agustus 2025,Jawa Tengah,Jawa Tengah,Kabupaten Sragen,kabupaten,Sragen,33.14,exact,33,-7.426354762546872,111.02317943886926,1023538,994.573,SMP Negeri 2 Gemolong,junior_secondary,SMP Negeri 2 Gemolong,61 Orang,exact,61,61,61,"{""person"": 61}",61,,,,"[""auto:a0d74fcc71""]","[""https://regional.kompas.com/read/2025/08/13/060240278/buntut-keracunan-massal-251-siswa-bupati-sragen-hentikan-distribusi-mbg-di""]",[]
id.Daftar_kasus_keracunan_massal_makan_siang_gratis#r0380,id.Daftar_kasus_keracunan_massal_makan_siang_gratis,380,id.Daftar_kasus_keracunan_massal_makan_siang_gratis#e0380,2025-08-11,2025-08-11,day,11 Agustus 2025,Jawa Tengah,Jawa Tengah,Kabupaten Sragen,kabupaten,Sragen,33.14,exact,33,-7.426354762546872,111.02317943886926,1023538,994.573,SMP Negeri 3 Gemolong,junior_secondary,SMP Negeri 3 Gemolong,1 Orang,exact,1,1,1,"{""person"": 1}",1,,,,"[""auto:a0d74fcc71""]","[""https://regional.kompas.com/read/2025/08/13/060240278/buntut-keracunan-massal-251-siswa-bupati-sragen-hentikan-distribusi-mbg-di""]",[]
id.Daftar_kasus_keracunan_massal_makan_siang_gratis#r0381,id.Daftar_kasus_keracunan_massal_makan_siang_gratis,381,id.Daftar_kasus_keracunan_massal_makan_siang_gratis#e0381,2025-08-11,2025-08-11,day,11 Agustus 2025,Jawa Tengah,Jawa Tengah,Kabupaten Sragen,kabupaten,Sragen,33.14,exact,33,-7.426354762546872,111.02317943886926,1023538,994.573,,,TBA (Tidak Disebutkan),114 Orang,exact,114,114,114,"{""person"": 114}",114,,,,"[""auto:5edd79dbd0""]","[""https://inilahjateng.com/korban-keracunan-mbg-di-sragen-terus-bertambah/""]","[""no_venue""]"
id.Daftar_kasus_keracunan_massal_makan_siang_gratis#r0382,id.Daftar_kasus_keracunan_massal_makan_siang_gratis,382,id.Daftar_kasus_keracunan_massal_makan_siang_gratis#e0381,2025-08-11,2025-08-11,day,11 Agustus 2025,Jawa Tengah,Jawa Tengah,Kabupaten Sragen,kabupaten,Sragen,33.14,exact,33,-7.426354762546872,111.02317943886926,1023538,994.573,,,TBA (Tidak Disebutkan),114 Orang,exact,114,114,114,"{""person"": 114}",,,,,"[""auto:5edd79dbd0""]","[""https://inilahjateng.com/korban-keracunan-mbg-di-sragen-terus-bertambah/""]","[""no_venue"", ""count_shared_across_rows""]"
id.Daftar_kasus_keracunan_massal_makan_siang_gratis#r0383,id.Daftar_kasus_keracunan_massal_makan_siang_gratis,383,id.Daftar_kasus_keracunan_massal_makan_siang_gratis#e0381,2025-08-11,2025-08-11,day,11 Agustus 2025,Jawa Tengah,Jawa Tengah,Kabupaten Sragen,kabupaten,Sragen,33.14,exact,33,-7.426354762546872,111.02317943886926,1023538,994.573,,,TBA (Tidak Disebutkan),114 Orang,exact,114,114,114,"{""person"": 114}",,,,,"[""auto:5edd79dbd0""]","[""https://inilahjateng.com/korban-keracunan-mbg-di-sragen-terus-bertambah/""]","[""no_venue"", ""count_shared_across_rows""]"
id.Daftar_kasus_keracunan_massal_makan_siang_gratis#r0384,id.Daftar_kasus_keracunan_massal_makan_siang_gratis,384,id.Daftar_kasus_keracunan_massal_makan_siang_gratis#e0381,2025-08-11,2025-08-11,day,11 Agustus 2025,Jawa Tengah,Jawa Tengah,Kabupaten Sragen,kabupaten,Sragen,33.14,exact,33,-7.426354762546872,111.02317943886926,1023538,994.573,,,TBA (Tidak Disebutkan),114 Orang,exact,114,114,114,"{""person"": 114}",,,,,"[""auto:5edd79dbd0""]","[""https://inilahjateng.com/korban-keracunan-mbg-di-sragen-terus-bertambah/""]","[""no_venue"", ""count_shared_across_rows""]"
id.Daftar_kasus_keracunan_massal_makan_siang_gratis#r0385,id.Daftar_kasus_keracunan_massal_makan_siang_gratis,385,id.Daftar_kasus_keracunan_massal_makan_siang_gratis#e0385,2025-09-10,2025-09-10,day,10 September 2025,Jawa Tengah,Jawa Tengah,Kabupaten Klaten,kabupaten,Klaten,33.10,exact,33,-7.712385036340197,110.59213566770745,1302648,701.511,,,Siswa SD (Spesifik Tidak Disebutkan),105 Siswa,exact,105,105,105,"{""student"": 105}",105,,,,"[""auto:106f867eb5""]","[""https://www.idntimes.com/news/indonesia/deretan-kasus-keracunan-mbg-sebulan-terakhir-ratusan-siswa-jadi-korban-00-f48mr-l0x2ps""]","[""no_venue""]"
id.Daftar_kasus_keracunan_massal_makan_siang_gratis#r0386,id.Daftar_kasus_keracunan_massal_makan_siang_gratis,386,id.Daftar_kasus_keracunan_massal_makan_siang_gratis#e0386,2025-10-08,2025-10-08,day,8 Oktober 2025,Jawa Tengah,Jawa Tengah,Kabupaten Klaten,kabupaten,Klaten,33.10,exact,33,-7.712385036340197,110.59213566770745,1302648,701.511,SMPN 1 Wedi,junior_secondary,SMPN 1 Wedi,49 Siswa,exact,49,49,49,"{""student"": 49}",49,,,,"[""auto:d75633ebf7""]","[""https://www.detik.com/jateng/berita/d-8153672/korban-keracunan-mbg-di-wedi-klaten-bertambah-total-49-siswa""]",[]
id.Daftar_kasus_keracunan_massal_makan_siang_gratis#r0387,id.Daftar_kasus_keracunan_massal_makan_siang_gratis,387,id.Daftar_kasus_keracunan_massal_makan_siang_gratis#e0387,2026-04-08,2026-04-08,day,8 April 2026,Jawa Tengah,Jawa Tengah,Kabupaten Klaten,kabupaten,Klaten,33.10,exact,33,-7.712385036340197,110.59213566770745,1302648,701.511,SMKN 1 Klaten,senior_secondary,SMKN 1 Klaten,>10 Siswa,lower_bound,10,10,,"{""student"": 10}",10,,,,"[""auto:bb45d4137d""]","[""https://www.detik.com/jateng/berita/d-8436385/murid-smkn-1-klaten-diduga-keracunan-usai-makan-mi-ayam-mbg""]",[]
id.Daftar_kasus_keracunan_massal_makan_siang_gratis#r0388,id.Daftar_kasus_keracunan_massal_makan_siang_gratis,388,id.Daftar_kasus_keracunan_massal_makan_siang_gratis#e0388,2026-04-10,2026-04-10,day,10 April 2026,Jawa Tengah,Jawa Tengah,Kabupaten Klaten,kabupaten,Klaten,33.10,exact,33,-7.712385036340197,110.59213566770745,1302648,701.511,SMPN 1 Kalikotes,junior_secondary,SMPN 1 Kalikotes,81 Siswa,exact,81,81,81,"{""student"": 81}",81,,,,"[""auto:986727b93a""]","[""https://radarsolo.jawapos.com/klaten/2604120005/siswa-dan-guru-smpn-1-kalikotes-diduga-keracunan-layanan-mbg-minta-dihentikan-sementara-selama-2-minggu""]",[]
id.Daftar_kasus_keracunan_massal_makan_siang_gratis#r0389,id.Daftar_kasus_keracunan_massal_makan_siang_gratis,389,id.Daftar_kasus_keracunan_massal_makan_siang_gratis#e0389,2026-04-28,2026-04-28,day,28 April 2026,Jawa Tengah,Jawa Tengah,Kabupaten Klaten,kabupaten,Klaten,33.10,exact,33,-7.712385036340197,110.59213566770745,1302648,701.511,SMPN 1 Tulung,junior_secondary,SMPN 1 Tulung,584 Siswa dan Guru,exact,584,584,584,"{""student"": 584}",584,,,,"[""auto:bc4ad08206""]","[""https://jateng.harianjogja.com/read/2026/04/30/648/1254508/584-siswa-dan-guru-di-klaten-diduga-keracunan-mbg""]","[""unnumbered_subject""]"
id.Daftar_kasus_keracunan_massal_makan_siang_gratis#r0390,id.Daftar_kasus_keracunan_massal_makan_siang_gratis,390,id.Daftar_kasus_keracunan_massal_makan_siang_gratis#e0390,2026-08-14,2026-08-14,day,14 Agustus 2026,Jawa Tengah,Jawa Tengah,Kabupaten Klaten,kabupaten,Klaten,33.10,exact,33,-7.712385036340197,110.59213566770745,1302648,701.511,SDIT Muhammadiyah Sinar Fajar,primary,SDIT Muhammadiyah Sinar Fajar,178 Siswa,exact,178,178,178,"{""student"": 178}",178,,,,"[""auto:5910af9fce""]","[""https://radarsolo.jawapos.com/klaten/2608160033/nugget-mbg-diduga-jadi-biang-keracunan-ratusan-siswa-dan-guru-dinkes-klaten-ambil-sampel-makanan""]",[]
id.Daftar_kasus_keracunan_massal_makan_siang_gratis#r0391,id.Daftar_kasus_keracunan_massal_makan_siang_gratis,391,id.Daftar_kasus_keracunan_massal_makan_siang_gratis#e0391,2026-09-03,2026-09-03,day,3 September 2026,Jawa Tengah,Jawa Tengah,Kabupaten Klaten,kabupaten,Klaten,33.10,exact,33,-7.712385036340197,110.59213566770745,1302648,701.511,MIM Srebegan,primary,MIM Srebegan,313 Siswa,exact,313,313,313,"{""student"": 313}",313,,,,"[""auto:460b265894""]","[""https://regional.kompas.com/read/2026/09/04/194652378/313-siswa-mim-di-klaten-diduga-keracunan-mbg-76-diperiksa-dan-tak-ada-yang""]",[]
id.Daftar_kasus_keracunan_massal_makan_siang_gratis#r0392,id.Daftar_kasus_keracunan_massal_makan_siang_gratis,392,id.Daftar_kasus_keracunan_massal_makan_siang_gratis#e0391,2026-09-03,2026-09-03,day,3 September 2026,Jawa Tengah,Jawa Tengah,Kabupaten Klaten,kabupaten,Klaten,33.10,exact,33,-7.712385036340197,110.59213566770745,1302648,701.511,MIM Cetan,primary,MIM Cetan,313 Siswa,exact,313,313,313,"{""student"": 313}",,,,,"[""auto:460b265894""]","[""https://regional.kompas.com/read/2026/09/04/194652378/313-siswa-mim-di-klaten-diduga-keracunan-mbg-76-diperiksa-dan-tak-ada-yang""]","[""count_shared_across_rows""]"
id.Daftar_kasus_keracunan_massal_makan_siang_gratis#r0393,id.Daftar_kasus_keracunan_massal_makan_siang_gratis,393,id.Daftar_kasus_keracunan_massal_makan_siang_gratis#e0393,2025-09-11,2025-09-11,day,11 September 2025,Jawa Tengah,Jawa Tengah,Kabupaten Wonogiri,kabupaten,Wonogiri,33.12,exact,33,-7.815058364755334,110.9256844677081,1057495,1905.823,Madrasah Ibtidaiyah Negeri (MIN) Wonogiri,,Madrasah Ibtidaiyah Negeri (MIN) Wonogiri,23 Siswa,exact,23,23,23,"{""student"": 23}",23,,,,"[""auto:14461bffc2""]","[""https://radarsolo.jawapos.com/wonogiri/846566434/siswa-dan-guru-min-wonogiri-dilaporkan-alami-diare-setelah-santap-menu-mbg""]",[]
id.Daftar_kasus_keracunan_massal_makan_siang_gratis#r0394,id.Daftar_kasus_keracunan_massal_makan_siang_gratis,394,id.Daftar_kasus_keracunan_massal_makan_siang_gratis#e0394,2025-09-12,2025-09-12,day,12 September 2025,Jawa Tengah,Jawa Tengah,Kabupaten Wonogiri,kabupaten,Wonogiri,33.12,exact,33,-7.815058364755334,110.9256844677081,1057495,1905.823,SMAN 2 Wonogiri,senior_secondary,SMAN 2 Wonogiri,110 Siswa,exact,110,110,110,"{""student"": 110}",110,,,,"[""auto:c586b4a0cf""]","[""https://joglosemarnews.com/2025/09/geger-di-wonogiri-110-pelajar-diduga-keracunan-usai-santap-menu-makan-bergizi-gratis-mbg/""]",[]
id.Daftar_kasus_keracunan_massal_makan_siang_gratis#r0395,id.Daftar_kasus_keracunan_massal_makan_siang_gratis,395,id.Daftar_kasus_keracunan_massal_makan_siang_gratis#e0395,2025-09-30,2025-09-30,day,30 September 2025,Jawa Tengah,Jawa Tengah,Kabupaten Wonogiri,kabupaten,Wonogiri,33.12,exact,33,-7.815058364755334,110.9256844677081,1057495,1905.823,Ponpes Baitul Quran,pesantren,Ponpes Baitul Quran,131 Siswa,exact,131,131,131,"{""student"": 131}",131,,,,"[""auto:75cc5d3668""]","[""https://www.detik.com/jateng/berita/d-8151170/ratusan-siswa-dan-santri-di-slogohimo-wonogiri-diduga-keracunan-mbg""]",[]
id.Daftar_kasus_keracunan_massal_makan_siang_gratis#r0396,id.Daftar_kasus_keracunan_massal_makan_siang_gratis,396,id.Daftar_kasus_keracunan_massal_makan_siang_gratis#e0395,2025-09-30,2025-09-30,day,30 September 2025,Jawa Tengah,Jawa Tengah,Kabupaten Wonogiri,kabupaten,Wonogiri,33.12,exact,33,-7.815058364755334,110.9256844677081,1057495,1905.823,SMAN 1 Slogohimo,senior_secondary,SMAN 1 Slogohimo,131 Siswa,exact,131,131,131,"{""student"": 131}",,,,,"[""auto:75cc5d3668""]","[""https://www.detik.com/jateng/berita/d-8151170/ratusan-siswa-dan-santri-di-slogohimo-wonogiri-diduga-keracunan-mbg""]","[""count_shared_across_rows""]"
id.Daftar_kasus_keracunan_massal_makan_siang_gratis#r0397,id.Daftar_kasus_keracunan_massal_makan_siang_gratis,397,id.Daftar_kasus_keracunan_massal_makan_siang_gratis#e0397,2026-01-12,2026-01-12,day,12 Januari 2026,Jawa Tengah,Jawa Tengah,Kabupaten Wonogiri,kabupaten,Wonogiri,33.12,exact,33,-7.815058364755334,110.9256844677081,1057495,1905.823,,,TBA (Tidak disebutkan),206 Siswa,exact,206,206,206,"{""student"": 206}",206,,,,"[""auto:f45012ab7a""]","[""https://www.suaramerdeka.com/jawa-tengah/0416564471/korban-keracunan-massal-di-jatisrono-wonogiri-capai-206-siswa-diduga-karena-mbg""]","[""no_venue""]"
id.Daftar_kasus_keracunan_massal_makan_siang_gratis#r0398,id.Daftar_kasus_keracunan_massal_makan_siang_gratis,398,id.Daftar_kasus_keracunan_massal_makan_siang_gratis#e0398,2026-05-06,2026-05-06,day,6 Mei 2026,Jawa Tengah,Jawa Tengah,Kabupaten Wonogiri,kabupaten,Wonogiri,33.12,exact,33,-7.815058364755334,110.9256844677081,1057495,1905.823,SMKN 1 Jatiroto,senior_secondary,SMKN 1 Jatiroto,235 SIswa dan 7 Guru,exact,242,242,242,"{""student"": 235, ""teacher"": 7}",242,,,,"[""auto:83cd7c433a""]","[""https://www.rinews.id/dugaan-keracunan-massal-mbg-di-smkn-1-jatiroto-ratusan-siswa-dan-guru-alami-diare-penyebab-masih-diselidiki/""]",[]
id.Daftar_kasus_keracunan_massal_makan_siang_gratis#r0399,id.Daftar_kasus_keracunan_massal_makan_siang_gratis,399,id.Daftar_kasus_keracunan_massal_makan_siang_gratis#e0399,2026-09-11,2026-09-11,day,11 September 2026,Jawa Tengah,Jawa Tengah,Kabupaten Wonogiri,kabupaten,Wonogiri,33.12,exact,33,-7.815058364755334,110.9256844677081,1057495,1905.823,SMP 1 Bulukerto,junior_secondary,SMP 1 Bulukerto,155 Siswa,exact,155,155,155,"{""student"": 155}",155,,,,"[""auto:ec3ec71315""]","[""https://solo.suaramerdeka.com/solo-raya/0517648110/ratusan-siswa-smp-di-bulukerto-wonogiri-tidak-masuk-sekolah-karena-sakit-akibat-mbg""]",[]
id.Daftar_kasus_keracunan_massal_makan_siang_gratis#r0400,id.Daftar_kasus_keracunan_massal_makan_siang_gratis,400,id.Daftar_kasus_keracunan_massal_makan_siang_gratis#e0400,2026-09-11,2026-09-11,day,11 September 2026,Jawa Tengah,Jawa Tengah,Kabupaten Wonogiri,kabupaten,Wonogiri,33.12,exact,33,-7.815058364755334,110.9256844677081,1057495,1905.823,SMP 2 Bulukerto,junior_secondary,SMP 2 Bulukerto,72 Siswa,exact,72,72,72,"{""student"": 72}",72,,,,"[""auto:ec3ec71315""]","[""https://solo.suaramerdeka.com/solo-raya/0517648110/ratusan-siswa-smp-di-bulukerto-wonogiri-tidak-masuk-sekolah-karena-sakit-akibat-mbg""]",[]
id.Daftar_kasus_keracunan_massal_makan_siang_gratis#r0401,id.Daftar_kasus_keracunan_massal_makan_siang_gratis,401,id.Daftar_kasus_keracunan_massal_makan_siang_gratis#e0401,2025-09-22,2025-09-22,day,22 September 2025,Jawa Tengah,Jawa Tengah,Kota Salatiga,kota,Salatiga,33.73,exact,33,-7.33043714839692,110.5008298965402,198971,54.983,MAN Kota Salatiga,senior_secondary,MAN Kota Salatiga,± 7 siswa,approx,7,7,7,"{""student"": 7}",7,,,,"[""auto:924f18cdb6""]","[""https://radarsemarang.jawapos.com/salatiga/726611719/pemkot-bilang-begini-soal-insiden-keracunan-mbg-di-man-salatiga""]",[]
id.Daftar_kasus_keracunan_massal_makan_siang_gratis#r0402,id.Daftar_kasus_keracunan_massal_makan_siang_gratis,402,id.Daftar_kasus_keracunan_massal_makan_siang_gratis#e0402,2025-10-03,2025-10-03,day,3 Oktober 2025,Jawa Tengah,Jawa Tengah,Kota Salatiga,kota,Salatiga,33.73,exact,33,-7.33043714839692,110.5008298965402,198971,54.983,SMP Negeri 8 Salatiga,junior_secondary,SMP Negeri 8 Salatiga,192 Siswa,exact,192,192,192,"{""student"": 192}",192,,,,"[""auto:a8c167a1f5""]","[""https://harian7.com/2025/10/ratusan-siswa-smpn-8-salatiga-absen-diduga-keracunan-makanan-mbg.html""]",[]
id.Daftar_kasus_keracunan_massal_makan_siang_gratis#r0403,id.Daftar_kasus_keracunan_massal_makan_siang_gratis,403,id.Daftar_kasus_keracunan_massal_makan_siang_gratis#e0403,2025-10-06,2025-10-06,day,6 Oktober 2025,Jawa Tengah,Jawa Tengah,Kota Salatiga,kota,Salatiga,33.73,exact,33,-7.33043714839692,110.5008298965402,198971,54.983,,,TBA (Tidak Disebutkan),12 Siswa,exact,12,12,12,"{""student"": 12}",12,,,,"[""auto:620975066d""]","[""https://solopos.espos.id/imbas-12-pelajar-diduga-keracunan-mbg-sppg-karanganyar-ditutup-2149197""]","[""no_venue""]"
id.Daftar_kasus_keracunan_massal_makan_siang_gratis#r0404,id.Daftar_kasus_keracunan_massal_makan_siang_gratis,404,id.Daftar_kasus_keracunan_massal_makan_siang_gratis#e0404,2025-09-23,2025-09-23,day,23 September 2025,Jawa Tengah,Jawa Tengah,Kabupaten Jepara,kabupaten,Jepara,33.20,exact,33,-6.59009446252794,110.66812971187831,1283687,1020.124,TK Melati Banjaran,early_childhood,TK Melati Banjaran,35 Siswa,exact,35,35,35,"{""student"": 35}",35,,,,"[""auto:0058da496c""]","[""https://www.suaramerdeka.com/jawa-tengah/0416003607/kasus-keracunan-di-jepara-program-makan-bergizi-gratis-tetap-jalan-pengawasan-diperketat""]",[]
id.Daftar_kasus_keracunan_massal_makan_siang_gratis#r0405,id.Daftar_kasus_keracunan_massal_makan_siang_gratis,405,id.Daftar_kasus_keracunan_massal_makan_siang_gratis#e0404,2025-09-23,2025-09-23,day,23 September 2025,Jawa Tengah,Jawa Tengah,Kabupaten Jepara,kabupaten,Jepara,33.20,exact,33,-6.59009446252794,110.66812971187831,1283687,1020.124,Kelompok Bermain Darul Karomah Srikandang,,Kelompok Bermain Darul Karomah Srikandang,35 Siswa,exact,35,35,35,"{""student"": 35}",,,,,"[""auto:0058da496c""]","[""https://www.suaramerdeka.com/jawa-tengah/0416003607/kasus-keracunan-di-jepara-program-makan-bergizi-gratis-tetap-jalan-pengawasan-diperketat""]","[""count_shared_across_rows""]"
id.Daftar_kasus_keracunan_massal_makan_siang_gratis#r0406,id.Daftar_kasus_keracunan_massal_makan_siang_gratis,406,id.Daftar_kasus_keracunan_massal_makan_siang_gratis#e0404,2025-09-23,2025-09-23,day,23 September 2025,Jawa Tengah,Jawa Tengah,Kabupaten Jepara,kabupaten,Jepara,33.20,exact,33,-6.59009446252794,110.66812971187831,1283687,1020.124,MI Matholiul Huda Srikandang,primary,MI Matholiul Huda Srikandang,35 Siswa,exact,35,35,35,"{""student"": 35}",,,,,"[""auto:0058da496c""]","[""https://www.suaramerdeka.com/jawa-tengah/0416003607/kasus-keracunan-di-jepara-program-makan-bergizi-gratis-tetap-jalan-pengawasan-diperketat""]","[""count_shared_across_rows""]"
id.Daftar_kasus_keracunan_massal_makan_siang_gratis#r0407,id.Daftar_kasus_keracunan_massal_makan_siang_gratis,407,id.Daftar_kasus_keracunan_massal_makan_siang_gratis#e0404,2025-09-23,2025-09-23,day,23 September 2025,Jawa Tengah,Jawa Tengah,Kabupaten Jepara,kabupaten,Jepara,33.20,exact,33,-6.59009446252794,110.66812971187831,1283687,1020.124,SDN 1 Banjaran,primary,SDN 1 Banjaran,35 Siswa,exact,35,35,35,"{""student"": 35}",,,,,"[""auto:0058da496c""]","[""https://www.suaramerdeka.com/jawa-tengah/0416003607/kasus-keracunan-di-jepara-program-makan-bergizi-gratis-tetap-jalan-pengawasan-diperketat""]","[""count_shared_across_rows""]"
id.Daftar_kasus_keracunan_massal_makan_siang_gratis#r0408,id.Daftar_kasus_keracunan_massal_makan_siang_gratis,408,id.Daftar_kasus_keracunan_massal_makan_siang_gratis#e0408,2026-08-04,2026-08-04,day,4 Agustus 2026,Jawa Tengah,Jawa Tengah,Kabupaten Jepara,kabupaten,Jepara,33.20,exact,33,-6.59009446252794,110.66812971187831,1283687,1020.124,SMPN 2 Jepara,junior_secondary,SMPN 2 Jepara,123 Orang,exact,123,123,123,"{""person"": 123}",123,,,,"[""auto:eea675f642""]","[""https://jateng.tribunnews.com/jawa-tengah/1262214/diare-dan-muntah-123-siswa-dan-guru-smpn-2-jepara-diduga-keracunan-mbg""]",[]
id.Daftar_kasus_keracunan_massal_makan_siang_gratis#r0409,id.Daftar_kasus_keracunan_massal_makan_siang_gratis,409,id.Daftar_kasus_keracunan_massal_makan_siang_gratis#e0409,2026-09-07,2026-09-07,day,7 September 2026,Jawa Tengah,Jawa Tengah,Kabupaten Jepara,kabupaten,Jepara,33.20,exact,33,-6.59009446252794,110.66812971187831,1283687,1020.124,SDN 1 Srobyong,primary,SDN 1 Srobyong,370 Siswa + 28 Guru,exact,398,398,398,"{""student"": 370, ""teacher"": 28}",398,,,,"[""auto:fa017a819e""]","[""https://www.cirebonraya.com/nusantara/43717620491/lagi-ratusan-siswa-dan-guru-di-jepara-diduga-keracunan-massal-menu-mbg-operasional-sppg-sekuro-disetop-sementara""]",[]
id.Daftar_kasus_keracunan_massal_makan_siang_gratis#r0410,id.Daftar_kasus_keracunan_massal_makan_siang_gratis,410,id.Daftar_kasus_keracunan_massal_makan_siang_gratis#e0409,2026-09-07,2026-09-07,day,7 September 2026,Jawa Tengah,Jawa Tengah,Kabupaten Jepara,kabupaten,Jepara,33.20,exact,33,-6.59009446252794,110.66812971187831,1283687,1020.124,SMK Nawakartika Sekuro,senior_secondary,SMK Nawakartika Sekuro,370 Siswa + 28 Guru,exact,398,398,398,"{""student"": 370, ""teacher"": 28}",,,,,"[""auto:fa017a819e""]","[""https://www.cirebonraya.com/nusantara/43717620491/lagi-ratusan-siswa-dan-guru-di-jepara-diduga-keracunan-massal-menu-mbg-operasional-sppg-sekuro-disetop-sementara""]","[""count_shared_across_rows""]"
id.Daftar_kasus_keracunan_massal_makan_siang_gratis#r0411,id.Daftar_kasus_keracunan_massal_makan_siang_gratis,411,id.Daftar_kasus_keracunan_massal_makan_siang_gratis#e0409,2026-09-07,2026-09-07,day,7 September 2026,Jawa Tengah,Jawa Tengah,Kabupaten Jepara,kabupaten,Jepara,33.20,exact,33,-6.59009446252794,110.66812971187831,1283687,1020.124,MA Nawakartika Sekuro,senior_secondary,MA Nawakartika Sekuro,370 Siswa + 28 Guru,exact,398,398,398,"{""student"": 370, ""teacher"": 28}",,,,,"[""auto:fa017a819e""]","[""https://www.cirebonraya.com/nusantara/43717620491/lagi-ratusan-siswa-dan-guru-di-jepara-diduga-keracunan-massal-menu-mbg-operasional-sppg-sekuro-disetop-sementara""]","[""count_shared_across_rows""]"
id.Daftar_kasus_keracunan_massal_makan_siang_gratis#r0412,id.Daftar_kasus_keracunan_massal_makan_siang_gratis,412,id.Daftar_kasus_keracunan_massal_makan_siang_gratis#e0412,2025-09-24,2025-09-24,day,24 September 2025,Jawa Tengah,Jawa Tengah,Kabupaten Rembang,kabupaten,Rembang,33.17,exact,33,-6.703466029933058,111.34262144071498,665501,1038.32,SMPN 1 Kragan,junior_secondary,SMPN 1 Kragan,173 Siswa,exact,173,173,173,"{""student"": 173}",173,,,,"[""auto:6a42ae1acf""]","[""https://regional.kompas.com/read/2025/09/24/164242578/173-siswa-smp-di-rembang-diduga-keracunan-mbg-13-orang-harus-rawat-inap""]",[]
id.Daftar_kasus_keracunan_massal_makan_siang_gratis#r0413,id.Daftar_kasus_keracunan_massal_makan_siang_gratis,413,id.Daftar_kasus_keracunan_massal_makan_siang_gratis#e0413,2026-04-21,2026-04-21,day,21 April 2026,Jawa Tengah,Jawa Tengah,Kabupaten Rembang,kabupaten,Rembang,33.17,exact,33,-6.703466029933058,111.34262144071498,665501,1038.32,SDN Balongmulyo,primary,SDN Balongmulyo,22 Siswa,exact,22,22,22,"{""student"": 22}",22,,,,"[""auto:63d293bd38""]","[""https://semarang.viva.co.id/berita/6843-diduga-keracun22-siswa-sd-di-rembang-dilarikan-ke-puskesmas-setelah-makan-menu-mbg""]",[]
id.Daftar_kasus_keracunan_massal_makan_siang_gratis#r0414,id.Daftar_kasus_keracunan_massal_makan_siang_gratis,414,id.Daftar_kasus_keracunan_massal_makan_siang_gratis#e0414,2026-08-05,2026-08-05,day,5 Agustus 2026,Jawa Tengah,Jawa Tengah,Kabupaten Rembang,kabupaten,Rembang,33.17,exact,33,-6.703466029933058,111.34262144071498,665501,1038.32,SMPN 5 Rembang,junior_secondary,SMPN 5 Rembang,299 Orang,exact,299,299,299,"{""person"": 299}",299,,,,"[""auto:0503ac0a07""]","[""https://www.rmoljawatengah.id/korban-dugaan-keracunan-mbg-rembang-bertambah-jadi-299-orang""]",[]
id.Daftar_kasus_keracunan_massal_makan_siang_gratis#r0415,id.Daftar_kasus_keracunan_massal_makan_siang_gratis,415,id.Daftar_kasus_keracunan_massal_makan_siang_gratis#e0415,2026-09-03,2026-09-03,day,3 September 2026,Jawa Tengah,Jawa Tengah,Kabupaten Rembang,kabupaten,Rembang,33.17,exact,33,-6.703466029933058,111.34262144071498,665501,1038.32,SMAN 1 Lasem,senior_secondary,SMAN 1 Lasem,777 Orang,exact,777,777,777,"{""person"": 777}",777,,,,"[""auto:bf30e4679b""]","[""https://mediaindonesia.com/nusantara/929333/777-siswa-dan-guru-sma-negeri-1-lasem-rembang-diduga-keracunan-makan-bergizi-grati""]",[]
id.Daftar_kasus_keracunan_massal_makan_siang_gratis#r0416,id.Daftar_kasus_keracunan_massal_makan_siang_gratis,416,id.Daftar_kasus_keracunan_massal_makan_siang_gratis#e0416,2026-09-08,2026-09-08,day,8 September 2026,Jawa Tengah,Jawa Tengah,Kabupaten Rembang,kabupaten,Rembang,33.17,exact,33,-6.703466029933058,111.34262144071498,665501,1038.32,MAN 2 Rembang,senior_secondary,MAN 2 Rembang,271 Siswa dan 7 Guru,exact,278,278,278,"{""student"": 271, ""teacher"": 7}",278,,,,"[""auto:a392e30bf2""]","[""https://banyumas.tribunnews.com/jateng/95884/santap-ayam-kare-mbg-271-siswa-dan-guru-man-2-rembang-mengalami-keracunan-massal""]",[]
id.Daftar_kasus_keracunan_massal_makan_siang_gratis#r0417,id.Daftar_kasus_keracunan_massal_makan_siang_gratis,417,id.Daftar_kasus_keracunan_massal_makan_siang_gratis#e0417,2025-09-22,2025-09-22,day,22 September 2025,Jawa Tengah,Jawa Tengah,Kabupaten Banyumas,kabupaten,Banyumas,33.02,exact,33,-7.4227990604767795,109.23008333914095,1868446,1391.153,TK,early_childhood,TK,408 Siswa,exact,408,408,408,"{""student"": 408}",408,,,,"[""auto:051811f9e3""]","[""https://regional.kompas.com/read/2025/09/29/125310878/dugaan-keracunan-mbg-di-banyumas-korban-bertambah-jadi-408-siswa""]",[]
id.Daftar_kasus_keracunan_massal_makan_siang_gratis#r0418,id.Daftar_kasus_keracunan_massal_makan_siang_gratis,418,id.Daftar_kasus_keracunan_massal_makan_siang_gratis#e0417,2025-09-22,2025-09-22,day,22 September 2025,Jawa Tengah,Jawa Tengah,Kabupaten Banyumas,kabupaten,Banyumas,33.02,exact,33,-7.4227990604767795,109.23008333914095,1868446,1391.153,SDN Kediri,primary,SDN Kediri,408 Siswa,exact,408,408,408,"{""student"": 408}",,,,,"[""auto:051811f9e3""]","[""https://regional.kompas.com/read/2025/09/29/125310878/dugaan-keracunan-mbg-di-banyumas-korban-bertambah-jadi-408-siswa""]","[""count_shared_across_rows""]"
id.Daftar_kasus_keracunan_massal_makan_siang_gratis#r0419,id.Daftar_kasus_keracunan_massal_makan_siang_gratis,419,id.Daftar_kasus_keracunan_massal_makan_siang_gratis#e0417,2025-09-22,2025-09-22,day,22 September 2025,Jawa Tengah,Jawa Tengah,Kabupaten Banyumas,kabupaten,Banyumas,33.02,exact,33,-7.4227990604767795,109.23008333914095,1868446,1391.153,SDN Pangebatan,primary,SDN Pangebatan,408 Siswa,exact,408,408,408,"{""student"": 408}",,,,,"[""auto:051811f9e3""]","[""https://regional.kompas.com/read/2025/09/29/125310878/dugaan-keracunan-mbg-di-banyumas-korban-bertambah-jadi-408-siswa""]","[""count_shared_across_rows""]"
id.Daftar_kasus_keracunan_massal_makan_siang_gratis#r0420,id.Daftar_kasus_keracunan_massal_makan_siang_gratis,420,id.Daftar_kasus_keracunan_massal_makan_siang_gratis#e0420,2025-09-29,2025-09-29,day,29 September 2025,Jawa Tengah,Jawa Tengah,Kabupaten Banyumas,kabupaten,Banyumas,33.02,exact,33,-7.4227990604767795,109.23008333914095,1868446,1391.153,SD 1 Sudagaran,primary,SD 1 Sudagaran,94 Siswa,exact,94,94,94,"{""student"": 94}",94,,,,"[""auto:eeaf80e8fc""]","[""https://www.detik.com/jateng/berita/d-8138233/siswa-sd-diduga-keracunan-mbg-spageti-di-banyumas-jadi-94-begini-kondisinya""]",[]
id.Daftar_kasus_keracunan_massal_makan_siang_gratis#r0421,id.Daftar_kasus_keracunan_massal_makan_siang_gratis,421,id.Daftar_kasus_keracunan_massal_makan_siang_gratis#e0420,2025-09-29,2025-09-29,day,29 September 2025,Jawa Tengah,Jawa Tengah,Kabupaten Banyumas,kabupaten,Banyumas,33.02,exact,33,-7.4227990604767795,109.23008333914095,1868446,1391.153,SD 2 Sudagaran,primary,SD 2 Sudagaran,94 Siswa,exact,94,94,94,"{""student"": 94}",,,,,"[""auto:eeaf80e8fc""]","[""https://www.detik.com/jateng/berita/d-8138233/siswa-sd-diduga-keracunan-mbg-spageti-di-banyumas-jadi-94-begini-kondisinya""]","[""count_shared_across_rows""]"
id.Daftar_kasus_keracunan_massal_makan_siang_gratis#r0422,id.Daftar_kasus_keracunan_massal_makan_siang_gratis,422,id.Daftar_kasus_keracunan_massal_makan_siang_gratis#e0420,2025-09-29,2025-09-29,day,29 September 2025,Jawa Tengah,Jawa Tengah,Kabupaten Banyumas,kabupaten,Banyumas,33.02,exact,33,-7.4227990604767795,109.23008333914095,1868446,1391.153,SD 3 Sudagaran,primary,SD 3 Sudagaran,94 Siswa,exact,94,94,94,"{""student"": 94}",,,,,"[""auto:eeaf80e8fc""]","[""https://www.detik.com/jateng/berita/d-8138233/siswa-sd-diduga-keracunan-mbg-spageti-di-banyumas-jadi-94-begini-kondisinya""]","[""count_shared_across_rows""]"
id.Daftar_kasus_keracunan_massal_makan_siang_gratis#r0423,id.Daftar_kasus_keracunan_massal_makan_siang_gratis,423,id.Daftar_kasus_keracunan_massal_makan_siang_gratis#e0420,2025-09-29,2025-09-29,day,29 September 2025,Jawa Tengah,Jawa Tengah,Kabupaten Banyumas,kabupaten,Banyumas,33.02,exact,33,-7.4227990604767795,109.23008333914095,1868446,1391.153,SD Muhammadiyah,primary,SD Muhammadiyah,94 Siswa,exact,94,94,94,"{""student"": 94}",,,,,"[""auto:eeaf80e8fc""]","[""https://www.detik.com/jateng/berita/d-8138233/siswa-sd-diduga-keracunan-mbg-spageti-di-banyumas-jadi-94-begini-kondisinya""]","[""count_shared_across_rows""]"
id.Daftar_kasus_keracunan_massal_makan_siang_gratis#r0424,id.Daftar_kasus_keracunan_massal_makan_siang_gratis,424,id.Daftar_kasus_keracunan_massal_makan_siang_gratis#e0424,2026-08-10,2026-08-10,day,10 Agustus 2026,Jawa Tengah,Jawa Tengah,Kabupaten Banyumas,kabupaten,Banyumas,33.02,exact,33,-7.4227990604767795,109.23008333914095,1868446,1391.153,MAN 2 Banyumas,senior_secondary,MAN 2 Banyumas,165 Siswa,exact,165,165,165,"{""student"": 165}",165,,,,"[""auto:5c030060fd""]","[""https://www.detik.com/jateng/berita/d-8615906/165-siswa-man-2-banyumas-diduga-keracunan-mbg-104-masih-bergejala""]",[]
id.Daftar_kasus_keracunan_massal_makan_siang_gratis#r0425,id.Daftar_kasus_keracunan_massal_makan_siang_gratis,425,id.Daftar_kasus_keracunan_massal_makan_siang_gratis#e0425,2025-09-25,2025-09-25,day,25 September 2025,Jawa Tengah,Jawa Tengah,Kabupaten Kebumen,kabupaten,Kebumen,33.05,exact,33,-7.668443736529897,109.65371583117799,1446833,1333.902,SDN Tegalretno,primary,SDN Tegalretno,176 Siswa,exact,176,176,176,"{""student"": 176}",176,,,,"[""auto:c6acb01313""]","[""https://www.detik.com/jateng/berita/d-8133239/26-siswa-di-kebumen-diduga-keracunan-mbg-dipulangkan-dari-rs""]",[]
id.Daftar_kasus_keracunan_massal_makan_siang_gratis#r0426,id.Daftar_kasus_keracunan_massal_makan_siang_gratis,426,id.Daftar_kasus_keracunan_massal_makan_siang_gratis#e0425,2025-09-25,2025-09-25,day,25 September 2025,Jawa Tengah,Jawa Tengah,Kabupaten Kebumen,kabupaten,Kebumen,33.05,exact,33,-7.668443736529897,109.65371583117799,1446833,1333.902,Madrasah Wathoniyah Islamiyah,,Madrasah Wathoniyah Islamiyah,176 Siswa,exact,176,176,176,"{""student"": 176}",,,,,"[""auto:c6acb01313""]","[""https://www.detik.com/jateng/berita/d-8133239/26-siswa-di-kebumen-diduga-keracunan-mbg-dipulangkan-dari-rs""]","[""count_shared_across_rows""]"
id.Daftar_kasus_keracunan_massal_makan_siang_gratis#r0427,id.Daftar_kasus_keracunan_massal_makan_siang_gratis,427,id.Daftar_kasus_keracunan_massal_makan_siang_gratis#e0427,2025-09-30,2025-09-30,day,30 September 2025,Jawa Tengah,Jawa Tengah,Kabupaten Semarang,kabupaten,Semarang,33.22,exact,33,-7.128957393445669,110.40409099653884,1088729,1019.27,SDN 01 Ungaran,primary,SDN 01 Ungaran,20 Siswa,exact,20,20,20,"{""student"": 20}",20,,,,"[""auto:73029cb316""]","[""https://regional.kompas.com/read/2025/09/30/142743778/20-siswa-sd-di-ungaran-diduga-keracunan-mbg""]",[]
id.Daftar_kasus_keracunan_massal_makan_siang_gratis#r0428,id.Daftar_kasus_keracunan_massal_makan_siang_gratis,428,id.Daftar_kasus_keracunan_massal_makan_siang_gratis#e0428,2025-09-30,2025-09-30,day,30 September 2025,Jawa Tengah,Jawa Tengah,Kabupaten Temanggung,kabupaten,Temanggung,33.23,exact,33,-7.315316457103409,110.18189242537592,822880,864.834,SMAN 2 Temanggung,senior_secondary,SMAN 2 Temanggung,414 Siswa,exact,414,414,414,"{""student"": 414}",414,,,,"[""auto:264f81628d""]","[""https://regional.kompas.com/read/2025/10/07/162259678/414-siswa-keracunan-mbg-operasional-sppg-giyanti-temanggung-dihentikan""]",[]
id.Daftar_kasus_keracunan_massal_makan_siang_gratis#r0429,id.Daftar_kasus_keracunan_massal_makan_siang_gratis,429,id.Daftar_kasus_keracunan_massal_makan_siang_gratis#e0428,2025-09-30,2025-09-30,day,30 September 2025,Jawa Tengah,Jawa Tengah,Kabupaten Temanggung,kabupaten,Temanggung,33.23,exact,33,-7.315316457103409,110.18189242537592,822880,864.834,SMAN 3 Temanggung,senior_secondary,SMAN 3 Temanggung,414 Siswa,exact,414,414,414,"{""student"": 414}",,,,,"[""auto:264f81628d""]","[""https://regional.kompas.com/read/2025/10/07/162259678/414-siswa-keracunan-mbg-operasional-sppg-giyanti-temanggung-dihentikan""]","[""count_shared_across_rows""]"
id.Daftar_kasus_keracunan_massal_makan_siang_gratis#r0430,id.Daftar_kasus_keracunan_massal_makan_siang_gratis,430,id.Daftar_kasus_keracunan_massal_makan_siang_gratis#e0430,2026-05-18,2026-05-18,day,18 Mei 2026,Jawa Tengah,Jawa Tengah,Kabupaten Temanggung,kabupaten,Temanggung,33.23,exact,33,-7.315316457103409,110.18189242537592,822880,864.834,SMP Negeri 4 Temanggung dan 7 Sekolah Lainnya,junior_secondary,SMP Negeri 4 Temanggung dan 7 Sekolah Lainnya,323 orang,exact,323,323,323,"{""person"": 323}",323,,,,"[""auto:e072ada870""]","[""https://jateng.murianews.com/zulkifli-fahmi/467568/ratusan-siswa-guru-di-temanggung-keracunan-mbg-sppg-minta-maaf""]",[]
id.Daftar_kasus_keracunan_massal_makan_siang_gratis#r0431,id.Daftar_kasus_keracunan_massal_makan_siang_gratis,431,id.Daftar_kasus_keracunan_massal_makan_siang_gratis#e0431,2025-10-03,2025-10-03,day,3 Oktober 2025,Jawa Tengah,Jawa Tengah,Kabupaten Purworejo,kabupaten,Purworejo,33.06,exact,33,-7.713974600894097,110.00829855421505,809651,1081.763,SMPN 8 Purworejo,junior_secondary,SMPN 8 Purworejo,134 Siswa,exact,134,134,134,"{""student"": 134}",134,,,,"[""auto:3614584544""]","[""https://regional.kompas.com/read/2025/10/04/105048078/bertambah-lagi-jumlah-korban-keracunan-mbg-di-purworejo-kini-134-orang""]",[]
id.Daftar_kasus_keracunan_massal_makan_siang_gratis#r0432,id.Daftar_kasus_keracunan_massal_makan_siang_gratis,432,id.Daftar_kasus_keracunan_massal_makan_siang_gratis#e0431,2025-10-03,2025-10-03,day,3 Oktober 2025,Jawa Tengah,Jawa Tengah,Kabupaten Purworejo,kabupaten,Purworejo,33.06,exact,33,-7.713974600894097,110.00829855421505,809651,1081.763,SMAN 3 Purworejo.,senior_secondary,SMAN 3 Purworejo.,134 Siswa,exact,134,134,134,"{""student"": 134}",,,,,"[""auto:3614584544""]","[""https://regional.kompas.com/read/2025/10/04/105048078/bertambah-lagi-jumlah-korban-keracunan-mbg-di-purworejo-kini-134-orang""]","[""count_shared_across_rows""]"
id.Daftar_kasus_keracunan_massal_makan_siang_gratis#r0433,id.Daftar_kasus_keracunan_massal_makan_siang_gratis,433,id.Daftar_kasus_keracunan_massal_makan_siang_gratis#e0433,2025-11-18,2025-11-18,day,18 November 2025,Jawa Tengah,Jawa Tengah,Kabupaten Magelang,kabupaten,Magelang,33.08,exact,33,-7.596984026372694,110.22353113036982,1345662,1129.983,Pondok Pesatren Nurul Ali,pesantren,Pondok Pesatren Nurul Ali,112 Santri,exact,112,112,112,"{""santri"": 112}",112,,,,"[""auto:3c4eab53d7""]","[""https://banyumasekspres.id/112-santri-ponpes-nurul-ali-magelang-alami-keracunan-usai-konsumsi-makanan-mbg/""]",[]
id.Daftar_kasus_keracunan_massal_makan_siang_gratis#r0434,id.Daftar_kasus_keracunan_massal_makan_siang_gratis,434,id.Daftar_kasus_keracunan_massal_makan_siang_gratis#e0434,2026-08-07,2026-08-07,day,7 Agustus 2026,Jawa Tengah,Jawa Tengah,Kabupaten Magelang,kabupaten,Magelang,33.08,exact,33,-7.596984026372694,110.22353113036982,1345662,1129.983,SMP Negeri 3 Candimulyo,junior_secondary,SMP Negeri 3 Candimulyo,28 Siswa,exact,28,28,28,"{""student"": 28}",28,,,,"[""auto:dad5c87ac2""]","[""https://www.detik.com/jateng/berita/d-8609653/korban-keracunan-mbg-di-candimulyo-magelang-capai-28-orang""]",[]
id.Daftar_kasus_keracunan_massal_makan_siang_gratis#r0435,id.Daftar_kasus_keracunan_massal_makan_siang_gratis,435,id.Daftar_kasus_keracunan_massal_makan_siang_gratis#e0435,2025-11-26,2025-11-26,day,26 November 2025,Jawa Tengah,Jawa Tengah,Kabupaten Blora,kabupaten,Blora,33.16,exact,33,-6.969718505731454,111.41492279653751,927961,1957.289,SMPN 1 Blora,junior_secondary,SMPN 1 Blora,810 Siswa,exact,810,810,810,"{""student"": 810}",810,,,,"[""auto:15469ad6ad""]","[""https://berita.murianews.com/zulkifli-fahmi/455559/penyebab-810-siswa-keracunan-mbg-dinkes-blora-makanan-terkontaminasi""]",[]
id.Daftar_kasus_keracunan_massal_makan_siang_gratis#r0436,id.Daftar_kasus_keracunan_massal_makan_siang_gratis,436,id.Daftar_kasus_keracunan_massal_makan_siang_gratis#e0435,2025-11-26,2025-11-26,day,26 November 2025,Jawa Tengah,Jawa Tengah,Kabupaten Blora,kabupaten,Blora,33.16,exact,33,-6.969718505731454,111.41492279653751,927961,1957.289,SMP Katolik Blora,junior_secondary,SMP Katolik Blora,810 Siswa,exact,810,810,810,"{""student"": 810}",,,,,"[""auto:15469ad6ad""]","[""https://berita.murianews.com/zulkifli-fahmi/455559/penyebab-810-siswa-keracunan-mbg-dinkes-blora-makanan-terkontaminasi""]","[""count_shared_across_rows""]"
id.Daftar_kasus_keracunan_massal_makan_siang_gratis#r0437,id.Daftar_kasus_keracunan_massal_makan_siang_gratis,437,id.Daftar_kasus_keracunan_massal_makan_siang_gratis#e0435,2025-11-26,2025-11-26,day,26 November 2025,Jawa Tengah,Jawa Tengah,Kabupaten Blora,kabupaten,Blora,33.16,exact,33,-6.969718505731454,111.41492279653751,927961,1957.289,SMP Kristen Blora,junior_secondary,SMP Kristen Blora,810 Siswa,exact,810,810,810,"{""student"": 810}",,,,,"[""auto:15469ad6ad""]","[""https://berita.murianews.com/zulkifli-fahmi/455559/penyebab-810-siswa-keracunan-mbg-dinkes-blora-makanan-terkontaminasi""]","[""count_shared_across_rows""]"
id.Daftar_kasus_keracunan_massal_makan_siang_gratis#r0438,id.Daftar_kasus_keracunan_massal_makan_siang_gratis,438,id.Daftar_kasus_keracunan_massal_makan_siang_gratis#e0438,2026-07-20,2026-07-20,day,20 Juli 2026,Jawa Tengah,Jawa Tengah,Kabupaten Blora,kabupaten,Blora,33.16,exact,33,-6.969718505731454,111.41492279653751,927961,1957.289,SD Negeri Sendangrejo,primary,SD Negeri Sendangrejo,19 Siswa,exact,19,19,19,"{""student"": 19}",19,,,,"[""auto:30324e8cbc""]","[""https://www.bloraweb.com/2026/07/19-siswa-keracunan-mbg-enam-masih.html""]",[]
id.Daftar_kasus_keracunan_massal_makan_siang_gratis#r0439,id.Daftar_kasus_keracunan_massal_makan_siang_gratis,439,id.Daftar_kasus_keracunan_massal_makan_siang_gratis#e0439,2026-09-08,2026-09-08,day,8 September 2026,Jawa Tengah,Jawa Tengah,Kabupaten Blora,kabupaten,Blora,33.16,exact,33,-6.969718505731454,111.41492279653751,927961,1957.289,SMAN 1 Tunjungan,senior_secondary,SMAN 1 Tunjungan,136 Siswa + 1 Guru,exact,137,137,137,"{""student"": 136, ""teacher"": 1}",137,,,,"[""auto:bdf0e51955""]","[""https://www.detik.com/jateng/berita/d-8653953/137-siswa-guru-sman-1-tunjungan-blora-keracunan-mbg""]",[]
id.Daftar_kasus_keracunan_massal_makan_siang_gratis#r0440,id.Daftar_kasus_keracunan_massal_makan_siang_gratis,440,id.Daftar_kasus_keracunan_massal_makan_siang_gratis#e0440,2025-11-26,2025-11-26,day,26 November 2025,Jawa Tengah,Jawa Tengah,Kabupaten Kendal,kabupaten,Kendal,33.24,exact,33,-6.922836880283628,110.20356709653716,1094214,1006.174,SMPN 1 Kendal,junior_secondary,SMPN 1 Kendal,17 Siswa,exact,17,17,17,"{""student"": 17}",17,,,,"[""auto:77086f857e""]","[""https://harianmuria.com/news/17-siswa-smp-kendal-di-rs-puskesmas/""]",[]
id.Daftar_kasus_keracunan_massal_makan_siang_gratis#r0441,id.Daftar_kasus_keracunan_massal_makan_siang_gratis,441,id.Daftar_kasus_keracunan_massal_makan_siang_gratis#e0441,2025-12-11,2025-12-11,day,11 Desember 2025,Jawa Tengah,Jawa Tengah,Kabupaten Grobogan,kabupaten,Grobogan,33.15,exact,33,-7.082058555310319,110.91737159653837,1520974,2023.849,Desa Putatsari,,Desa Putatsari,23 Orang,exact,23,23,23,"{""person"": 23}",23,,,,"[""auto:1123a6103a""]","[""https://lintasmuria.com/2025/12/13/puluhan-balita-di-grobogan-diduga-keracunan-menu-mbg-pemkab-lapor-bgn/""]",[]
id.Daftar_kasus_keracunan_massal_makan_siang_gratis#r0442,id.Daftar_kasus_keracunan_massal_makan_siang_gratis,442,id.Daftar_kasus_keracunan_massal_makan_siang_gratis#e0442,2026-01-10,2026-01-10,day,10 Januari 2026,Jawa Tengah,Jawa Tengah,Kabupaten Grobogan,kabupaten,Grobogan,33.15,exact,33,-7.082058555310319,110.91737159653837,1520974,2023.849,TK Ngroto,early_childhood,TK Ngroto,803 Siswa,exact,803,803,803,"{""student"": 803}",803,,,,"[""auto:f069a3c723""]","[""https://news.detik.com/berita/d-8305630/803-orang-di-grobogan-diduga-keracunan-mbg-dari-menu-ayam""]",[]
id.Daftar_kasus_keracunan_massal_makan_siang_gratis#r0443,id.Daftar_kasus_keracunan_massal_makan_siang_gratis,443,id.Daftar_kasus_keracunan_massal_makan_siang_gratis#e0442,2026-01-10,2026-01-10,day,10 Januari 2026,Jawa Tengah,Jawa Tengah,Kabupaten Grobogan,kabupaten,Grobogan,33.15,exact,33,-7.082058555310319,110.91737159653837,1520974,2023.849,SDN Trisari,primary,SDN Trisari,803 Siswa,exact,803,803,803,"{""student"": 803}",,,,,"[""auto:f069a3c723""]","[""https://news.detik.com/berita/d-8305630/803-orang-di-grobogan-diduga-keracunan-mbg-dari-menu-ayam""]","[""count_shared_across_rows""]"
id.Daftar_kasus_keracunan_massal_makan_siang_gratis#r0444,id.Daftar_kasus_keracunan_massal_makan_siang_gratis,444,id.Daftar_kasus_keracunan_massal_makan_siang_gratis#e0442,2026-01-10,2026-01-10,day,10 Januari 2026,Jawa Tengah,Jawa Tengah,Kabupaten Grobogan,kabupaten,Grobogan,33.15,exact,33,-7.082058555310319,110.91737159653837,1520974,2023.849,SDN Glapan,primary,SDN Glapan,803 Siswa,exact,803,803,803,"{""student"": 803}",,,,,"[""auto:f069a3c723""]","[""https://news.detik.com/berita/d-8305630/803-orang-di-grobogan-diduga-keracunan-mbg-dari-menu-ayam""]","[""count_shared_across_rows""]"
id.Daftar_kasus_keracunan_massal_makan_siang_gratis#r0445,id.Daftar_kasus_keracunan_massal_makan_siang_gratis,445,id.Daftar_kasus_keracunan_massal_makan_siang_gratis#e0442,2026-01-10,2026-01-10,day,10 Januari 2026,Jawa Tengah,Jawa Tengah,Kabupaten Grobogan,kabupaten,Grobogan,33.15,exact,33,-7.082058555310319,110.91737159653837,1520974,2023.849,SDN Penadaran,primary,SDN Penadaran,803 Siswa,exact,803,803,803,"{""student"": 803}",,,,,"[""auto:f069a3c723""]","[""https://news.detik.com/berita/d-8305630/803-orang-di-grobogan-diduga-keracunan-mbg-dari-menu-ayam""]","[""count_shared_across_rows""]"
id.Daftar_kasus_keracunan_massal_makan_siang_gratis#r0446,id.Daftar_kasus_keracunan_massal_makan_siang_gratis,446,id.Daftar_kasus_keracunan_massal_makan_siang_gratis#e0442,2026-01-10,2026-01-10,day,10 Januari 2026,Jawa Tengah,Jawa Tengah,Kabupaten Grobogan,kabupaten,Grobogan,33.15,exact,33,-7.082058555310319,110.91737159653837,1520974,2023.849,SMP Miftahul Huda,junior_secondary,SMP Miftahul Huda,803 Siswa,exact,803,803,803,"{""student"": 803}",,,,,"[""auto:f069a3c723""]","[""https://news.detik.com/berita/d-8305630/803-orang-di-grobogan-diduga-keracunan-mbg-dari-menu-ayam""]","[""count_shared_across_rows""]"
id.Daftar_kasus_keracunan_massal_makan_siang_gratis#r0447,id.Daftar_kasus_keracunan_massal_makan_siang_gratis,447,id.Daftar_kasus_keracunan_massal_makan_siang_gratis#e0442,2026-01-10,2026-01-10,day,10 Januari 2026,Jawa Tengah,Jawa Tengah,Kabupaten Grobogan,kabupaten,Grobogan,33.15,exact,33,-7.082058555310319,110.91737159653837,1520974,2023.849,SMK Miftahul Huda,senior_secondary,SMK Miftahul Huda,803 Siswa,exact,803,803,803,"{""student"": 803}",,,,,"[""auto:f069a3c723""]","[""https://news.detik.com/berita/d-8305630/803-orang-di-grobogan-diduga-keracunan-mbg-dari-menu-ayam""]","[""count_shared_across_rows""]"
id.Daftar_kasus_keracunan_massal_makan_siang_gratis#r0448,id.Daftar_kasus_keracunan_massal_makan_siang_gratis,448,id.Daftar_kasus_keracunan_massal_makan_siang_gratis#e0448,2026-01-30,2026-01-30,day,30 Januari 2026,Jawa Tengah,Jawa Tengah,Kabupaten Grobogan,kabupaten,Grobogan,33.15,exact,33,-7.082058555310319,110.91737159653837,1520974,2023.849,SDN 2 Pulongrambe,primary,SDN 2 Pulongrambe,8 Siswa,exact,8,8,8,"{""student"": 8}",8,,,,"[""auto:428d8e1aaa""]","[""https://regional.kompas.com/read/2026/01/30/161147778/8-pelajar-sd-di-grobogan-diduga-keracunan-mbg-dilarikan-ke-puskesmas""]",[]
id.Daftar_kasus_keracunan_massal_makan_siang_gratis#r0449,id.Daftar_kasus_keracunan_massal_makan_siang_gratis,449,id.Daftar_kasus_keracunan_massal_makan_siang_gratis#e0448,2026-01-30,2026-01-30,day,30 Januari 2026,Jawa Tengah,Jawa Tengah,Kabupaten Grobogan,kabupaten,Grobogan,33.15,exact,33,-7.082058555310319,110.91737159653837,1520974,2023.849,SDN 3 Mayahan,primary,SDN 3 Mayahan,8 Siswa,exact,8,8,8,"{""student"": 8}",,,,,"[""auto:428d8e1aaa""]","[""https://regional.kompas.com/read/2026/01/30/161147778/8-pelajar-sd-di-grobogan-diduga-keracunan-mbg-dilarikan-ke-puskesmas""]","[""count_shared_across_rows""]"
id.Daftar_kasus_keracunan_massal_makan_siang_gratis#r0450,id.Daftar_kasus_keracunan_massal_makan_siang_gratis,450,id.Daftar_kasus_keracunan_massal_makan_siang_gratis#e0450,2026-01-08,2026-01-08,day,8 Januari 2026,Jawa Tengah,Jawa Tengah,Kota Semarang,kota,Semarang,33.74,exact,33,-6.98167961659711,110.4122341695528,1702379,374.747,SMKN 11 Semarang,senior_secondary,SMKN 11 Semarang,75 Siswa,exact,75,75,75,"{""student"": 75}",75,,,,"[""auto:33add6463f""]","[""https://timesindonesia.co.id/peristiwa-daerah/572774/puluhan-siswa-smkn-11-semarang-alami-gejala-keracunan-usai-santap-makan-bergizi-gratis""]",[]
id.Daftar_kasus_keracunan_massal_makan_siang_gratis#r0451,id.Daftar_kasus_keracunan_massal_makan_siang_gratis,451,id.Daftar_kasus_keracunan_massal_makan_siang_gratis#e0451,2026-07-31,2026-07-31,day,31 Juli 2026,Jawa Tengah,Jawa Tengah,Kota Semarang,kota,Semarang,33.74,exact,33,-6.98167961659711,110.4122341695528,1702379,374.747,SMKN 6 Semarang,senior_secondary,SMKN 6 Semarang,707 Siswa,exact,707,707,707,"{""student"": 707}",707,,,,"[""auto:bf378b698f""]","[""https://www.kompas.id/artikel/707-siswa-dan-guru-smkn-6-semarang-keracunan-massal-usai-santap-mbg""]",[]
id.Daftar_kasus_keracunan_massal_makan_siang_gratis#r0452,id.Daftar_kasus_keracunan_massal_makan_siang_gratis,452,id.Daftar_kasus_keracunan_massal_makan_siang_gratis#e0452,2026-01-13,2026-01-13,day,13 Januari 2026,Jawa Tengah,Jawa Tengah,Kabupaten Pekalongan,kabupaten,Pekalongan,33.26,exact,33,-7.0250357325518875,109.59114532537376,1034241,892.578,SDN 01 Kedungwuni,primary,SDN 01 Kedungwuni,15 Siswa,exact,15,15,15,"{""student"": 15}",15,,,,"[""auto:6e815a4024""]","[""https://radarpekalongan.disway.id/read/108184/diduga-keracunan-mbg-15-pelajar-sdn-1-kedungwuni-sempat-dilarikan-ke-puskesmas-dan-rumah-sakit""]",[]
id.Daftar_kasus_keracunan_massal_makan_siang_gratis#r0453,id.Daftar_kasus_keracunan_massal_makan_siang_gratis,453,id.Daftar_kasus_keracunan_massal_makan_siang_gratis#e0453,2026-01-22,2026-01-22,day,22 Januari 2026,Jawa Tengah,Jawa Tengah,Kota Magelang,kota,Magelang,33.71,exact,33,-7.50371096633142,110.22147082537745,128709,18.558,SMPN 10 Kota Magelang,junior_secondary,SMPN 10 Kota Magelang,75 Siswa dan 5 Guru,exact,80,80,80,"{""student"": 75, ""teacher"": 5}",80,,,,"[""auto:25b3834d0f""]","[""https://www.detik.com/jateng/berita/d-8322042/75-siswa-5-guru-smpn-10-kota-magelang-diduga-keracunan-mbg""]",[]
id.Daftar_kasus_keracunan_massal_makan_siang_gratis#r0454,id.Daftar_kasus_keracunan_massal_makan_siang_gratis,454,id.Daftar_kasus_keracunan_massal_makan_siang_gratis#e0454,2026-01-29,2026-01-29,day,29 Januari 2026,Jawa Tengah,Jawa Tengah,Kabupaten Kudus,kabupaten,Kudus,33.19,exact,33,-6.805651710957646,110.84219531187978,877821,447.445,SMAN 2 Kudus,senior_secondary,SMAN 2 Kudus,600 Siswa,exact,600,600,600,"{""student"": 600}",600,,,,"[""auto:3d9fa850c7""]","[""https://www.kompas.tv/regional/647214/600-siswa-sma-di-kudus-keracunan-mbg-118-di-antaranya-dirawat-di-rumah-sakit""]",[]
id.Daftar_kasus_keracunan_massal_makan_siang_gratis#r0455,id.Daftar_kasus_keracunan_massal_makan_siang_gratis,455,id.Daftar_kasus_keracunan_massal_makan_siang_gratis#e0455,2026-02-06,2026-02-06,day,6 Februari 2026,Jawa Tengah,Jawa Tengah,Kabupaten Wonosobo,kabupaten,Wonosobo,33.07,exact,33,-7.358331142315653,109.90516253886881,945955,1011.623,SD Negeri 1 Kapulogo,primary,SD Negeri 1 Kapulogo,26 Siswa,exact,26,26,26,"{""student"": 26}",26,,,,"[""auto:a9bfdacfcc""]","[""https://www.wartaindonesianews.co.id/2026/02/lagi-lagi-mbg-bermasalah-telur-puyuh.html""]",[]
id.Daftar_kasus_keracunan_massal_makan_siang_gratis#r0456,id.Daftar_kasus_keracunan_massal_makan_siang_gratis,456,id.Daftar_kasus_keracunan_massal_makan_siang_gratis#e0456,2026-02-09,2026-02-09,day,9 Februari 2026,Jawa Tengah,Jawa Tengah,Kabupaten Pati,kabupaten,Pati,33.18,exact,33,-6.75222674353357,111.03994759653601,1385904,1576.69,SMKN 4 Pati,senior_secondary,SMKN 4 Pati,22 Siswa,exact,22,22,22,"{""student"": 22}",22,,,,"[""auto:34d83ff8f1""]","[""https://harianmuria.com/pati/puluhan-siswa-smkn-4-pati-diduga-keracunan-usai-makan-mbg/""]",[]
id.Daftar_kasus_keracunan_massal_makan_siang_gratis#r0457,id.Daftar_kasus_keracunan_massal_makan_siang_gratis,457,id.Daftar_kasus_keracunan_massal_makan_siang_gratis#e0457,2026-09-09,2026-09-09,day,9 September 2026,Jawa Tengah,Jawa Tengah,Kabupaten Pati,kabupaten,Pati,33.18,exact,33,-6.75222674353357,111.03994759653601,1385904,1576.69,SDN 3 Gembong,primary,SDN 3 Gembong,424 Siswa,exact,424,424,424,"{""student"": 424}",424,,,,"[""auto:138aab0f47""]","[""https://serikatnews.com/korban-keracunan-mbg-di-pati-capai-424-orang/""]",[]
id.Daftar_kasus_keracunan_massal_makan_siang_gratis#r0458,id.Daftar_kasus_keracunan_massal_makan_siang_gratis,458,id.Daftar_kasus_keracunan_massal_makan_siang_gratis#e0457,2026-09-09,2026-09-09,day,9 September 2026,Jawa Tengah,Jawa Tengah,Kabupaten Pati,kabupaten,Pati,33.18,exact,33,-6.75222674353357,111.03994759653601,1385904,1576.69,MI Miftahul,primary,MI Miftahul,424 Siswa,exact,424,424,424,"{""student"": 424}",,,,,"[""auto:138aab0f47""]","[""https://serikatnews.com/korban-keracunan-mbg-di-pati-capai-424-orang/""]","[""count_shared_across_rows""]"
id.Daftar_kasus_keracunan_massal_makan_siang_gratis#r0459,id.Daftar_kasus_keracunan_massal_makan_siang_gratis,459,id.Daftar_kasus_keracunan_massal_makan_siang_gratis#e0457,2026-09-09,2026-09-09,day,9 September 2026,Jawa Tengah,Jawa Tengah,Kabupaten Pati,kabupaten,Pati,33.18,exact,33,-6.75222674353357,111.03994759653601,1385904,1576.69,SMPN 1 Gembong,junior_secondary,SMPN 1 Gembong,424 Siswa,exact,424,424,424,"{""student"": 424}",,,,,"[""auto:138aab0f47""]","[""https://serikatnews.com/korban-keracunan-mbg-di-pati-capai-424-orang/""]","[""count_shared_across_rows""]"
id.Daftar_kasus_keracunan_massal_makan_siang_gratis#r0460,id.Daftar_kasus_keracunan_massal_makan_siang_gratis,460,id.Daftar_kasus_keracunan_massal_makan_siang_gratis#e0457,2026-09-09,2026-09-09,day,9 September 2026,Jawa Tengah,Jawa Tengah,Kabupaten Pati,kabupaten,Pati,33.18,exact,33,-6.75222674353357,111.03994759653601,1385904,1576.69,MTSN 3 Pati,junior_secondary,MTSN 3 Pati,424 Siswa,exact,424,424,424,"{""student"": 424}",,,,,"[""auto:138aab0f47""]","[""https://serikatnews.com/korban-keracunan-mbg-di-pati-capai-424-orang/""]","[""count_shared_across_rows""]"
id.Daftar_kasus_keracunan_massal_makan_siang_gratis#r0461,id.Daftar_kasus_keracunan_massal_makan_siang_gratis,461,id.Daftar_kasus_keracunan_massal_makan_siang_gratis#e0457,2026-09-09,2026-09-09,day,9 September 2026,Jawa Tengah,Jawa Tengah,Kabupaten Pati,kabupaten,Pati,33.18,exact,33,-6.75222674353357,111.03994759653601,1385904,1576.69,MTs Manbaul Ulum,junior_secondary,MTs Manbaul Ulum,424 Siswa,exact,424,424,424,"{""student"": 424}",,,,,"[""auto:138aab0f47""]","[""https://serikatnews.com/korban-keracunan-mbg-di-pati-capai-424-orang/""]","[""count_shared_across_rows""]"
id.Daftar_kasus_keracunan_massal_makan_siang_gratis#r0462,id.Daftar_kasus_keracunan_massal_makan_siang_gratis,462,id.Daftar_kasus_keracunan_massal_makan_siang_gratis#e0457,2026-09-09,2026-09-09,day,9 September 2026,Jawa Tengah,Jawa Tengah,Kabupaten Pati,kabupaten,Pati,33.18,exact,33,-6.75222674353357,111.03994759653601,1385904,1576.69,Posyandu Anggrek,community_health_post,Posyandu Anggrek,424 Siswa,exact,424,424,424,"{""student"": 424}",,,,,"[""auto:138aab0f47""]","[""https://serikatnews.com/korban-keracunan-mbg-di-pati-capai-424-orang/""]","[""count_shared_across_rows""]"
id.Daftar_kasus_keracunan_massal_makan_siang_gratis#r0463,id.Daftar_kasus_keracunan_massal_makan_siang_gratis,463,id.Daftar_kasus_keracunan_massal_makan_siang_gratis#e0463,2026-09-18,2026-09-18,day,18 September 2026,Jawa Tengah,Jawa Tengah,Kabupaten Pati,kabupaten,Pati,33.18,exact,33,-6.75222674353357,111.03994759653601,1385904,1576.69,SDN Maitan 01 Pati,primary,SDN Maitan 01 Pati,17 Siswa,exact,17,17,17,"{""student"": 17}",17,,,,"[""auto:7f04110471""]","[""https://www.liputan7.id/berita/2123036685/dugaan-keracunan-susu-program-mbg-di-sdn-maitan-01-pati-dinkes-lakukan-investigasi""]",[]
id.Daftar_kasus_keracunan_massal_makan_siang_gratis#r0464,id.Daftar_kasus_keracunan_massal_makan_siang_gratis,464,id.Daftar_kasus_keracunan_massal_makan_siang_gratis#e0464,2026-02-23,2026-02-23,day,23 Februari 2026,Jawa Tengah,Jawa Tengah,Kota Tegal,kota,Tegal,33.76,exact,33,-6.8704087484501155,109.13741611002918,294477,39.08,SMP PIUS,junior_secondary,SMP PIUS,3 Siswa,exact,3,3,3,"{""student"": 3}",3,,,,"[""auto:886928dd23""]","[""https://puskapik.com/tegal/tiga-siswa-smp-pius-tegal-diduga-keracunan-roti-mbg-sempat-dilarikan-ke-rs""]",[]
id.Daftar_kasus_keracunan_massal_makan_siang_gratis#r0465,id.Daftar_kasus_keracunan_massal_makan_siang_gratis,465,id.Daftar_kasus_keracunan_massal_makan_siang_gratis#e0465,2026-03-12,2026-03-12,day,12 Maret 2026,Jawa Tengah,Jawa Tengah,Kabupaten Pemalang,kabupaten,Pemalang,33.27,exact,33,-6.893151410423199,109.38071935420861,1601007,1135.757,,early_childhood,TK (Spesifik tidak disebutkan),1 Siswa,exact,1,1,1,"{""student"": 1}",1,,,,"[""auto:9afedc231a""]","[""https://www.ketiknews.id/news/30116861093/siswa-tk-di-desa-blendung-diduga-jadi-korban-keracunan-mbg-wabup-pemalang-sppg-harus-dievaluasi""]","[""no_venue""]"
id.Daftar_kasus_keracunan_massal_makan_siang_gratis#r0466,id.Daftar_kasus_keracunan_massal_makan_siang_gratis,466,id.Daftar_kasus_keracunan_massal_makan_siang_gratis#e0466,2026-04-18,2026-04-18,day,18 April 2026,Jawa Tengah,Jawa Tengah,Kabupaten Demak,kabupaten,Demak,33.21,exact,33,-6.891354614610146,110.63838933886524,1254204,970.077,Ponpes Bustanul Qur'an,pesantren,Ponpes Bustanul Qur'an,189 Santri,exact,189,189,189,"{""santri"": 189}",189,,,,"[""auto:5809aa659a""]","[""https://regional.kompas.com/read/2026/04/19/174048678/ratusan-santri-demak-diduga-keracunan-usai-santap-mbg?page=all""]",[]
id.Daftar_kasus_keracunan_massal_makan_siang_gratis#r0467,id.Daftar_kasus_keracunan_massal_makan_siang_gratis,467,id.Daftar_kasus_keracunan_massal_makan_siang_gratis#e0466,2026-04-18,2026-04-18,day,18 April 2026,Jawa Tengah,Jawa Tengah,Kabupaten Demak,kabupaten,Demak,33.21,exact,33,-6.891354614610146,110.63838933886524,1254204,970.077,Ponpes Asnawiyah,pesantren,Ponpes Asnawiyah,189 Santri,exact,189,189,189,"{""santri"": 189}",,,,,"[""auto:5809aa659a""]","[""https://regional.kompas.com/read/2026/04/19/174048678/ratusan-santri-demak-diduga-keracunan-usai-santap-mbg?page=all""]","[""count_shared_across_rows""]"
id.Daftar_kasus_keracunan_massal_makan_siang_gratis#r0468,id.Daftar_kasus_keracunan_massal_makan_siang_gratis,468,id.Daftar_kasus_keracunan_massal_makan_siang_gratis#e0466,2026-04-18,2026-04-18,day,18 April 2026,Jawa Tengah,Jawa Tengah,Kabupaten Demak,kabupaten,Demak,33.21,exact,33,-6.891354614610146,110.63838933886524,1254204,970.077,Ponpes Hidayatul Mubdtadiin,pesantren,Ponpes Hidayatul Mubdtadiin,189 Santri,exact,189,189,189,"{""santri"": 189}",,,,,"[""auto:5809aa659a""]","[""https://regional.kompas.com/read/2026/04/19/174048678/ratusan-santri-demak-diduga-keracunan-usai-santap-mbg?page=all""]","[""count_shared_across_rows""]"
id.Daftar_kasus_keracunan_massal_makan_siang_gratis#r0469,id.Daftar_kasus_keracunan_massal_makan_siang_gratis,469,id.Daftar_kasus_keracunan_massal_makan_siang_gratis#e0466,2026-04-18,2026-04-18,day,18 April 2026,Jawa Tengah,Jawa Tengah,Kabupaten Demak,kabupaten,Demak,33.21,exact,33,-6.891354614610146,110.63838933886524,1254204,970.077,Ponpes Al Ma'arif,pesantren,Ponpes Al Ma'arif,189 Santri,exact,189,189,189,"{""santri"": 189}",,,,,"[""auto:5809aa659a""]","[""https://regional.kompas.com/read/2026/04/19/174048678/ratusan-santri-demak-diduga-keracunan-usai-santap-mbg?page=all""]","[""count_shared_across_rows""]"
id.Daftar_kasus_keracunan_massal_makan_siang_gratis#r0470,id.Daftar_kasus_keracunan_massal_makan_siang_gratis,470,id.Daftar_kasus_keracunan_massal_makan_siang_gratis#e0466,2026-04-18,2026-04-18,day,18 April 2026,Jawa Tengah,Jawa Tengah,Kabupaten Demak,kabupaten,Demak,33.21,exact,33,-6.891354614610146,110.63838933886524,1254204,970.077,Ponpes Nurul Sakinah,pesantren,Ponpes Nurul Sakinah,189 Santri,exact,189,189,189,"{""santri"": 189}",,,,,"[""auto:5809aa659a""]","[""https://regional.kompas.com/read/2026/04/19/174048678/ratusan-santri-demak-diduga-keracunan-usai-santap-mbg?page=all""]","[""count_shared_across_rows""]"
id.Daftar_kasus_keracunan_massal_makan_siang_gratis#r0471,id.Daftar_kasus_keracunan_massal_makan_siang_gratis,471,id.Daftar_kasus_keracunan_massal_makan_siang_gratis#e0466,2026-04-18,2026-04-18,day,18 April 2026,Jawa Tengah,Jawa Tengah,Kabupaten Demak,kabupaten,Demak,33.21,exact,33,-6.891354614610146,110.63838933886524,1254204,970.077,MI Yosua,primary,MI Yosua,189 Santri,exact,189,189,189,"{""santri"": 189}",,,,,"[""auto:5809aa659a""]","[""https://regional.kompas.com/read/2026/04/19/174048678/ratusan-santri-demak-diduga-keracunan-usai-santap-mbg?page=all""]","[""count_shared_across_rows""]"
id.Daftar_kasus_keracunan_massal_makan_siang_gratis#r0472,id.Daftar_kasus_keracunan_massal_makan_siang_gratis,472,id.Daftar_kasus_keracunan_massal_makan_siang_gratis#e0472,2026-04-29,2026-04-29,day,29 April 2026,Jawa Tengah,Jawa Tengah,Kabupaten Cilacap,kabupaten,Cilacap,33.01,exact,33,-7.725598913851234,109.00953989681535,2059748,2325.173,Ponpes putri Kelurahan Gumilir,pesantren,Ponpes putri Kelurahan Gumilir,>100 Santri,lower_bound,100,100,,"{""santri"": 100}",100,,,,"[""auto:ad07de4023""]","[""https://banyumas.tribunnews.com/barlingmascakeb/91243/dilarikan-ke-rs-ratusan-santri-cilacap-diduga-keracunan-makanan-dinkes-tunggu-hasil-uji-lab-sampel""]",[]
id.Daftar_kasus_keracunan_massal_makan_siang_gratis#r0473,id.Daftar_kasus_keracunan_massal_makan_siang_gratis,473,id.Daftar_kasus_keracunan_massal_makan_siang_gratis#e0473,2026-07-31,2026-07-31,day,31 Juli 2026,Jawa Tengah,Jawa Tengah,Kota Surakarta,kota,Surakarta,33.72,exact,33,-7.569260552279098,110.82945951003452,589242,46.802,SDII Al Abidin Solo,primary,SDII Al Abidin Solo,108 Siswa,exact,108,108,108,"{""student"": 108}",108,,,,"[""auto:dfd6dcf362""]","[""https://www.merahputih.com/""]",[]
id.Daftar_kasus_keracunan_massal_makan_siang_gratis#r0474,id.Daftar_kasus_keracunan_massal_makan_siang_gratis,474,id.Daftar_kasus_keracunan_massal_makan_siang_gratis#e0474,2026-08-21,2026-08-21,day,21 Agustus 2026,Jawa Tengah,Jawa Tengah,Kota Surakarta,kota,Surakarta,33.72,exact,33,-7.569260552279098,110.82945951003452,589242,46.802,SMAN 6 Surakarta,senior_secondary,SMAN 6 Surakarta,175 Siswa,exact,175,175,175,"{""student"": 175}",175,,,,"[""auto:a2c9f401de""]","[""https://solo.tribunnews.com/solo/349142/175-siswa-sma-n-6-solo-keracunan-mbg-sppg-langsung-kena-suspend""]",[]
id.Daftar_kasus_keracunan_massal_makan_siang_gratis#r0475,id.Daftar_kasus_keracunan_massal_makan_siang_gratis,475,id.Daftar_kasus_keracunan_massal_makan_siang_gratis#e0475,2026-08-21,2026-08-21,day,21 Agustus 2026,Jawa Tengah,Jawa Tengah,Kabupaten Boyolali,kabupaten,Boyolali,33.09,exact,33,-7.545656104163497,110.61059579654192,1114070,1096.613,SMPN 2 Boyolali,junior_secondary,SMPN 2 Boyolali,100 Orang,exact,100,100,100,"{""person"": 100}",100,,,,"[""auto:17c32f3fd2""]","[""https://www.detik.com/jateng/berita/d-8629066/seratusan-murid-guru-2-smpn-di-boyolali-diduga-keracunan-mbg""]",[]
id.Daftar_kasus_keracunan_massal_makan_siang_gratis#r0476,id.Daftar_kasus_keracunan_massal_makan_siang_gratis,476,id.Daftar_kasus_keracunan_massal_makan_siang_gratis#e0475,2026-08-21,2026-08-21,day,21 Agustus 2026,Jawa Tengah,Jawa Tengah,Kabupaten Boyolali,kabupaten,Boyolali,33.09,exact,33,-7.545656104163497,110.61059579654192,1114070,1096.613,SMPN 6 Boyolali,junior_secondary,SMPN 6 Boyolali,100 Orang,exact,100,100,100,"{""person"": 100}",,,,,"[""auto:17c32f3fd2""]","[""https://www.detik.com/jateng/berita/d-8629066/seratusan-murid-guru-2-smpn-di-boyolali-diduga-keracunan-mbg""]","[""count_shared_across_rows""]"
id.Daftar_kasus_keracunan_massal_makan_siang_gratis#r0477,id.Daftar_kasus_keracunan_massal_makan_siang_gratis,477,id.Daftar_kasus_keracunan_massal_makan_siang_gratis#e0477,2025-06-17,2025-06-17,day,17 Juni 2025,DI Yogyakarta,Daerah Istimewa Yogyakarta,Kabupaten Kulon Progo,kabupaten,Kulon Progo,34.01,exact,34,-7.857808676282555,110.15916128305197,444994,576.803,TK Aisyiyah Bustanul Athfal (ABA) Kasatriyan,early_childhood,TK Aisyiyah Bustanul Athfal (ABA) Kasatriyan,10 Siswa,exact,10,10,10,"{""student"": 10}",10,,,,"[""auto:2dd9469bbd""]","[""https://joglosemarnews.com/2025/06/diare-massal-di-tk-aba-kasatriyan-kulonprogo-bakmi-mbg-diduga-jadi-pemicu/""]",[]
id.Daftar_kasus_keracunan_massal_makan_siang_gratis#r0478,id.Daftar_kasus_keracunan_massal_makan_siang_gratis,478,id.Daftar_kasus_keracunan_massal_makan_siang_gratis#e0478,2025-07-31,2025-07-31,day,31 Juli 2025,DI Yogyakarta,Daerah Istimewa Yogyakarta,Kabupaten Kulon Progo,kabupaten,Kulon Progo,34.01,exact,34,-7.857808676282555,110.15916128305197,444994,576.803,SMPN 2 Wates,junior_secondary,SMPN 2 Wates,497 Siswa,exact,497,497,497,"{""student"": 497}",497,,,,"[""auto:3589fa2341""]","[""https://yogyakarta.kompas.com/read/2025/08/20/164930478/497-siswa-kulon-progo-keracunan-3-jenis-bakteri-berbahaya-ditemukan-di""]",[]
id.Daftar_kasus_keracunan_massal_makan_siang_gratis#r0479,id.Daftar_kasus_keracunan_massal_makan_siang_gratis,479,id.Daftar_kasus_keracunan_massal_makan_siang_gratis#e0478,2025-07-31,2025-07-31,day,31 Juli 2025,DI Yogyakarta,Daerah Istimewa Yogyakarta,Kabupaten Kulon Progo,kabupaten,Kulon Progo,34.01,exact,34,-7.857808676282555,110.15916128305197,444994,576.803,SMP Muhammadiyah 2 Wates,junior_secondary,SMP Muhammadiyah 2 Wates,497 Siswa,exact,497,497,497,"{""student"": 497}",,,,,"[""auto:3589fa2341""]","[""https://yogyakarta.kompas.com/read/2025/08/20/164930478/497-siswa-kulon-progo-keracunan-3-jenis-bakteri-berbahaya-ditemukan-di""]","[""count_shared_across_rows""]"
id.Daftar_kasus_keracunan_massal_makan_siang_gratis#r0480,id.Daftar_kasus_keracunan_massal_makan_siang_gratis,480,id.Daftar_kasus_keracunan_massal_makan_siang_gratis#e0478,2025-07-31,2025-07-31,day,31 Juli 2025,DI Yogyakarta,Daerah Istimewa Yogyakarta,Kabupaten Kulon Progo,kabupaten,Kulon Progo,34.01,exact,34,-7.857808676282555,110.15916128305197,444994,576.803,SD Triharjo,primary,SD Triharjo,497 Siswa,exact,497,497,497,"{""student"": 497}",,,,,"[""auto:3589fa2341""]","[""https://yogyakarta.kompas.com/read/2025/08/20/164930478/497-siswa-kulon-progo-keracunan-3-jenis-bakteri-berbahaya-ditemukan-di""]","[""count_shared_across_rows""]"
id.Daftar_kasus_keracunan_massal_makan_siang_gratis#r0481,id.Daftar_kasus_keracunan_massal_makan_siang_gratis,481,id.Daftar_kasus_keracunan_massal_makan_siang_gratis#e0478,2025-07-31,2025-07-31,day,31 Juli 2025,DI Yogyakarta,Daerah Istimewa Yogyakarta,Kabupaten Kulon Progo,kabupaten,Kulon Progo,34.01,exact,34,-7.857808676282555,110.15916128305197,444994,576.803,SD Sogan,primary,SD Sogan,497 Siswa,exact,497,497,497,"{""student"": 497}",,,,,"[""auto:3589fa2341""]","[""https://yogyakarta.kompas.com/read/2025/08/20/164930478/497-siswa-kulon-progo-keracunan-3-jenis-bakteri-berbahaya-ditemukan-di""]","[""count_shared_across_rows""]"
id.Daftar_kasus_keracunan_massal_makan_siang_gratis#r0482,id.Daftar_kasus_keracunan_massal_makan_siang_gratis,482,id.Daftar_kasus_keracunan_massal_makan_siang_gratis#e0482,2025-01-20,2025-01-20,day,20 Januari 2025,DI Yogyakarta,Daerah Istimewa Yogyakarta,Kabupaten Kulon Progo,kabupaten,Kulon Progo,34.01,exact,34,-7.857808676282555,110.15916128305197,444994,576.803,,early_childhood,PAUD (Spesifik tidak disebutkan),104 Siswa,exact,104,104,104,"{""student"": 104}",104,,,,"[""auto:1cf9162203""]","[""https://yogyakarta.kompas.com/read/2026/01/23/054238878/korban-keracunan-mbg-di-kulon-progo-capai-104-orang?page=all#page3""]","[""no_venue""]"
id.Daftar_kasus_keracunan_massal_makan_siang_gratis#r0483,id.Daftar_kasus_keracunan_massal_makan_siang_gratis,483,id.Daftar_kasus_keracunan_massal_makan_siang_gratis#e0482,2025-01-20,2025-01-20,day,20 Januari 2025,DI Yogyakarta,Daerah Istimewa Yogyakarta,Kabupaten Kulon Progo,kabupaten,Kulon Progo,34.01,exact,34,-7.857808676282555,110.15916128305197,444994,576.803,,early_childhood,TK (Spesifik tidak disebutkan),104 Siswa,exact,104,104,104,"{""student"": 104}",,,,,"[""auto:1cf9162203""]","[""https://yogyakarta.kompas.com/read/2026/01/23/054238878/korban-keracunan-mbg-di-kulon-progo-capai-104-orang?page=all#page3""]","[""no_venue"", ""count_shared_across_rows""]"
id.Daftar_kasus_keracunan_massal_makan_siang_gratis#r0484,id.Daftar_kasus_keracunan_massal_makan_siang_gratis,484,id.Daftar_kasus_keracunan_massal_makan_siang_gratis#e0482,2025-01-20,2025-01-20,day,20 Januari 2025,DI Yogyakarta,Daerah Istimewa Yogyakarta,Kabupaten Kulon Progo,kabupaten,Kulon Progo,34.01,exact,34,-7.857808676282555,110.15916128305197,444994,576.803,,primary,SD (Spesifik tidak disebutkan),104 Siswa,exact,104,104,104,"{""student"": 104}",,,,,"[""auto:1cf9162203""]","[""https://yogyakarta.kompas.com/read/2026/01/23/054238878/korban-keracunan-mbg-di-kulon-progo-capai-104-orang?page=all#page3""]","[""no_venue"", ""count_shared_across_rows""]"
id.Daftar_kasus_keracunan_massal_makan_siang_gratis#r0485,id.Daftar_kasus_keracunan_massal_makan_siang_gratis,485,id.Daftar_kasus_keracunan_massal_makan_siang_gratis#e0485,2026-07-21,2026-07-21,day,21 Juli 2026,DI Yogyakarta,Daerah Istimewa Yogyakarta,Kabupaten Kulon Progo,kabupaten,Kulon Progo,34.01,exact,34,-7.857808676282555,110.15916128305197,444994,576.803,,primary,SD (Spesifik tidak disebutkan),124 Orang,exact,124,124,124,"{""person"": 124}",124,,,,"[""auto:6f76b90481""]","[""https://www.instagram.com/p/DbDg62fTCv5/""]","[""no_venue""]"
id.Daftar_kasus_keracunan_massal_makan_siang_gratis#r0486,id.Daftar_kasus_keracunan_massal_makan_siang_gratis,486,id.Daftar_kasus_keracunan_massal_makan_siang_gratis#e0485,2026-07-21,2026-07-21,day,21 Juli 2026,DI Yogyakarta,Daerah Istimewa Yogyakarta,Kabupaten Kulon Progo,kabupaten,Kulon Progo,34.01,exact,34,-7.857808676282555,110.15916128305197,444994,576.803,MI Ma'arif,primary,MI Ma'arif,124 Orang,exact,124,124,124,"{""person"": 124}",,,,,"[""auto:6f76b90481""]","[""https://www.instagram.com/p/DbDg62fTCv5/""]","[""count_shared_across_rows""]"
id.Daftar_kasus_keracunan_massal_makan_siang_gratis#r0487,id.Daftar_kasus_keracunan_massal_makan_siang_gratis,487,id.Daftar_kasus_keracunan_massal_makan_siang_gratis#e0485,2026-07-21,2026-07-21,day,21 Juli 2026,DI Yogyakarta,Daerah Istimewa Yogyakarta,Kabupaten Kulon Progo,kabupaten,Kulon Progo,34.01,exact,34,-7.857808676282555,110.15916128305197,444994,576.803,SMP Negeri 3 Wates,junior_secondary,SMP Negeri 3 Wates,124 Orang,exact,124,124,124,"{""person"": 124}",,,,,"[""auto:6f76b90481""]","[""https://www.instagram.com/p/DbDg62fTCv5/""]","[""count_shared_across_rows""]"
id.Daftar_kasus_keracunan_massal_makan_siang_gratis#r0488,id.Daftar_kasus_keracunan_massal_makan_siang_gratis,488,id.Daftar_kasus_keracunan_massal_makan_siang_gratis#e0485,2026-07-21,2026-07-21,day,21 Juli 2026,DI Yogyakarta,Daerah Istimewa Yogyakarta,Kabupaten Kulon Progo,kabupaten,Kulon Progo,34.01,exact,34,-7.857808676282555,110.15916128305197,444994,576.803,Ibu Menyusui,,Ibu Menyusui,124 Orang,exact,124,124,124,"{""person"": 124}",,,,,"[""auto:6f76b90481""]","[""https://www.instagram.com/p/DbDg62fTCv5/""]","[""count_shared_across_rows""]"
id.Daftar_kasus_keracunan_massal_makan_siang_gratis#r0489,id.Daftar_kasus_keracunan_massal_makan_siang_gratis,489,id.Daftar_kasus_keracunan_massal_makan_siang_gratis#e0489,2026-08-03,2026-08-03,day,3 Agustus 2026,DI Yogyakarta,Daerah Istimewa Yogyakarta,Kabupaten Kulon Progo,kabupaten,Kulon Progo,34.01,exact,34,-7.857808676282555,110.15916128305197,444994,576.803,SMK Negeri 1 Nanggulan,senior_secondary,SMK Negeri 1 Nanggulan,Ratusan Siswa,vague,,100,999,{},,,,,"[""auto:e3dcb3eec1""]","[""https://radarmalioboro.jawapos.com/pemerintahan/2608060016/ratusan-siswa-di-nanggulan-diduga-keracunan-mbg-dinkes-kulon-progo-kesulitan-ambil-sampel-makanan""]","[""count_vague""]"
id.Daftar_kasus_keracunan_massal_makan_siang_gratis#r0490,id.Daftar_kasus_keracunan_massal_makan_siang_gratis,490,id.Daftar_kasus_keracunan_massal_makan_siang_gratis#e0490,2026-09-16,2026-09-16,day,16 September 2026,DI Yogyakarta,Daerah Istimewa Yogyakarta,Kabupaten Kulon Progo,kabupaten,Kulon Progo,34.01,exact,34,-7.857808676282555,110.15916128305197,444994,576.803,MTs Ma'arif Jangkaran,junior_secondary,MTs Ma'arif Jangkaran,29 Siswa,exact,29,29,29,"{""student"": 29}",29,,,,"[""auto:a1d9e321af""]","[""https://jogjapolitan.harianjogja.com/r-1271607/kronologi-puluhan-siswa-temon-kulonprogo-keracunan-mbg-menu-diduga-berlendir""]",[]
id.Daftar_kasus_keracunan_massal_makan_siang_gratis#r0491,id.Daftar_kasus_keracunan_massal_makan_siang_gratis,491,id.Daftar_kasus_keracunan_massal_makan_siang_gratis#e0490,2026-09-16,2026-09-16,day,16 September 2026,DI Yogyakarta,Daerah Istimewa Yogyakarta,Kabupaten Kulon Progo,kabupaten,Kulon Progo,34.01,exact,34,-7.857808676282555,110.15916128305197,444994,576.803,SMP Muhammadiyah Temon,junior_secondary,SMP Muhammadiyah Temon,29 Siswa,exact,29,29,29,"{""student"": 29}",,,,,"[""auto:a1d9e321af""]","[""https://jogjapolitan.harianjogja.com/r-1271607/kronologi-puluhan-siswa-temon-kulonprogo-keracunan-mbg-menu-diduga-berlendir""]","[""count_shared_across_rows""]"
id.Daftar_kasus_keracunan_massal_makan_siang_gratis#r0492,id.Daftar_kasus_keracunan_massal_makan_siang_gratis,492,id.Daftar_kasus_keracunan_massal_makan_siang_gratis#e0492,2025-08-13,2025-08-13,day,13 Agustus 2025,DI Yogyakarta,Daerah Istimewa Yogyakarta,Kabupaten Sleman,kabupaten,Sleman,34.04,exact,34,-7.71654673418279,110.35577266770737,1125571,573.749,SMP Muhammadiyah 1 Mlati,junior_secondary,SMP Muhammadiyah 1 Mlati,379 Siswa,exact,379,379,379,"{""student"": 379}",379,,,,"[""auto:7eebc6e397""]","[""https://jogja.tribunnews.com/2025/08/16/jumlah-korban-dugaan-keracunan-menu-mbg-di-sleman-bertambah-kini-tercatat-menjadi-379-siswa""]",[]
id.Daftar_kasus_keracunan_massal_makan_siang_gratis#r0493,id.Daftar_kasus_keracunan_massal_makan_siang_gratis,493,id.Daftar_kasus_keracunan_massal_makan_siang_gratis#e0492,2025-08-13,2025-08-13,day,13 Agustus 2025,DI Yogyakarta,Daerah Istimewa Yogyakarta,Kabupaten Sleman,kabupaten,Sleman,34.04,exact,34,-7.71654673418279,110.35577266770737,1125571,573.749,SMP Muhammadiyah 3 Mlati,junior_secondary,SMP Muhammadiyah 3 Mlati,379 Siswa,exact,379,379,379,"{""student"": 379}",,,,,"[""auto:7eebc6e397""]","[""https://jogja.tribunnews.com/2025/08/16/jumlah-korban-dugaan-keracunan-menu-mbg-di-sleman-bertambah-kini-tercatat-menjadi-379-siswa""]","[""count_shared_across_rows""]"
id.Daftar_kasus_keracunan_massal_makan_siang_gratis#r0494,id.Daftar_kasus_keracunan_massal_makan_siang_gratis,494,id.Daftar_kasus_keracunan_massal_makan_siang_gratis#e0492,2025-08-13,2025-08-13,day,13 Agustus 2025,DI Yogyakarta,Daerah Istimewa Yogyakarta,Kabupaten Sleman,kabupaten,Sleman,34.04,exact,34,-7.71654673418279,110.35577266770737,1125571,573.749,SMP Negeri 3 Mlati,junior_secondary,SMP Negeri 3 Mlati,379 Siswa,exact,379,379,379,"{""student"": 379}",,,,,"[""auto:7eebc6e397""]","[""https://jogja.tribunnews.com/2025/08/16/jumlah-korban-dugaan-keracunan-menu-mbg-di-sleman-bertambah-kini-tercatat-menjadi-379-siswa""]","[""count_shared_across_rows""]"
id.Daftar_kasus_keracunan_massal_makan_siang_gratis#r0495,id.Daftar_kasus_keracunan_massal_makan_siang_gratis,495,id.Daftar_kasus_keracunan_massal_makan_siang_gratis#e0492,2025-08-13,2025-08-13,day,13 Agustus 2025,DI Yogyakarta,Daerah Istimewa Yogyakarta,Kabupaten Sleman,kabupaten,Sleman,34.04,exact,34,-7.71654673418279,110.35577266770737,1125571,573.749,SMP Pamungkas Mlati,junior_secondary,SMP Pamungkas Mlati,379 Siswa,exact,379,379,379,"{""student"": 379}",,,,,"[""auto:7eebc6e397""]","[""https://jogja.tribunnews.com/2025/08/16/jumlah-korban-dugaan-keracunan-menu-mbg-di-sleman-bertambah-kini-tercatat-menjadi-379-siswa""]","[""count_shared_across_rows""]"
id.Daftar_kasus_keracunan_massal_makan_siang_gratis#r0496,id.Daftar_kasus_keracunan_massal_makan_siang_gratis,496,id.Daftar_kasus_keracunan_massal_makan_siang_gratis#e0496,2025-08-27,2025-08-27,day,27 Agustus 2025,DI Yogyakarta,Daerah Istimewa Yogyakarta,Kabupaten Sleman,kabupaten,Sleman,34.04,exact,34,-7.71654673418279,110.35577266770737,1125571,573.749,SMPN 3 Berbah,junior_secondary,SMPN 3 Berbah,135 siswa + 2 guru,exact,137,137,137,"{""student"": 135, ""teacher"": 2}",137,,,,"[""auto:0bc4fe7a4a""]","[""https://www.detik.com/jogja/berita/d-8081852/135-siswa-2-guru-smpn-3-berbah-sleman-diduga-keracunan-mbg""]",[]
id.Daftar_kasus_keracunan_massal_makan_siang_gratis#r0497,id.Daftar_kasus_keracunan_massal_makan_siang_gratis,497,id.Daftar_kasus_keracunan_massal_makan_siang_gratis#e0497,2025-10-24,2025-10-24,day,24 Oktober 2025,DI Yogyakarta,Daerah Istimewa Yogyakarta,Kabupaten Sleman,kabupaten,Sleman,34.04,exact,34,-7.71654673418279,110.35577266770737,1125571,573.749,SD Jombor Lor,primary,SD Jombor Lor,300 Siswa,exact,300,300,300,"{""student"": 300}",300,,,,"[""auto:653e43757e""]","[""https://jogja.suara.com/read/2025/10/24/125019/terjadi-lagi-ratusan-siswa-di-sleman-diare-dan-pusing-massal-setelah-santap-mbg""]",[]
id.Daftar_kasus_keracunan_massal_makan_siang_gratis#r0498,id.Daftar_kasus_keracunan_massal_makan_siang_gratis,498,id.Daftar_kasus_keracunan_massal_makan_siang_gratis#e0497,2025-10-24,2025-10-24,day,24 Oktober 2025,DI Yogyakarta,Daerah Istimewa Yogyakarta,Kabupaten Sleman,kabupaten,Sleman,34.04,exact,34,-7.71654673418279,110.35577266770737,1125571,573.749,SMP Negeri 2 Mlati,junior_secondary,SMP Negeri 2 Mlati,300 Siswa,exact,300,300,300,"{""student"": 300}",,,,,"[""auto:653e43757e""]","[""https://jogja.suara.com/read/2025/10/24/125019/terjadi-lagi-ratusan-siswa-di-sleman-diare-dan-pusing-massal-setelah-santap-mbg""]","[""count_shared_across_rows""]"
id.Daftar_kasus_keracunan_massal_makan_siang_gratis#r0499,id.Daftar_kasus_keracunan_massal_makan_siang_gratis,499,id.Daftar_kasus_keracunan_massal_makan_siang_gratis#e0497,2025-10-24,2025-10-24,day,24 Oktober 2025,DI Yogyakarta,Daerah Istimewa Yogyakarta,Kabupaten Sleman,kabupaten,Sleman,34.04,exact,34,-7.71654673418279,110.35577266770737,1125571,573.749,MAN 3 Yogyakarta,senior_secondary,MAN 3 Yogyakarta,300 Siswa,exact,300,300,300,"{""student"": 300}",,,,,"[""auto:653e43757e""]","[""https://jogja.suara.com/read/2025/10/24/125019/terjadi-lagi-ratusan-siswa-di-sleman-diare-dan-pusing-massal-setelah-santap-mbg""]","[""count_shared_across_rows""]"
id.Daftar_kasus_keracunan_massal_makan_siang_gratis#r0500,id.Daftar_kasus_keracunan_massal_makan_siang_gratis,500,id.Daftar_kasus_keracunan_massal_makan_siang_gratis#e0500,2026-08-03,2026-08-03,day,3 Agustus 2026,DI Yogyakarta,Daerah Istimewa Yogyakarta,Kabupaten Sleman,kabupaten,Sleman,34.04,exact,34,-7.71654673418279,110.35577266770737,1125571,573.749,,,TBA (Spesifik tidak disebutkan),25 Orang,exact,25,25,25,"{""person"": 25}",25,,,,"[""auto:e5680fd257""]","[""https://jogja.tribunnews.com/diy/1220268/puluhan-siswa-sd-di-prambanan-sleman-alami-keracunan-diduga-karena-mbg""]","[""no_venue""]"
id.Daftar_kasus_keracunan_massal_makan_siang_gratis#r0501,id.Daftar_kasus_keracunan_massal_makan_siang_gratis,501,id.Daftar_kasus_keracunan_massal_makan_siang_gratis#e0501,2026-09-07,2026-09-07,day,7 September 2026,DI Yogyakarta,Daerah Istimewa Yogyakarta,Kabupaten Sleman,kabupaten,Sleman,34.04,exact,34,-7.71654673418279,110.35577266770737,1125571,573.749,SD Muhammadiyah Balerante,primary,SD Muhammadiyah Balerante,101 Orang,exact,101,101,101,"{""person"": 101}",101,,,,"[""auto:63d34316cb""]","[""https://jogja.tribunnews.com/diy/1222571/korban-keracunan-setelah-santap-mbg-di-turi-sleman-bertambah-jadi-101-siswa-dua-rawat-inap""]",[]
id.Daftar_kasus_keracunan_massal_makan_siang_gratis#r0502,id.Daftar_kasus_keracunan_massal_makan_siang_gratis,502,id.Daftar_kasus_keracunan_massal_makan_siang_gratis#e0501,2026-09-07,2026-09-07,day,7 September 2026,DI Yogyakarta,Daerah Istimewa Yogyakarta,Kabupaten Sleman,kabupaten,Sleman,34.04,exact,34,-7.71654673418279,110.35577266770737,1125571,573.749,SMP Negeri 3 Turi,junior_secondary,SMP Negeri 3 Turi,101 Orang,exact,101,101,101,"{""person"": 101}",,,,,"[""auto:63d34316cb""]","[""https://jogja.tribunnews.com/diy/1222571/korban-keracunan-setelah-santap-mbg-di-turi-sleman-bertambah-jadi-101-siswa-dua-rawat-inap""]","[""count_shared_across_rows""]"
id.Daftar_kasus_keracunan_massal_makan_siang_gratis#r0503,id.Daftar_kasus_keracunan_massal_makan_siang_gratis,503,id.Daftar_kasus_keracunan_massal_makan_siang_gratis#e0501,2026-09-07,2026-09-07,day,7 September 2026,DI Yogyakarta,Daerah Istimewa Yogyakarta,Kabupaten Sleman,kabupaten,Sleman,34.04,exact,34,-7.71654673418279,110.35577266770737,1125571,573.749,SMK Muhammadiyah I Turi,senior_secondary,SMK Muhammadiyah I Turi,101 Orang,exact,101,101,101,"{""person"": 101}",,,,,"[""auto:63d34316cb""]","[""https://jogja.tribunnews.com/diy/1222571/korban-keracunan-setelah-santap-mbg-di-turi-sleman-bertambah-jadi-101-siswa-dua-rawat-inap""]","[""count_shared_across_rows""]"
id.Daftar_kasus_keracunan_massal_makan_siang_gratis#r0504,id.Daftar_kasus_keracunan_massal_makan_siang_gratis,504,id.Daftar_kasus_keracunan_massal_makan_siang_gratis#e0504,2025-09-03,2025-09-03,day,3 September 2025,DI Yogyakarta,Daerah Istimewa Yogyakarta,Kabupaten Gunungkidul,kabupaten,Gunungkidul,34.03,exact,34,-7.964079635059824,110.6015380965454,776926,1475.465,MTsN Wonosari,junior_secondary,MTsN Wonosari,5 Siswa,exact,5,5,5,"{""student"": 5}",5,,,,"[""auto:628ffc9332""]","[""https://www.detik.com/jogja/berita/d-8096710/5-anak-mual-muntah-usai-santap-mbg-di-gunungkidul-dinkes-diduga-keracunan-makanan""]",[]
id.Daftar_kasus_keracunan_massal_makan_siang_gratis#r0505,id.Daftar_kasus_keracunan_massal_makan_siang_gratis,505,id.Daftar_kasus_keracunan_massal_makan_siang_gratis#e0505,2025-09-15,2025-09-15,day,15 September 2025,DI Yogyakarta,Daerah Istimewa Yogyakarta,Kabupaten Gunungkidul,kabupaten,Gunungkidul,34.03,exact,34,-7.964079635059824,110.6015380965454,776926,1475.465,SDN Sumberejo,primary,SDN Sumberejo,19 Siswa,exact,19,19,19,"{""student"": 19}",19,,,,"[""auto:acb9b9e9f9""]","[""https://www.detik.com/jogja/berita/d-8115413/19-siswa-di-semin-gunungkidul-diduga-keracunan-mbg""]",[]
id.Daftar_kasus_keracunan_massal_makan_siang_gratis#r0506,id.Daftar_kasus_keracunan_massal_makan_siang_gratis,506,id.Daftar_kasus_keracunan_massal_makan_siang_gratis#e0505,2025-09-15,2025-09-15,day,15 September 2025,DI Yogyakarta,Daerah Istimewa Yogyakarta,Kabupaten Gunungkidul,kabupaten,Gunungkidul,34.03,exact,34,-7.964079635059824,110.6015380965454,776926,1475.465,SMPN 2 Semin,junior_secondary,SMPN 2 Semin,19 Siswa,exact,19,19,19,"{""student"": 19}",,,,,"[""auto:acb9b9e9f9""]","[""https://www.detik.com/jogja/berita/d-8115413/19-siswa-di-semin-gunungkidul-diduga-keracunan-mbg""]","[""count_shared_across_rows""]"
id.Daftar_kasus_keracunan_massal_makan_siang_gratis#r0507,id.Daftar_kasus_keracunan_massal_makan_siang_gratis,507,id.Daftar_kasus_keracunan_massal_makan_siang_gratis#e0505,2025-09-15,2025-09-15,day,15 September 2025,DI Yogyakarta,Daerah Istimewa Yogyakarta,Kabupaten Gunungkidul,kabupaten,Gunungkidul,34.03,exact,34,-7.964079635059824,110.6015380965454,776926,1475.465,SMPS Budi Mulia Semin,junior_secondary,SMPS Budi Mulia Semin,19 Siswa,exact,19,19,19,"{""student"": 19}",,,,,"[""auto:acb9b9e9f9""]","[""https://www.detik.com/jogja/berita/d-8115413/19-siswa-di-semin-gunungkidul-diduga-keracunan-mbg""]","[""count_shared_across_rows""]"
id.Daftar_kasus_keracunan_massal_makan_siang_gratis#r0508,id.Daftar_kasus_keracunan_massal_makan_siang_gratis,508,id.Daftar_kasus_keracunan_massal_makan_siang_gratis#e0508,2025-10-03,2025-10-03,day,3 Oktober 2025,DI Yogyakarta,Daerah Istimewa Yogyakarta,Kabupaten Gunungkidul,kabupaten,Gunungkidul,34.03,exact,34,-7.964079635059824,110.6015380965454,776926,1475.465,SD Negeri 03 Piyaman,primary,SD Negeri 03 Piyaman,6 Siswa,exact,6,6,6,"{""student"": 6}",6,,,,"[""auto:9098462dfc""]","[""https://www.detik.com/jogja/berita/d-8143427/keracunan-mbg-hari-ini-juga-terjadi-di-gunungkidul""]",[]
id.Daftar_kasus_keracunan_massal_makan_siang_gratis#r0509,id.Daftar_kasus_keracunan_massal_makan_siang_gratis,509,id.Daftar_kasus_keracunan_massal_makan_siang_gratis#e0509,2025-10-28,2025-10-28,day,28 Oktober 2025,DI Yogyakarta,Daerah Istimewa Yogyakarta,Kabupaten Gunungkidul,kabupaten,Gunungkidul,34.03,exact,34,-7.964079635059824,110.6015380965454,776926,1475.465,SMPN 1 Saptosari,junior_secondary,SMPN 1 Saptosari,695 Siswa,exact,695,695,695,"{""student"": 695}",695,,,,"[""auto:2ec2cb72a6""]","[""https://yogyakarta.kompas.com/read/2025/10/29/151239178/hampir-700-anak-dari-2-sekolah-diduga-keracunan-mbg-di-gunungkidul""]",[]
id.Daftar_kasus_keracunan_massal_makan_siang_gratis#r0510,id.Daftar_kasus_keracunan_massal_makan_siang_gratis,510,id.Daftar_kasus_keracunan_massal_makan_siang_gratis#e0509,2025-10-28,2025-10-28,day,28 Oktober 2025,DI Yogyakarta,Daerah Istimewa Yogyakarta,Kabupaten Gunungkidul,kabupaten,Gunungkidul,34.03,exact,34,-7.964079635059824,110.6015380965454,776926,1475.465,SMKN 1 Saptosari,senior_secondary,SMKN 1 Saptosari,695 Siswa,exact,695,695,695,"{""student"": 695}",,,,,"[""auto:2ec2cb72a6""]","[""https://yogyakarta.kompas.com/read/2025/10/29/151239178/hampir-700-anak-dari-2-sekolah-diduga-keracunan-mbg-di-gunungkidul""]","[""count_shared_across_rows""]"
id.Daftar_kasus_keracunan_massal_makan_siang_gratis#r0511,id.Daftar_kasus_keracunan_massal_makan_siang_gratis,511,id.Daftar_kasus_keracunan_massal_makan_siang_gratis#e0511,2025-10-29,2025-10-29,day,29 Oktober 2025,DI Yogyakarta,Daerah Istimewa Yogyakarta,Kabupaten Gunungkidul,kabupaten,Gunungkidul,34.03,exact,34,-7.964079635059824,110.6015380965454,776926,1475.465,SD Sumbergiri,primary,SD Sumbergiri,121 Siswa,exact,121,121,121,"{""student"": 121}",121,,,,"[""auto:69b6c6a45b""]","[""https://jogja.tribunnews.com/diy/1198649/lagi-kasus-dugaan-keracunan-mbg-menimpa-121-siswa-di-ponjong-gunungkidul""]",[]
id.Daftar_kasus_keracunan_massal_makan_siang_gratis#r0512,id.Daftar_kasus_keracunan_massal_makan_siang_gratis,512,id.Daftar_kasus_keracunan_massal_makan_siang_gratis#e0511,2025-10-29,2025-10-29,day,29 Oktober 2025,DI Yogyakarta,Daerah Istimewa Yogyakarta,Kabupaten Gunungkidul,kabupaten,Gunungkidul,34.03,exact,34,-7.964079635059824,110.6015380965454,776926,1475.465,SDN Mendak 1,primary,SDN Mendak 1,121 Siswa,exact,121,121,121,"{""student"": 121}",,,,,"[""auto:69b6c6a45b""]","[""https://jogja.tribunnews.com/diy/1198649/lagi-kasus-dugaan-keracunan-mbg-menimpa-121-siswa-di-ponjong-gunungkidul""]","[""count_shared_across_rows""]"
id.Daftar_kasus_keracunan_massal_makan_siang_gratis#r0513,id.Daftar_kasus_keracunan_massal_makan_siang_gratis,513,id.Daftar_kasus_keracunan_massal_makan_siang_gratis#e0511,2025-10-29,2025-10-29,day,29 Oktober 2025,DI Yogyakarta,Daerah Istimewa Yogyakarta,Kabupaten Gunungkidul,kabupaten,Gunungkidul,34.03,exact,34,-7.964079635059824,110.6015380965454,776926,1475.465,SMPN 1 Ponjong,junior_secondary,SMPN 1 Ponjong,121 Siswa,exact,121,121,121,"{""student"": 121}",,,,,"[""auto:69b6c6a45b""]","[""https://jogja.tribunnews.com/diy/1198649/lagi-kasus-dugaan-keracunan-mbg-menimpa-121-siswa-di-ponjong-gunungkidul""]","[""count_shared_across_rows""]"
id.Daftar_kasus_keracunan_massal_makan_siang_gratis#r0514,id.Daftar_kasus_keracunan_massal_makan_siang_gratis,514,id.Daftar_kasus_keracunan_massal_makan_siang_gratis#e0511,2025-10-29,2025-10-29,day,29 Oktober 2025,DI Yogyakarta,Daerah Istimewa Yogyakarta,Kabupaten Gunungkidul,kabupaten,Gunungkidul,34.03,exact,34,-7.964079635059824,110.6015380965454,776926,1475.465,SMA Pembangunan 3 Ponjong,senior_secondary,SMA Pembangunan 3 Ponjong,121 Siswa,exact,121,121,121,"{""student"": 121}",,,,,"[""auto:69b6c6a45b""]","[""https://jogja.tribunnews.com/diy/1198649/lagi-kasus-dugaan-keracunan-mbg-menimpa-121-siswa-di-ponjong-gunungkidul""]","[""count_shared_across_rows""]"
id.Daftar_kasus_keracunan_massal_makan_siang_gratis#r0515,id.Daftar_kasus_keracunan_massal_makan_siang_gratis,515,id.Daftar_kasus_keracunan_massal_makan_siang_gratis#e0511,2025-10-29,2025-10-29,day,29 Oktober 2025,DI Yogyakarta,Daerah Istimewa Yogyakarta,Kabupaten Gunungkidul,kabupaten,Gunungkidul,34.03,exact,34,-7.964079635059824,110.6015380965454,776926,1475.465,SMK Ma'Arif,senior_secondary,SMK Ma'Arif,121 Siswa,exact,121,121,121,"{""student"": 121}",,,,,"[""auto:69b6c6a45b""]","[""https://jogja.tribunnews.com/diy/1198649/lagi-kasus-dugaan-keracunan-mbg-menimpa-121-siswa-di-ponjong-gunungkidul""]","[""count_shared_across_rows""]"
id.Daftar_kasus_keracunan_massal_makan_siang_gratis#r0516,id.Daftar_kasus_keracunan_massal_makan_siang_gratis,516,id.Daftar_kasus_keracunan_massal_makan_siang_gratis#e0511,2025-10-29,2025-10-29,day,29 Oktober 2025,DI Yogyakarta,Daerah Istimewa Yogyakarta,Kabupaten Gunungkidul,kabupaten,Gunungkidul,34.03,exact,34,-7.964079635059824,110.6015380965454,776926,1475.465,SMK Muhammadiyah,senior_secondary,SMK Muhammadiyah,121 Siswa,exact,121,121,121,"{""student"": 121}",,,,,"[""auto:69b6c6a45b""]","[""https://jogja.tribunnews.com/diy/1198649/lagi-kasus-dugaan-keracunan-mbg-menimpa-121-siswa-di-ponjong-gunungkidul""]","[""count_shared_across_rows""]"
id.Daftar_kasus_keracunan_massal_makan_siang_gratis#r0517,id.Daftar_kasus_keracunan_massal_makan_siang_gratis,517,id.Daftar_kasus_keracunan_massal_makan_siang_gratis#e0517,2025-11-03,2025-11-03,day,3 November 2025,DI Yogyakarta,Daerah Istimewa Yogyakarta,Kabupaten Gunungkidul,kabupaten,Gunungkidul,34.03,exact,34,-7.964079635059824,110.6015380965454,776926,1475.465,,,TBA (Tidak disebutkan),547 Siswa,exact,547,547,547,"{""student"": 547}",547,,,,"[""auto:6a95451f46""]","[""https://joglosemarnews.com/2025/11/547-siswa-di-gunungkidul-keracunan-usai-makan-menu-mbg-dapur-masih-jalan-terus/""]","[""no_venue""]"
id.Daftar_kasus_keracunan_massal_makan_siang_gratis#r0518,id.Daftar_kasus_keracunan_massal_makan_siang_gratis,518,id.Daftar_kasus_keracunan_massal_makan_siang_gratis#e0518,2026-01-23,2026-01-23,day,23 Januari 2026,DI Yogyakarta,Daerah Istimewa Yogyakarta,Kabupaten Gunungkidul,kabupaten,Gunungkidul,34.03,exact,34,-7.964079635059824,110.6015380965454,776926,1475.465,SMP Muhammadiyah Playen,junior_secondary,SMP Muhammadiyah Playen,"48 Siswa, 9 Guru dan 1 Kepala Sekolah",exact,58,58,58,"{""student"": 48, ""teacher"": 9, ""principal"": 1}",58,,,,"["":8""]","[""https://yogyakarta.kompas.com/read/2026/01/27/192839378/puluhan-siswa-dan-guru-smp-muhammadiyah-playen-mengeluh-diare-dan-mual""]",[]
id.Daftar_kasus_keracunan_massal_makan_siang_gratis#r0519,id.Daftar_kasus_keracunan_massal_makan_siang_gratis,519,id.Daftar_kasus_keracunan_massal_makan_siang_gratis#e0519,2025-10-15,2025-10-15,day,15 Oktober 2025,DI Yogyakarta,Daerah Istimewa Yogyakarta,Kota Yogyakarta,kota,Yogyakarta,34.71,exact,34,-7.799905025562796,110.39137075421564,415605,32.819,SMAN 1 Yogyakarta,senior_secondary,SMAN 1 Yogyakarta,426 Siswa,exact,426,426,426,"{""student"": 426}",426,,,,"[""auto:133efaeb69""]","[""https://yogyakarta.kompas.com/read/2025/10/16/141711978/426-siswa-sma-1-yogyakarta-sakit-perut-usai-santap-mbg""]",[]
id.Daftar_kasus_keracunan_massal_makan_siang_gratis#r0520,id.Daftar_kasus_keracunan_massal_makan_siang_gratis,520,id.Daftar_kasus_keracunan_massal_makan_siang_gratis#e0520,2025-10-15,2025-10-15,day,15 Oktober 2025,DI Yogyakarta,Daerah Istimewa Yogyakarta,Kota Yogyakarta,kota,Yogyakarta,34.71,exact,34,-7.799905025562796,110.39137075421564,415605,32.819,SMA Muhammadiyah 7 Yogyakarta,senior_secondary,SMA Muhammadiyah 7 Yogyakarta,65 Siswa,exact,65,65,65,"{""student"": 65}",65,,,,"[""auto:73e228a96b""]","[""https://yogyakarta.kompas.com/read/2025/10/16/175003078/65-siswa-sma-muhammadiyah-7-yogyakarta-diare-usai-santap-mbg-dari-sppg""]",[]
id.Daftar_kasus_keracunan_massal_makan_siang_gratis#r0521,id.Daftar_kasus_keracunan_massal_makan_siang_gratis,521,id.Daftar_kasus_keracunan_massal_makan_siang_gratis#e0521,2026-09-16,2026-09-16,day,16 September 2026,DI Yogyakarta,Daerah Istimewa Yogyakarta,Kota Yogyakarta,kota,Yogyakarta,34.71,exact,34,-7.799905025562796,110.39137075421564,415605,32.819,SMK Negeri 2 Yogyakarta,senior_secondary,SMK Negeri 2 Yogyakarta,413 Orang,exact,413,413,413,"{""person"": 413}",413,,,,"[""auto:7cd7f00c9e""]","[""https://jogja.tribunnews.com/diy/1223367/kronologi-413-warga-smkn-2-yogyakarta-alami-gejala-keracunan-menu-mbg""]",[]
id.Daftar_kasus_keracunan_massal_makan_siang_gratis#r0522,id.Daftar_kasus_keracunan_massal_makan_siang_gratis,522,id.Daftar_kasus_keracunan_massal_makan_siang_gratis#e0522,2025-10-31,2025-10-31,day,31 Oktober 2025,DI Yogyakarta,Daerah Istimewa Yogyakarta,Kabupaten Bantul,kabupaten,Bantul,34.02,exact,34,-7.886189837551494,110.3278379965447,980269,511.527,SD 2 Bakulan,primary,SD 2 Bakulan,237 Siswa,exact,237,237,237,"{""student"": 237}",237,,,,"[""auto:500bbed569""]","[""https://radarjogja.jawapos.com/bantul/656789640/237-siswa-dari-lima-sekolah-di-kabupaten-bantul-diduga-keracunan-mbg-keluhannya-diare-hingga-sakit-perut""]",[]
id.Daftar_kasus_keracunan_massal_makan_siang_gratis#r0523,id.Daftar_kasus_keracunan_massal_makan_siang_gratis,523,id.Daftar_kasus_keracunan_massal_makan_siang_gratis#e0522,2025-10-31,2025-10-31,day,31 Oktober 2025,DI Yogyakarta,Daerah Istimewa Yogyakarta,Kabupaten Bantul,kabupaten,Bantul,34.02,exact,34,-7.886189837551494,110.3278379965447,980269,511.527,SMPN 1 jetis,junior_secondary,SMPN 1 jetis,237 Siswa,exact,237,237,237,"{""student"": 237}",,,,,"[""auto:500bbed569""]","[""https://radarjogja.jawapos.com/bantul/656789640/237-siswa-dari-lima-sekolah-di-kabupaten-bantul-diduga-keracunan-mbg-keluhannya-diare-hingga-sakit-perut""]","[""count_shared_across_rows""]"
id.Daftar_kasus_keracunan_massal_makan_siang_gratis#r0524,id.Daftar_kasus_keracunan_massal_makan_siang_gratis,524,id.Daftar_kasus_keracunan_massal_makan_siang_gratis#e0522,2025-10-31,2025-10-31,day,31 Oktober 2025,DI Yogyakarta,Daerah Istimewa Yogyakarta,Kabupaten Bantul,kabupaten,Bantul,34.02,exact,34,-7.886189837551494,110.3278379965447,980269,511.527,SMPN 3 Jetis,junior_secondary,SMPN 3 Jetis,237 Siswa,exact,237,237,237,"{""student"": 237}",,,,,"[""auto:500bbed569""]","[""https://radarjogja.jawapos.com/bantul/656789640/237-siswa-dari-lima-sekolah-di-kabupaten-bantul-diduga-keracunan-mbg-keluhannya-diare-hingga-sakit-perut""]","[""count_shared_across_rows""]"
id.Daftar_kasus_keracunan_massal_makan_siang_gratis#r0525,id.Daftar_kasus_keracunan_massal_makan_siang_gratis,525,id.Daftar_kasus_keracunan_massal_makan_siang_gratis#e0522,2025-10-31,2025-10-31,day,31 Oktober 2025,DI Yogyakarta,Daerah Istimewa Yogyakarta,Kabupaten Bantul,kabupaten,Bantul,34.02,exact,34,-7.886189837551494,110.3278379965447,980269,511.527,SMP Muhammadiyah Pulokasang,junior_secondary,SMP Muhammadiyah Pulokasang,237 Siswa,exact,237,237,237,"{""student"": 237}",,,,,"[""auto:500bbed569""]","[""https://radarjogja.jawapos.com/bantul/656789640/237-siswa-dari-lima-sekolah-di-kabupaten-bantul-diduga-keracunan-mbg-keluhannya-diare-hingga-sakit-perut""]","[""count_shared_across_rows""]"
id.Daftar_kasus_keracunan_massal_makan_siang_gratis#r0526,id.Daftar_kasus_keracunan_massal_makan_siang_gratis,526,id.Daftar_kasus_keracunan_massal_makan_siang_gratis#e0522,2025-10-31,2025-10-31,day,31 Oktober 2025,DI Yogyakarta,Daerah Istimewa Yogyakarta,Kabupaten Bantul,kabupaten,Bantul,34.02,exact,34,-7.886189837551494,110.3278379965447,980269,511.527,SMAN 1 Jetis,senior_secondary,SMAN 1 Jetis,237 Siswa,exact,237,237,237,"{""student"": 237}",,,,,"[""auto:500bbed569""]","[""https://radarjogja.jawapos.com/bantul/656789640/237-siswa-dari-lima-sekolah-di-kabupaten-bantul-diduga-keracunan-mbg-keluhannya-diare-hingga-sakit-perut""]","[""count_shared_across_rows""]"
id.Daftar_kasus_keracunan_massal_makan_siang_gratis#r0527,id.Daftar_kasus_keracunan_massal_makan_siang_gratis,527,id.Daftar_kasus_keracunan_massal_makan_siang_gratis#e0527,2026-04-02,2026-04-02,day,2 April 2026,DI Yogyakarta,Daerah Istimewa Yogyakarta,Kabupaten Bantul,kabupaten,Bantul,34.02,exact,34,-7.886189837551494,110.3278379965447,980269,511.527,,,6 SD (Spesifik tidak disebutkan),156 Siswa,exact,156,156,156,"{""student"": 156}",156,,,,"[""auto:8d447ebdf2""]","[""https://jogja.tribunnews.com/diy/1212345/kasus-dugaan-keracunan-menu-mbg-di-bantul-operasional-dua-sppg-dihentikan-sementara""]","[""no_venue""]"
id.Daftar_kasus_keracunan_massal_makan_siang_gratis#r0528,id.Daftar_kasus_keracunan_massal_makan_siang_gratis,528,id.Daftar_kasus_keracunan_massal_makan_siang_gratis#e0528,2026-04-08,2026-04-08,day,8 April 2026,DI Yogyakarta,Daerah Istimewa Yogyakarta,Kabupaten Bantul,kabupaten,Bantul,34.02,exact,34,-7.886189837551494,110.3278379965447,980269,511.527,SDN Monggang,primary,SDN Monggang,19 Siswa,exact,19,19,19,"{""student"": 19}",19,,,,"[""auto:c80477652b""]","[""https://www.detik.com/jogja/berita/d-8437025/19-murid-sd-diduga-keracunan-mbg-sppg-ditutup-sementara""]",[]
id.Daftar_kasus_keracunan_massal_makan_siang_gratis#r0529,id.Daftar_kasus_keracunan_massal_makan_siang_gratis,529,id.Daftar_kasus_keracunan_massal_makan_siang_gratis#e0528,2026-04-08,2026-04-08,day,8 April 2026,DI Yogyakarta,Daerah Istimewa Yogyakarta,Kabupaten Bantul,kabupaten,Bantul,34.02,exact,34,-7.886189837551494,110.3278379965447,980269,511.527,SD Negeri Kategan,primary,SD Negeri Kategan,19 Siswa,exact,19,19,19,"{""student"": 19}",,,,,"[""auto:c80477652b""]","[""https://www.detik.com/jogja/berita/d-8437025/19-murid-sd-diduga-keracunan-mbg-sppg-ditutup-sementara""]","[""count_shared_across_rows""]"
id.Daftar_kasus_keracunan_massal_makan_siang_gratis#r0530,id.Daftar_kasus_keracunan_massal_makan_siang_gratis,530,id.Daftar_kasus_keracunan_massal_makan_siang_gratis#e0530,2026-04-13,2026-04-13,day,13 April 2026,DI Yogyakarta,Daerah Istimewa Yogyakarta,Kabupaten Bantul,kabupaten,Bantul,34.02,exact,34,-7.886189837551494,110.3278379965447,980269,511.527,SMPN 3 Jetis,junior_secondary,SMPN 3 Jetis,80 Siswa,exact,80,80,80,"{""student"": 80}",80,,,,"[""auto:b3c12c660c""]","[""https://www.pojoksatu.id/nasional/1087357559/geger-80-siswa-dan-guru-di-bantul-diduga-keracunan-makan-bergizi-gratis-gejalanya-muncul-sehari-setelah-makan""]",[]
id.Daftar_kasus_keracunan_massal_makan_siang_gratis#r0531,id.Daftar_kasus_keracunan_massal_makan_siang_gratis,531,id.Daftar_kasus_keracunan_massal_makan_siang_gratis#e0530,2026-04-13,2026-04-13,day,13 April 2026,DI Yogyakarta,Daerah Istimewa Yogyakarta,Kabupaten Bantul,kabupaten,Bantul,34.02,exact,34,-7.886189837551494,110.3278379965447,980269,511.527,SMP Muhammadiyah,junior_secondary,SMP Muhammadiyah,80 Siswa,exact,80,80,80,"{""student"": 80}",,,,,"[""auto:b3c12c660c""]","[""https://www.pojoksatu.id/nasional/1087357559/geger-80-siswa-dan-guru-di-bantul-diduga-keracunan-makan-bergizi-gratis-gejalanya-muncul-sehari-setelah-makan""]","[""count_shared_across_rows""]"
id.Daftar_kasus_keracunan_massal_makan_siang_gratis#r0532,id.Daftar_kasus_keracunan_massal_makan_siang_gratis,532,id.Daftar_kasus_keracunan_massal_makan_siang_gratis#e0532,2026-05-06,2026-05-06,day,6 Mei 2026,DI Yogyakarta,Daerah Istimewa Yogyakarta,Kabupaten Bantul,kabupaten,Bantul,34.02,exact,34,-7.886189837551494,110.3278379965447,980269,511.527,SDN Kowang,primary,SDN Kowang,23 Siswa,exact,23,23,23,"{""student"": 23}",23,,,,"[""auto:702ecf86ad""]","[""https://regional.espos.id/23-siswa-sd-di-bantul-diduga-keracunan-mbg-sampel-makanan-diuji-lab-2213609""]",[]
id.Daftar_kasus_keracunan_massal_makan_siang_gratis#r0533,id.Daftar_kasus_keracunan_massal_makan_siang_gratis,533,id.Daftar_kasus_keracunan_massal_makan_siang_gratis#e0533,2026-09-04,2026-09-04,day,4 September 2026,DI Yogyakarta,Daerah Istimewa Yogyakarta,Kabupaten Bantul,kabupaten,Bantul,34.02,exact,34,-7.886189837551494,110.3278379965447,980269,511.527,TK KB Mawar Harapan,early_childhood,TK KB Mawar Harapan,73 Orang,exact,73,73,73,"{""person"": 73}",73,,,,"[""auto:96e4420b64""]","[""https://jogja.tribunnews.com/diy/1223203/keracunan-mbg-berulang-di-sppg-patalan-2-dprd-bantul-minta-bgn-beri-sanksi-tegas""]",[]
id.Daftar_kasus_keracunan_massal_makan_siang_gratis#r0534,id.Daftar_kasus_keracunan_massal_makan_siang_gratis,534,id.Daftar_kasus_keracunan_massal_makan_siang_gratis#e0533,2026-09-04,2026-09-04,day,4 September 2026,DI Yogyakarta,Daerah Istimewa Yogyakarta,Kabupaten Bantul,kabupaten,Bantul,34.02,exact,34,-7.886189837551494,110.3278379965447,980269,511.527,KB Teratai Ceria,early_childhood,KB Teratai Ceria,73 Orang,exact,73,73,73,"{""person"": 73}",,,,,"[""auto:96e4420b64""]","[""https://jogja.tribunnews.com/diy/1223203/keracunan-mbg-berulang-di-sppg-patalan-2-dprd-bantul-minta-bgn-beri-sanksi-tegas""]","[""count_shared_across_rows""]"
id.Daftar_kasus_keracunan_massal_makan_siang_gratis#r0535,id.Daftar_kasus_keracunan_massal_makan_siang_gratis,535,id.Daftar_kasus_keracunan_massal_makan_siang_gratis#e0533,2026-09-04,2026-09-04,day,4 September 2026,DI Yogyakarta,Daerah Istimewa Yogyakarta,Kabupaten Bantul,kabupaten,Bantul,34.02,exact,34,-7.886189837551494,110.3278379965447,980269,511.527,SDN 1 Sumberagung,primary,SDN 1 Sumberagung,73 Orang,exact,73,73,73,"{""person"": 73}",,,,,"[""auto:96e4420b64""]","[""https://jogja.tribunnews.com/diy/1223203/keracunan-mbg-berulang-di-sppg-patalan-2-dprd-bantul-minta-bgn-beri-sanksi-tegas""]","[""count_shared_across_rows""]"
id.Daftar_kasus_keracunan_massal_makan_siang_gratis#r0536,id.Daftar_kasus_keracunan_massal_makan_siang_gratis,536,id.Daftar_kasus_keracunan_massal_makan_siang_gratis#e0533,2026-09-04,2026-09-04,day,4 September 2026,DI Yogyakarta,Daerah Istimewa Yogyakarta,Kabupaten Bantul,kabupaten,Bantul,34.02,exact,34,-7.886189837551494,110.3278379965447,980269,511.527,SD Patalan,primary,SD Patalan,73 Orang,exact,73,73,73,"{""person"": 73}",,,,,"[""auto:96e4420b64""]","[""https://jogja.tribunnews.com/diy/1223203/keracunan-mbg-berulang-di-sppg-patalan-2-dprd-bantul-minta-bgn-beri-sanksi-tegas""]","[""count_shared_across_rows""]"
id.Daftar_kasus_keracunan_massal_makan_siang_gratis#r0537,id.Daftar_kasus_keracunan_massal_makan_siang_gratis,537,id.Daftar_kasus_keracunan_massal_makan_siang_gratis#e0533,2026-09-04,2026-09-04,day,4 September 2026,DI Yogyakarta,Daerah Istimewa Yogyakarta,Kabupaten Bantul,kabupaten,Bantul,34.02,exact,34,-7.886189837551494,110.3278379965447,980269,511.527,SD Sawahan,primary,SD Sawahan,73 Orang,exact,73,73,73,"{""person"": 73}",,,,,"[""auto:96e4420b64""]","[""https://jogja.tribunnews.com/diy/1223203/keracunan-mbg-berulang-di-sppg-patalan-2-dprd-bantul-minta-bgn-beri-sanksi-tegas""]","[""count_shared_across_rows""]"
id.Daftar_kasus_keracunan_massal_makan_siang_gratis#r0538,id.Daftar_kasus_keracunan_massal_makan_siang_gratis,538,id.Daftar_kasus_keracunan_massal_makan_siang_gratis#e0533,2026-09-04,2026-09-04,day,4 September 2026,DI Yogyakarta,Daerah Istimewa Yogyakarta,Kabupaten Bantul,kabupaten,Bantul,34.02,exact,34,-7.886189837551494,110.3278379965447,980269,511.527,SD Kembangsongo,primary,SD Kembangsongo,73 Orang,exact,73,73,73,"{""person"": 73}",,,,,"[""auto:96e4420b64""]","[""https://jogja.tribunnews.com/diy/1223203/keracunan-mbg-berulang-di-sppg-patalan-2-dprd-bantul-minta-bgn-beri-sanksi-tegas""]","[""count_shared_across_rows""]"
id.Daftar_kasus_keracunan_massal_makan_siang_gratis#r0539,id.Daftar_kasus_keracunan_massal_makan_siang_gratis,539,id.Daftar_kasus_keracunan_massal_makan_siang_gratis#e0539,2024-10-02,2024-10-02,day,2 Oktober 2024,Jawa Timur,Jawa Timur,Kabupaten Nganjuk,kabupaten,Nganjuk,35.18,exact,35,-7.601982862041979,111.90189545421411,1152575,1289.067,SDN Banaran I,primary,SDN Banaran I,7 Siswa,exact,7,7,7,"{""student"": 7}",7,,,,"[""auto:f3a060606c""]","[""https://www.ntthits.com/politik/57715026614/rentetan-kasus-keracunan-mbg-di-berbagai-daerah-program-bergizi-yang-kini-dikhawatirkan""]",[]
id.Daftar_kasus_keracunan_massal_makan_siang_gratis#r0540,id.Daftar_kasus_keracunan_massal_makan_siang_gratis,540,id.Daftar_kasus_keracunan_massal_makan_siang_gratis#e0540,2026-04-07,2026-04-07,day,7 April 2026,Jawa Timur,Jawa Timur,Kabupaten Nganjuk,kabupaten,Nganjuk,35.18,exact,35,-7.601982862041979,111.90189545421411,1152575,1289.067,SDN Mojokendil,primary,SDN Mojokendil,Puluhan Siswa,vague,,20,99,{},,,,,"[""auto:b270938d33""]","[""https://jatim.wartaglobal.id/2026/04/insiden-murid-keracunan-program-mbg-di.html""]","[""count_vague""]"
id.Daftar_kasus_keracunan_massal_makan_siang_gratis#r0541,id.Daftar_kasus_keracunan_massal_makan_siang_gratis,541,id.Daftar_kasus_keracunan_massal_makan_siang_gratis#e0541,2026-09-02,2026-09-02,day,2 September 2026,Jawa Timur,Jawa Timur,Kabupaten Nganjuk,kabupaten,Nganjuk,35.18,exact,35,-7.601982862041979,111.90189545421411,1152575,1289.067,SMAN 3 Nganjuk,senior_secondary,SMAN 3 Nganjuk,127 Siswa,exact,127,127,127,"{""student"": 127}",127,,,,"[""auto:83d9da34e7""]","[""https://kabarbaik.co/bupati-marhaen-pantau-korban-keracunan-mbg-di-nganjuk-yang-tembus-127-siswa/""]",[]
id.Daftar_kasus_keracunan_massal_makan_siang_gratis#r0542,id.Daftar_kasus_keracunan_massal_makan_siang_gratis,542,id.Daftar_kasus_keracunan_massal_makan_siang_gratis#e0542,2025-09-04,2025-09-04,day,4 September 2025,Jawa Timur,Jawa Timur,Kabupaten Situbondo,kabupaten,Situbondo,35.12,exact,35,-7.707340624354634,114.00177518305065,691635,1654.705,SMAN 1 Panji,senior_secondary,SMAN 1 Panji,232 Siswa,exact,232,232,232,"{""student"": 232}",232,,,,"[""auto:62e0fa4956""]","[""https://memorandum.disway.id/read/138688/232-siswa-sman-1-panji-diduga-mengalami-keracunan-mbg""]",[]
id.Daftar_kasus_keracunan_massal_makan_siang_gratis#r0543,id.Daftar_kasus_keracunan_massal_makan_siang_gratis,543,id.Daftar_kasus_keracunan_massal_makan_siang_gratis#e0543,2025-09-09,2025-09-09,day,9 September 2025,Jawa Timur,Jawa Timur,Kabupaten Pamekasan,kabupaten,Pamekasan,35.28,exact,35,-7.156884154270928,113.47188259653895,904965,796.241,Lembaga Pendidikan Al-Falah,,Lembaga Pendidikan Al-Falah,37 Siswa,exact,37,37,37,"{""student"": 37}",37,,,,"[""auto:109d3dfda8""]","[""https://www.pojoksatu.id/daerah/1086581857/buntut-puluhan-siswa-keracunan-akibat-mbg-bgn-pamekasan-diduga-enggan-bertanggung-jawab""]",[]
id.Daftar_kasus_keracunan_massal_makan_siang_gratis#r0544,id.Daftar_kasus_keracunan_massal_makan_siang_gratis,544,id.Daftar_kasus_keracunan_massal_makan_siang_gratis#e0543,2025-09-09,2025-09-09,day,9 September 2025,Jawa Timur,Jawa Timur,Kabupaten Pamekasan,kabupaten,Pamekasan,35.28,exact,35,-7.156884154270928,113.47188259653895,904965,796.241,Lembaga Pendidikan Al-Amin,,Lembaga Pendidikan Al-Amin,37 Siswa,exact,37,37,37,"{""student"": 37}",,,,,"[""auto:109d3dfda8""]","[""https://www.pojoksatu.id/daerah/1086581857/buntut-puluhan-siswa-keracunan-akibat-mbg-bgn-pamekasan-diduga-enggan-bertanggung-jawab""]","[""count_shared_across_rows""]"
id.Daftar_kasus_keracunan_massal_makan_siang_gratis#r0545,id.Daftar_kasus_keracunan_massal_makan_siang_gratis,545,id.Daftar_kasus_keracunan_massal_makan_siang_gratis#e0545,2025-09-17,2025-09-17,day,17 September 2025,Jawa Timur,Jawa Timur,Kabupaten Pamekasan,kabupaten,Pamekasan,35.28,exact,35,-7.156884154270928,113.47188259653895,904965,796.241,SDN Pasanggar 1 Pegantenan,primary,SDN Pasanggar 1 Pegantenan,8 Siswa,exact,8,8,8,"{""student"": 8}",8,,,,"[""auto:04c68681bd""]","[""https://pamekasanchannel.com/news/daerah/menu-mbg-di-pegantenan-pamekasan-penyebab-keracunan-polisi-8-siswa-alami-muntah-muntah/""]",[]
id.Daftar_kasus_keracunan_massal_makan_siang_gratis#r0546,id.Daftar_kasus_keracunan_massal_makan_siang_gratis,546,id.Daftar_kasus_keracunan_massal_makan_siang_gratis#e0546,2025-10-15,2025-10-15,day,15 Oktober 2025,Jawa Timur,Jawa Timur,Kabupaten Pamekasan,kabupaten,Pamekasan,35.28,exact,35,-7.156884154270928,113.47188259653895,904965,796.241,SDN Toronan 1,primary,SDN Toronan 1,9 Siswa,exact,9,9,9,"{""student"": 9}",9,,,,"[""auto:2ce3d5389a""]","[""https://sekitarjatim.com/2025/10/15/sembilan-siswa-sd-di-pamekasan-diduga-keracunan-makanan-program-bergizi-gratis/""]",[]
id.Daftar_kasus_keracunan_massal_makan_siang_gratis#r0547,id.Daftar_kasus_keracunan_massal_makan_siang_gratis,547,id.Daftar_kasus_keracunan_massal_makan_siang_gratis#e0547,2025-11-06,2025-11-06,day,6 November 2025,Jawa Timur,Jawa Timur,Kabupaten Pamekasan,kabupaten,Pamekasan,35.28,exact,35,-7.156884154270928,113.47188259653895,904965,796.241,MTS Al-Ula,junior_secondary,MTS Al-Ula,17 Siswa,exact,17,17,17,"{""student"": 17}",17,,,,"[""auto:2cc81ed6e5""]","[""https://seru.co.id/212890-diduga-keracunan-makan-bergizi-gratis-17-siswa-di-blumbungan-pamekasan-dilarikan-ke-puskesmas""]",[]
id.Daftar_kasus_keracunan_massal_makan_siang_gratis#r0548,id.Daftar_kasus_keracunan_massal_makan_siang_gratis,548,id.Daftar_kasus_keracunan_massal_makan_siang_gratis#e0548,2025-11-06,2025-11-06,day,6 November 2025,Jawa Timur,Jawa Timur,Kabupaten Pamekasan,kabupaten,Pamekasan,35.28,exact,35,-7.156884154270928,113.47188259653895,904965,796.241,MA Al Islamiyah Blumbungan,senior_secondary,MA Al Islamiyah Blumbungan,3 Siswa,exact,3,3,3,"{""student"": 3}",3,,,,"[""auto:2cc81ed6e5""]","[""https://seru.co.id/212890-diduga-keracunan-makan-bergizi-gratis-17-siswa-di-blumbungan-pamekasan-dilarikan-ke-puskesmas""]",[]
id.Daftar_kasus_keracunan_massal_makan_siang_gratis#r0549,id.Daftar_kasus_keracunan_massal_makan_siang_gratis,549,id.Daftar_kasus_keracunan_massal_makan_siang_gratis#e0549,2025-09-17,2025-09-17,day,17 September 2025,Jawa Timur,Jawa Timur,Kabupaten Lamongan,kabupaten,Lamongan,35.24,exact,35,-7.1210348508171615,112.41543434071801,1367503,1752.989,SMAN 2 Lamongan,senior_secondary,SMAN 2 Lamongan,18 Siswa,exact,18,18,18,"{""student"": 18}",18,,,,"[""auto:89f15b892f""]","[""https://radarbangsa.co.id/polres-lamongan-tangani-serius-kasus-keracunan-mbg-siswa-sman-2/""]",[]
id.Daftar_kasus_keracunan_massal_makan_siang_gratis#r0550,id.Daftar_kasus_keracunan_massal_makan_siang_gratis,550,id.Daftar_kasus_keracunan_massal_makan_siang_gratis#e0550,2025-09-24,2025-09-24,day,24 September 2025,Jawa Timur,Jawa Timur,Kabupaten Bojonegoro,kabupaten,Bojonegoro,35.22,exact,35,-7.149935359747551,111.88154262537478,1366227,2312.627,SDN Semanding,primary,SDN Semanding,7 Siswa,exact,7,7,7,"{""student"": 7}",7,,,,"[""auto:dfca7c5d83""]","[""https://surabaya.kompas.com/read/2025/09/24/201250978/7-siswa-sd-diduga-keracunan-mbg-di-bojonegoro-4-di-antaranya-dirujuk-ke-igd""]",[]
id.Daftar_kasus_keracunan_massal_makan_siang_gratis#r0551,id.Daftar_kasus_keracunan_massal_makan_siang_gratis,551,id.Daftar_kasus_keracunan_massal_makan_siang_gratis#e0551,2025-10-01,2025-10-01,day,1 Oktober 2025,Jawa Timur,Jawa Timur,Kabupaten Bojonegoro,kabupaten,Bojonegoro,35.22,exact,35,-7.149935359747551,111.88154262537478,1366227,2312.627,SMAN 1 Kedungadem,senior_secondary,SMAN 1 Kedungadem,544 Siswa,exact,544,544,544,"{""student"": 544}",544,,,,"[""auto:e9d74f9790""]","[""https://beritajatim.com/ratusan-siswa-sman-1-kedungadem-bojonegoro-diduga-keracunan-usai-santap-mbg""]",[]
id.Daftar_kasus_keracunan_massal_makan_siang_gratis#r0552,id.Daftar_kasus_keracunan_massal_makan_siang_gratis,552,id.Daftar_kasus_keracunan_massal_makan_siang_gratis#e0552,2025-10-02,2025-10-02,day,2 Oktober 2025,Jawa Timur,Jawa Timur,Kabupaten Bojonegoro,kabupaten,Bojonegoro,35.22,exact,35,-7.149935359747551,111.88154262537478,1366227,2312.627,SD Negeri Tumbrasanom,primary,SD Negeri Tumbrasanom,7 Siswa,exact,7,7,7,"{""student"": 7}",7,,,,"[""auto:81120d02c5""]","[""https://www.detik.com/jatim/berita/d-8141923/7-siswa-sdn-bojonegoro-dilarikan-ke-puskesmas-diduga-keracunan-mbg""]",[]
id.Daftar_kasus_keracunan_massal_makan_siang_gratis#r0553,id.Daftar_kasus_keracunan_massal_makan_siang_gratis,553,id.Daftar_kasus_keracunan_massal_makan_siang_gratis#e0553,2025-10-02,2025-10-02,day,2 Oktober 2025,Jawa Timur,Jawa Timur,Kabupaten Bojonegoro,kabupaten,Bojonegoro,35.22,exact,35,-7.149935359747551,111.88154262537478,1366227,2312.627,MTs Plus Nabawi,junior_secondary,MTs Plus Nabawi,6 Siswa,exact,6,6,6,"{""student"": 6}",6,,,,"[""auto:fdbb6a806d""]","[""https://blokbojonegoro.com/2025/10/02/dugaan-keracunan-massal-mbg-di-kedungadem-bojonegoro-seluruh-siswa-telah-dipulangkan/""]",[]
id.Daftar_kasus_keracunan_massal_makan_siang_gratis#r0554,id.Daftar_kasus_keracunan_massal_makan_siang_gratis,554,id.Daftar_kasus_keracunan_massal_makan_siang_gratis#e0554,2025-11-28,2025-11-28,day,28 November 2025,Jawa Timur,Jawa Timur,Kabupaten Bojonegoro,kabupaten,Bojonegoro,35.22,exact,35,-7.149935359747551,111.88154262537478,1366227,2312.627,Pondok Pesantren Al Falah,pesantren,Pondok Pesantren Al Falah,30 Santri,exact,30,30,30,"{""santri"": 30}",30,,,,"[""auto:e94c08c62d""]","[""https://blokbojonegoro.com/2025/11/29/puluhan-siswa-diduga-keracunan-makanan-kepala-man-1-bojonegoro-pilih-tunggu-hasil-medis""]",[]
id.Daftar_kasus_keracunan_massal_makan_siang_gratis#r0555,id.Daftar_kasus_keracunan_massal_makan_siang_gratis,555,id.Daftar_kasus_keracunan_massal_makan_siang_gratis#e0555,2026-04-15,2026-04-15,day,15 April 2026,Jawa Timur,Jawa Timur,Kabupaten Bojonegoro,kabupaten,Bojonegoro,35.22,exact,35,-7.149935359747551,111.88154262537478,1366227,2312.627,,early_childhood,TK (Spesifik tidak disebutkan),17 Orang,exact,17,17,17,"{""person"": 17}",17,,,,"[""auto:a18a03987b""]","[""https://www.detik.com/jatim/berita/d-8447730/17-warga-di-bojonegoro-keracunan-usai-santap-menu-mbg-ada-ibu-hamil""]","[""no_venue""]"
id.Daftar_kasus_keracunan_massal_makan_siang_gratis#r0556,id.Daftar_kasus_keracunan_massal_makan_siang_gratis,556,id.Daftar_kasus_keracunan_massal_makan_siang_gratis#e0555,2026-04-15,2026-04-15,day,15 April 2026,Jawa Timur,Jawa Timur,Kabupaten Bojonegoro,kabupaten,Bojonegoro,35.22,exact,35,-7.149935359747551,111.88154262537478,1366227,2312.627,,primary,SD (Spesifik tidak disebutkan),17 Orang,exact,17,17,17,"{""person"": 17}",,,,,"[""auto:a18a03987b""]","[""https://www.detik.com/jatim/berita/d-8447730/17-warga-di-bojonegoro-keracunan-usai-santap-menu-mbg-ada-ibu-hamil""]","[""no_venue"", ""count_shared_across_rows""]"
id.Daftar_kasus_keracunan_massal_makan_siang_gratis#r0557,id.Daftar_kasus_keracunan_massal_makan_siang_gratis,557,id.Daftar_kasus_keracunan_massal_makan_siang_gratis#e0555,2026-04-15,2026-04-15,day,15 April 2026,Jawa Timur,Jawa Timur,Kabupaten Bojonegoro,kabupaten,Bojonegoro,35.22,exact,35,-7.149935359747551,111.88154262537478,1366227,2312.627,Ibu Hamil,,Ibu Hamil,17 Orang,exact,17,17,17,"{""person"": 17}",,,,,"[""auto:a18a03987b""]","[""https://www.detik.com/jatim/berita/d-8447730/17-warga-di-bojonegoro-keracunan-usai-santap-menu-mbg-ada-ibu-hamil""]","[""count_shared_across_rows""]"
id.Daftar_kasus_keracunan_massal_makan_siang_gratis#r0558,id.Daftar_kasus_keracunan_massal_makan_siang_gratis,558,id.Daftar_kasus_keracunan_massal_makan_siang_gratis#e0558,2025-09-24,2025-09-24,day,24 September 2025,Jawa Timur,Jawa Timur,Kabupaten Tuban,kabupaten,Tuban,35.23,exact,35,-6.8961044097904685,112.06506272537278,1266396,1973.515,SMKN 1 Palang,senior_secondary,SMKN 1 Palang,6 Siswa,exact,6,6,6,"{""student"": 6}",6,,,,"[""auto:3ad339ac3c""]","[""https://www.kompas.com/jawa-timur/read/2025/09/24/203000788/6-siswa-smk-di-tuban-diduga-keracunan-mbg-satu-murid-sempat-muntah""]",[]
id.Daftar_kasus_keracunan_massal_makan_siang_gratis#r0559,id.Daftar_kasus_keracunan_massal_makan_siang_gratis,559,id.Daftar_kasus_keracunan_massal_makan_siang_gratis#e0559,2025-10-14,2025-10-14,day,14 Oktober 2025,Jawa Timur,Jawa Timur,Kabupaten Tuban,kabupaten,Tuban,35.23,exact,35,-6.8961044097904685,112.06506272537278,1266396,1973.515,SMKN Tambakboyo,senior_secondary,SMKN Tambakboyo,8 Siswa,exact,8,8,8,"{""student"": 8}",8,,,,"[""auto:7208bbe64f""]","[""https://www.detik.com/jatim/berita/d-8160971/8-siswa-smkn-tambakboyo-tuban-dilarikan-ke-puskesmas-gegara-mbg""]",[]
id.Daftar_kasus_keracunan_massal_makan_siang_gratis#r0560,id.Daftar_kasus_keracunan_massal_makan_siang_gratis,560,id.Daftar_kasus_keracunan_massal_makan_siang_gratis#e0560,2026-01-27,2026-01-27,day,27 Januari 2026,Jawa Timur,Jawa Timur,Kabupaten Tuban,kabupaten,Tuban,35.23,exact,35,-6.8961044097904685,112.06506272537278,1266396,1973.515,SMPN 1 Montong,junior_secondary,SMPN 1 Montong,14 Siswa,exact,14,14,14,"{""student"": 14}",14,,,,"["":7""]","[""https://jatim.tribunnews.com/jatim/531208/mbg-makan-korban-lagi-belasan-siswa-smpn-1-montong-tuban-diduga-keracunan-massal""]",[]
id.Daftar_kasus_keracunan_massal_makan_siang_gratis#r0561,id.Daftar_kasus_keracunan_massal_makan_siang_gratis,561,id.Daftar_kasus_keracunan_massal_makan_siang_gratis#e0561,2025-09-25,2025-09-25,day,25 September 2025,Jawa Timur,Jawa Timur,Kota Batu,kota,Batu,35.79,exact,35,-7.862516051170755,112.5133531677289,225408,194.17,SMPN 1 Kota Batu,junior_secondary,SMPN 1 Kota Batu,12 Siswa,exact,12,12,12,"{""student"": 12}",12,,,,"[""auto:faee3c9f2f""]","[""https://surabaya.kompas.com/read/2025/09/29/122807778/kepala-smpn-1-batu-ungkap-kronologi-belasan-siswa-sakit-perut-usai-santap""]",[]
id.Daftar_kasus_keracunan_massal_makan_siang_gratis#r0562,id.Daftar_kasus_keracunan_massal_makan_siang_gratis,562,id.Daftar_kasus_keracunan_massal_makan_siang_gratis#e0561,2025-09-25,2025-09-25,day,25 September 2025,Jawa Timur,Jawa Timur,Kota Batu,kota,Batu,35.79,exact,35,-7.862516051170755,112.5133531677289,225408,194.17,SMAN 1 Kota Batu,senior_secondary,SMAN 1 Kota Batu,12 Siswa,exact,12,12,12,"{""student"": 12}",,,,,"[""auto:faee3c9f2f""]","[""https://surabaya.kompas.com/read/2025/09/29/122807778/kepala-smpn-1-batu-ungkap-kronologi-belasan-siswa-sakit-perut-usai-santap""]","[""count_shared_across_rows""]"
id.Daftar_kasus_keracunan_massal_makan_siang_gratis#r0563,id.Daftar_kasus_keracunan_massal_makan_siang_gratis,563,id.Daftar_kasus_keracunan_massal_makan_siang_gratis#e0563,2025-09-26,2025-09-26,day,26 September 2025,Jawa Timur,Jawa Timur,Kabupaten Jember,kabupaten,Jember,35.09,exact,35,-8.169670975121788,113.70215105421875,2615874,3314.358,SDN 05 Sidomekar,primary,SDN 05 Sidomekar,16 Siswa,exact,16,16,16,"{""student"": 16}",16,,,,"[""auto:e2bf3a8b8c""]","[""https://regional.kompas.com/read/2025/09/28/101559678/diduga-keracunan-16-siswa-sd-di-jember-mual-dan-sakit-perut-usai-santap-mbg""]",[]
id.Daftar_kasus_keracunan_massal_makan_siang_gratis#r0564,id.Daftar_kasus_keracunan_massal_makan_siang_gratis,564,id.Daftar_kasus_keracunan_massal_makan_siang_gratis#e0564,2026-02-05,2026-02-05,day,5 Februari 2026,Jawa Timur,Jawa Timur,Kabupaten Jember,kabupaten,Jember,35.09,exact,35,-8.169670975121788,113.70215105421875,2615874,3314.358,SMP Negeri 1 Umbulsari,junior_secondary,SMP Negeri 1 Umbulsari,112 Orang,exact,112,112,112,"{""person"": 112}",112,,,,"[""auto:77832cb9cc""]","[""https://halojember.jawapos.com/news/2217157641/ratusan-siswa-dan-guru-smpn-1-umbulsari-jember-diduga-keracunan-setelah-konsumsi-mbg""]",[]
id.Daftar_kasus_keracunan_massal_makan_siang_gratis#r0565,id.Daftar_kasus_keracunan_massal_makan_siang_gratis,565,id.Daftar_kasus_keracunan_massal_makan_siang_gratis#e0565,2026-05-20,2026-05-20,day,20 Mei 2026,Jawa Timur,Jawa Timur,Kabupaten Jember,kabupaten,Jember,35.09,exact,35,-8.169670975121788,113.70215105421875,2615874,3314.358,PAUD Qur’an Raudlatul Tulab,early_childhood,PAUD Qur’an Raudlatul Tulab,25 Siswa,exact,25,25,25,"{""student"": 25}",25,,,,"[""auto:29154dcadc""]","[""https://surabaya.kompas.com/read/2026/05/24/101632678/diduga-abaikan-edaran-bgn-dan-buat-25-anak-di-jember-keracunan-sppg?page=all""]",[]
id.Daftar_kasus_keracunan_massal_makan_siang_gratis#r0566,id.Daftar_kasus_keracunan_massal_makan_siang_gratis,566,id.Daftar_kasus_keracunan_massal_makan_siang_gratis#e0565,2026-05-20,2026-05-20,day,20 Mei 2026,Jawa Timur,Jawa Timur,Kabupaten Jember,kabupaten,Jember,35.09,exact,35,-8.169670975121788,113.70215105421875,2615874,3314.358,TK Al-Hidayah 01,early_childhood,TK Al-Hidayah 01,25 Siswa,exact,25,25,25,"{""student"": 25}",,,,,"[""auto:29154dcadc""]","[""https://surabaya.kompas.com/read/2026/05/24/101632678/diduga-abaikan-edaran-bgn-dan-buat-25-anak-di-jember-keracunan-sppg?page=all""]","[""count_shared_across_rows""]"
id.Daftar_kasus_keracunan_massal_makan_siang_gratis#r0567,id.Daftar_kasus_keracunan_massal_makan_siang_gratis,567,id.Daftar_kasus_keracunan_massal_makan_siang_gratis#e0565,2026-05-20,2026-05-20,day,20 Mei 2026,Jawa Timur,Jawa Timur,Kabupaten Jember,kabupaten,Jember,35.09,exact,35,-8.169670975121788,113.70215105421875,2615874,3314.358,RA Hidayatul Mubtadiin,early_childhood,RA Hidayatul Mubtadiin,25 Siswa,exact,25,25,25,"{""student"": 25}",,,,,"[""auto:29154dcadc""]","[""https://surabaya.kompas.com/read/2026/05/24/101632678/diduga-abaikan-edaran-bgn-dan-buat-25-anak-di-jember-keracunan-sppg?page=all""]","[""count_shared_across_rows""]"
id.Daftar_kasus_keracunan_massal_makan_siang_gratis#r0568,id.Daftar_kasus_keracunan_massal_makan_siang_gratis,568,id.Daftar_kasus_keracunan_massal_makan_siang_gratis#e0565,2026-05-20,2026-05-20,day,20 Mei 2026,Jawa Timur,Jawa Timur,Kabupaten Jember,kabupaten,Jember,35.09,exact,35,-8.169670975121788,113.70215105421875,2615874,3314.358,PAUD Aster 29,early_childhood,PAUD Aster 29,25 Siswa,exact,25,25,25,"{""student"": 25}",,,,,"[""auto:29154dcadc""]","[""https://surabaya.kompas.com/read/2026/05/24/101632678/diduga-abaikan-edaran-bgn-dan-buat-25-anak-di-jember-keracunan-sppg?page=all""]","[""count_shared_across_rows""]"
id.Daftar_kasus_keracunan_massal_makan_siang_gratis#r0569,id.Daftar_kasus_keracunan_massal_makan_siang_gratis,569,id.Daftar_kasus_keracunan_massal_makan_siang_gratis#e0565,2026-05-20,2026-05-20,day,20 Mei 2026,Jawa Timur,Jawa Timur,Kabupaten Jember,kabupaten,Jember,35.09,exact,35,-8.169670975121788,113.70215105421875,2615874,3314.358,TK Kuncup Bunga,early_childhood,TK Kuncup Bunga,25 Siswa,exact,25,25,25,"{""student"": 25}",,,,,"[""auto:29154dcadc""]","[""https://surabaya.kompas.com/read/2026/05/24/101632678/diduga-abaikan-edaran-bgn-dan-buat-25-anak-di-jember-keracunan-sppg?page=all""]","[""count_shared_across_rows""]"
id.Daftar_kasus_keracunan_massal_makan_siang_gratis#r0570,id.Daftar_kasus_keracunan_massal_makan_siang_gratis,570,id.Daftar_kasus_keracunan_massal_makan_siang_gratis#e0570,2026-07-15,2026-07-15,day,15 Juli 2026,Jawa Timur,Jawa Timur,Kabupaten Jember,kabupaten,Jember,35.09,exact,35,-8.169670975121788,113.70215105421875,2615874,3314.358,,early_childhood,TK (Spesifik tidak disebutkan),29 Siswa,exact,29,29,29,"{""student"": 29}",29,,,,"[""auto:276cbd9448""]","[""https://k-radiojember.com/artikel/29-korban-diduga-keracunan-mbg-satgas-temukan-pelanggaran-sop-di-dapur-karangsono""]","[""no_venue""]"
id.Daftar_kasus_keracunan_massal_makan_siang_gratis#r0571,id.Daftar_kasus_keracunan_massal_makan_siang_gratis,571,id.Daftar_kasus_keracunan_massal_makan_siang_gratis#e0570,2026-07-15,2026-07-15,day,15 Juli 2026,Jawa Timur,Jawa Timur,Kabupaten Jember,kabupaten,Jember,35.09,exact,35,-8.169670975121788,113.70215105421875,2615874,3314.358,SDN Karangsono,primary,SDN Karangsono,29 Siswa,exact,29,29,29,"{""student"": 29}",,,,,"[""auto:276cbd9448""]","[""https://k-radiojember.com/artikel/29-korban-diduga-keracunan-mbg-satgas-temukan-pelanggaran-sop-di-dapur-karangsono""]","[""count_shared_across_rows""]"
id.Daftar_kasus_keracunan_massal_makan_siang_gratis#r0572,id.Daftar_kasus_keracunan_massal_makan_siang_gratis,572,id.Daftar_kasus_keracunan_massal_makan_siang_gratis#e0572,2025-10-01,2025-10-01,day,1 Oktober 2025,Jawa Timur,Jawa Timur,Kabupaten Ngawi,kabupaten,Ngawi,35.21,exact,35,-7.401286050830588,111.44544266770494,907002,1395.804,SMK Negeri 1 Sine,senior_secondary,SMK Negeri 1 Sine,51 Siswa,exact,51,51,51,"{""student"": 51}",51,,,,"[""auto:f27605a929""]","[""https://radarlawu.jawapos.com/nasional/2206645390/breaking-news-keracunan-massal-mbg-di-smkn-1-sine-ngawi-51-siswa-mual-hingga-kejang-dirujuk-ke-puskesmas""]",[]
id.Daftar_kasus_keracunan_massal_makan_siang_gratis#r0573,id.Daftar_kasus_keracunan_massal_makan_siang_gratis,573,id.Daftar_kasus_keracunan_massal_makan_siang_gratis#e0573,2025-10-01,2025-10-01,day,1 Oktober 2025,Jawa Timur,Jawa Timur,Kabupaten Ngawi,kabupaten,Ngawi,35.21,exact,35,-7.401286050830588,111.44544266770494,907002,1395.804,MTs Muhammadiyah Sine,junior_secondary,MTs Muhammadiyah Sine,5 Siswa,exact,5,5,5,"{""student"": 5}",5,,,,"[""auto:1da98d8576""]","[""https://www.detik.com/jatim/berita/d-8141008/belum-selesai-keracunan-smkn-1-sine-5-siswi-mts-di-ngawi-alami-mual-mual""]",[]
id.Daftar_kasus_keracunan_massal_makan_siang_gratis#r0574,id.Daftar_kasus_keracunan_massal_makan_siang_gratis,574,id.Daftar_kasus_keracunan_massal_makan_siang_gratis#e0574,2025-11-26,2025-11-26,day,26 November 2025,Jawa Timur,Jawa Timur,Kabupaten Ngawi,kabupaten,Ngawi,35.21,exact,35,-7.401286050830588,111.44544266770494,907002,1395.804,SDN Jenggrik 2,primary,SDN Jenggrik 2,87 Siswa,exact,87,87,87,"{""student"": 87}",87,,,,"[""auto:25688581b2""]","[""https://memorandum.disway.id/ngawi/read/145178/87-siswa-ngawi-diduga-keracunan-massal-dua-anak-masih-jalani-perawatan""]",[]
id.Daftar_kasus_keracunan_massal_makan_siang_gratis#r0575,id.Daftar_kasus_keracunan_massal_makan_siang_gratis,575,id.Daftar_kasus_keracunan_massal_makan_siang_gratis#e0574,2025-11-26,2025-11-26,day,26 November 2025,Jawa Timur,Jawa Timur,Kabupaten Ngawi,kabupaten,Ngawi,35.21,exact,35,-7.401286050830588,111.44544266770494,907002,1395.804,SDN Jenggrik 6,primary,SDN Jenggrik 6,87 Siswa,exact,87,87,87,"{""student"": 87}",,,,,"[""auto:25688581b2""]","[""https://memorandum.disway.id/ngawi/read/145178/87-siswa-ngawi-diduga-keracunan-massal-dua-anak-masih-jalani-perawatan""]","[""count_shared_across_rows""]"
id.Daftar_kasus_keracunan_massal_makan_siang_gratis#r0576,id.Daftar_kasus_keracunan_massal_makan_siang_gratis,576,id.Daftar_kasus_keracunan_massal_makan_siang_gratis#e0574,2025-11-26,2025-11-26,day,26 November 2025,Jawa Timur,Jawa Timur,Kabupaten Ngawi,kabupaten,Ngawi,35.21,exact,35,-7.401286050830588,111.44544266770494,907002,1395.804,SDN Gemarang 5,primary,SDN Gemarang 5,87 Siswa,exact,87,87,87,"{""student"": 87}",,,,,"[""auto:25688581b2""]","[""https://memorandum.disway.id/ngawi/read/145178/87-siswa-ngawi-diduga-keracunan-massal-dua-anak-masih-jalani-perawatan""]","[""count_shared_across_rows""]"
id.Daftar_kasus_keracunan_massal_makan_siang_gratis#r0577,id.Daftar_kasus_keracunan_massal_makan_siang_gratis,577,id.Daftar_kasus_keracunan_massal_makan_siang_gratis#e0574,2025-11-26,2025-11-26,day,26 November 2025,Jawa Timur,Jawa Timur,Kabupaten Ngawi,kabupaten,Ngawi,35.21,exact,35,-7.401286050830588,111.44544266770494,907002,1395.804,SMPN 2 Kedunggalar,junior_secondary,SMPN 2 Kedunggalar,87 Siswa,exact,87,87,87,"{""student"": 87}",,,,,"[""auto:25688581b2""]","[""https://memorandum.disway.id/ngawi/read/145178/87-siswa-ngawi-diduga-keracunan-massal-dua-anak-masih-jalani-perawatan""]","[""count_shared_across_rows""]"
id.Daftar_kasus_keracunan_massal_makan_siang_gratis#r0578,id.Daftar_kasus_keracunan_massal_makan_siang_gratis,578,id.Daftar_kasus_keracunan_massal_makan_siang_gratis#e0574,2025-11-26,2025-11-26,day,26 November 2025,Jawa Timur,Jawa Timur,Kabupaten Ngawi,kabupaten,Ngawi,35.21,exact,35,-7.401286050830588,111.44544266770494,907002,1395.804,SMAN 1 Kedunggalar,senior_secondary,SMAN 1 Kedunggalar,87 Siswa,exact,87,87,87,"{""student"": 87}",,,,,"[""auto:25688581b2""]","[""https://memorandum.disway.id/ngawi/read/145178/87-siswa-ngawi-diduga-keracunan-massal-dua-anak-masih-jalani-perawatan""]","[""count_shared_across_rows""]"
id.Daftar_kasus_keracunan_massal_makan_siang_gratis#r0579,id.Daftar_kasus_keracunan_massal_makan_siang_gratis,579,id.Daftar_kasus_keracunan_massal_makan_siang_gratis#e0579,2025-12-04,2025-12-04,day,4 Desember 2025,Jawa Timur,Jawa Timur,Kabupaten Ngawi,kabupaten,Ngawi,35.21,exact,35,-7.401286050830588,111.44544266770494,907002,1395.804,Ponpes Absoru Sunah,pesantren,Ponpes Absoru Sunah,220 Siswa,exact,220,220,220,"{""student"": 220}",220,,,,"[""auto:e27e4cee96""]","[""https://beritajatim.com/total-220-siswa-keracunan-mbg-di-ngawi-gagal-ikut-ujian-akhir-semester""]",[]
id.Daftar_kasus_keracunan_massal_makan_siang_gratis#r0580,id.Daftar_kasus_keracunan_massal_makan_siang_gratis,580,id.Daftar_kasus_keracunan_massal_makan_siang_gratis#e0579,2025-12-04,2025-12-04,day,4 Desember 2025,Jawa Timur,Jawa Timur,Kabupaten Ngawi,kabupaten,Ngawi,35.21,exact,35,-7.401286050830588,111.44544266770494,907002,1395.804,Ponpes Miftahul Janah,pesantren,Ponpes Miftahul Janah,220 Siswa,exact,220,220,220,"{""student"": 220}",,,,,"[""auto:e27e4cee96""]","[""https://beritajatim.com/total-220-siswa-keracunan-mbg-di-ngawi-gagal-ikut-ujian-akhir-semester""]","[""count_shared_across_rows""]"
id.Daftar_kasus_keracunan_massal_makan_siang_gratis#r0581,id.Daftar_kasus_keracunan_massal_makan_siang_gratis,581,id.Daftar_kasus_keracunan_massal_makan_siang_gratis#e0579,2025-12-04,2025-12-04,day,4 Desember 2025,Jawa Timur,Jawa Timur,Kabupaten Ngawi,kabupaten,Ngawi,35.21,exact,35,-7.401286050830588,111.44544266770494,907002,1395.804,SDN Mantingan 2,primary,SDN Mantingan 2,220 Siswa,exact,220,220,220,"{""student"": 220}",,,,,"[""auto:e27e4cee96""]","[""https://beritajatim.com/total-220-siswa-keracunan-mbg-di-ngawi-gagal-ikut-ujian-akhir-semester""]","[""count_shared_across_rows""]"
id.Daftar_kasus_keracunan_massal_makan_siang_gratis#r0582,id.Daftar_kasus_keracunan_massal_makan_siang_gratis,582,id.Daftar_kasus_keracunan_massal_makan_siang_gratis#e0579,2025-12-04,2025-12-04,day,4 Desember 2025,Jawa Timur,Jawa Timur,Kabupaten Ngawi,kabupaten,Ngawi,35.21,exact,35,-7.401286050830588,111.44544266770494,907002,1395.804,SDN Mantingan 3,primary,SDN Mantingan 3,220 Siswa,exact,220,220,220,"{""student"": 220}",,,,,"[""auto:e27e4cee96""]","[""https://beritajatim.com/total-220-siswa-keracunan-mbg-di-ngawi-gagal-ikut-ujian-akhir-semester""]","[""count_shared_across_rows""]"
id.Daftar_kasus_keracunan_massal_makan_siang_gratis#r0583,id.Daftar_kasus_keracunan_massal_makan_siang_gratis,583,id.Daftar_kasus_keracunan_massal_makan_siang_gratis#e0579,2025-12-04,2025-12-04,day,4 Desember 2025,Jawa Timur,Jawa Timur,Kabupaten Ngawi,kabupaten,Ngawi,35.21,exact,35,-7.401286050830588,111.44544266770494,907002,1395.804,SDN Mantingan 5,primary,SDN Mantingan 5,220 Siswa,exact,220,220,220,"{""student"": 220}",,,,,"[""auto:e27e4cee96""]","[""https://beritajatim.com/total-220-siswa-keracunan-mbg-di-ngawi-gagal-ikut-ujian-akhir-semester""]","[""count_shared_across_rows""]"
id.Daftar_kasus_keracunan_massal_makan_siang_gratis#r0584,id.Daftar_kasus_keracunan_massal_makan_siang_gratis,584,id.Daftar_kasus_keracunan_massal_makan_siang_gratis#e0579,2025-12-04,2025-12-04,day,4 Desember 2025,Jawa Timur,Jawa Timur,Kabupaten Ngawi,kabupaten,Ngawi,35.21,exact,35,-7.401286050830588,111.44544266770494,907002,1395.804,,primary,SD (Spesifik tidak disebutkan),220 Siswa,exact,220,220,220,"{""student"": 220}",,,,,"[""auto:e27e4cee96""]","[""https://beritajatim.com/total-220-siswa-keracunan-mbg-di-ngawi-gagal-ikut-ujian-akhir-semester""]","[""no_venue"", ""count_shared_across_rows""]"
id.Daftar_kasus_keracunan_massal_makan_siang_gratis#r0585,id.Daftar_kasus_keracunan_massal_makan_siang_gratis,585,id.Daftar_kasus_keracunan_massal_makan_siang_gratis#e0585,2026-02-13,2026-02-13,day,13 Februari 2026,Jawa Timur,Jawa Timur,Kabupaten Ngawi,kabupaten,Ngawi,35.21,exact,35,-7.401286050830588,111.44544266770494,907002,1395.804,Ponpes Al hijrah,pesantren,Ponpes Al hijrah,67 Santri,exact,67,67,67,"{""santri"": 67}",67,,,,"[""auto:c535f24891""]","[""https://www.detik.com/jatim/berita/d-8356836/puluhan-santri-diduga-keracunan-mbg-di-ngawi-masih-dirawat""]",[]
id.Daftar_kasus_keracunan_massal_makan_siang_gratis#r0586,id.Daftar_kasus_keracunan_massal_makan_siang_gratis,586,id.Daftar_kasus_keracunan_massal_makan_siang_gratis#e0586,2025-10-13,2025-10-13,day,13 Oktober 2025,Jawa Timur,Jawa Timur,Kabupaten Tulungagung,kabupaten,Tulungagung,35.04,exact,35,-8.064364715839401,111.90068000547873,1139224,1144.856,SDN 1 Tanggung,primary,SDN 1 Tanggung,68 Siswa,exact,68,68,68,"{""student"": 68}",68,,,,"[""auto:502d32934e""]","[""https://surabaya.kompas.com/read/2025/10/14/130005978/keracunan-mbg-di-tulungagung-bertambah-jadi-68-siswa-kadinkes-dari-awal""]",[]
id.Daftar_kasus_keracunan_massal_makan_siang_gratis#r0587,id.Daftar_kasus_keracunan_massal_makan_siang_gratis,587,id.Daftar_kasus_keracunan_massal_makan_siang_gratis#e0586,2025-10-13,2025-10-13,day,13 Oktober 2025,Jawa Timur,Jawa Timur,Kabupaten Tulungagung,kabupaten,Tulungagung,35.04,exact,35,-8.064364715839401,111.90068000547873,1139224,1144.856,SMPN 1 Boyolangu,junior_secondary,SMPN 1 Boyolangu,68 Siswa,exact,68,68,68,"{""student"": 68}",,,,,"[""auto:502d32934e""]","[""https://surabaya.kompas.com/read/2025/10/14/130005978/keracunan-mbg-di-tulungagung-bertambah-jadi-68-siswa-kadinkes-dari-awal""]","[""count_shared_across_rows""]"
id.Daftar_kasus_keracunan_massal_makan_siang_gratis#r0588,id.Daftar_kasus_keracunan_massal_makan_siang_gratis,588,id.Daftar_kasus_keracunan_massal_makan_siang_gratis#e0588,2026-01-20,2026-01-20,day,20 Januari 2026,Jawa Timur,Jawa Timur,Kabupaten Tulungagung,kabupaten,Tulungagung,35.04,exact,35,-8.064364715839401,111.90068000547873,1139224,1144.856,SMKN 3 Boyolangu,senior_secondary,SMKN 3 Boyolangu,123 Siswa,exact,123,123,123,"{""student"": 123}",123,,,,"[""auto:78e1f71ce1""]","[""https://jatim.antaranews.com/berita/1025378/ratusan-siswa-smkn-3-boyolangu-alami-diare-diduga-keracunan-mbg""]",[]
id.Daftar_kasus_keracunan_massal_makan_siang_gratis#r0589,id.Daftar_kasus_keracunan_massal_makan_siang_gratis,589,id.Daftar_kasus_keracunan_massal_makan_siang_gratis#e0589,2026-01-22,2026-01-22,day,22 Januari 2026,Jawa Timur,Jawa Timur,Kabupaten Tulungagung,kabupaten,Tulungagung,35.04,exact,35,-8.064364715839401,111.90068000547873,1139224,1144.856,SMK Sore Tulungagung,senior_secondary,SMK Sore Tulungagung,15 Siswa,exact,15,15,15,"{""student"": 15}",15,,,,"[""auto:053ccbc9c8""]","[""https://video.tribunnews.com/view/906121/kembali-terjadi-15-siswa-smk-sore-tulungagung-keracunan-mbg-kini-dirawat-seusai-mual-dan-pusing""]",[]
id.Daftar_kasus_keracunan_massal_makan_siang_gratis#r0590,id.Daftar_kasus_keracunan_massal_makan_siang_gratis,590,id.Daftar_kasus_keracunan_massal_makan_siang_gratis#e0590,2026-02-10,2026-02-10,day,10 Februari 2026,Jawa Timur,Jawa Timur,Kabupaten Tulungagung,kabupaten,Tulungagung,35.04,exact,35,-8.064364715839401,111.90068000547873,1139224,1144.856,SDN 3 Bungur,primary,SDN 3 Bungur,24 Siswa,exact,24,24,24,"{""student"": 24}",24,,,,"[""auto:445b90f721""]","[""https://bacaini.id/tumbal-mbg-24-siswa-sd-tulungagung-keracunan-massal/""]",[]
id.Daftar_kasus_keracunan_massal_makan_siang_gratis#r0591,id.Daftar_kasus_keracunan_massal_makan_siang_gratis,591,id.Daftar_kasus_keracunan_massal_makan_siang_gratis#e0591,2026-07-27,2026-07-27,day,27 Juli 2026,Jawa Timur,Jawa Timur,Kabupaten Tulungagung,kabupaten,Tulungagung,35.04,exact,35,-8.064364715839401,111.90068000547873,1139224,1144.856,"Warga (Pelajar, Guru, Balita, Bumil dan Busui)",,"Warga (Pelajar, Guru, Balita, Bumil dan Busui)",103 Orang,exact,103,103,103,"{""person"": 103}",103,,,,"[""auto:a53184f065""]","[""https://memorandum.disway.id/jatim/read/168455/tragedi-ratusan-siswa-jadi-korban-keracunan-mbg-fraksi-pdip-dprd-jatim-desak-evaluasi-total-tata-kelola-sppg""]",[]
id.Daftar_kasus_keracunan_massal_makan_siang_gratis#r0592,id.Daftar_kasus_keracunan_massal_makan_siang_gratis,592,id.Daftar_kasus_keracunan_massal_makan_siang_gratis#e0592,2026-09-16,2026-09-16,day,16 September 2026,Jawa Timur,Jawa Timur,Kabupaten Tulungagung,kabupaten,Tulungagung,35.04,exact,35,-8.064364715839401,111.90068000547873,1139224,1144.856,SMKN 1 Boyolangu,senior_secondary,SMKN 1 Boyolangu,200 Siswa,exact,200,200,200,"{""student"": 200}",200,,,,"[""auto:b2b33e119a""]","[""https://www.detik.com/jatim/berita/d-8667384/200-siswa-dan-guru-smkn-1-boyolangu-tulungagung-diduga-keracunan-mbg""]",[]
id.Daftar_kasus_keracunan_massal_makan_siang_gratis#r0593,id.Daftar_kasus_keracunan_massal_makan_siang_gratis,593,id.Daftar_kasus_keracunan_massal_makan_siang_gratis#e0593,2025-10-17,2025-10-17,day,17 Oktober 2025,Jawa Timur,Jawa Timur,Kabupaten Magetan,kabupaten,Magetan,35.20,exact,35,-7.656157297486492,111.32926865421445,692800,706.444,SDN 2 Kediren,primary,SDN 2 Kediren,12 Siswa,exact,12,12,12,"{""student"": 12}",12,,,,"[""auto:827c63431c""]","[""https://jatim.idntimes.com/news/jawa-timur/usai-santap-mbg-12-siswa-sd-di-magetan-dilarikan-ke-puskesmas-c1c2-01-33lrd-5rwtlj""]",[]
id.Daftar_kasus_keracunan_massal_makan_siang_gratis#r0594,id.Daftar_kasus_keracunan_massal_makan_siang_gratis,594,id.Daftar_kasus_keracunan_massal_makan_siang_gratis#e0593,2025-10-17,2025-10-17,day,17 Oktober 2025,Jawa Timur,Jawa Timur,Kabupaten Magetan,kabupaten,Magetan,35.20,exact,35,-7.656157297486492,111.32926865421445,692800,706.444,MI Nurul Dholam,primary,MI Nurul Dholam,12 Siswa,exact,12,12,12,"{""student"": 12}",,,,,"[""auto:827c63431c""]","[""https://jatim.idntimes.com/news/jawa-timur/usai-santap-mbg-12-siswa-sd-di-magetan-dilarikan-ke-puskesmas-c1c2-01-33lrd-5rwtlj""]","[""count_shared_across_rows""]"
id.Daftar_kasus_keracunan_massal_makan_siang_gratis#r0595,id.Daftar_kasus_keracunan_massal_makan_siang_gratis,595,id.Daftar_kasus_keracunan_massal_makan_siang_gratis#e0595,2025-10-23,2025-10-23,day,23 Oktober 2025,Jawa Timur,Jawa Timur,Kabupaten Banyuwangi,kabupaten,Banyuwangi,35.10,exact,35,-8.223037204830721,114.36643523941463,1791789,3593.849,MAN 1 Banyuwangi,senior_secondary,MAN 1 Banyuwangi,112 Siswa,exact,112,112,112,"{""student"": 112}",112,,,,"[""auto:02eba617de""]","[""https://seblang.com/bencana/dugaan-keracunan-massal-mbg-112-siswa-man-1-banyuwangi-terserang-diare/""]",[]
id.Daftar_kasus_keracunan_massal_makan_siang_gratis#r0596,id.Daftar_kasus_keracunan_massal_makan_siang_gratis,596,id.Daftar_kasus_keracunan_massal_makan_siang_gratis#e0596,2025-10-24,2025-10-24,day,24 Oktober 2025,Jawa Timur,Jawa Timur,Kabupaten Banyuwangi,kabupaten,Banyuwangi,35.10,exact,35,-8.223037204830721,114.36643523941463,1791789,3593.849,SMPN 3 Kalipuro,junior_secondary,SMPN 3 Kalipuro,133 Siswa,exact,133,133,133,"{""student"": 133}",133,,,,"[""auto:b72e0b1e69""]","[""https://surabaya.kompas.com/read/2025/10/29/161955078/siswa-korban-keracunan-mbg-di-kalipuro-banyuwangi-bertambah-jadi-133-orang""]",[]
id.Daftar_kasus_keracunan_massal_makan_siang_gratis#r0597,id.Daftar_kasus_keracunan_massal_makan_siang_gratis,597,id.Daftar_kasus_keracunan_massal_makan_siang_gratis#e0596,2025-10-24,2025-10-24,day,24 Oktober 2025,Jawa Timur,Jawa Timur,Kabupaten Banyuwangi,kabupaten,Banyuwangi,35.10,exact,35,-8.223037204830721,114.36643523941463,1791789,3593.849,MA Nurul Khairoh,senior_secondary,MA Nurul Khairoh,133 Siswa,exact,133,133,133,"{""student"": 133}",,,,,"[""auto:b72e0b1e69""]","[""https://surabaya.kompas.com/read/2025/10/29/161955078/siswa-korban-keracunan-mbg-di-kalipuro-banyuwangi-bertambah-jadi-133-orang""]","[""count_shared_across_rows""]"
id.Daftar_kasus_keracunan_massal_makan_siang_gratis#r0598,id.Daftar_kasus_keracunan_massal_makan_siang_gratis,598,id.Daftar_kasus_keracunan_massal_makan_siang_gratis#e0596,2025-10-24,2025-10-24,day,24 Oktober 2025,Jawa Timur,Jawa Timur,Kabupaten Banyuwangi,kabupaten,Banyuwangi,35.10,exact,35,-8.223037204830721,114.36643523941463,1791789,3593.849,SMA NU Gombengsari,senior_secondary,SMA NU Gombengsari,133 Siswa,exact,133,133,133,"{""student"": 133}",,,,,"[""auto:b72e0b1e69""]","[""https://surabaya.kompas.com/read/2025/10/29/161955078/siswa-korban-keracunan-mbg-di-kalipuro-banyuwangi-bertambah-jadi-133-orang""]","[""count_shared_across_rows""]"
id.Daftar_kasus_keracunan_massal_makan_siang_gratis#r0599,id.Daftar_kasus_keracunan_massal_makan_siang_gratis,599,id.Daftar_kasus_keracunan_massal_makan_siang_gratis#e0599,2025-10-23,2025-10-23,day,23 Oktober 2025,Jawa Timur,Jawa Timur,Kabupaten Malang,kabupaten,Malang,35.07,exact,35,-8.105459029077382,112.57329134091296,2734623,3473.747,MTs Al-Khalifah,junior_secondary,MTs Al-Khalifah,38 Siswa,exact,38,38,38,"{""student"": 38}",38,,,,"[""auto:7e5f96cf4e""]","[""https://radarmalang.jawapos.com/kabupaten-malang/816855702/sebanyak-38-siswa-mts-al-khalifah-keracunan-setelah-mengonsumsi-mbg-berdasar-hasil-uji-laboratorium-ditemukan-zat-nitrit-dan-bakteri-e-coli""]",[]
id.Daftar_kasus_keracunan_massal_makan_siang_gratis#r0600,id.Daftar_kasus_keracunan_massal_makan_siang_gratis,600,id.Daftar_kasus_keracunan_massal_makan_siang_gratis#e0600,2026-02-11,2026-02-11,day,11 Februari 2026,Jawa Timur,Jawa Timur,Kabupaten Malang,kabupaten,Malang,35.07,exact,35,-8.105459029077382,112.57329134091296,2734623,3473.747,MI Al Maarif 9,primary,MI Al Maarif 9,9 Siswa,exact,9,9,9,"{""student"": 9}",9,,,,"[""auto:e88984aed4""]","[""https://seru.co.id/219610-sembilan-siswa-mi-di-singosari-diduga-keracunan-usai-santap-jatah-mbg""]",[]
id.Daftar_kasus_keracunan_massal_makan_siang_gratis#r0601,id.Daftar_kasus_keracunan_massal_makan_siang_gratis,601,id.Daftar_kasus_keracunan_massal_makan_siang_gratis#e0601,2025-11-27,2025-11-27,day,27 November 2025,Jawa Timur,Jawa Timur,Kabupaten Madiun,kabupaten,Madiun,35.19,exact,35,-7.538540959979179,111.6534826499319,737875,1113.627,SDN Klecorejo,primary,SDN Klecorejo,49 Siswa,exact,49,49,49,"{""student"": 49}",49,,,,"[""auto:249a78488f""]","[""https://jatimnet.com/puluhan-siswa-sd-di-mejayan-madiun-diduga-keracunan-mbg""]",[]
id.Daftar_kasus_keracunan_massal_makan_siang_gratis#r0602,id.Daftar_kasus_keracunan_massal_makan_siang_gratis,602,id.Daftar_kasus_keracunan_massal_makan_siang_gratis#e0601,2025-11-27,2025-11-27,day,27 November 2025,Jawa Timur,Jawa Timur,Kabupaten Madiun,kabupaten,Madiun,35.19,exact,35,-7.538540959979179,111.6534826499319,737875,1113.627,SDN 1 Darmorejo,primary,SDN 1 Darmorejo,49 Siswa,exact,49,49,49,"{""student"": 49}",,,,,"[""auto:249a78488f""]","[""https://jatimnet.com/puluhan-siswa-sd-di-mejayan-madiun-diduga-keracunan-mbg""]","[""count_shared_across_rows""]"
id.Daftar_kasus_keracunan_massal_makan_siang_gratis#r0603,id.Daftar_kasus_keracunan_massal_makan_siang_gratis,603,id.Daftar_kasus_keracunan_massal_makan_siang_gratis#e0601,2025-11-27,2025-11-27,day,27 November 2025,Jawa Timur,Jawa Timur,Kabupaten Madiun,kabupaten,Madiun,35.19,exact,35,-7.538540959979179,111.6534826499319,737875,1113.627,SDN 2 Kebonagung,primary,SDN 2 Kebonagung,49 Siswa,exact,49,49,49,"{""student"": 49}",,,,,"[""auto:249a78488f""]","[""https://jatimnet.com/puluhan-siswa-sd-di-mejayan-madiun-diduga-keracunan-mbg""]","[""count_shared_across_rows""]"
id.Daftar_kasus_keracunan_massal_makan_siang_gratis#r0604,id.Daftar_kasus_keracunan_massal_makan_siang_gratis,604,id.Daftar_kasus_keracunan_massal_makan_siang_gratis#e0604,2025-12-03,2025-12-03,day,3 Desember 2025,Jawa Timur,Jawa Timur,Kabupaten Bondowoso,kabupaten,Bondowoso,35.11,exact,35,-7.914444581620128,113.82185071188832,788007,1554.992,SDN 1 Sukorejo,primary,SDN 1 Sukorejo,77 Siswa,exact,77,77,77,"{""student"": 77}",77,,,,"[""auto:740b8b486e""]","[""https://www.detik.com/jatim/berita/d-8241365/77-siswa-di-sumberwringin-bondowoso-diduga-keracunan-mbg""]",[]
id.Daftar_kasus_keracunan_massal_makan_siang_gratis#r0605,id.Daftar_kasus_keracunan_massal_makan_siang_gratis,605,id.Daftar_kasus_keracunan_massal_makan_siang_gratis#e0604,2025-12-03,2025-12-03,day,3 Desember 2025,Jawa Timur,Jawa Timur,Kabupaten Bondowoso,kabupaten,Bondowoso,35.11,exact,35,-7.914444581620128,113.82185071188832,788007,1554.992,SDN 2 Sukorejo,primary,SDN 2 Sukorejo,77 Siswa,exact,77,77,77,"{""student"": 77}",,,,,"[""auto:740b8b486e""]","[""https://www.detik.com/jatim/berita/d-8241365/77-siswa-di-sumberwringin-bondowoso-diduga-keracunan-mbg""]","[""count_shared_across_rows""]"
id.Daftar_kasus_keracunan_massal_makan_siang_gratis#r0606,id.Daftar_kasus_keracunan_massal_makan_siang_gratis,606,id.Daftar_kasus_keracunan_massal_makan_siang_gratis#e0604,2025-12-03,2025-12-03,day,3 Desember 2025,Jawa Timur,Jawa Timur,Kabupaten Bondowoso,kabupaten,Bondowoso,35.11,exact,35,-7.914444581620128,113.82185071188832,788007,1554.992,,junior_secondary,SMP (Spesifik tidak disebutkan),77 Siswa,exact,77,77,77,"{""student"": 77}",,,,,"[""auto:740b8b486e""]","[""https://www.detik.com/jatim/berita/d-8241365/77-siswa-di-sumberwringin-bondowoso-diduga-keracunan-mbg""]","[""no_venue"", ""count_shared_across_rows""]"
id.Daftar_kasus_keracunan_massal_makan_siang_gratis#r0607,id.Daftar_kasus_keracunan_massal_makan_siang_gratis,607,id.Daftar_kasus_keracunan_massal_makan_siang_gratis#e0604,2025-12-03,2025-12-03,day,3 Desember 2025,Jawa Timur,Jawa Timur,Kabupaten Bondowoso,kabupaten,Bondowoso,35.11,exact,35,-7.914444581620128,113.82185071188832,788007,1554.992,,senior_secondary,SMA (Spesifik tidak disebutkan),77 Siswa,exact,77,77,77,"{""student"": 77}",,,,,"[""auto:740b8b486e""]","[""https://www.detik.com/jatim/berita/d-8241365/77-siswa-di-sumberwringin-bondowoso-diduga-keracunan-mbg""]","[""no_venue"", ""count_shared_across_rows""]"
id.Daftar_kasus_keracunan_massal_makan_siang_gratis#r0608,id.Daftar_kasus_keracunan_massal_makan_siang_gratis,608,id.Daftar_kasus_keracunan_massal_makan_siang_gratis#e0608,2026-01-10,2026-01-10,day,10 Januari 2026,Jawa Timur,Jawa Timur,Kabupaten Mojokerto,kabupaten,Mojokerto,35.16,exact,35,-7.462844394027845,112.43341998304892,1156144,984.38,Ponpes An-Nur,pesantren,Ponpes An-Nur,780 Siswa,exact,780,780,780,"{""student"": 780}",780,,,,"[""auto:a283a8e528""]","[""https://jatim.suaramerdeka.com/jatim/108816561588/korban-dugaan-keracunan-mbg-di-mojokerto-tembus-780-orang-dispendik-dan-kemenag-buka-data-terbaru?page=2""]",[]
id.Daftar_kasus_keracunan_massal_makan_siang_gratis#r0609,id.Daftar_kasus_keracunan_massal_makan_siang_gratis,609,id.Daftar_kasus_keracunan_massal_makan_siang_gratis#e0608,2026-01-10,2026-01-10,day,10 Januari 2026,Jawa Timur,Jawa Timur,Kabupaten Mojokerto,kabupaten,Mojokerto,35.16,exact,35,-7.462844394027845,112.43341998304892,1156144,984.38,Ponpes Al-Hidayah,pesantren,Ponpes Al-Hidayah,780 Siswa,exact,780,780,780,"{""student"": 780}",,,,,"[""auto:a283a8e528""]","[""https://jatim.suaramerdeka.com/jatim/108816561588/korban-dugaan-keracunan-mbg-di-mojokerto-tembus-780-orang-dispendik-dan-kemenag-buka-data-terbaru?page=2""]","[""count_shared_across_rows""]"
id.Daftar_kasus_keracunan_massal_makan_siang_gratis#r0610,id.Daftar_kasus_keracunan_massal_makan_siang_gratis,610,id.Daftar_kasus_keracunan_massal_makan_siang_gratis#e0608,2026-01-10,2026-01-10,day,10 Januari 2026,Jawa Timur,Jawa Timur,Kabupaten Mojokerto,kabupaten,Mojokerto,35.16,exact,35,-7.462844394027845,112.43341998304892,1156144,984.38,SMPN 2 Kutorejo,junior_secondary,SMPN 2 Kutorejo,780 Siswa,exact,780,780,780,"{""student"": 780}",,,,,"[""auto:a283a8e528""]","[""https://jatim.suaramerdeka.com/jatim/108816561588/korban-dugaan-keracunan-mbg-di-mojokerto-tembus-780-orang-dispendik-dan-kemenag-buka-data-terbaru?page=2""]","[""count_shared_across_rows""]"
id.Daftar_kasus_keracunan_massal_makan_siang_gratis#r0611,id.Daftar_kasus_keracunan_massal_makan_siang_gratis,611,id.Daftar_kasus_keracunan_massal_makan_siang_gratis#e0611,2026-04-09,2026-04-09,day,9 April 2026,Jawa Timur,Jawa Timur,Kabupaten Mojokerto,kabupaten,Mojokerto,35.16,exact,35,-7.462844394027845,112.43341998304892,1156144,984.38,TK Kartika,early_childhood,TK Kartika,79 Siswa,exact,79,79,79,"{""student"": 79}",79,,,,"[""auto:cfd633a4e7""]","[""https://jatim.suaramerdeka.com/jatim/108816976765/sejumlah-siswa-di-mojokerto-diduga-keracunan-usai-makan-menu-mbg""]",[]
id.Daftar_kasus_keracunan_massal_makan_siang_gratis#r0612,id.Daftar_kasus_keracunan_massal_makan_siang_gratis,612,id.Daftar_kasus_keracunan_massal_makan_siang_gratis#e0611,2026-04-09,2026-04-09,day,9 April 2026,Jawa Timur,Jawa Timur,Kabupaten Mojokerto,kabupaten,Mojokerto,35.16,exact,35,-7.462844394027845,112.43341998304892,1156144,984.38,SDN Randubango,primary,SDN Randubango,79 Siswa,exact,79,79,79,"{""student"": 79}",,,,,"[""auto:cfd633a4e7""]","[""https://jatim.suaramerdeka.com/jatim/108816976765/sejumlah-siswa-di-mojokerto-diduga-keracunan-usai-makan-menu-mbg""]","[""count_shared_across_rows""]"
id.Daftar_kasus_keracunan_massal_makan_siang_gratis#r0613,id.Daftar_kasus_keracunan_massal_makan_siang_gratis,613,id.Daftar_kasus_keracunan_massal_makan_siang_gratis#e0611,2026-04-09,2026-04-09,day,9 April 2026,Jawa Timur,Jawa Timur,Kabupaten Mojokerto,kabupaten,Mojokerto,35.16,exact,35,-7.462844394027845,112.43341998304892,1156144,984.38,MI Mi’rojul Ulum,primary,MI Mi’rojul Ulum,79 Siswa,exact,79,79,79,"{""student"": 79}",,,,,"[""auto:cfd633a4e7""]","[""https://jatim.suaramerdeka.com/jatim/108816976765/sejumlah-siswa-di-mojokerto-diduga-keracunan-usai-makan-menu-mbg""]","[""count_shared_across_rows""]"
id.Daftar_kasus_keracunan_massal_makan_siang_gratis#r0614,id.Daftar_kasus_keracunan_massal_makan_siang_gratis,614,id.Daftar_kasus_keracunan_massal_makan_siang_gratis#e0611,2026-04-09,2026-04-09,day,9 April 2026,Jawa Timur,Jawa Timur,Kabupaten Mojokerto,kabupaten,Mojokerto,35.16,exact,35,-7.462844394027845,112.43341998304892,1156144,984.38,SMK PGRI Mojosari,senior_secondary,SMK PGRI Mojosari,79 Siswa,exact,79,79,79,"{""student"": 79}",,,,,"[""auto:cfd633a4e7""]","[""https://jatim.suaramerdeka.com/jatim/108816976765/sejumlah-siswa-di-mojokerto-diduga-keracunan-usai-makan-menu-mbg""]","[""count_shared_across_rows""]"
id.Daftar_kasus_keracunan_massal_makan_siang_gratis#r0615,id.Daftar_kasus_keracunan_massal_makan_siang_gratis,615,id.Daftar_kasus_keracunan_massal_makan_siang_gratis#e0611,2026-04-09,2026-04-09,day,9 April 2026,Jawa Timur,Jawa Timur,Kabupaten Mojokerto,kabupaten,Mojokerto,35.16,exact,35,-7.462844394027845,112.43341998304892,1156144,984.38,SMA PGRI Mojosari,senior_secondary,SMA PGRI Mojosari,79 Siswa,exact,79,79,79,"{""student"": 79}",,,,,"[""auto:cfd633a4e7""]","[""https://jatim.suaramerdeka.com/jatim/108816976765/sejumlah-siswa-di-mojokerto-diduga-keracunan-usai-makan-menu-mbg""]","[""count_shared_across_rows""]"
id.Daftar_kasus_keracunan_massal_makan_siang_gratis#r0616,id.Daftar_kasus_keracunan_massal_makan_siang_gratis,616,id.Daftar_kasus_keracunan_massal_makan_siang_gratis#e0616,2026-01-15,2026-01-15,day,15 Januari 2026,Jawa Timur,Jawa Timur,Kota Mojokerto,kota,Mojokerto,35.76,exact,35,-7.4628151554153925,112.43344588575034,142272,20.48,SDN 5 Wates,primary,SDN 5 Wates,TBA (Spesifik tidak disebutkan),unreported,,,,{},,,,,"[""auto:a323eb90cb""]","[""https://radarmojokerto.jawapos.com/berita-terbaru/827085296/diduga-keracunan-mbg-siswa-di-kota-mojokerto-alami-muntah-diare""]","[""count_unreported""]"
id.Daftar_kasus_keracunan_massal_makan_siang_gratis#r0617,id.Daftar_kasus_keracunan_massal_makan_siang_gratis,617,id.Daftar_kasus_keracunan_massal_makan_siang_gratis#e0616,2026-01-15,2026-01-15,day,15 Januari 2026,Jawa Timur,Jawa Timur,Kota Mojokerto,kota,Mojokerto,35.76,exact,35,-7.4628151554153925,112.43344588575034,142272,20.48,SDN 6 Wates,primary,SDN 6 Wates,TBA (Spesifik tidak disebutkan),unreported,,,,{},,,,,"[""auto:a323eb90cb""]","[""https://radarmojokerto.jawapos.com/berita-terbaru/827085296/diduga-keracunan-mbg-siswa-di-kota-mojokerto-alami-muntah-diare""]","[""count_unreported"", ""count_shared_across_rows""]"
id.Daftar_kasus_keracunan_massal_makan_siang_gratis#r0618,id.Daftar_kasus_keracunan_massal_makan_siang_gratis,618,id.Daftar_kasus_keracunan_massal_makan_siang_gratis#e0616,2026-01-15,2026-01-15,day,15 Januari 2026,Jawa Timur,Jawa Timur,Kota Mojokerto,kota,Mojokerto,35.76,exact,35,-7.4628151554153925,112.43344588575034,142272,20.48,SMAN 2 Mojokerto,senior_secondary,SMAN 2 Mojokerto,TBA (Spesifik tidak disebutkan),unreported,,,,{},,,,,"[""auto:a323eb90cb""]","[""https://radarmojokerto.jawapos.com/berita-terbaru/827085296/diduga-keracunan-mbg-siswa-di-kota-mojokerto-alami-muntah-diare""]","[""count_unreported"", ""count_shared_across_rows""]"
id.Daftar_kasus_keracunan_massal_makan_siang_gratis#r0619,id.Daftar_kasus_keracunan_massal_makan_siang_gratis,619,id.Daftar_kasus_keracunan_massal_makan_siang_gratis#e0619,2026-02-02,2026-02-02,day,2 Februari 2026,Jawa Timur,Jawa Timur,Kota Surabaya,kota,Surabaya,35.78,exact,35,-7.258891323638141,112.74703888119626,3018022,338.048,SDN 1 Babat Jerawat,primary,SDN 1 Babat Jerawat,27 Siswa,exact,27,27,27,"{""student"": 27}",27,,,,"[""auto:9776529e0c""]","[""https://beritanews9.id/diduga-27-siswa-sdn-bajer-1-keracunan-mbg-orang-tua-murid-keluhkan-makanan-basi-di-babat-jerawat/,%20https://beritanews9.id/diduga-27-siswa-sdn-bajer-1-keracunan-mbg-orang-tua-murid-keluhkan-makanan-basi-di-babat-jerawat/""]",[]
id.Daftar_kasus_keracunan_massal_makan_siang_gratis#r0620,id.Daftar_kasus_keracunan_massal_makan_siang_gratis,620,id.Daftar_kasus_keracunan_massal_makan_siang_gratis#e0620,2026-05-11,2026-05-11,day,11 Mei 2026,Jawa Timur,Jawa Timur,Kota Surabaya,kota,Surabaya,35.78,exact,35,-7.258891323638141,112.74703888119626,3018022,338.048,TK Ubaid,early_childhood,TK Ubaid,210 Siswa,exact,210,210,210,"{""student"": 210}",210,,,,"[""auto:3d5045d8b8""]","[""https://www.detik.com/jatim/berita/d-8489569/keracunan-mbg-210-siswa-surabaya-bongkar-banyak-sppg-tak-kantongi-slhs""]",[]
id.Daftar_kasus_keracunan_massal_makan_siang_gratis#r0621,id.Daftar_kasus_keracunan_massal_makan_siang_gratis,621,id.Daftar_kasus_keracunan_massal_makan_siang_gratis#e0620,2026-05-11,2026-05-11,day,11 Mei 2026,Jawa Timur,Jawa Timur,Kota Surabaya,kota,Surabaya,35.78,exact,35,-7.258891323638141,112.74703888119626,3018022,338.048,TK Aletheia,early_childhood,TK Aletheia,210 Siswa,exact,210,210,210,"{""student"": 210}",,,,,"[""auto:3d5045d8b8""]","[""https://www.detik.com/jatim/berita/d-8489569/keracunan-mbg-210-siswa-surabaya-bongkar-banyak-sppg-tak-kantongi-slhs""]","[""count_shared_across_rows""]"
id.Daftar_kasus_keracunan_massal_makan_siang_gratis#r0622,id.Daftar_kasus_keracunan_massal_makan_siang_gratis,622,id.Daftar_kasus_keracunan_massal_makan_siang_gratis#e0620,2026-05-11,2026-05-11,day,11 Mei 2026,Jawa Timur,Jawa Timur,Kota Surabaya,kota,Surabaya,35.78,exact,35,-7.258891323638141,112.74703888119626,3018022,338.048,SD Tembok Dukuh 1,primary,SD Tembok Dukuh 1,210 Siswa,exact,210,210,210,"{""student"": 210}",,,,,"[""auto:3d5045d8b8""]","[""https://www.detik.com/jatim/berita/d-8489569/keracunan-mbg-210-siswa-surabaya-bongkar-banyak-sppg-tak-kantongi-slhs""]","[""count_shared_across_rows""]"
id.Daftar_kasus_keracunan_massal_makan_siang_gratis#r0623,id.Daftar_kasus_keracunan_massal_makan_siang_gratis,623,id.Daftar_kasus_keracunan_massal_makan_siang_gratis#e0620,2026-05-11,2026-05-11,day,11 Mei 2026,Jawa Timur,Jawa Timur,Kota Surabaya,kota,Surabaya,35.78,exact,35,-7.258891323638141,112.74703888119626,3018022,338.048,SD Tembok Dukuh 3,primary,SD Tembok Dukuh 3,210 Siswa,exact,210,210,210,"{""student"": 210}",,,,,"[""auto:3d5045d8b8""]","[""https://www.detik.com/jatim/berita/d-8489569/keracunan-mbg-210-siswa-surabaya-bongkar-banyak-sppg-tak-kantongi-slhs""]","[""count_shared_across_rows""]"
id.Daftar_kasus_keracunan_massal_makan_siang_gratis#r0624,id.Daftar_kasus_keracunan_massal_makan_siang_gratis,624,id.Daftar_kasus_keracunan_massal_makan_siang_gratis#e0620,2026-05-11,2026-05-11,day,11 Mei 2026,Jawa Timur,Jawa Timur,Kota Surabaya,kota,Surabaya,35.78,exact,35,-7.258891323638141,112.74703888119626,3018022,338.048,SDN Tembok Dukuh 4,primary,SDN Tembok Dukuh 4,210 Siswa,exact,210,210,210,"{""student"": 210}",,,,,"[""auto:3d5045d8b8""]","[""https://www.detik.com/jatim/berita/d-8489569/keracunan-mbg-210-siswa-surabaya-bongkar-banyak-sppg-tak-kantongi-slhs""]","[""count_shared_across_rows""]"
id.Daftar_kasus_keracunan_massal_makan_siang_gratis#r0625,id.Daftar_kasus_keracunan_massal_makan_siang_gratis,625,id.Daftar_kasus_keracunan_massal_makan_siang_gratis#e0620,2026-05-11,2026-05-11,day,11 Mei 2026,Jawa Timur,Jawa Timur,Kota Surabaya,kota,Surabaya,35.78,exact,35,-7.258891323638141,112.74703888119626,3018022,338.048,SD Aletheia,primary,SD Aletheia,210 Siswa,exact,210,210,210,"{""student"": 210}",,,,,"[""auto:3d5045d8b8""]","[""https://www.detik.com/jatim/berita/d-8489569/keracunan-mbg-210-siswa-surabaya-bongkar-banyak-sppg-tak-kantongi-slhs""]","[""count_shared_across_rows""]"
id.Daftar_kasus_keracunan_massal_makan_siang_gratis#r0626,id.Daftar_kasus_keracunan_massal_makan_siang_gratis,626,id.Daftar_kasus_keracunan_massal_makan_siang_gratis#e0620,2026-05-11,2026-05-11,day,11 Mei 2026,Jawa Timur,Jawa Timur,Kota Surabaya,kota,Surabaya,35.78,exact,35,-7.258891323638141,112.74703888119626,3018022,338.048,SD Pancasila 45,primary,SD Pancasila 45,210 Siswa,exact,210,210,210,"{""student"": 210}",,,,,"[""auto:3d5045d8b8""]","[""https://www.detik.com/jatim/berita/d-8489569/keracunan-mbg-210-siswa-surabaya-bongkar-banyak-sppg-tak-kantongi-slhs""]","[""count_shared_across_rows""]"
id.Daftar_kasus_keracunan_massal_makan_siang_gratis#r0627,id.Daftar_kasus_keracunan_massal_makan_siang_gratis,627,id.Daftar_kasus_keracunan_massal_makan_siang_gratis#e0620,2026-05-11,2026-05-11,day,11 Mei 2026,Jawa Timur,Jawa Timur,Kota Surabaya,kota,Surabaya,35.78,exact,35,-7.258891323638141,112.74703888119626,3018022,338.048,SD Raden Wijaya,primary,SD Raden Wijaya,210 Siswa,exact,210,210,210,"{""student"": 210}",,,,,"[""auto:3d5045d8b8""]","[""https://www.detik.com/jatim/berita/d-8489569/keracunan-mbg-210-siswa-surabaya-bongkar-banyak-sppg-tak-kantongi-slhs""]","[""count_shared_across_rows""]"
id.Daftar_kasus_keracunan_massal_makan_siang_gratis#r0628,id.Daftar_kasus_keracunan_massal_makan_siang_gratis,628,id.Daftar_kasus_keracunan_massal_makan_siang_gratis#e0620,2026-05-11,2026-05-11,day,11 Mei 2026,Jawa Timur,Jawa Timur,Kota Surabaya,kota,Surabaya,35.78,exact,35,-7.258891323638141,112.74703888119626,3018022,338.048,SD Ubaid 1,primary,SD Ubaid 1,210 Siswa,exact,210,210,210,"{""student"": 210}",,,,,"[""auto:3d5045d8b8""]","[""https://www.detik.com/jatim/berita/d-8489569/keracunan-mbg-210-siswa-surabaya-bongkar-banyak-sppg-tak-kantongi-slhs""]","[""count_shared_across_rows""]"
id.Daftar_kasus_keracunan_massal_makan_siang_gratis#r0629,id.Daftar_kasus_keracunan_massal_makan_siang_gratis,629,id.Daftar_kasus_keracunan_massal_makan_siang_gratis#e0620,2026-05-11,2026-05-11,day,11 Mei 2026,Jawa Timur,Jawa Timur,Kota Surabaya,kota,Surabaya,35.78,exact,35,-7.258891323638141,112.74703888119626,3018022,338.048,SD Ubaid 2,primary,SD Ubaid 2,210 Siswa,exact,210,210,210,"{""student"": 210}",,,,,"[""auto:3d5045d8b8""]","[""https://www.detik.com/jatim/berita/d-8489569/keracunan-mbg-210-siswa-surabaya-bongkar-banyak-sppg-tak-kantongi-slhs""]","[""count_shared_across_rows""]"
id.Daftar_kasus_keracunan_massal_makan_siang_gratis#r0630,id.Daftar_kasus_keracunan_massal_makan_siang_gratis,630,id.Daftar_kasus_keracunan_massal_makan_siang_gratis#e0620,2026-05-11,2026-05-11,day,11 Mei 2026,Jawa Timur,Jawa Timur,Kota Surabaya,kota,Surabaya,35.78,exact,35,-7.258891323638141,112.74703888119626,3018022,338.048,SMP Aletheia,junior_secondary,SMP Aletheia,210 Siswa,exact,210,210,210,"{""student"": 210}",,,,,"[""auto:3d5045d8b8""]","[""https://www.detik.com/jatim/berita/d-8489569/keracunan-mbg-210-siswa-surabaya-bongkar-banyak-sppg-tak-kantongi-slhs""]","[""count_shared_across_rows""]"
id.Daftar_kasus_keracunan_massal_makan_siang_gratis#r0631,id.Daftar_kasus_keracunan_massal_makan_siang_gratis,631,id.Daftar_kasus_keracunan_massal_makan_siang_gratis#e0620,2026-05-11,2026-05-11,day,11 Mei 2026,Jawa Timur,Jawa Timur,Kota Surabaya,kota,Surabaya,35.78,exact,35,-7.258891323638141,112.74703888119626,3018022,338.048,SMP Islam,junior_secondary,SMP Islam,210 Siswa,exact,210,210,210,"{""student"": 210}",,,,,"[""auto:3d5045d8b8""]","[""https://www.detik.com/jatim/berita/d-8489569/keracunan-mbg-210-siswa-surabaya-bongkar-banyak-sppg-tak-kantongi-slhs""]","[""count_shared_across_rows""]"
id.Daftar_kasus_keracunan_massal_makan_siang_gratis#r0632,id.Daftar_kasus_keracunan_massal_makan_siang_gratis,632,id.Daftar_kasus_keracunan_massal_makan_siang_gratis#e0620,2026-05-11,2026-05-11,day,11 Mei 2026,Jawa Timur,Jawa Timur,Kota Surabaya,kota,Surabaya,35.78,exact,35,-7.258891323638141,112.74703888119626,3018022,338.048,RW X Demak Jaya (warga terdampak),,RW X Demak Jaya (warga terdampak),210 Siswa,exact,210,210,210,"{""student"": 210}",,,,,"[""auto:3d5045d8b8""]","[""https://www.detik.com/jatim/berita/d-8489569/keracunan-mbg-210-siswa-surabaya-bongkar-banyak-sppg-tak-kantongi-slhs""]","[""count_shared_across_rows""]"
id.Daftar_kasus_keracunan_massal_makan_siang_gratis#r0633,id.Daftar_kasus_keracunan_massal_makan_siang_gratis,633,id.Daftar_kasus_keracunan_massal_makan_siang_gratis#e0633,2026-02,2026-02,month,Awal Februari 2026,Jawa Timur,Jawa Timur,Kabupaten Trenggalek,kabupaten,Trenggalek,35.03,exact,35,-8.047910064122286,111.70915082348205,753810,1249.367,,primary,SD (Spesifik tidak disebutkan),157 Siswa,exact,157,157,157,"{""student"": 157}",157,,,,"[""auto:eef8e14693""]","[""https://minakonews.com/gelombang-keracunan-massal-siswa-program-mbg-disorot/""]","[""month_precision_only"", ""no_venue""]"
id.Daftar_kasus_keracunan_massal_makan_siang_gratis#r0634,id.Daftar_kasus_keracunan_massal_makan_siang_gratis,634,id.Daftar_kasus_keracunan_massal_makan_siang_gratis#e0633,2026-02,2026-02,month,Awal Februari 2026,Jawa Timur,Jawa Timur,Kabupaten Trenggalek,kabupaten,Trenggalek,35.03,exact,35,-8.047910064122286,111.70915082348205,753810,1249.367,,junior_secondary,SMP (Spesifik tidak disebutkan),157 Siswa,exact,157,157,157,"{""student"": 157}",,,,,"[""auto:eef8e14693""]","[""https://minakonews.com/gelombang-keracunan-massal-siswa-program-mbg-disorot/""]","[""month_precision_only"", ""no_venue"", ""count_shared_across_rows""]"
id.Daftar_kasus_keracunan_massal_makan_siang_gratis#r0635,id.Daftar_kasus_keracunan_massal_makan_siang_gratis,635,id.Daftar_kasus_keracunan_massal_makan_siang_gratis#e0635,2026-08-11,2026-08-11,day,11 Agustus 2026,Jawa Timur,Jawa Timur,Kabupaten Trenggalek,kabupaten,Trenggalek,35.03,exact,35,-8.047910064122286,111.70915082348205,753810,1249.367,SDI Lukman Al Hakim,primary,SDI Lukman Al Hakim,423 Siswa,exact,423,423,423,"{""student"": 423}",423,,,,"[""auto:2cbecc79b6""]","[""https://www.detik.com/jatim/berita/d-8616277/jumlah-siswa-keracunan-mbg-di-trenggalek-bertambah-ada-yang-rawat-inap""]",[]
id.Daftar_kasus_keracunan_massal_makan_siang_gratis#r0636,id.Daftar_kasus_keracunan_massal_makan_siang_gratis,636,id.Daftar_kasus_keracunan_massal_makan_siang_gratis#e0635,2026-08-11,2026-08-11,day,11 Agustus 2026,Jawa Timur,Jawa Timur,Kabupaten Trenggalek,kabupaten,Trenggalek,35.03,exact,35,-8.047910064122286,111.70915082348205,753810,1249.367,SMPN 1 Trenggalek,junior_secondary,SMPN 1 Trenggalek,423 Siswa,exact,423,423,423,"{""student"": 423}",,,,,"[""auto:2cbecc79b6""]","[""https://www.detik.com/jatim/berita/d-8616277/jumlah-siswa-keracunan-mbg-di-trenggalek-bertambah-ada-yang-rawat-inap""]","[""count_shared_across_rows""]"
id.Daftar_kasus_keracunan_massal_makan_siang_gratis#r0637,id.Daftar_kasus_keracunan_massal_makan_siang_gratis,637,id.Daftar_kasus_keracunan_massal_makan_siang_gratis#e0637,2026-09-15,2026-09-15,day,15 September 2026,Jawa Timur,Jawa Timur,Kabupaten Trenggalek,kabupaten,Trenggalek,35.03,exact,35,-8.047910064122286,111.70915082348205,753810,1249.367,SMP Global,junior_secondary,SMP Global,77 Siswa + Guru,exact,77,77,77,"{""student"": 77}",77,,,,"[""auto:e5fe7ed90c""]","[""https://afu.id/humaniora/keracunan-mbg-77-siswa-dan-guru-di-trenggalek-alami-diare-massal""]","[""unnumbered_subject""]"
id.Daftar_kasus_keracunan_massal_makan_siang_gratis#r0638,id.Daftar_kasus_keracunan_massal_makan_siang_gratis,638,id.Daftar_kasus_keracunan_massal_makan_siang_gratis#e0637,2026-09-15,2026-09-15,day,15 September 2026,Jawa Timur,Jawa Timur,Kabupaten Trenggalek,kabupaten,Trenggalek,35.03,exact,35,-8.047910064122286,111.70915082348205,753810,1249.367,MA Global,senior_secondary,MA Global,77 Siswa + Guru,exact,77,77,77,"{""student"": 77}",,,,,"[""auto:e5fe7ed90c""]","[""https://afu.id/humaniora/keracunan-mbg-77-siswa-dan-guru-di-trenggalek-alami-diare-massal""]","[""unnumbered_subject"", ""count_shared_across_rows""]"
id.Daftar_kasus_keracunan_massal_makan_siang_gratis#r0639,id.Daftar_kasus_keracunan_massal_makan_siang_gratis,639,id.Daftar_kasus_keracunan_massal_makan_siang_gratis#e0639,2026-03-05,2026-03-05,day,5 Maret 2026,Jawa Timur,Jawa Timur,Kabupaten Jombang,kabupaten,Jombang,35.17,exact,35,-7.556402096019785,112.23460958304962,1378005,1109.835,Ponpes Sholawat Darut Taubah,pesantren,Ponpes Sholawat Darut Taubah,31 Santri,exact,31,31,31,"{""santri"": 31}",31,,,,"[""auto:7d23ddba87""]","[""https://www.detik.com/jatim/berita/d-8386411/31-santri-di-jombang-keracunan-usai-santap-telur-asin-mbg""]",[]
id.Daftar_kasus_keracunan_massal_makan_siang_gratis#r0640,id.Daftar_kasus_keracunan_massal_makan_siang_gratis,640,id.Daftar_kasus_keracunan_massal_makan_siang_gratis#e0640,2026-09-02,2026-09-02,day,2 September 2026,Jawa Timur,Jawa Timur,Kabupaten Jombang,kabupaten,Jombang,35.17,exact,35,-7.556402096019785,112.23460958304962,1378005,1109.835,SMPN 1 Kabuh,junior_secondary,SMPN 1 Kabuh,260 Orang,exact,260,260,260,"{""person"": 260}",260,,,,"[""auto:aec963cc5e""]","[""https://surabaya.kompas.com/read/2026/09/04/182005678/korban-diduga-keracunan-mbg-di-jombang-bertambah-jadi-260-orang-dinkes""]",[]
id.Daftar_kasus_keracunan_massal_makan_siang_gratis#r0641,id.Daftar_kasus_keracunan_massal_makan_siang_gratis,641,id.Daftar_kasus_keracunan_massal_makan_siang_gratis#e0641,2026-04-09,2026-04-09,day,9 April 2026,Jawa Timur,Jawa Timur,Kabupaten Pacitan,kabupaten,Pacitan,35.01,exact,35,-8.194484702033753,111.10316522606453,588718,1434.818,,early_childhood,TK (Spesifik tidak disebutkan),158 Siswa,exact,158,158,158,"{""student"": 158}",158,,,,"[""auto:7d36130013""]","[""https://pacitanku.com/2026/04/18/bakteri-jadi-biang-keracunan-dprd-pacitan-desak-evaluasi-total-mbg/""]","[""no_venue""]"
id.Daftar_kasus_keracunan_massal_makan_siang_gratis#r0642,id.Daftar_kasus_keracunan_massal_makan_siang_gratis,642,id.Daftar_kasus_keracunan_massal_makan_siang_gratis#e0641,2026-04-09,2026-04-09,day,9 April 2026,Jawa Timur,Jawa Timur,Kabupaten Pacitan,kabupaten,Pacitan,35.01,exact,35,-8.194484702033753,111.10316522606453,588718,1434.818,,primary,SD (Spesifik tidak disebutkan),158 Siswa,exact,158,158,158,"{""student"": 158}",,,,,"[""auto:7d36130013""]","[""https://pacitanku.com/2026/04/18/bakteri-jadi-biang-keracunan-dprd-pacitan-desak-evaluasi-total-mbg/""]","[""no_venue"", ""count_shared_across_rows""]"
id.Daftar_kasus_keracunan_massal_makan_siang_gratis#r0643,id.Daftar_kasus_keracunan_massal_makan_siang_gratis,643,id.Daftar_kasus_keracunan_massal_makan_siang_gratis#e0641,2026-04-09,2026-04-09,day,9 April 2026,Jawa Timur,Jawa Timur,Kabupaten Pacitan,kabupaten,Pacitan,35.01,exact,35,-8.194484702033753,111.10316522606453,588718,1434.818,,junior_secondary,SMP ((Spesifik tidak disebutkan),158 Siswa,exact,158,158,158,"{""student"": 158}",,,,,"[""auto:7d36130013""]","[""https://pacitanku.com/2026/04/18/bakteri-jadi-biang-keracunan-dprd-pacitan-desak-evaluasi-total-mbg/""]","[""no_venue"", ""count_shared_across_rows""]"
id.Daftar_kasus_keracunan_massal_makan_siang_gratis#r0644,id.Daftar_kasus_keracunan_massal_makan_siang_gratis,644,id.Daftar_kasus_keracunan_massal_makan_siang_gratis#e0644,2026-04-16,2026-04-16,day,16 April 2026,Jawa Timur,Jawa Timur,Kota Madiun,kota,Madiun,35.77,exact,35,-7.624396873185385,111.52064916955761,201733,36.126,SDN 1 Demangan,primary,SDN 1 Demangan,18 Siswa,exact,18,18,18,"{""student"": 18}",18,,,,"[""auto:297632e705""]","[""https://memorandum.disway.id/madiun/read/156554/diduga-keracunan-mbg-belasan-siswa-sdn-1-demangan-madiun-dilarikan-ke-rumah-sakit""]",[]
id.Daftar_kasus_keracunan_massal_makan_siang_gratis#r0645,id.Daftar_kasus_keracunan_massal_makan_siang_gratis,645,id.Daftar_kasus_keracunan_massal_makan_siang_gratis#e0645,2026-09-09,2026-09-09,day,9 September 2026,Jawa Timur,Jawa Timur,Kota Madiun,kota,Madiun,35.77,exact,35,-7.624396873185385,111.52064916955761,201733,36.126,SDN 2 Kanigoro,primary,SDN 2 Kanigoro,30 Siswa,exact,30,30,30,"{""student"": 30}",30,,,,"[""auto:b7c1eb7cef""]","[""https://surabaya.kompas.com/read/2026/09/09/162042878/guru-dan-siswa-sd-di-madiun-diduga-keracunan-mbg-dirawat-di-puskesmas-dan""]",[]
id.Daftar_kasus_keracunan_massal_makan_siang_gratis#r0646,id.Daftar_kasus_keracunan_massal_makan_siang_gratis,646,id.Daftar_kasus_keracunan_massal_makan_siang_gratis#e0646,2026-04-20,2026-04-20,day,20 April 2026,Jawa Timur,Jawa Timur,Kabupaten Bangkalan,kabupaten,Bangkalan,35.26,exact,35,-7.046392499923124,112.73706719653809,1042031,1302.64,SMPN 1 Blega,junior_secondary,SMPN 1 Blega,2 Siswa dan 1 Guru,exact,3,3,3,"{""student"": 2, ""teacher"": 1}",3,,,,"[""auto:fce0c2d09d""]","[""https://www.instagram.com/p/DXapu2_AZsE/""]",[]
id.Daftar_kasus_keracunan_massal_makan_siang_gratis#r0647,id.Daftar_kasus_keracunan_massal_makan_siang_gratis,647,id.Daftar_kasus_keracunan_massal_makan_siang_gratis#e0647,2026-06-04,2026-06-04,day,4 Juni 2026,Jawa Timur,Jawa Timur,Kabupaten Bangkalan,kabupaten,Bangkalan,35.26,exact,35,-7.046392499923124,112.73706719653809,1042031,1302.64,SMAN 1 Kokop,senior_secondary,SMAN 1 Kokop,84 Siswa,exact,84,84,84,"{""student"": 84}",84,,,,"[""auto:c54fb5acac""]","[""https://www.detik.com/jatim/berita/d-8518917/total-84-siswa-sman-1-kokop-bangkalan-keracunan-mbg-12-masih-dirawat""]",[]
id.Daftar_kasus_keracunan_massal_makan_siang_gratis#r0648,id.Daftar_kasus_keracunan_massal_makan_siang_gratis,648,id.Daftar_kasus_keracunan_massal_makan_siang_gratis#e0648,2026-04-22,2026-04-22,day,22 April 2026,Jawa Timur,Jawa Timur,Kota Kediri,kota,Kediri,35.71,exact,35,-7.8121941506978585,112.0142841830517,301424,67.232,SDN Ketami 1,primary,SDN Ketami 1,73 Siswa,exact,73,73,73,"{""student"": 73}",73,,,,"[""auto:88f18e6485""]","[""https://www.detik.com/jatim/berita/d-8460176/siswa-di-3-sd-kediri-keracunan-mbg-walkot-vinanda-perintahkan-investigasi""]",[]
id.Daftar_kasus_keracunan_massal_makan_siang_gratis#r0649,id.Daftar_kasus_keracunan_massal_makan_siang_gratis,649,id.Daftar_kasus_keracunan_massal_makan_siang_gratis#e0648,2026-04-22,2026-04-22,day,22 April 2026,Jawa Timur,Jawa Timur,Kota Kediri,kota,Kediri,35.71,exact,35,-7.8121941506978585,112.0142841830517,301424,67.232,SDN Ketami 2,primary,SDN Ketami 2,73 Siswa,exact,73,73,73,"{""student"": 73}",,,,,"[""auto:88f18e6485""]","[""https://www.detik.com/jatim/berita/d-8460176/siswa-di-3-sd-kediri-keracunan-mbg-walkot-vinanda-perintahkan-investigasi""]","[""count_shared_across_rows""]"
id.Daftar_kasus_keracunan_massal_makan_siang_gratis#r0650,id.Daftar_kasus_keracunan_massal_makan_siang_gratis,650,id.Daftar_kasus_keracunan_massal_makan_siang_gratis#e0648,2026-04-22,2026-04-22,day,22 April 2026,Jawa Timur,Jawa Timur,Kota Kediri,kota,Kediri,35.71,exact,35,-7.8121941506978585,112.0142841830517,301424,67.232,SDN Tempurejo 1,primary,SDN Tempurejo 1,73 Siswa,exact,73,73,73,"{""student"": 73}",,,,,"[""auto:88f18e6485""]","[""https://www.detik.com/jatim/berita/d-8460176/siswa-di-3-sd-kediri-keracunan-mbg-walkot-vinanda-perintahkan-investigasi""]","[""count_shared_across_rows""]"
id.Daftar_kasus_keracunan_massal_makan_siang_gratis#r0651,id.Daftar_kasus_keracunan_massal_makan_siang_gratis,651,id.Daftar_kasus_keracunan_massal_makan_siang_gratis#e0651,2026-09-17,2026-09-17,day,17 September 2026,Jawa Timur,Jawa Timur,Kota Kediri,kota,Kediri,35.71,exact,35,-7.8121941506978585,112.0142841830517,301424,67.232,SDN Kampung Dalem 3,primary,SDN Kampung Dalem 3,37 Siswa,exact,37,37,37,"{""student"": 37}",37,,,,"[""auto:44b0bcf4a6""]","[""https://surabaya.kompas.com/read/2026/09/18/113044678/dugaan-keracunan-mbg-di-kediri-meluas-37-siswa-dari-3-sekolah-terdampak""]",[]
id.Daftar_kasus_keracunan_massal_makan_siang_gratis#r0652,id.Daftar_kasus_keracunan_massal_makan_siang_gratis,652,id.Daftar_kasus_keracunan_massal_makan_siang_gratis#e0651,2026-09-17,2026-09-17,day,17 September 2026,Jawa Timur,Jawa Timur,Kota Kediri,kota,Kediri,35.71,exact,35,-7.8121941506978585,112.0142841830517,301424,67.232,SDN Kampung Dalem 4,primary,SDN Kampung Dalem 4,37 Siswa,exact,37,37,37,"{""student"": 37}",,,,,"[""auto:44b0bcf4a6""]","[""https://surabaya.kompas.com/read/2026/09/18/113044678/dugaan-keracunan-mbg-di-kediri-meluas-37-siswa-dari-3-sekolah-terdampak""]","[""count_shared_across_rows""]"
id.Daftar_kasus_keracunan_massal_makan_siang_gratis#r0653,id.Daftar_kasus_keracunan_massal_makan_siang_gratis,653,id.Daftar_kasus_keracunan_massal_makan_siang_gratis#e0651,2026-09-17,2026-09-17,day,17 September 2026,Jawa Timur,Jawa Timur,Kota Kediri,kota,Kediri,35.71,exact,35,-7.8121941506978585,112.0142841830517,301424,67.232,SDN Kaliombo,primary,SDN Kaliombo,37 Siswa,exact,37,37,37,"{""student"": 37}",,,,,"[""auto:44b0bcf4a6""]","[""https://surabaya.kompas.com/read/2026/09/18/113044678/dugaan-keracunan-mbg-di-kediri-meluas-37-siswa-dari-3-sekolah-terdampak""]","[""count_shared_across_rows""]"
id.Daftar_kasus_keracunan_massal_makan_siang_gratis#r0654,id.Daftar_kasus_keracunan_massal_makan_siang_gratis,654,id.Daftar_kasus_keracunan_massal_makan_siang_gratis#e0654,2026-04-22,2026-04-22,day,22 April 2026,Jawa Timur,Jawa Timur,Kabupaten Sampang,kabupaten,Sampang,35.27,exact,35,-7.1875353391978205,113.23734031169953,1033926,1229.165,SDN Bira Tengah 1,primary,SDN Bira Tengah 1,19 Siswa,exact,19,19,19,"{""student"": 19}",19,,,,"[""auto:bf904c4b99""]","[""https://www.detik.com/jatim/berita/d-8458292/kondisi-terkini-belasan-siswa-di-sampang-yang-gatal-gatal-usai-santap-mbg""]",[]
id.Daftar_kasus_keracunan_massal_makan_siang_gratis#r0655,id.Daftar_kasus_keracunan_massal_makan_siang_gratis,655,id.Daftar_kasus_keracunan_massal_makan_siang_gratis#e0655,2026-04-27,2026-04-27,day,27 April 2026,Jawa Timur,Jawa Timur,Kabupaten Kediri,kabupaten,Kediri,35.06,exact,35,-7.80216489245253,112.04111356733358,1691976,1523.563,,early_childhood,TK (Spesifik tidak disebutkan),6 Siswa,exact,6,6,6,"{""student"": 6}",6,,,,"[""auto:e338809acc""]","[""https://suryamalang.tribunnews.com/jawa-timur/284163/6-siswa-madrasah-di-kediri-diduga-keracunan-mbg-muntah-muntah-keluhkan-rasa-ayam-yang-aneh""]","[""no_venue""]"
id.Daftar_kasus_keracunan_massal_makan_siang_gratis#r0656,id.Daftar_kasus_keracunan_massal_makan_siang_gratis,656,id.Daftar_kasus_keracunan_massal_makan_siang_gratis#e0655,2026-04-27,2026-04-27,day,27 April 2026,Jawa Timur,Jawa Timur,Kabupaten Kediri,kabupaten,Kediri,35.06,exact,35,-7.80216489245253,112.04111356733358,1691976,1523.563,,primary,SD (Spesifik tidak disebutkan),6 Siswa,exact,6,6,6,"{""student"": 6}",,,,,"[""auto:e338809acc""]","[""https://suryamalang.tribunnews.com/jawa-timur/284163/6-siswa-madrasah-di-kediri-diduga-keracunan-mbg-muntah-muntah-keluhkan-rasa-ayam-yang-aneh""]","[""no_venue"", ""count_shared_across_rows""]"
id.Daftar_kasus_keracunan_massal_makan_siang_gratis#r0657,id.Daftar_kasus_keracunan_massal_makan_siang_gratis,657,id.Daftar_kasus_keracunan_massal_makan_siang_gratis#e0657,2026-07-23,2026-07-23,day,23 Juli 2026,Jawa Timur,Jawa Timur,Kabupaten Kediri,kabupaten,Kediri,35.06,exact,35,-7.80216489245253,112.04111356733358,1691976,1523.563,TK Kusuma Mulya Krandang,early_childhood,TK Kusuma Mulya Krandang,211 Orang,exact,211,211,211,"{""person"": 211}",211,,,,"[""auto:9df41a5f86""]","[""https://kediritangguh.co/update-keracunan-211-orang-alami-gejala-usai-santap-mbg-di-kediri-kadinkes-penghentian-sppg-kewenangan-bgn/""]",[]
id.Daftar_kasus_keracunan_massal_makan_siang_gratis#r0658,id.Daftar_kasus_keracunan_massal_makan_siang_gratis,658,id.Daftar_kasus_keracunan_massal_makan_siang_gratis#e0657,2026-07-23,2026-07-23,day,23 Juli 2026,Jawa Timur,Jawa Timur,Kabupaten Kediri,kabupaten,Kediri,35.06,exact,35,-7.80216489245253,112.04111356733358,1691976,1523.563,MI Barokah,primary,MI Barokah,211 Orang,exact,211,211,211,"{""person"": 211}",,,,,"[""auto:9df41a5f86""]","[""https://kediritangguh.co/update-keracunan-211-orang-alami-gejala-usai-santap-mbg-di-kediri-kadinkes-penghentian-sppg-kewenangan-bgn/""]","[""count_shared_across_rows""]"
id.Daftar_kasus_keracunan_massal_makan_siang_gratis#r0659,id.Daftar_kasus_keracunan_massal_makan_siang_gratis,659,id.Daftar_kasus_keracunan_massal_makan_siang_gratis#e0657,2026-07-23,2026-07-23,day,23 Juli 2026,Jawa Timur,Jawa Timur,Kabupaten Kediri,kabupaten,Kediri,35.06,exact,35,-7.80216489245253,112.04111356733358,1691976,1523.563,SDN Purwodadi 1,primary,SDN Purwodadi 1,211 Orang,exact,211,211,211,"{""person"": 211}",,,,,"[""auto:9df41a5f86""]","[""https://kediritangguh.co/update-keracunan-211-orang-alami-gejala-usai-santap-mbg-di-kediri-kadinkes-penghentian-sppg-kewenangan-bgn/""]","[""count_shared_across_rows""]"
id.Daftar_kasus_keracunan_massal_makan_siang_gratis#r0660,id.Daftar_kasus_keracunan_massal_makan_siang_gratis,660,id.Daftar_kasus_keracunan_massal_makan_siang_gratis#e0657,2026-07-23,2026-07-23,day,23 Juli 2026,Jawa Timur,Jawa Timur,Kabupaten Kediri,kabupaten,Kediri,35.06,exact,35,-7.80216489245253,112.04111356733358,1691976,1523.563,SDN Krandang 2,primary,SDN Krandang 2,211 Orang,exact,211,211,211,"{""person"": 211}",,,,,"[""auto:9df41a5f86""]","[""https://kediritangguh.co/update-keracunan-211-orang-alami-gejala-usai-santap-mbg-di-kediri-kadinkes-penghentian-sppg-kewenangan-bgn/""]","[""count_shared_across_rows""]"
id.Daftar_kasus_keracunan_massal_makan_siang_gratis#r0661,id.Daftar_kasus_keracunan_massal_makan_siang_gratis,661,id.Daftar_kasus_keracunan_massal_makan_siang_gratis#e0657,2026-07-23,2026-07-23,day,23 Juli 2026,Jawa Timur,Jawa Timur,Kabupaten Kediri,kabupaten,Kediri,35.06,exact,35,-7.80216489245253,112.04111356733358,1691976,1523.563,SMPN 1 Kras,junior_secondary,SMPN 1 Kras,211 Orang,exact,211,211,211,"{""person"": 211}",,,,,"[""auto:9df41a5f86""]","[""https://kediritangguh.co/update-keracunan-211-orang-alami-gejala-usai-santap-mbg-di-kediri-kadinkes-penghentian-sppg-kewenangan-bgn/""]","[""count_shared_across_rows""]"
id.Daftar_kasus_keracunan_massal_makan_siang_gratis#r0662,id.Daftar_kasus_keracunan_massal_makan_siang_gratis,662,id.Daftar_kasus_keracunan_massal_makan_siang_gratis#e0657,2026-07-23,2026-07-23,day,23 Juli 2026,Jawa Timur,Jawa Timur,Kabupaten Kediri,kabupaten,Kediri,35.06,exact,35,-7.80216489245253,112.04111356733358,1691976,1523.563,nonsekolah kategori 3B,,nonsekolah kategori 3B,211 Orang,exact,211,211,211,"{""person"": 211}",,,,,"[""auto:9df41a5f86""]","[""https://kediritangguh.co/update-keracunan-211-orang-alami-gejala-usai-santap-mbg-di-kediri-kadinkes-penghentian-sppg-kewenangan-bgn/""]","[""count_shared_across_rows""]"
id.Daftar_kasus_keracunan_massal_makan_siang_gratis#r0663,id.Daftar_kasus_keracunan_massal_makan_siang_gratis,663,id.Daftar_kasus_keracunan_massal_makan_siang_gratis#e0663,2026-05-21,2026-05-21,day,21 Mei 2026,Jawa Timur,Jawa Timur,Kabupaten Gresik,kabupaten,Gresik,35.25,exact,35,-7.170587571783878,112.59967629653906,1327497,1264.009,SDN 238 Menganti,primary,SDN 238 Menganti,14 Siswa,exact,14,14,14,"{""student"": 14}",14,,,,"[""auto:ec3d84fcb2""]","[""https://mediabangsanews.com/2026/05/25/belasan-siswa-sdn-238-menganti-diduga-keracunan-mbg-orang-tua-soroti-kelalaian-pengelola-sppg/""]",[]
id.Daftar_kasus_keracunan_massal_makan_siang_gratis#r0664,id.Daftar_kasus_keracunan_massal_makan_siang_gratis,664,id.Daftar_kasus_keracunan_massal_makan_siang_gratis#e0664,2026-07-21,2026-07-21,day,21 Juli 2026,Jawa Timur,Jawa Timur,Kota Malang,kota,Malang,35.73,exact,35,-7.977788119311085,112.6338358100378,889359,111.077,SDN Kauman 1,primary,SDN Kauman 1,33 Siswa,exact,33,33,33,"{""student"": 33}",33,,,,"[""auto:5fb70e30c6""]","[""https://afu.id/nusantara/33-siswa-sdn-kauman-1-malang-keracunan-distribusi-mbg-dihentikan-usai-temuan-e-coli""]",[]
id.Daftar_kasus_keracunan_massal_makan_siang_gratis#r0665,id.Daftar_kasus_keracunan_massal_makan_siang_gratis,665,id.Daftar_kasus_keracunan_massal_makan_siang_gratis#e0665,2026-07-22,2026-07-22,day,22 Juli 2026,Jawa Timur,Jawa Timur,Kota Pasuruan,kota,Pasuruan,35.75,exact,35,-7.647370692892007,112.90855041188624,213469,39.109,SMAN 1 Pandaan,senior_secondary,SMAN 1 Pandaan,14 Siswa,exact,14,14,14,"{""student"": 14}",14,,,,"[""auto:c599e9ab1a""]","[""https://beritajatim.com/diduga-keracunan-makanan-mbg-14-siswa-sman-1-pandaan-mual-dan-muntah-9-dilarikan-ke-igd""]",[]
id.Daftar_kasus_keracunan_massal_makan_siang_gratis#r0666,id.Daftar_kasus_keracunan_massal_makan_siang_gratis,666,id.Daftar_kasus_keracunan_massal_makan_siang_gratis#e0666,2026-09-01,2026-09-01,day,1 September 2026,Jawa Timur,Jawa Timur,Kabupaten Sidoarjo,kabupaten,Sidoarjo,35.15,exact,35,-7.447173306341014,112.71807833886932,2027874,724.766,Ponpes Manba'ul Hikam,pesantren,Ponpes Manba'ul Hikam,748 Orang,exact,748,748,748,"{""person"": 748}",748,,,,"[""auto:521bb7f528""]","[""https://www.detik.com/jatim/berita/d-8648306/korban-keracunan-mbg-di-sidoarjo-jadi-748-orang""]",[]
id.Daftar_kasus_keracunan_massal_makan_siang_gratis#r0667,id.Daftar_kasus_keracunan_massal_makan_siang_gratis,667,id.Daftar_kasus_keracunan_massal_makan_siang_gratis#e0666,2026-09-01,2026-09-01,day,1 September 2026,Jawa Timur,Jawa Timur,Kabupaten Sidoarjo,kabupaten,Sidoarjo,35.15,exact,35,-7.447173306341014,112.71807833886932,2027874,724.766,MTS,junior_secondary,MTS,748 Orang,exact,748,748,748,"{""person"": 748}",,,,,"[""auto:521bb7f528""]","[""https://www.detik.com/jatim/berita/d-8648306/korban-keracunan-mbg-di-sidoarjo-jadi-748-orang""]","[""count_shared_across_rows""]"
id.Daftar_kasus_keracunan_massal_makan_siang_gratis#r0668,id.Daftar_kasus_keracunan_massal_makan_siang_gratis,668,id.Daftar_kasus_keracunan_massal_makan_siang_gratis#e0666,2026-09-01,2026-09-01,day,1 September 2026,Jawa Timur,Jawa Timur,Kabupaten Sidoarjo,kabupaten,Sidoarjo,35.15,exact,35,-7.447173306341014,112.71807833886932,2027874,724.766,MA,senior_secondary,MA,748 Orang,exact,748,748,748,"{""person"": 748}",,,,,"[""auto:521bb7f528""]","[""https://www.detik.com/jatim/berita/d-8648306/korban-keracunan-mbg-di-sidoarjo-jadi-748-orang""]","[""count_shared_across_rows""]"
id.Daftar_kasus_keracunan_massal_makan_siang_gratis#r0669,id.Daftar_kasus_keracunan_massal_makan_siang_gratis,669,id.Daftar_kasus_keracunan_massal_makan_siang_gratis#e0666,2026-09-01,2026-09-01,day,1 September 2026,Jawa Timur,Jawa Timur,Kabupaten Sidoarjo,kabupaten,Sidoarjo,35.15,exact,35,-7.447173306341014,112.71807833886932,2027874,724.766,16 Lembaga Pendidikan Lainnya,,16 Lembaga Pendidikan Lainnya,748 Orang,exact,748,748,748,"{""person"": 748}",,,,,"[""auto:521bb7f528""]","[""https://www.detik.com/jatim/berita/d-8648306/korban-keracunan-mbg-di-sidoarjo-jadi-748-orang""]","[""count_shared_across_rows""]"
id.Daftar_kasus_keracunan_massal_makan_siang_gratis#r0670,id.Daftar_kasus_keracunan_massal_makan_siang_gratis,670,id.Daftar_kasus_keracunan_massal_makan_siang_gratis#e0670,2026-09-16,2026-09-16,day,16 September 2026,Jawa Timur,Jawa Timur,Kota Blitar,kota,Blitar,35.72,exact,35,-8.099174292311863,112.1645539118899,161204,33.203,SLB Negeri 1 Kota Blitar,special_needs,SLB Negeri 1 Kota Blitar,20 Siswa,exact,20,20,20,"{""student"": 20}",20,,,,"[""auto:fe3bc53463""]","[""https://jogja.tribunnews.com/nasional/1223321/cerita-menyedihkan-siswa-slb-korban-keracunan-mbg-pingsan-karena-lama-menahan-sakit""]",[]
id.Daftar_kasus_keracunan_massal_makan_siang_gratis#r0671,id.Daftar_kasus_keracunan_massal_makan_siang_gratis,671,id.Daftar_kasus_keracunan_massal_makan_siang_gratis#e0670,2026-09-16,2026-09-16,day,16 September 2026,Jawa Timur,Jawa Timur,Kota Blitar,kota,Blitar,35.72,exact,35,-8.099174292311863,112.1645539118899,161204,33.203,MTs Al Muhafizhoh,junior_secondary,MTs Al Muhafizhoh,20 Siswa,exact,20,20,20,"{""student"": 20}",,,,,"[""auto:fe3bc53463""]","[""https://jogja.tribunnews.com/nasional/1223321/cerita-menyedihkan-siswa-slb-korban-keracunan-mbg-pingsan-karena-lama-menahan-sakit""]","[""count_shared_across_rows""]"
id.Daftar_kasus_keracunan_massal_makan_siang_gratis#r0673,id.Daftar_kasus_keracunan_massal_makan_siang_gratis,673,id.Daftar_kasus_keracunan_massal_makan_siang_gratis#e0673,2025-04-23,2025-04-23,day,23 April 2025,Nusa Tenggara Barat,Nusa Tenggara Barat,Kabupaten Lombok Tengah,kabupaten,Lombok Tengah,52.02,exact,52,-8.706131863466181,116.27003418305937,1128716,1167.029,SDN Repuk Tunjang,primary,SDN Repuk Tunjang,5 Siswa,exact,5,5,5,"{""student"": 5}",5,,,,"[""auto:8e49b9c787""]","[""https://www.detik.com/bali/nusra/d-7907093/5-siswa-lombok-tengah-keracunan-menu-mbg-ada-bakteri-e-coli-di-telur""]",[]
id.Daftar_kasus_keracunan_massal_makan_siang_gratis#r0674,id.Daftar_kasus_keracunan_massal_makan_siang_gratis,674,id.Daftar_kasus_keracunan_massal_makan_siang_gratis#e0674,2026-01-17,2026-01-17,day,17 Januari 2026,Nusa Tenggara Barat,Nusa Tenggara Barat,Kabupaten Lombok Tengah,kabupaten,Lombok Tengah,52.02,exact,52,-8.706131863466181,116.27003418305937,1128716,1167.029,SDN 1 Darmaji,primary,SDN 1 Darmaji,38 Siswa,exact,38,38,38,"{""student"": 38}",38,,,,"[""auto:a9c7110fdd""]","[""https://www.merdeka.com/peristiwa/puluhan-pelajar-di-lombok-tengah-keracunan-usai-konsumsi-susu-program-mbg-522733-mvk.html""]",[]
id.Daftar_kasus_keracunan_massal_makan_siang_gratis#r0675,id.Daftar_kasus_keracunan_massal_makan_siang_gratis,675,id.Daftar_kasus_keracunan_massal_makan_siang_gratis#e0674,2026-01-17,2026-01-17,day,17 Januari 2026,Nusa Tenggara Barat,Nusa Tenggara Barat,Kabupaten Lombok Tengah,kabupaten,Lombok Tengah,52.02,exact,52,-8.706131863466181,116.27003418305937,1128716,1167.029,MI Hidayatuslohin,primary,MI Hidayatuslohin,38 Siswa,exact,38,38,38,"{""student"": 38}",,,,,"[""auto:a9c7110fdd""]","[""https://www.merdeka.com/peristiwa/puluhan-pelajar-di-lombok-tengah-keracunan-usai-konsumsi-susu-program-mbg-522733-mvk.html""]","[""count_shared_across_rows""]"
id.Daftar_kasus_keracunan_massal_makan_siang_gratis#r0676,id.Daftar_kasus_keracunan_massal_makan_siang_gratis,676,id.Daftar_kasus_keracunan_massal_makan_siang_gratis#e0676,2026-04-10,2026-04-10,day,10 April 2026,Nusa Tenggara Barat,Nusa Tenggara Barat,Kabupaten Lombok Tengah,kabupaten,Lombok Tengah,52.02,exact,52,-8.706131863466181,116.27003418305937,1128716,1167.029,Balita,,Balita,11 Siswa,exact,11,11,11,"{""student"": 11}",11,,,,"[""auto:e888604a9c""]","[""https://koranlombok.id/2026/04/14/bgn-cabut-suspend-tujuh-sppg-muncul-11-korban-dugaan-keracunan-mbg-di-prai-meke/""]",[]
id.Daftar_kasus_keracunan_massal_makan_siang_gratis#r0677,id.Daftar_kasus_keracunan_massal_makan_siang_gratis,677,id.Daftar_kasus_keracunan_massal_makan_siang_gratis#e0676,2026-04-10,2026-04-10,day,10 April 2026,Nusa Tenggara Barat,Nusa Tenggara Barat,Kabupaten Lombok Tengah,kabupaten,Lombok Tengah,52.02,exact,52,-8.706131863466181,116.27003418305937,1128716,1167.029,,primary,SD (Spesifik tidak disebutkan),11 Siswa,exact,11,11,11,"{""student"": 11}",,,,,"[""auto:e888604a9c""]","[""https://koranlombok.id/2026/04/14/bgn-cabut-suspend-tujuh-sppg-muncul-11-korban-dugaan-keracunan-mbg-di-prai-meke/""]","[""no_venue"", ""count_shared_across_rows""]"
id.Daftar_kasus_keracunan_massal_makan_siang_gratis#r0678,id.Daftar_kasus_keracunan_massal_makan_siang_gratis,678,id.Daftar_kasus_keracunan_massal_makan_siang_gratis#e0678,2026-09-11,2026-09-11,day,11 September 2026,Nusa Tenggara Barat,Nusa Tenggara Barat,Kabupaten Lombok Tengah,kabupaten,Lombok Tengah,52.02,exact,52,-8.706131863466181,116.27003418305937,1128716,1167.029,SDN 2 Lendang Tampel,primary,SDN 2 Lendang Tampel,352 Siswa,exact,352,352,352,"{""student"": 352}",352,,,,"[""auto:2df2916a91""]","[""https://afu.id/nasional/keracunan-mbg-di-lombok-tengah-masif-352-siswa-sd-jadi-korban-wali-murid-geram-desak-program-dihentikan""]",[]
id.Daftar_kasus_keracunan_massal_makan_siang_gratis#r0679,id.Daftar_kasus_keracunan_massal_makan_siang_gratis,679,id.Daftar_kasus_keracunan_massal_makan_siang_gratis#e0678,2026-09-11,2026-09-11,day,11 September 2026,Nusa Tenggara Barat,Nusa Tenggara Barat,Kabupaten Lombok Tengah,kabupaten,Lombok Tengah,52.02,exact,52,-8.706131863466181,116.27003418305937,1128716,1167.029,SDN Repok Puyung,primary,SDN Repok Puyung,352 Siswa,exact,352,352,352,"{""student"": 352}",,,,,"[""auto:2df2916a91""]","[""https://afu.id/nasional/keracunan-mbg-di-lombok-tengah-masif-352-siswa-sd-jadi-korban-wali-murid-geram-desak-program-dihentikan""]","[""count_shared_across_rows""]"
id.Daftar_kasus_keracunan_massal_makan_siang_gratis#r0680,id.Daftar_kasus_keracunan_massal_makan_siang_gratis,680,id.Daftar_kasus_keracunan_massal_makan_siang_gratis#e0678,2026-09-11,2026-09-11,day,11 September 2026,Nusa Tenggara Barat,Nusa Tenggara Barat,Kabupaten Lombok Tengah,kabupaten,Lombok Tengah,52.02,exact,52,-8.706131863466181,116.27003418305937,1128716,1167.029,SDN Beber,primary,SDN Beber,352 Siswa,exact,352,352,352,"{""student"": 352}",,,,,"[""auto:2df2916a91""]","[""https://afu.id/nasional/keracunan-mbg-di-lombok-tengah-masif-352-siswa-sd-jadi-korban-wali-murid-geram-desak-program-dihentikan""]","[""count_shared_across_rows""]"
id.Daftar_kasus_keracunan_massal_makan_siang_gratis#r0681,id.Daftar_kasus_keracunan_massal_makan_siang_gratis,681,id.Daftar_kasus_keracunan_massal_makan_siang_gratis#e0678,2026-09-11,2026-09-11,day,11 September 2026,Nusa Tenggara Barat,Nusa Tenggara Barat,Kabupaten Lombok Tengah,kabupaten,Lombok Tengah,52.02,exact,52,-8.706131863466181,116.27003418305937,1128716,1167.029,SDN Mertak Kesambik,primary,SDN Mertak Kesambik,352 Siswa,exact,352,352,352,"{""student"": 352}",,,,,"[""auto:2df2916a91""]","[""https://afu.id/nasional/keracunan-mbg-di-lombok-tengah-masif-352-siswa-sd-jadi-korban-wali-murid-geram-desak-program-dihentikan""]","[""count_shared_across_rows""]"
id.Daftar_kasus_keracunan_massal_makan_siang_gratis#r0682,id.Daftar_kasus_keracunan_massal_makan_siang_gratis,682,id.Daftar_kasus_keracunan_massal_makan_siang_gratis#e0678,2026-09-11,2026-09-11,day,11 September 2026,Nusa Tenggara Barat,Nusa Tenggara Barat,Kabupaten Lombok Tengah,kabupaten,Lombok Tengah,52.02,exact,52,-8.706131863466181,116.27003418305937,1128716,1167.029,MTs Qudwatun Hasanah,junior_secondary,MTs Qudwatun Hasanah,352 Siswa,exact,352,352,352,"{""student"": 352}",,,,,"[""auto:2df2916a91""]","[""https://afu.id/nasional/keracunan-mbg-di-lombok-tengah-masif-352-siswa-sd-jadi-korban-wali-murid-geram-desak-program-dihentikan""]","[""count_shared_across_rows""]"
id.Daftar_kasus_keracunan_massal_makan_siang_gratis#r0683,id.Daftar_kasus_keracunan_massal_makan_siang_gratis,683,id.Daftar_kasus_keracunan_massal_makan_siang_gratis#e0683,2025-08-19,2025-08-19,day,19 Agustus 2025,Nusa Tenggara Barat,Nusa Tenggara Barat,Kabupaten Lombok Timur,kabupaten,Lombok Timur,52.03,exact,52,-8.650938604217814,116.52965363887955,1457591,1602.377,SMK Karya Adi Husada,senior_secondary,SMK Karya Adi Husada,Belasan Siswa,vague,,11,19,{},,,,,"[""auto:376747dbbc""]","[""https://radarlombok.co.id/siswa-smk-diduga-keracunan-usai-santap-mbg.html""]","[""count_vague""]"
id.Daftar_kasus_keracunan_massal_makan_siang_gratis#r0684,id.Daftar_kasus_keracunan_massal_makan_siang_gratis,684,id.Daftar_kasus_keracunan_massal_makan_siang_gratis#e0684,2025-10-13,2025-10-13,day,13 Oktober 2025,Nusa Tenggara Barat,Nusa Tenggara Barat,Kabupaten Lombok Timur,kabupaten,Lombok Timur,52.03,exact,52,-8.650938604217814,116.52965363887955,1457591,1602.377,MA Ma'arif Pondok Pesantren Baitul Rahman,senior_secondary,MA Ma'arif Pondok Pesantren Baitul Rahman,51 Santri,exact,51,51,51,"{""santri"": 51}",51,,,,"[""auto:b88f922c46""]","[""https://mataram.antaranews.com/berita/496981/puluhan-santri-di-lotim-diare-diduga-usai-santap-mbg-begini-tanggapan-sppg""]",[]
id.Daftar_kasus_keracunan_massal_makan_siang_gratis#r0685,id.Daftar_kasus_keracunan_massal_makan_siang_gratis,685,id.Daftar_kasus_keracunan_massal_makan_siang_gratis#e0685,2025-10-17,2025-10-17,day,17 Oktober 2025,Nusa Tenggara Barat,Nusa Tenggara Barat,Kabupaten Lombok Timur,kabupaten,Lombok Timur,52.03,exact,52,-8.650938604217814,116.52965363887955,1457591,1602.377,SMP Islam Terpadu Lukman Hakim Pohgading,junior_secondary,SMP Islam Terpadu Lukman Hakim Pohgading,23 Siswa,exact,23,23,23,"{""student"": 23}",23,,,,"[""auto:749859c34d""]","[""https://lombok.tribunnews.com/ntb/94732/dikes-cari-penyebab-puluhan-siswi-di-lombok-timur-diduga-keracunan-mbg""]",[]
id.Daftar_kasus_keracunan_massal_makan_siang_gratis#r0686,id.Daftar_kasus_keracunan_massal_makan_siang_gratis,686,id.Daftar_kasus_keracunan_massal_makan_siang_gratis#e0686,2026-01-26,2026-01-26,day,26 Januari 2026,Nusa Tenggara Barat,Nusa Tenggara Barat,Kabupaten Lombok Timur,kabupaten,Lombok Timur,52.03,exact,52,-8.650938604217814,116.52965363887955,1457591,1602.377,,,TBA (Tidak disebutkan),Puluhan siswa,vague,,20,99,{},,,,,"[""auto:a7158e6bbe""]","[""https://koran-jakarta.com/2026-01-27/dugaan-keracunan-mbg-di-lombok-timur-dinkes-turunkan-tim-investigasi""]","[""no_venue"", ""count_vague""]"
id.Daftar_kasus_keracunan_massal_makan_siang_gratis#r0687,id.Daftar_kasus_keracunan_massal_makan_siang_gratis,687,id.Daftar_kasus_keracunan_massal_makan_siang_gratis#e0687,2026-04-24,2026-04-24,day,24 April 2026,Nusa Tenggara Barat,Nusa Tenggara Barat,Kabupaten Lombok Timur,kabupaten,Lombok Timur,52.03,exact,52,-8.650938604217814,116.52965363887955,1457591,1602.377,MI Yadinu Banok,primary,MI Yadinu Banok,51 Orang,exact,51,51,51,"{""person"": 51}",51,,,,"[""auto:c8a72ae1b8""]","[""https://kicknews.today/keracunan-massal-mbg-di-lombok-timur-bertambah-ibu-hamil-ikut-dirawat/""]",[]
id.Daftar_kasus_keracunan_massal_makan_siang_gratis#r0688,id.Daftar_kasus_keracunan_massal_makan_siang_gratis,688,id.Daftar_kasus_keracunan_massal_makan_siang_gratis#e0688,2025-09-03,2025-09-03,day,3 September 2025,Nusa Tenggara Barat,Nusa Tenggara Barat,Kabupaten Lombok Barat,kabupaten,Lombok Barat,52.01,exact,52,-8.681396051887829,116.13670528305914,762757,919.44,SDN 1 Selat,primary,SDN 1 Selat,17 Siswa,exact,17,17,17,"{""student"": 17}",17,,,,"[""auto:5d154c8cc1""]","[""https://www.detik.com/bali/nusra/d-8095139/17-siswa-di-lombok-barat-diduga-keracunan-mbg-sempat-dibawa-ke-puskesmas""]",[]
id.Daftar_kasus_keracunan_massal_makan_siang_gratis#r0689,id.Daftar_kasus_keracunan_massal_makan_siang_gratis,689,id.Daftar_kasus_keracunan_massal_makan_siang_gratis#e0689,2025-09-03,2025-09-03,day,3 September 2025,Nusa Tenggara Barat,Nusa Tenggara Barat,Kabupaten Lombok Barat,kabupaten,Lombok Barat,52.01,exact,52,-8.681396051887829,116.13670528305914,762757,919.44,SDN 2 Nyur Lembang,primary,SDN 2 Nyur Lembang,2 Siswa,exact,2,2,2,"{""student"": 2}",2,,,,"[""auto:6d31220122""]","[""https://regional.kompas.com/read/2025/09/05/140802578/ketua-gugus-di-ntb-sebut-2-sekolah-keracunan-mbg-kita-tidak-mau-anak-anak""]",[]
id.Daftar_kasus_keracunan_massal_makan_siang_gratis#r0690,id.Daftar_kasus_keracunan_massal_makan_siang_gratis,690,id.Daftar_kasus_keracunan_massal_makan_siang_gratis#e0690,2025-09-24,2025-09-24,day,24 September 2025,Nusa Tenggara Barat,Nusa Tenggara Barat,Kabupaten Lombok Barat,kabupaten,Lombok Barat,52.01,exact,52,-8.681396051887829,116.13670528305914,762757,919.44,,junior_secondary,MTS (Spesifik tidak disebutkan),26 Santri,exact,26,26,26,"{""santri"": 26}",26,,,,"[""auto:69d5a82329""]","[""https://www.detik.com/bali/nusra/d-8129652/26-santri-ponpes-di-lombok-barat-keracunan-setelah-30-menit-santap-mbg""]","[""no_venue""]"
id.Daftar_kasus_keracunan_massal_makan_siang_gratis#r0691,id.Daftar_kasus_keracunan_massal_makan_siang_gratis,691,id.Daftar_kasus_keracunan_massal_makan_siang_gratis#e0691,2025-09-17,2025-09-17,day,17 September 2025,Nusa Tenggara Barat,Nusa Tenggara Barat,Kabupaten Sumbawa,kabupaten,Sumbawa,52.04,exact,52,-8.489511525311054,117.4196890006745,527715,6645.723,MTSN 2 Sumbawa,junior_secondary,MTSN 2 Sumbawa,94 siswa,exact,94,94,94,"{""student"": 94}",94,,,,"[""auto:9428e29639""]","[""https://www.detik.com/bali/nusra/d-8117464/ratusan-siswa-di-sumbawa-diduga-keracunan-mbg-keluhkan-mual-mencret?page=2""]",[]
id.Daftar_kasus_keracunan_massal_makan_siang_gratis#r0692,id.Daftar_kasus_keracunan_massal_makan_siang_gratis,692,id.Daftar_kasus_keracunan_massal_makan_siang_gratis#e0692,2025-09-17,2025-09-17,day,17 September 2025,Nusa Tenggara Barat,Nusa Tenggara Barat,Kabupaten Sumbawa,kabupaten,Sumbawa,52.04,exact,52,-8.489511525311054,117.4196890006745,527715,6645.723,SDN Lamenta,primary,SDN Lamenta,1 siswa,exact,1,1,1,"{""student"": 1}",1,,,,"[""auto:9428e29639""]","[""https://www.detik.com/bali/nusra/d-8117464/ratusan-siswa-di-sumbawa-diduga-keracunan-mbg-keluhkan-mual-mencret?page=2""]",[]
id.Daftar_kasus_keracunan_massal_makan_siang_gratis#r0693,id.Daftar_kasus_keracunan_massal_makan_siang_gratis,693,id.Daftar_kasus_keracunan_massal_makan_siang_gratis#e0693,2025-09-17,2025-09-17,day,17 September 2025,Nusa Tenggara Barat,Nusa Tenggara Barat,Kabupaten Sumbawa,kabupaten,Sumbawa,52.04,exact,52,-8.489511525311054,117.4196890006745,527715,6645.723,MIN 3 Sumbwa,primary,MIN 3 Sumbwa,20 siswa,exact,20,20,20,"{""student"": 20}",20,,,,"[""auto:9428e29639""]","[""https://www.detik.com/bali/nusra/d-8117464/ratusan-siswa-di-sumbawa-diduga-keracunan-mbg-keluhkan-mual-mencret?page=2""]",[]
id.Daftar_kasus_keracunan_massal_makan_siang_gratis#r0694,id.Daftar_kasus_keracunan_massal_makan_siang_gratis,694,id.Daftar_kasus_keracunan_massal_makan_siang_gratis#e0694,2025-09-17,2025-09-17,day,17 September 2025,Nusa Tenggara Barat,Nusa Tenggara Barat,Kabupaten Sumbawa,kabupaten,Sumbawa,52.04,exact,52,-8.489511525311054,117.4196890006745,527715,6645.723,MAN 3 Sumbawa,senior_secondary,MAN 3 Sumbawa,11 siswa,exact,11,11,11,"{""student"": 11}",11,,,,"[""auto:9428e29639""]","[""https://www.detik.com/bali/nusra/d-8117464/ratusan-siswa-di-sumbawa-diduga-keracunan-mbg-keluhkan-mual-mencret?page=2""]",[]
id.Daftar_kasus_keracunan_massal_makan_siang_gratis#r0695,id.Daftar_kasus_keracunan_massal_makan_siang_gratis,695,id.Daftar_kasus_keracunan_massal_makan_siang_gratis#e0695,2025-10-12,2025-10-12,day,12 Oktober 2025,Nusa Tenggara Barat,Nusa Tenggara Barat,Kota Bima,kota,Bima,52.72,exact,52,-8.461655165060522,118.74871988305718,165113,208.389,SDN 11 Kota Bima,primary,SDN 11 Kota Bima,23 Siswa,exact,23,23,23,"{""student"": 23}",23,,,,"[""auto:2205b74d2a""]","[""https://www.detik.com/bali/nusra/d-8157046/mbg-makan-korban-lagi-guru-siswa-dua-sd-di-bima-keracunan""]",[]
id.Daftar_kasus_keracunan_massal_makan_siang_gratis#r0696,id.Daftar_kasus_keracunan_massal_makan_siang_gratis,696,id.Daftar_kasus_keracunan_massal_makan_siang_gratis#e0695,2025-10-12,2025-10-12,day,12 Oktober 2025,Nusa Tenggara Barat,Nusa Tenggara Barat,Kota Bima,kota,Bima,52.72,exact,52,-8.461655165060522,118.74871988305718,165113,208.389,SDN 42 Kota Bima,primary,SDN 42 Kota Bima,23 Siswa,exact,23,23,23,"{""student"": 23}",,,,,"[""auto:2205b74d2a""]","[""https://www.detik.com/bali/nusra/d-8157046/mbg-makan-korban-lagi-guru-siswa-dua-sd-di-bima-keracunan""]","[""count_shared_across_rows""]"
id.Daftar_kasus_keracunan_massal_makan_siang_gratis#r0697,id.Daftar_kasus_keracunan_massal_makan_siang_gratis,697,id.Daftar_kasus_keracunan_massal_makan_siang_gratis#e0697,2025-10-31,2025-10-31,day,31 Oktober 2025,Nusa Tenggara Barat,Nusa Tenggara Barat,Kabupaten Sumbawa Barat,kabupaten,Sumbawa Barat,52.07,exact,52,-8.753910149465758,116.85426539840077,156059,1739.564,Pondok Pesantren Himatul Ummah,pesantren,Pondok Pesantren Himatul Ummah,71 Siswa,exact,71,71,71,"{""student"": 71}",71,,,,"[""auto:3e26b39f65""]","[""https://www.postkotantb.com/2025/11/71-santri-dan-siswa-di-brang-rea-ksb.html""]",[]
id.Daftar_kasus_keracunan_massal_makan_siang_gratis#r0698,id.Daftar_kasus_keracunan_massal_makan_siang_gratis,698,id.Daftar_kasus_keracunan_massal_makan_siang_gratis#e0697,2025-10-31,2025-10-31,day,31 Oktober 2025,Nusa Tenggara Barat,Nusa Tenggara Barat,Kabupaten Sumbawa Barat,kabupaten,Sumbawa Barat,52.07,exact,52,-8.753910149465758,116.85426539840077,156059,1739.564,SMPN 4 Brang Rea,junior_secondary,SMPN 4 Brang Rea,71 Siswa,exact,71,71,71,"{""student"": 71}",,,,,"[""auto:3e26b39f65""]","[""https://www.postkotantb.com/2025/11/71-santri-dan-siswa-di-brang-rea-ksb.html""]","[""count_shared_across_rows""]"
id.Daftar_kasus_keracunan_massal_makan_siang_gratis#r0699,id.Daftar_kasus_keracunan_massal_makan_siang_gratis,699,id.Daftar_kasus_keracunan_massal_makan_siang_gratis#e0699,2026-02-11,2026-02-11,day,11 Februari 2026,Nusa Tenggara Barat,Nusa Tenggara Barat,Kabupaten Lombok Utara,kabupaten,Lombok Utara,52.08,exact,52,-8.35633546555901,116.15926985422034,269989,810.185,SDN 2 Malaka,primary,SDN 2 Malaka,30 Siswa,exact,30,30,30,"{""student"": 30}",30,,,,"[""auto:446e9ce4bc""]","[""https://www.asatunews.co.id/30-siswa-sdn-lombok-utara-keracunan-makan-bergizi-gratis""]",[]
id.Daftar_kasus_keracunan_massal_makan_siang_gratis#r0700,id.Daftar_kasus_keracunan_massal_makan_siang_gratis,700,id.Daftar_kasus_keracunan_massal_makan_siang_gratis#e0699,2026-02-11,2026-02-11,day,11 Februari 2026,Nusa Tenggara Barat,Nusa Tenggara Barat,Kabupaten Lombok Utara,kabupaten,Lombok Utara,52.08,exact,52,-8.35633546555901,116.15926985422034,269989,810.185,SDN 4 Malaka,primary,SDN 4 Malaka,30 Siswa,exact,30,30,30,"{""student"": 30}",,,,,"[""auto:446e9ce4bc""]","[""https://www.asatunews.co.id/30-siswa-sdn-lombok-utara-keracunan-makan-bergizi-gratis""]","[""count_shared_across_rows""]"
id.Daftar_kasus_keracunan_massal_makan_siang_gratis#r0701,id.Daftar_kasus_keracunan_massal_makan_siang_gratis,701,id.Daftar_kasus_keracunan_massal_makan_siang_gratis#e0701,2026-04-04,2026-04-04,day,4 April 2026,Nusa Tenggara Barat,Nusa Tenggara Barat,Kabupaten Bima,kabupaten,Bima,52.06,exact,52,-8.556532639441706,118.67015779690297,543582,4208.861,,early_childhood,PAUD (Spesifik tidak disebutkan),29 Orang,exact,29,29,29,"{""person"": 29}",29,,,,"[""auto:c67f2ba8d9""]","[""https://ntb.idntimes.com/news/ntb/29-warga-diduga-keracunan-mbg-di-bima-dinkes-lakukan-investigasi-00-ldn3d-81r16k""]","[""no_venue""]"
id.Daftar_kasus_keracunan_massal_makan_siang_gratis#r0702,id.Daftar_kasus_keracunan_massal_makan_siang_gratis,702,id.Daftar_kasus_keracunan_massal_makan_siang_gratis#e0701,2026-04-04,2026-04-04,day,4 April 2026,Nusa Tenggara Barat,Nusa Tenggara Barat,Kabupaten Bima,kabupaten,Bima,52.06,exact,52,-8.556532639441706,118.67015779690297,543582,4208.861,,early_childhood,TK (Spesifik tidak disebutkan),29 Orang,exact,29,29,29,"{""person"": 29}",,,,,"[""auto:c67f2ba8d9""]","[""https://ntb.idntimes.com/news/ntb/29-warga-diduga-keracunan-mbg-di-bima-dinkes-lakukan-investigasi-00-ldn3d-81r16k""]","[""no_venue"", ""count_shared_across_rows""]"
id.Daftar_kasus_keracunan_massal_makan_siang_gratis#r0703,id.Daftar_kasus_keracunan_massal_makan_siang_gratis,703,id.Daftar_kasus_keracunan_massal_makan_siang_gratis#e0701,2026-04-04,2026-04-04,day,4 April 2026,Nusa Tenggara Barat,Nusa Tenggara Barat,Kabupaten Bima,kabupaten,Bima,52.06,exact,52,-8.556532639441706,118.67015779690297,543582,4208.861,,junior_secondary,SMP (Spesifik tidak disebutkan),29 Orang,exact,29,29,29,"{""person"": 29}",,,,,"[""auto:c67f2ba8d9""]","[""https://ntb.idntimes.com/news/ntb/29-warga-diduga-keracunan-mbg-di-bima-dinkes-lakukan-investigasi-00-ldn3d-81r16k""]","[""no_venue"", ""count_shared_across_rows""]"
id.Daftar_kasus_keracunan_massal_makan_siang_gratis#r0704,id.Daftar_kasus_keracunan_massal_makan_siang_gratis,704,id.Daftar_kasus_keracunan_massal_makan_siang_gratis#e0701,2026-04-04,2026-04-04,day,4 April 2026,Nusa Tenggara Barat,Nusa Tenggara Barat,Kabupaten Bima,kabupaten,Bima,52.06,exact,52,-8.556532639441706,118.67015779690297,543582,4208.861,Ibu Hamil,,Ibu Hamil,29 Orang,exact,29,29,29,"{""person"": 29}",,,,,"[""auto:c67f2ba8d9""]","[""https://ntb.idntimes.com/news/ntb/29-warga-diduga-keracunan-mbg-di-bima-dinkes-lakukan-investigasi-00-ldn3d-81r16k""]","[""count_shared_across_rows""]"
id.Daftar_kasus_keracunan_massal_makan_siang_gratis#r0705,id.Daftar_kasus_keracunan_massal_makan_siang_gratis,705,id.Daftar_kasus_keracunan_massal_makan_siang_gratis#e0701,2026-04-04,2026-04-04,day,4 April 2026,Nusa Tenggara Barat,Nusa Tenggara Barat,Kabupaten Bima,kabupaten,Bima,52.06,exact,52,-8.556532639441706,118.67015779690297,543582,4208.861,Lansia,,Lansia,29 Orang,exact,29,29,29,"{""person"": 29}",,,,,"[""auto:c67f2ba8d9""]","[""https://ntb.idntimes.com/news/ntb/29-warga-diduga-keracunan-mbg-di-bima-dinkes-lakukan-investigasi-00-ldn3d-81r16k""]","[""count_shared_across_rows""]"
id.Daftar_kasus_keracunan_massal_makan_siang_gratis#r0706,id.Daftar_kasus_keracunan_massal_makan_siang_gratis,706,id.Daftar_kasus_keracunan_massal_makan_siang_gratis#e0706,2025-02-18,2025-02-18,day,18 Februari 2025,Nusa Tenggara Timur,Nusa Tenggara Timur,Kabupaten Sumba Timur,kabupaten,Sumba Timur,53.11,exact,53,-9.660787895234368,120.26131862254613,277290,6975.198,SDK Andaluri,primary,SDK Andaluri,29 Siswa,exact,29,29,29,"{""student"": 29}",29,,,,"[""auto:c31cd349ab""]","[""https://sumba.inews.id/read/558543/puluhan-siswa-sdk-andaluri-diduga-keracunan-usai-santap-menu-makan-bergizi-gratis""]",[]
id.Daftar_kasus_keracunan_massal_makan_siang_gratis#r0707,id.Daftar_kasus_keracunan_massal_makan_siang_gratis,707,id.Daftar_kasus_keracunan_massal_makan_siang_gratis#e0707,2025-07-22,2025-07-22,day,22 Juli 2025,Nusa Tenggara Timur,Nusa Tenggara Timur,Kota Kupang,kota,Kupang,53.71,exact,53,-10.15389633793275,123.61939014385608,404120,158.885,SMP Negeri 08 Kota Kupang,junior_secondary,SMP Negeri 08 Kota Kupang,186 Siswa,exact,186,186,186,"{""student"": 186}",186,,,,"[""auto:4ed655c7e9""]","[""https://www.kompas.id/artikel/mereka-lemas-keracunan-mbg-di-samping-balai-kota-kupang""]",[]
id.Daftar_kasus_keracunan_massal_makan_siang_gratis#r0708,id.Daftar_kasus_keracunan_massal_makan_siang_gratis,708,id.Daftar_kasus_keracunan_massal_makan_siang_gratis#e0708,2025-07-23,2025-07-23,day,23 Juli 2025,Nusa Tenggara Timur,Nusa Tenggara Timur,Kota Kupang,kota,Kupang,53.71,exact,53,-10.15389633793275,123.61939014385608,404120,158.885,SD Negeri Tenau,primary,SD Negeri Tenau,13 Siswa,exact,13,13,13,"{""student"": 13}",13,,,,"["":0""]","[""https://www.koranmedia.com/daerah/1351442883/tersebar-di-6-sekolah-ombudsman-ri-perwakilan-ntt-catat-jumlah-korban-keracunan-mbg-capai-ratusan""]",[]
id.Daftar_kasus_keracunan_massal_makan_siang_gratis#r0709,id.Daftar_kasus_keracunan_massal_makan_siang_gratis,709,id.Daftar_kasus_keracunan_massal_makan_siang_gratis#e0709,2025-09-24,2025-09-24,day,24 September 2025,Nusa Tenggara Timur,Nusa Tenggara Timur,Kota Kupang,kota,Kupang,53.71,exact,53,-10.15389633793275,123.61939014385608,404120,158.885,SD Inpres Liliba,primary,SD Inpres Liliba,11 Siswa,exact,11,11,11,"{""student"": 11}",11,,,,"[""auto:e0c388b154""]","[""https://regional.kompas.com/read/2025/09/24/161744578/diduga-keracunan-mbg-11-siswa-sd-di-kupang-dilarikan-ke-rumah-sakit""]",[]
id.Daftar_kasus_keracunan_massal_makan_siang_gratis#r0710,id.Daftar_kasus_keracunan_massal_makan_siang_gratis,710,id.Daftar_kasus_keracunan_massal_makan_siang_gratis#e0710,2025-07-23,2025-07-23,day,23 Juli 2025,Nusa Tenggara Timur,Nusa Tenggara Timur,Kabupaten Kupang,kabupaten,Kupang,53.01,exact,53,-10.072767460089674,123.86446322540102,391539,5130.659,SMA Negeri 1 Taebenu,senior_secondary,SMA Negeri 1 Taebenu,2 Siswa,exact,2,2,2,"{""student"": 2}",2,,,,"["":0""]","[""https://www.koranmedia.com/daerah/1351442883/tersebar-di-6-sekolah-ombudsman-ri-perwakilan-ntt-catat-jumlah-korban-keracunan-mbg-capai-ratusan""]",[]
id.Daftar_kasus_keracunan_massal_makan_siang_gratis#r0711,id.Daftar_kasus_keracunan_massal_makan_siang_gratis,711,id.Daftar_kasus_keracunan_massal_makan_siang_gratis#e0711,2026-05-13,2026-05-13,day,13 Mei 2026,Nusa Tenggara Timur,Nusa Tenggara Timur,Kabupaten Kupang,kabupaten,Kupang,53.01,exact,53,-10.072767460089674,123.86446322540102,391539,5130.659,SDN Onitua,primary,SDN Onitua,23 Siswa,exact,23,23,23,"{""student"": 23}",23,,,,"[""auto:73f37c0570""]","[""https://atlasnews.id/daerah/geger-23-siswa-di-kupang-barat-diduga-keracunan-mbg-puskesmas-batakte-sigap-beri-pertolongan-pertama/""]",[]
id.Daftar_kasus_keracunan_massal_makan_siang_gratis#r0712,id.Daftar_kasus_keracunan_massal_makan_siang_gratis,712,id.Daftar_kasus_keracunan_massal_makan_siang_gratis#e0712,2026-06-06,2026-06-06,day,6 Juni 2026,Nusa Tenggara Timur,Nusa Tenggara Timur,Kabupaten Kupang,kabupaten,Kupang,53.01,exact,53,-10.072767460089674,123.86446322540102,391539,5130.659,SDN Tapen,primary,SDN Tapen,8 Siswa 1 Guru,exact,9,9,9,"{""student"": 8, ""teacher"": 1}",9,,,,"[""auto:66d61fc17a""]","[""https://atlasnews.id/daerah/diduga-keracunan-mbg-delapan-siswa-dan-seorang-guru-di-takari-jalani-observasi-medis/""]",[]
id.Daftar_kasus_keracunan_massal_makan_siang_gratis#r0713,id.Daftar_kasus_keracunan_massal_makan_siang_gratis,713,id.Daftar_kasus_keracunan_massal_makan_siang_gratis#e0713,2025-07-23,2025-07-23,day,23 Juli 2025,Nusa Tenggara Timur,Nusa Tenggara Timur,Kabupaten Sumba Barat Daya,kabupaten,Sumba Barat Daya,53.18,exact,53,-9.391735416331608,119.18099193903856,355022,1381.943,SMAN 1 Kota Tambolaka,senior_secondary,SMAN 1 Kota Tambolaka,58 Siswa,exact,58,58,58,"{""student"": 58}",58,,,,"[""auto:3359493a01""]","[""https://www.suara.com/news/2025/07/24/122257/puluhan-siswa-sma-di-sumba-barat-daya-keracunan-mbg""]",[]
id.Daftar_kasus_keracunan_massal_makan_siang_gratis#r0714,id.Daftar_kasus_keracunan_massal_makan_siang_gratis,714,id.Daftar_kasus_keracunan_massal_makan_siang_gratis#e0714,2025-07-23,2025-07-23,day,23 Juli 2025,Nusa Tenggara Timur,Nusa Tenggara Timur,Kabupaten Sumba Barat Daya,kabupaten,Sumba Barat Daya,53.18,exact,53,-9.391735416331608,119.18099193903856,355022,1381.943,SMKN 2 Tambolaka,senior_secondary,SMKN 2 Tambolaka,7 Siswa,exact,7,7,7,"{""student"": 7}",7,,,,"[""auto:3359493a01""]","[""https://www.suara.com/news/2025/07/24/122257/puluhan-siswa-sma-di-sumba-barat-daya-keracunan-mbg""]",[]
id.Daftar_kasus_keracunan_massal_makan_siang_gratis#r0715,id.Daftar_kasus_keracunan_massal_makan_siang_gratis,715,id.Daftar_kasus_keracunan_massal_makan_siang_gratis#e0715,2025-07-23,2025-07-23,day,23 Juli 2025,Nusa Tenggara Timur,Nusa Tenggara Timur,Kabupaten Sumba Barat Daya,kabupaten,Sumba Barat Daya,53.18,exact,53,-9.391735416331608,119.18099193903856,355022,1381.943,SMK Don Bosco,senior_secondary,SMK Don Bosco,10 Siswa,exact,10,10,10,"{""student"": 10}",10,,,,"[""auto:3359493a01""]","[""https://www.suara.com/news/2025/07/24/122257/puluhan-siswa-sma-di-sumba-barat-daya-keracunan-mbg""]",[]
id.Daftar_kasus_keracunan_massal_makan_siang_gratis#r0716,id.Daftar_kasus_keracunan_massal_makan_siang_gratis,716,id.Daftar_kasus_keracunan_massal_makan_siang_gratis#e0716,2025-11-10,2025-11-10,day,10 November 2025,Nusa Tenggara Timur,Nusa Tenggara Timur,Kabupaten Sumba Barat Daya,kabupaten,Sumba Barat Daya,53.18,exact,53,-9.391735416331608,119.18099193903856,355022,1381.943,SMA Manda Elu,senior_secondary,SMA Manda Elu,252 Siswa,exact,252,252,252,"{""student"": 252}",252,,,,"[""auto:86678a75ff""]","[""https://www.metropolitan.id/berita-hari-ini/95316240989/252-siswa-sma-di-ntt-keracunan-massal-setelah-makan-bergizi-gratis-mengeluh-gejala-pusing-dan-mual""]",[]
id.Daftar_kasus_keracunan_massal_makan_siang_gratis#r0717,id.Daftar_kasus_keracunan_massal_makan_siang_gratis,717,id.Daftar_kasus_keracunan_massal_makan_siang_gratis#e0716,2025-11-10,2025-11-10,day,10 November 2025,Nusa Tenggara Timur,Nusa Tenggara Timur,Kabupaten Sumba Barat Daya,kabupaten,Sumba Barat Daya,53.18,exact,53,-9.391735416331608,119.18099193903856,355022,1381.943,SMAK Alfonsus Waitabula,senior_secondary,SMAK Alfonsus Waitabula,252 Siswa,exact,252,252,252,"{""student"": 252}",,,,,"[""auto:86678a75ff""]","[""https://www.metropolitan.id/berita-hari-ini/95316240989/252-siswa-sma-di-ntt-keracunan-massal-setelah-makan-bergizi-gratis-mengeluh-gejala-pusing-dan-mual""]","[""count_shared_across_rows""]"
id.Daftar_kasus_keracunan_massal_makan_siang_gratis#r0718,id.Daftar_kasus_keracunan_massal_makan_siang_gratis,718,id.Daftar_kasus_keracunan_massal_makan_siang_gratis#e0718,2025-10-03,2025-10-03,day,3 Oktober 2025,Nusa Tenggara Timur,Nusa Tenggara Timur,Kabupaten Timor Tengah Selatan,kabupaten,Timor Tengah Selatan,53.02,exact,53,-9.851780619986599,124.26648135633013,490642,3931.747,SD GMIT Soe 2,primary,SD GMIT Soe 2,384 Siswa,exact,384,384,384,"{""student"": 384}",384,,,,"[""auto:15c3a0b6f6""]","[""https://www.tempo.co/politik/bgn-hentikan-operasional-sppg-kota-soe-1-setelah-terjadi-keracunan-mbg-2077551""]",[]
id.Daftar_kasus_keracunan_massal_makan_siang_gratis#r0719,id.Daftar_kasus_keracunan_massal_makan_siang_gratis,719,id.Daftar_kasus_keracunan_massal_makan_siang_gratis#e0718,2025-10-03,2025-10-03,day,3 Oktober 2025,Nusa Tenggara Timur,Nusa Tenggara Timur,Kabupaten Timor Tengah Selatan,kabupaten,Timor Tengah Selatan,53.02,exact,53,-9.851780619986599,124.26648135633013,490642,3931.747,SD Oenasi,primary,SD Oenasi,384 Siswa,exact,384,384,384,"{""student"": 384}",,,,,"[""auto:15c3a0b6f6""]","[""https://www.tempo.co/politik/bgn-hentikan-operasional-sppg-kota-soe-1-setelah-terjadi-keracunan-mbg-2077551""]","[""count_shared_across_rows""]"
id.Daftar_kasus_keracunan_massal_makan_siang_gratis#r0720,id.Daftar_kasus_keracunan_massal_makan_siang_gratis,720,id.Daftar_kasus_keracunan_massal_makan_siang_gratis#e0718,2025-10-03,2025-10-03,day,3 Oktober 2025,Nusa Tenggara Timur,Nusa Tenggara Timur,Kabupaten Timor Tengah Selatan,kabupaten,Timor Tengah Selatan,53.02,exact,53,-9.851780619986599,124.26648135633013,490642,3931.747,SD Inpres Soe,primary,SD Inpres Soe,384 Siswa,exact,384,384,384,"{""student"": 384}",,,,,"[""auto:15c3a0b6f6""]","[""https://www.tempo.co/politik/bgn-hentikan-operasional-sppg-kota-soe-1-setelah-terjadi-keracunan-mbg-2077551""]","[""count_shared_across_rows""]"
id.Daftar_kasus_keracunan_massal_makan_siang_gratis#r0721,id.Daftar_kasus_keracunan_massal_makan_siang_gratis,721,id.Daftar_kasus_keracunan_massal_makan_siang_gratis#e0718,2025-10-03,2025-10-03,day,3 Oktober 2025,Nusa Tenggara Timur,Nusa Tenggara Timur,Kabupaten Timor Tengah Selatan,kabupaten,Timor Tengah Selatan,53.02,exact,53,-9.851780619986599,124.26648135633013,490642,3931.747,SD Advent,primary,SD Advent,384 Siswa,exact,384,384,384,"{""student"": 384}",,,,,"[""auto:15c3a0b6f6""]","[""https://www.tempo.co/politik/bgn-hentikan-operasional-sppg-kota-soe-1-setelah-terjadi-keracunan-mbg-2077551""]","[""count_shared_across_rows""]"
id.Daftar_kasus_keracunan_massal_makan_siang_gratis#r0722,id.Daftar_kasus_keracunan_massal_makan_siang_gratis,722,id.Daftar_kasus_keracunan_massal_makan_siang_gratis#e0718,2025-10-03,2025-10-03,day,3 Oktober 2025,Nusa Tenggara Timur,Nusa Tenggara Timur,Kabupaten Timor Tengah Selatan,kabupaten,Timor Tengah Selatan,53.02,exact,53,-9.851780619986599,124.26648135633013,490642,3931.747,Posyandu Kota Baru,community_health_post,Posyandu Kota Baru,384 Siswa,exact,384,384,384,"{""student"": 384}",,,,,"[""auto:15c3a0b6f6""]","[""https://www.tempo.co/politik/bgn-hentikan-operasional-sppg-kota-soe-1-setelah-terjadi-keracunan-mbg-2077551""]","[""count_shared_across_rows""]"
id.Daftar_kasus_keracunan_massal_makan_siang_gratis#r0723,id.Daftar_kasus_keracunan_massal_makan_siang_gratis,723,id.Daftar_kasus_keracunan_massal_makan_siang_gratis#e0718,2025-10-03,2025-10-03,day,3 Oktober 2025,Nusa Tenggara Timur,Nusa Tenggara Timur,Kabupaten Timor Tengah Selatan,kabupaten,Timor Tengah Selatan,53.02,exact,53,-9.851780619986599,124.26648135633013,490642,3931.747,Posyandu Bhayangkari,community_health_post,Posyandu Bhayangkari,384 Siswa,exact,384,384,384,"{""student"": 384}",,,,,"[""auto:15c3a0b6f6""]","[""https://www.tempo.co/politik/bgn-hentikan-operasional-sppg-kota-soe-1-setelah-terjadi-keracunan-mbg-2077551""]","[""count_shared_across_rows""]"
id.Daftar_kasus_keracunan_massal_makan_siang_gratis#r0724,id.Daftar_kasus_keracunan_massal_makan_siang_gratis,724,id.Daftar_kasus_keracunan_massal_makan_siang_gratis#e0718,2025-10-03,2025-10-03,day,3 Oktober 2025,Nusa Tenggara Timur,Nusa Tenggara Timur,Kabupaten Timor Tengah Selatan,kabupaten,Timor Tengah Selatan,53.02,exact,53,-9.851780619986599,124.26648135633013,490642,3931.747,Pasyandu Nonohonis,community_health_post,Pasyandu Nonohonis,384 Siswa,exact,384,384,384,"{""student"": 384}",,,,,"[""auto:15c3a0b6f6""]","[""https://www.tempo.co/politik/bgn-hentikan-operasional-sppg-kota-soe-1-setelah-terjadi-keracunan-mbg-2077551""]","[""count_shared_across_rows""]"
id.Daftar_kasus_keracunan_massal_makan_siang_gratis#r0725,id.Daftar_kasus_keracunan_massal_makan_siang_gratis,725,id.Daftar_kasus_keracunan_massal_makan_siang_gratis#e0718,2025-10-03,2025-10-03,day,3 Oktober 2025,Nusa Tenggara Timur,Nusa Tenggara Timur,Kabupaten Timor Tengah Selatan,kabupaten,Timor Tengah Selatan,53.02,exact,53,-9.851780619986599,124.26648135633013,490642,3931.747,Posyandu Maleset,community_health_post,Posyandu Maleset,384 Siswa,exact,384,384,384,"{""student"": 384}",,,,,"[""auto:15c3a0b6f6""]","[""https://www.tempo.co/politik/bgn-hentikan-operasional-sppg-kota-soe-1-setelah-terjadi-keracunan-mbg-2077551""]","[""count_shared_across_rows""]"
id.Daftar_kasus_keracunan_massal_makan_siang_gratis#r0726,id.Daftar_kasus_keracunan_massal_makan_siang_gratis,726,id.Daftar_kasus_keracunan_massal_makan_siang_gratis#e0718,2025-10-03,2025-10-03,day,3 Oktober 2025,Nusa Tenggara Timur,Nusa Tenggara Timur,Kabupaten Timor Tengah Selatan,kabupaten,Timor Tengah Selatan,53.02,exact,53,-9.851780619986599,124.26648135633013,490642,3931.747,SMA Karya,senior_secondary,SMA Karya,384 Siswa,exact,384,384,384,"{""student"": 384}",,,,,"[""auto:15c3a0b6f6""]","[""https://www.tempo.co/politik/bgn-hentikan-operasional-sppg-kota-soe-1-setelah-terjadi-keracunan-mbg-2077551""]","[""count_shared_across_rows""]"
id.Daftar_kasus_keracunan_massal_makan_siang_gratis#r0727,id.Daftar_kasus_keracunan_massal_makan_siang_gratis,727,id.Daftar_kasus_keracunan_massal_makan_siang_gratis#e0718,2025-10-03,2025-10-03,day,3 Oktober 2025,Nusa Tenggara Timur,Nusa Tenggara Timur,Kabupaten Timor Tengah Selatan,kabupaten,Timor Tengah Selatan,53.02,exact,53,-9.851780619986599,124.26648135633013,490642,3931.747,Paud Cendana,early_childhood,Paud Cendana,384 Siswa,exact,384,384,384,"{""student"": 384}",,,,,"[""auto:15c3a0b6f6""]","[""https://www.tempo.co/politik/bgn-hentikan-operasional-sppg-kota-soe-1-setelah-terjadi-keracunan-mbg-2077551""]","[""count_shared_across_rows""]"
id.Daftar_kasus_keracunan_massal_makan_siang_gratis#r0728,id.Daftar_kasus_keracunan_massal_makan_siang_gratis,728,id.Daftar_kasus_keracunan_massal_makan_siang_gratis#e0718,2025-10-03,2025-10-03,day,3 Oktober 2025,Nusa Tenggara Timur,Nusa Tenggara Timur,Kabupaten Timor Tengah Selatan,kabupaten,Timor Tengah Selatan,53.02,exact,53,-9.851780619986599,124.26648135633013,490642,3931.747,TK Et Labora,early_childhood,TK Et Labora,384 Siswa,exact,384,384,384,"{""student"": 384}",,,,,"[""auto:15c3a0b6f6""]","[""https://www.tempo.co/politik/bgn-hentikan-operasional-sppg-kota-soe-1-setelah-terjadi-keracunan-mbg-2077551""]","[""count_shared_across_rows""]"
id.Daftar_kasus_keracunan_massal_makan_siang_gratis#r0729,id.Daftar_kasus_keracunan_massal_makan_siang_gratis,729,id.Daftar_kasus_keracunan_massal_makan_siang_gratis#e0718,2025-10-03,2025-10-03,day,3 Oktober 2025,Nusa Tenggara Timur,Nusa Tenggara Timur,Kabupaten Timor Tengah Selatan,kabupaten,Timor Tengah Selatan,53.02,exact,53,-9.851780619986599,124.26648135633013,490642,3931.747,TK Oenasi,early_childhood,TK Oenasi,384 Siswa,exact,384,384,384,"{""student"": 384}",,,,,"[""auto:15c3a0b6f6""]","[""https://www.tempo.co/politik/bgn-hentikan-operasional-sppg-kota-soe-1-setelah-terjadi-keracunan-mbg-2077551""]","[""count_shared_across_rows""]"
id.Daftar_kasus_keracunan_massal_makan_siang_gratis#r0730,id.Daftar_kasus_keracunan_massal_makan_siang_gratis,730,id.Daftar_kasus_keracunan_massal_makan_siang_gratis#e0730,2026-04-29,2026-04-29,day,29 April 2026,Nusa Tenggara Timur,Nusa Tenggara Timur,Kabupaten Timor Tengah Selatan,kabupaten,Timor Tengah Selatan,53.02,exact,53,-9.851780619986599,124.26648135633013,490642,3931.747,SD GMIT Panite 1,primary,SD GMIT Panite 1,37 Siswa dan 6 Guru,exact,43,43,43,"{""student"": 37, ""teacher"": 6}",43,,,,"[""auto:f600ce35aa""]","[""https://regional.kompas.com/read/2026/04/30/224346078/diduga-keracunan-mbg-37-siswa-dan-6-guru-di-kabupaten-timor-tengah-selatan?""]",[]
id.Daftar_kasus_keracunan_massal_makan_siang_gratis#r0731,id.Daftar_kasus_keracunan_massal_makan_siang_gratis,731,id.Daftar_kasus_keracunan_massal_makan_siang_gratis#e0730,2026-04-29,2026-04-29,day,29 April 2026,Nusa Tenggara Timur,Nusa Tenggara Timur,Kabupaten Timor Tengah Selatan,kabupaten,Timor Tengah Selatan,53.02,exact,53,-9.851780619986599,124.26648135633013,490642,3931.747,SD Tuapanan,primary,SD Tuapanan,37 Siswa dan 6 Guru,exact,43,43,43,"{""student"": 37, ""teacher"": 6}",,,,,"[""auto:f600ce35aa""]","[""https://regional.kompas.com/read/2026/04/30/224346078/diduga-keracunan-mbg-37-siswa-dan-6-guru-di-kabupaten-timor-tengah-selatan?""]","[""count_shared_across_rows""]"
id.Daftar_kasus_keracunan_massal_makan_siang_gratis#r0732,id.Daftar_kasus_keracunan_massal_makan_siang_gratis,732,id.Daftar_kasus_keracunan_massal_makan_siang_gratis#e0730,2026-04-29,2026-04-29,day,29 April 2026,Nusa Tenggara Timur,Nusa Tenggara Timur,Kabupaten Timor Tengah Selatan,kabupaten,Timor Tengah Selatan,53.02,exact,53,-9.851780619986599,124.26648135633013,490642,3931.747,SMAN 1 Amanuban,senior_secondary,SMAN 1 Amanuban,37 Siswa dan 6 Guru,exact,43,43,43,"{""student"": 37, ""teacher"": 6}",,,,,"[""auto:f600ce35aa""]","[""https://regional.kompas.com/read/2026/04/30/224346078/diduga-keracunan-mbg-37-siswa-dan-6-guru-di-kabupaten-timor-tengah-selatan?""]","[""count_shared_across_rows""]"
id.Daftar_kasus_keracunan_massal_makan_siang_gratis#r0733,id.Daftar_kasus_keracunan_massal_makan_siang_gratis,733,id.Daftar_kasus_keracunan_massal_makan_siang_gratis#e0733,2025-11-26,2025-11-26,day,26 November 2025,Nusa Tenggara Timur,Nusa Tenggara Timur,Kabupaten Ngada,kabupaten,Ngada,53.09,exact,53,-8.785172765189195,120.97473007615979,169445,1736.735,SD Trikora,primary,SD Trikora,Ratusan Siswa,vague,,100,999,{},,,,,"[""auto:0674042d17""]","[""https://timexkupang.fajar.co.id/2025/11/26/breaking-news-ratusan-siswa-dilarikan-ke-rsud-bajawa-usai-santap-mbg/""]","[""count_vague""]"
id.Daftar_kasus_keracunan_massal_makan_siang_gratis#r0734,id.Daftar_kasus_keracunan_massal_makan_siang_gratis,734,id.Daftar_kasus_keracunan_massal_makan_siang_gratis#e0733,2025-11-26,2025-11-26,day,26 November 2025,Nusa Tenggara Timur,Nusa Tenggara Timur,Kabupaten Ngada,kabupaten,Ngada,53.09,exact,53,-8.785172765189195,120.97473007615979,169445,1736.735,SD Inpres Waturutu,primary,SD Inpres Waturutu,Ratusan Siswa,vague,,100,999,{},,,,,"[""auto:0674042d17""]","[""https://timexkupang.fajar.co.id/2025/11/26/breaking-news-ratusan-siswa-dilarikan-ke-rsud-bajawa-usai-santap-mbg/""]","[""count_vague"", ""count_shared_across_rows""]"
id.Daftar_kasus_keracunan_massal_makan_siang_gratis#r0735,id.Daftar_kasus_keracunan_massal_makan_siang_gratis,735,id.Daftar_kasus_keracunan_massal_makan_siang_gratis#e0733,2025-11-26,2025-11-26,day,26 November 2025,Nusa Tenggara Timur,Nusa Tenggara Timur,Kabupaten Ngada,kabupaten,Ngada,53.09,exact,53,-8.785172765189195,120.97473007615979,169445,1736.735,SDK Regina Pacis,primary,SDK Regina Pacis,Ratusan Siswa,vague,,100,999,{},,,,,"[""auto:0674042d17""]","[""https://timexkupang.fajar.co.id/2025/11/26/breaking-news-ratusan-siswa-dilarikan-ke-rsud-bajawa-usai-santap-mbg/""]","[""count_vague"", ""count_shared_across_rows""]"
id.Daftar_kasus_keracunan_massal_makan_siang_gratis#r0736,id.Daftar_kasus_keracunan_massal_makan_siang_gratis,736,id.Daftar_kasus_keracunan_massal_makan_siang_gratis#e0736,2026-03-03,2026-03-03,day,3 Maret 2026,Nusa Tenggara Timur,Nusa Tenggara Timur,Kabupaten Ngada,kabupaten,Ngada,53.09,exact,53,-8.785172765189195,120.97473007615979,169445,1736.735,Kecamatan Inere,,Kecamatan Inere,24 Orang,exact,24,24,24,"{""person"": 24}",24,,,,"[""auto:0b384baa30""]","[""https://indonesiasatu.co/detail/puluhan-balita-dan-bumil-di-ngada-keracunan-mbg--ketua-dprd-ngada-desak-audit-sppg""]",[]
id.Daftar_kasus_keracunan_massal_makan_siang_gratis#r0737,id.Daftar_kasus_keracunan_massal_makan_siang_gratis,737,id.Daftar_kasus_keracunan_massal_makan_siang_gratis#e0737,2025-11-27,2025-11-27,day,27 November 2025,Nusa Tenggara Timur,Nusa Tenggara Timur,Kabupaten Timor Tengah Utara,kabupaten,Timor Tengah Utara,53.03,exact,53,-9.456934944114428,124.47508769420945,276032,2622.293,PAUD Kensulat,early_childhood,PAUD Kensulat,12 Siswa,exact,12,12,12,"{""student"": 12}",12,,,,"[""auto:2a32327758""]","[""https://ttu.inews.id/read/655286/anak-sekolah-di-ttu-diduga-keracunan-mbg-dilarikan-ke-rsud-kefamenanu""]",[]
id.Daftar_kasus_keracunan_massal_makan_siang_gratis#r0738,id.Daftar_kasus_keracunan_massal_makan_siang_gratis,738,id.Daftar_kasus_keracunan_massal_makan_siang_gratis#e0737,2025-11-27,2025-11-27,day,27 November 2025,Nusa Tenggara Timur,Nusa Tenggara Timur,Kabupaten Timor Tengah Utara,kabupaten,Timor Tengah Utara,53.03,exact,53,-9.456934944114428,124.47508769420945,276032,2622.293,SDK Kefamenanu,primary,SDK Kefamenanu,12 Siswa,exact,12,12,12,"{""student"": 12}",,,,,"[""auto:2a32327758""]","[""https://ttu.inews.id/read/655286/anak-sekolah-di-ttu-diduga-keracunan-mbg-dilarikan-ke-rsud-kefamenanu""]","[""count_shared_across_rows""]"
id.Daftar_kasus_keracunan_massal_makan_siang_gratis#r0739,id.Daftar_kasus_keracunan_massal_makan_siang_gratis,739,id.Daftar_kasus_keracunan_massal_makan_siang_gratis#e0737,2025-11-27,2025-11-27,day,27 November 2025,Nusa Tenggara Timur,Nusa Tenggara Timur,Kabupaten Timor Tengah Utara,kabupaten,Timor Tengah Utara,53.03,exact,53,-9.456934944114428,124.47508769420945,276032,2622.293,SDN Gua Aplasi,primary,SDN Gua Aplasi,12 Siswa,exact,12,12,12,"{""student"": 12}",,,,,"[""auto:2a32327758""]","[""https://ttu.inews.id/read/655286/anak-sekolah-di-ttu-diduga-keracunan-mbg-dilarikan-ke-rsud-kefamenanu""]","[""count_shared_across_rows""]"
id.Daftar_kasus_keracunan_massal_makan_siang_gratis#r0740,id.Daftar_kasus_keracunan_massal_makan_siang_gratis,740,id.Daftar_kasus_keracunan_massal_makan_siang_gratis#e0737,2025-11-27,2025-11-27,day,27 November 2025,Nusa Tenggara Timur,Nusa Tenggara Timur,Kabupaten Timor Tengah Utara,kabupaten,Timor Tengah Utara,53.03,exact,53,-9.456934944114428,124.47508769420945,276032,2622.293,SDK Peboko,primary,SDK Peboko,12 Siswa,exact,12,12,12,"{""student"": 12}",,,,,"[""auto:2a32327758""]","[""https://ttu.inews.id/read/655286/anak-sekolah-di-ttu-diduga-keracunan-mbg-dilarikan-ke-rsud-kefamenanu""]","[""count_shared_across_rows""]"
id.Daftar_kasus_keracunan_massal_makan_siang_gratis#r0741,id.Daftar_kasus_keracunan_massal_makan_siang_gratis,741,id.Daftar_kasus_keracunan_massal_makan_siang_gratis#e0741,2026-03-04,2026-03-04,day,4 Maret 2026,Nusa Tenggara Timur,Nusa Tenggara Timur,Kabupaten Timor Tengah Utara,kabupaten,Timor Tengah Utara,53.03,exact,53,-9.456934944114428,124.47508769420945,276032,2622.293,SMAN 1 Insana,senior_secondary,SMAN 1 Insana,>300 Siswa,lower_bound,300,300,,"{""student"": 300}",300,,,,"[""auto:06f6c589c2""]","[""https://www.victorynews.id/nasional/33116819723/ratusan-siswa-sman-1-insana-alami-gejala-keracunan-usai-santap-menu-mbg-dari-sppg-susulaku""]",[]
id.Daftar_kasus_keracunan_massal_makan_siang_gratis#r0742,id.Daftar_kasus_keracunan_massal_makan_siang_gratis,742,id.Daftar_kasus_keracunan_massal_makan_siang_gratis#e0742,2026-01-29,2026-01-29,day,29 Januari 2026,Nusa Tenggara Timur,Nusa Tenggara Timur,Kabupaten Manggarai Barat,kabupaten,Manggarai Barat,53.15,exact,53,-8.495964947540392,119.89429877413119,290688,3120.028,SDI Golo Welu 2,primary,SDI Golo Welu 2,132 Siswa,exact,132,132,132,"{""student"": 132}",132,,,,"[""auto:a5e9827aa1""]","[""https://kumbanews.com/132-siswa-di-manggarai-barat-ntt-keracunan-makan-bergizi-gratis-dapur-mbg-ditutup-sementara/""]",[]
id.Daftar_kasus_keracunan_massal_makan_siang_gratis#r0743,id.Daftar_kasus_keracunan_massal_makan_siang_gratis,743,id.Daftar_kasus_keracunan_massal_makan_siang_gratis#e0742,2026-01-29,2026-01-29,day,29 Januari 2026,Nusa Tenggara Timur,Nusa Tenggara Timur,Kabupaten Manggarai Barat,kabupaten,Manggarai Barat,53.15,exact,53,-8.495964947540392,119.89429877413119,290688,3120.028,SDI Golo Bombong,primary,SDI Golo Bombong,132 Siswa,exact,132,132,132,"{""student"": 132}",,,,,"[""auto:a5e9827aa1""]","[""https://kumbanews.com/132-siswa-di-manggarai-barat-ntt-keracunan-makan-bergizi-gratis-dapur-mbg-ditutup-sementara/""]","[""count_shared_across_rows""]"
id.Daftar_kasus_keracunan_massal_makan_siang_gratis#r0744,id.Daftar_kasus_keracunan_massal_makan_siang_gratis,744,id.Daftar_kasus_keracunan_massal_makan_siang_gratis#e0742,2026-01-29,2026-01-29,day,29 Januari 2026,Nusa Tenggara Timur,Nusa Tenggara Timur,Kabupaten Manggarai Barat,kabupaten,Manggarai Barat,53.15,exact,53,-8.495964947540392,119.89429877413119,290688,3120.028,SMPN 2 Kuwus,junior_secondary,SMPN 2 Kuwus,132 Siswa,exact,132,132,132,"{""student"": 132}",,,,,"[""auto:a5e9827aa1""]","[""https://kumbanews.com/132-siswa-di-manggarai-barat-ntt-keracunan-makan-bergizi-gratis-dapur-mbg-ditutup-sementara/""]","[""count_shared_across_rows""]"
id.Daftar_kasus_keracunan_massal_makan_siang_gratis#r0745,id.Daftar_kasus_keracunan_massal_makan_siang_gratis,745,id.Daftar_kasus_keracunan_massal_makan_siang_gratis#e0742,2026-01-29,2026-01-29,day,29 Januari 2026,Nusa Tenggara Timur,Nusa Tenggara Timur,Kabupaten Manggarai Barat,kabupaten,Manggarai Barat,53.15,exact,53,-8.495964947540392,119.89429877413119,290688,3120.028,SMAN 1 Kuwus,senior_secondary,SMAN 1 Kuwus,132 Siswa,exact,132,132,132,"{""student"": 132}",,,,,"[""auto:a5e9827aa1""]","[""https://kumbanews.com/132-siswa-di-manggarai-barat-ntt-keracunan-makan-bergizi-gratis-dapur-mbg-ditutup-sementara/""]","[""count_shared_across_rows""]"
id.Daftar_kasus_keracunan_massal_makan_siang_gratis#r0746,id.Daftar_kasus_keracunan_massal_makan_siang_gratis,746,id.Daftar_kasus_keracunan_massal_makan_siang_gratis#e0742,2026-01-29,2026-01-29,day,29 Januari 2026,Nusa Tenggara Timur,Nusa Tenggara Timur,Kabupaten Manggarai Barat,kabupaten,Manggarai Barat,53.15,exact,53,-8.495964947540392,119.89429877413119,290688,3120.028,SMKN 1 Kuwus,senior_secondary,SMKN 1 Kuwus,132 Siswa,exact,132,132,132,"{""student"": 132}",,,,,"[""auto:a5e9827aa1""]","[""https://kumbanews.com/132-siswa-di-manggarai-barat-ntt-keracunan-makan-bergizi-gratis-dapur-mbg-ditutup-sementara/""]","[""count_shared_across_rows""]"
id.Daftar_kasus_keracunan_massal_makan_siang_gratis#r0747,id.Daftar_kasus_keracunan_massal_makan_siang_gratis,747,id.Daftar_kasus_keracunan_massal_makan_siang_gratis#e0747,2026-02-11,2026-02-11,day,11 Februari 2026,Nusa Tenggara Timur,Nusa Tenggara Timur,Kabupaten Manggarai,kabupaten,Manggarai,53.10,exact,53,-8.611446513623472,120.4642990196421,349836,1343.335,warga Kecamatan Satar Mese,,warga Kecamatan Satar Mese,131 Orang,exact,131,131,131,"{""person"": 131}",131,,,,"[""auto:e088a680c9""]","[""https://www.instagram.com/p/DUw10wHioM4/""]",[]
id.Daftar_kasus_keracunan_massal_makan_siang_gratis#r0748,id.Daftar_kasus_keracunan_massal_makan_siang_gratis,748,id.Daftar_kasus_keracunan_massal_makan_siang_gratis#e0748,2026-04-30,2026-04-30,day,30 April 2026,Nusa Tenggara Timur,Nusa Tenggara Timur,Kabupaten Sumba Tengah,kabupaten,Sumba Tengah,53.17,exact,53,-9.62267937221953,119.60043476625835,92138,1786.436,,,TBA (Tidak disebutkan),>100 siswa,lower_bound,100,100,,"{""student"": 100}",100,,,,"[""auto:ccf025b449""]","[""https://selatanindonesia.com/diduga-keracunan-mbg-lebih-dari-100-anak-di-sumba-tengah-dilarikan-ke-fasilitas-kesehatan/""]","[""no_venue""]"
id.Daftar_kasus_keracunan_massal_makan_siang_gratis#r0749,id.Daftar_kasus_keracunan_massal_makan_siang_gratis,749,id.Daftar_kasus_keracunan_massal_makan_siang_gratis#e0749,2025-10-07,2025-10-07,day,7 Oktober 2025,Gorontalo,Gorontalo,Kota Gorontalo,kota,Gorontalo,75.71,exact,75,0.5319060577592112,123.0595026528477,204360,70.825,SMK Tridarma,senior_secondary,SMK Tridarma,11 Siswa,exact,11,11,11,"{""student"": 11}",11,,,,"[""auto:ff253f5a4c""]","[""https://www.hulondalo.id/news/96416054595/11-siswa-smk-tridarma-kota-gorontalo-diduga-keracunan-usai-konsumsi-mbg""]",[]
id.Daftar_kasus_keracunan_massal_makan_siang_gratis#r0750,id.Daftar_kasus_keracunan_massal_makan_siang_gratis,750,id.Daftar_kasus_keracunan_massal_makan_siang_gratis#e0750,2025-11-27,2025-11-27,day,27 November 2025,Sulawesi Utara,Sulawesi Utara,Kabupaten Minahasa Utara,kabupaten,Minahasa Utara,71.06,exact,71,1.4590614069048187,124.97472972676134,229231,992.981,SMPN 2 Airmadidi,junior_secondary,SMPN 2 Airmadidi,182 Siswa dan guru,exact,182,182,182,"{""student"": 182}",182,,,,"[""auto:3c0fe7f559""]","[""https://manado.tribunnews.com/minut/1857194/kasus-dugaan-keracunan-makanan-ratusan-siswa-dan-guru-di-minut-bkkbn-sulut-datangi-smpn-2-airmadidi""]","[""unnumbered_subject""]"
id.Daftar_kasus_keracunan_massal_makan_siang_gratis#r0751,id.Daftar_kasus_keracunan_massal_makan_siang_gratis,751,id.Daftar_kasus_keracunan_massal_makan_siang_gratis#e0751,2026-01-26,2026-01-26,day,26 Januari 2026,Sulawesi Utara,Sulawesi Utara,Kota Tomohon,kota,Tomohon,71.73,exact,71,1.3145248488354484,124.82744674228223,103812,169.064,SMP Kristen 1 Woloan,junior_secondary,SMP Kristen 1 Woloan,197 Siswa,exact,197,197,197,"{""student"": 197}",197,,,,"[""auto:97d2a18761""]","[""https://www.liputan6.com/regional/read/6267651/update-keracunan-massal-mbg-tomohon-64-siswa-masih-jalani-rawat-inap""]",[]
id.Daftar_kasus_keracunan_massal_makan_siang_gratis#r0752,id.Daftar_kasus_keracunan_massal_makan_siang_gratis,752,id.Daftar_kasus_keracunan_massal_makan_siang_gratis#e0751,2026-01-26,2026-01-26,day,26 Januari 2026,Sulawesi Utara,Sulawesi Utara,Kota Tomohon,kota,Tomohon,71.73,exact,71,1.3145248488354484,124.82744674228223,103812,169.064,SMK Negeri 1 Tomohon,senior_secondary,SMK Negeri 1 Tomohon,197 Siswa,exact,197,197,197,"{""student"": 197}",,,,,"[""auto:97d2a18761""]","[""https://www.liputan6.com/regional/read/6267651/update-keracunan-massal-mbg-tomohon-64-siswa-masih-jalani-rawat-inap""]","[""count_shared_across_rows""]"
id.Daftar_kasus_keracunan_massal_makan_siang_gratis#r0753,id.Daftar_kasus_keracunan_massal_makan_siang_gratis,753,id.Daftar_kasus_keracunan_massal_makan_siang_gratis#e0751,2026-01-26,2026-01-26,day,26 Januari 2026,Sulawesi Utara,Sulawesi Utara,Kota Tomohon,kota,Tomohon,71.73,exact,71,1.3145248488354484,124.82744674228223,103812,169.064,SMK Sta. Familia Tomohon,senior_secondary,SMK Sta. Familia Tomohon,197 Siswa,exact,197,197,197,"{""student"": 197}",,,,,"[""auto:97d2a18761""]","[""https://www.liputan6.com/regional/read/6267651/update-keracunan-massal-mbg-tomohon-64-siswa-masih-jalani-rawat-inap""]","[""count_shared_across_rows""]"
id.Daftar_kasus_keracunan_massal_makan_siang_gratis#r0754,id.Daftar_kasus_keracunan_massal_makan_siang_gratis,754,id.Daftar_kasus_keracunan_massal_makan_siang_gratis#e0751,2026-01-26,2026-01-26,day,26 Januari 2026,Sulawesi Utara,Sulawesi Utara,Kota Tomohon,kota,Tomohon,71.73,exact,71,1.3145248488354484,124.82744674228223,103812,169.064,SMA Karitas Tomohon,senior_secondary,SMA Karitas Tomohon,197 Siswa,exact,197,197,197,"{""student"": 197}",,,,,"[""auto:97d2a18761""]","[""https://www.liputan6.com/regional/read/6267651/update-keracunan-massal-mbg-tomohon-64-siswa-masih-jalani-rawat-inap""]","[""count_shared_across_rows""]"
id.Daftar_kasus_keracunan_massal_makan_siang_gratis#r0755,id.Daftar_kasus_keracunan_massal_makan_siang_gratis,755,id.Daftar_kasus_keracunan_massal_makan_siang_gratis#e0755,2025-09-24,2025-09-24,day,24 September 2025,Sulawesi Barat,Sulawesi Barat,Kabupaten Mamuju,kabupaten,Mamuju,76.02,exact,76,-2.6897491591296983,118.88453367460207,288382,4942.041,SDN Taan Galung,primary,SDN Taan Galung,25 Siswa,exact,25,25,25,"{""student"": 25}",25,,,,"[""auto:81b2047626""]","[""https://regional.kompas.com/read/2025/09/25/133740178/imbas-25-siswa-keracunan-dapur-mbg-di-mamuju-ditutup-sementara""]",[]
id.Daftar_kasus_keracunan_massal_makan_siang_gratis#r0756,id.Daftar_kasus_keracunan_massal_makan_siang_gratis,756,id.Daftar_kasus_keracunan_massal_makan_siang_gratis#e0755,2025-09-24,2025-09-24,day,24 September 2025,Sulawesi Barat,Sulawesi Barat,Kabupaten Mamuju,kabupaten,Mamuju,76.02,exact,76,-2.6897491591296983,118.88453367460207,288382,4942.041,SMP Negeri 1 Tapalang,junior_secondary,SMP Negeri 1 Tapalang,25 Siswa,exact,25,25,25,"{""student"": 25}",,,,,"[""auto:81b2047626""]","[""https://regional.kompas.com/read/2025/09/25/133740178/imbas-25-siswa-keracunan-dapur-mbg-di-mamuju-ditutup-sementara""]","[""count_shared_across_rows""]"
id.Daftar_kasus_keracunan_massal_makan_siang_gratis#r0757,id.Daftar_kasus_keracunan_massal_makan_siang_gratis,757,id.Daftar_kasus_keracunan_massal_makan_siang_gratis#e0757,2025-10-21,2025-10-21,day,21 Oktober 2025,Sulawesi Barat,Sulawesi Barat,Kabupaten Mamuju,kabupaten,Mamuju,76.02,exact,76,-2.6897491591296983,118.88453367460207,288382,4942.041,MTS Darus Qur’an Nur Hadis Nahdatul Waton Gentungan,junior_secondary,MTS Darus Qur’an Nur Hadis Nahdatul Waton Gentungan,25 Siswa dan 1 Balita,exact,26,26,26,"{""student"": 25, ""child"": 1}",26,,,,"[""auto:21be12a83f""]","[""https://regional.kompas.com/read/2025/10/23/155851478/siswa-mts-di-mamuju-yang-keracunan-mbg-bertambah-jadi-25-orang-dinkes""]",[]
id.Daftar_kasus_keracunan_massal_makan_siang_gratis#r0758,id.Daftar_kasus_keracunan_massal_makan_siang_gratis,758,id.Daftar_kasus_keracunan_massal_makan_siang_gratis#e0758,2026-01-12,2026-01-12,day,12 Januari 2026,Sulawesi Barat,Sulawesi Barat,Kabupaten Majene,kabupaten,Majene,76.05,exact,76,-3.548096071882418,118.95929449246914,190223,900.525,Desa Tubo,,Desa Tubo,61 Warga,exact,61,61,61,"{""resident"": 61}",61,,,,"[""auto:71194e15bd""]","[""https://sulbar.tribunnews.com/majene/74443/satu-balita-keracunan-mbg-di-majene-dirujuk-ke-mamuju-korban-kini-61-orang""]",[]
id.Daftar_kasus_keracunan_massal_makan_siang_gratis#r0759,id.Daftar_kasus_keracunan_massal_makan_siang_gratis,759,id.Daftar_kasus_keracunan_massal_makan_siang_gratis#e0758,2026-01-12,2026-01-12,day,12 Januari 2026,Sulawesi Barat,Sulawesi Barat,Kabupaten Majene,kabupaten,Majene,76.05,exact,76,-3.548096071882418,118.95929449246914,190223,900.525,Tubo Tengah,,Tubo Tengah,61 Warga,exact,61,61,61,"{""resident"": 61}",,,,,"[""auto:71194e15bd""]","[""https://sulbar.tribunnews.com/majene/74443/satu-balita-keracunan-mbg-di-majene-dirujuk-ke-mamuju-korban-kini-61-orang""]","[""count_shared_across_rows""]"
id.Daftar_kasus_keracunan_massal_makan_siang_gratis#r0760,id.Daftar_kasus_keracunan_massal_makan_siang_gratis,760,id.Daftar_kasus_keracunan_massal_makan_siang_gratis#e0758,2026-01-12,2026-01-12,day,12 Januari 2026,Sulawesi Barat,Sulawesi Barat,Kabupaten Majene,kabupaten,Majene,76.05,exact,76,-3.548096071882418,118.95929449246914,190223,900.525,Tubo Selatan,,Tubo Selatan,61 Warga,exact,61,61,61,"{""resident"": 61}",,,,,"[""auto:71194e15bd""]","[""https://sulbar.tribunnews.com/majene/74443/satu-balita-keracunan-mbg-di-majene-dirujuk-ke-mamuju-korban-kini-61-orang""]","[""count_shared_across_rows""]"
id.Daftar_kasus_keracunan_massal_makan_siang_gratis#r0761,id.Daftar_kasus_keracunan_massal_makan_siang_gratis,761,id.Daftar_kasus_keracunan_massal_makan_siang_gratis#e0758,2026-01-12,2026-01-12,day,12 Januari 2026,Sulawesi Barat,Sulawesi Barat,Kabupaten Majene,kabupaten,Majene,76.05,exact,76,-3.548096071882418,118.95929449246914,190223,900.525,Onang Utara,,Onang Utara,61 Warga,exact,61,61,61,"{""resident"": 61}",,,,,"[""auto:71194e15bd""]","[""https://sulbar.tribunnews.com/majene/74443/satu-balita-keracunan-mbg-di-majene-dirujuk-ke-mamuju-korban-kini-61-orang""]","[""count_shared_across_rows""]"
id.Daftar_kasus_keracunan_massal_makan_siang_gratis#r0762,id.Daftar_kasus_keracunan_massal_makan_siang_gratis,762,id.Daftar_kasus_keracunan_massal_makan_siang_gratis#e0758,2026-01-12,2026-01-12,day,12 Januari 2026,Sulawesi Barat,Sulawesi Barat,Kabupaten Majene,kabupaten,Majene,76.05,exact,76,-3.548096071882418,118.95929449246914,190223,900.525,Tubo Poang,,Tubo Poang,61 Warga,exact,61,61,61,"{""resident"": 61}",,,,,"[""auto:71194e15bd""]","[""https://sulbar.tribunnews.com/majene/74443/satu-balita-keracunan-mbg-di-majene-dirujuk-ke-mamuju-korban-kini-61-orang""]","[""count_shared_across_rows""]"
id.Daftar_kasus_keracunan_massal_makan_siang_gratis#r0763,id.Daftar_kasus_keracunan_massal_makan_siang_gratis,763,id.Daftar_kasus_keracunan_massal_makan_siang_gratis#e0758,2026-01-12,2026-01-12,day,12 Januari 2026,Sulawesi Barat,Sulawesi Barat,Kabupaten Majene,kabupaten,Majene,76.05,exact,76,-3.548096071882418,118.95929449246914,190223,900.525,Bonde-bonde,,Bonde-bonde,61 Warga,exact,61,61,61,"{""resident"": 61}",,,,,"[""auto:71194e15bd""]","[""https://sulbar.tribunnews.com/majene/74443/satu-balita-keracunan-mbg-di-majene-dirujuk-ke-mamuju-korban-kini-61-orang""]","[""count_shared_across_rows""]"
id.Daftar_kasus_keracunan_massal_makan_siang_gratis#r0764,id.Daftar_kasus_keracunan_massal_makan_siang_gratis,764,id.Daftar_kasus_keracunan_massal_makan_siang_gratis#e0758,2026-01-12,2026-01-12,day,12 Januari 2026,Sulawesi Barat,Sulawesi Barat,Kabupaten Majene,kabupaten,Majene,76.05,exact,76,-3.548096071882418,118.95929449246914,190223,900.525,Onang,,Onang,61 Warga,exact,61,61,61,"{""resident"": 61}",,,,,"[""auto:71194e15bd""]","[""https://sulbar.tribunnews.com/majene/74443/satu-balita-keracunan-mbg-di-majene-dirujuk-ke-mamuju-korban-kini-61-orang""]","[""count_shared_across_rows""]"
id.Daftar_kasus_keracunan_massal_makan_siang_gratis#r0765,id.Daftar_kasus_keracunan_massal_makan_siang_gratis,765,id.Daftar_kasus_keracunan_massal_makan_siang_gratis#e0765,2026-02-14,2026-02-14,day,14 Februari 2026,Sulawesi Barat,Sulawesi Barat,Kabupaten Polewali Manda,kabupaten,Polewali Manda,76.04,alias,76,-3.4077171800221633,119.31115423620673,492339,2074.191,SDN 10 Paku,primary,SDN 10 Paku,21 Orang,exact,21,21,21,"{""person"": 21}",21,,,,"[""auto:34d82b3936""]","[""https://katinting.com/keracunan-massal-mbg-polman-respons-profesional-dkppkb-waktu-evaluasi-keamanan-pangan/""]",[]
id.Daftar_kasus_keracunan_massal_makan_siang_gratis#r0766,id.Daftar_kasus_keracunan_massal_makan_siang_gratis,766,id.Daftar_kasus_keracunan_massal_makan_siang_gratis#e0766,2025-08-27,2025-08-27,day,27 Agustus 2025,Sulawesi Tengah,Sulawesi Tengah,Kota Palu,kota,Palu,72.71,exact,72,-0.8999595654952609,119.89102154408883,395291,355.92,MTs Sis Al-Jufri Tatura,junior_secondary,MTs Sis Al-Jufri Tatura,45 Siswa,exact,45,45,45,"{""student"": 45}",45,,,,"[""auto:400eb39465""]","[""https://manado.antaranews.com/berita/292405/18-pelajar-diduga-keracunan-mbg-dirawat-di-rs-bala-keselamatan""]",[]
id.Daftar_kasus_keracunan_massal_makan_siang_gratis#r0767,id.Daftar_kasus_keracunan_massal_makan_siang_gratis,767,id.Daftar_kasus_keracunan_massal_makan_siang_gratis#e0767,2025-08-27,2025-08-27,day,27 Agustus 2025,Sulawesi Tengah,Sulawesi Tengah,Kota Palu,kota,Palu,72.71,exact,72,-0.8999595654952609,119.89102154408883,395291,355.92,SMK Bina Potensi,senior_secondary,SMK Bina Potensi,> 100 Siswa,lower_bound,100,100,,"{""student"": 100}",100,,,,"[""auto:400eb39465""]","[""https://manado.antaranews.com/berita/292405/18-pelajar-diduga-keracunan-mbg-dirawat-di-rs-bala-keselamatan""]",[]
id.Daftar_kasus_keracunan_massal_makan_siang_gratis#r0768,id.Daftar_kasus_keracunan_massal_makan_siang_gratis,768,id.Daftar_kasus_keracunan_massal_makan_siang_gratis#e0768,2025-09-16,2025-09-16,day,16 September 2025,Sulawesi Tengah,Sulawesi Tengah,Kota Palu,kota,Palu,72.71,exact,72,-0.8999595654952609,119.89102154408883,395291,355.92,SDN Inpres Boyaoge,primary,SDN Inpres Boyaoge,6 Siswa,exact,6,6,6,"{""student"": 6}",6,,,,"[""auto:b6c942448e""]","[""https://palu.tribunnews.com/palu/168739/breaking-news-diduga-keracunan-mbg-6-murid-sdn-inpres-boyaoge-palu-dilarikan-ke-rumah-sakit""]",[]
id.Daftar_kasus_keracunan_massal_makan_siang_gratis#r0769,id.Daftar_kasus_keracunan_massal_makan_siang_gratis,769,id.Daftar_kasus_keracunan_massal_makan_siang_gratis#e0769,2025-09-16,2025-09-16,day,16 September 2025,Sulawesi Tengah,Sulawesi Tengah,Kabupaten Parigi Moutong,kabupaten,Parigi Moutong,72.08,exact,72,-0.8054270040019127,120.16032341521101,461576,5800.059,SDK Toboli Barat,primary,SDK Toboli Barat,18 Siswa,exact,18,18,18,"{""student"": 18}",18,,,,"[""auto:9767764ce8""]","[""https://www.sulawesitoday.com/berita/1221584838/18-siswa-sdk-toboli-barat-diduga-keracunan-makanan-bergizi-gratis-disdikbud-parigi-moutong-belum-terima-laporan-resmi""]",[]
id.Daftar_kasus_keracunan_massal_makan_siang_gratis#r0770,id.Daftar_kasus_keracunan_massal_makan_siang_gratis,770,id.Daftar_kasus_keracunan_massal_makan_siang_gratis#e0770,2025-09-25,2025-09-25,day,25 September 2025,Sulawesi Tengah,Sulawesi Tengah,Kabupaten Parigi Moutong,kabupaten,Parigi Moutong,72.08,exact,72,-0.8054270040019127,120.16032341521101,461576,5800.059,SMP Negeri 2 Taopa,junior_secondary,SMP Negeri 2 Taopa,27 Siswa,exact,27,27,27,"{""student"": 27}",27,,,,"[""auto:bf6dbe9828""]","[""https://www.kompas.id/artikel/keracunan-mbg-di-sulawesi-tengah-27-siswa-di-parigi-moutong-dirawat-di-rs""]",[]
id.Daftar_kasus_keracunan_massal_makan_siang_gratis#r0771,id.Daftar_kasus_keracunan_massal_makan_siang_gratis,771,id.Daftar_kasus_keracunan_massal_makan_siang_gratis#e0771,2025-09-17,2025-09-17,day,17 September 2025,Sulawesi Tengah,Sulawesi Tengah,Kabupaten Banggai Kepulauan,kabupaten,Banggai Kepulauan,72.07,exact,72,-1.3119041730240604,123.29844358843701,130008,2378.048,SDN Inpres Tompudau,primary,SDN Inpres Tompudau,338 Siswa,exact,338,338,338,"{""student"": 338}",338,,,,"[""auto:59af028d12""]","[""https://www.tvonenews.com/berita/nasional/376029-338-siswa-keracunan-mbg-di-banggai-kepala-bgn-sebut-karena-ganti-supplier-ikan-cakalang""]",[]
id.Daftar_kasus_keracunan_massal_makan_siang_gratis#r0772,id.Daftar_kasus_keracunan_massal_makan_siang_gratis,772,id.Daftar_kasus_keracunan_massal_makan_siang_gratis#e0771,2025-09-17,2025-09-17,day,17 September 2025,Sulawesi Tengah,Sulawesi Tengah,Kabupaten Banggai Kepulauan,kabupaten,Banggai Kepulauan,72.07,exact,72,-1.3119041730240604,123.29844358843701,130008,2378.048,SDN Pembina,primary,SDN Pembina,338 Siswa,exact,338,338,338,"{""student"": 338}",,,,,"[""auto:59af028d12""]","[""https://www.tvonenews.com/berita/nasional/376029-338-siswa-keracunan-mbg-di-banggai-kepala-bgn-sebut-karena-ganti-supplier-ikan-cakalang""]","[""count_shared_across_rows""]"
id.Daftar_kasus_keracunan_massal_makan_siang_gratis#r0773,id.Daftar_kasus_keracunan_massal_makan_siang_gratis,773,id.Daftar_kasus_keracunan_massal_makan_siang_gratis#e0771,2025-09-17,2025-09-17,day,17 September 2025,Sulawesi Tengah,Sulawesi Tengah,Kabupaten Banggai Kepulauan,kabupaten,Banggai Kepulauan,72.07,exact,72,-1.3119041730240604,123.29844358843701,130008,2378.048,SDN saiyong,primary,SDN saiyong,338 Siswa,exact,338,338,338,"{""student"": 338}",,,,,"[""auto:59af028d12""]","[""https://www.tvonenews.com/berita/nasional/376029-338-siswa-keracunan-mbg-di-banggai-kepala-bgn-sebut-karena-ganti-supplier-ikan-cakalang""]","[""count_shared_across_rows""]"
id.Daftar_kasus_keracunan_massal_makan_siang_gratis#r0774,id.Daftar_kasus_keracunan_massal_makan_siang_gratis,774,id.Daftar_kasus_keracunan_massal_makan_siang_gratis#e0771,2025-09-17,2025-09-17,day,17 September 2025,Sulawesi Tengah,Sulawesi Tengah,Kabupaten Banggai Kepulauan,kabupaten,Banggai Kepulauan,72.07,exact,72,-1.3119041730240604,123.29844358843701,130008,2378.048,MTS Alkhairat salakan,junior_secondary,MTS Alkhairat salakan,338 Siswa,exact,338,338,338,"{""student"": 338}",,,,,"[""auto:59af028d12""]","[""https://www.tvonenews.com/berita/nasional/376029-338-siswa-keracunan-mbg-di-banggai-kepala-bgn-sebut-karena-ganti-supplier-ikan-cakalang""]","[""count_shared_across_rows""]"
id.Daftar_kasus_keracunan_massal_makan_siang_gratis#r0775,id.Daftar_kasus_keracunan_massal_makan_siang_gratis,775,id.Daftar_kasus_keracunan_massal_makan_siang_gratis#e0771,2025-09-17,2025-09-17,day,17 September 2025,Sulawesi Tengah,Sulawesi Tengah,Kabupaten Banggai Kepulauan,kabupaten,Banggai Kepulauan,72.07,exact,72,-1.3119041730240604,123.29844358843701,130008,2378.048,SMP Negeri 1 Tinangkung,junior_secondary,SMP Negeri 1 Tinangkung,338 Siswa,exact,338,338,338,"{""student"": 338}",,,,,"[""auto:59af028d12""]","[""https://www.tvonenews.com/berita/nasional/376029-338-siswa-keracunan-mbg-di-banggai-kepala-bgn-sebut-karena-ganti-supplier-ikan-cakalang""]","[""count_shared_across_rows""]"
id.Daftar_kasus_keracunan_massal_makan_siang_gratis#r0776,id.Daftar_kasus_keracunan_massal_makan_siang_gratis,776,id.Daftar_kasus_keracunan_massal_makan_siang_gratis#e0771,2025-09-17,2025-09-17,day,17 September 2025,Sulawesi Tengah,Sulawesi Tengah,Kabupaten Banggai Kepulauan,kabupaten,Banggai Kepulauan,72.07,exact,72,-1.3119041730240604,123.29844358843701,130008,2378.048,SMA Negeri 1 Tinangkung,senior_secondary,SMA Negeri 1 Tinangkung,338 Siswa,exact,338,338,338,"{""student"": 338}",,,,,"[""auto:59af028d12""]","[""https://www.tvonenews.com/berita/nasional/376029-338-siswa-keracunan-mbg-di-banggai-kepala-bgn-sebut-karena-ganti-supplier-ikan-cakalang""]","[""count_shared_across_rows""]"
id.Daftar_kasus_keracunan_massal_makan_siang_gratis#r0777,id.Daftar_kasus_keracunan_massal_makan_siang_gratis,777,id.Daftar_kasus_keracunan_massal_makan_siang_gratis#e0771,2025-09-17,2025-09-17,day,17 September 2025,Sulawesi Tengah,Sulawesi Tengah,Kabupaten Banggai Kepulauan,kabupaten,Banggai Kepulauan,72.07,exact,72,-1.3119041730240604,123.29844358843701,130008,2378.048,SMK Negeri 1 Tinangkung,senior_secondary,SMK Negeri 1 Tinangkung,338 Siswa,exact,338,338,338,"{""student"": 338}",,,,,"[""auto:59af028d12""]","[""https://www.tvonenews.com/berita/nasional/376029-338-siswa-keracunan-mbg-di-banggai-kepala-bgn-sebut-karena-ganti-supplier-ikan-cakalang""]","[""count_shared_across_rows""]"
id.Daftar_kasus_keracunan_massal_makan_siang_gratis#r0778,id.Daftar_kasus_keracunan_massal_makan_siang_gratis,778,id.Daftar_kasus_keracunan_massal_makan_siang_gratis#e0778,2026-03-02,2026-03-02,day,2 Maret 2026,Sulawesi Tengah,Sulawesi Tengah,Kabupaten Banggai Kepulauan,kabupaten,Banggai Kepulauan,72.07,exact,72,-1.3119041730240604,123.29844358843701,130008,2378.048,SD Negeri Ambelang,primary,SD Negeri Ambelang,12 Siswa,exact,12,12,12,"{""student"": 12}",12,,,,"[""auto:6c8498517c""]","[""https://palu.tribunnews.com/sulteng/180593/breakingnews-12-siswa-di-banggai-kepulauan-diduga-diare-setelah-minum-susu-mbg""]",[]
id.Daftar_kasus_keracunan_massal_makan_siang_gratis#r0779,id.Daftar_kasus_keracunan_massal_makan_siang_gratis,779,id.Daftar_kasus_keracunan_massal_makan_siang_gratis#e0778,2026-03-02,2026-03-02,day,2 Maret 2026,Sulawesi Tengah,Sulawesi Tengah,Kabupaten Banggai Kepulauan,kabupaten,Banggai Kepulauan,72.07,exact,72,-1.3119041730240604,123.29844358843701,130008,2378.048,SD Negeri Tompudau,primary,SD Negeri Tompudau,12 Siswa,exact,12,12,12,"{""student"": 12}",,,,,"[""auto:6c8498517c""]","[""https://palu.tribunnews.com/sulteng/180593/breakingnews-12-siswa-di-banggai-kepulauan-diduga-diare-setelah-minum-susu-mbg""]","[""count_shared_across_rows""]"
id.Daftar_kasus_keracunan_massal_makan_siang_gratis#r0780,id.Daftar_kasus_keracunan_massal_makan_siang_gratis,780,id.Daftar_kasus_keracunan_massal_makan_siang_gratis#e0780,2026-08-20,2026-08-20,day,20 Agustus 2026,Sulawesi Tengah,Sulawesi Tengah,Kabupaten Banggai Kepulauan,kabupaten,Banggai Kepulauan,72.07,exact,72,-1.3119041730240604,123.29844358843701,130008,2378.048,SDN Mata,primary,SDN Mata,51 Orang,exact,51,51,51,"{""person"": 51}",51,,,,"[""auto:17fe3cee56""]","[""https://portal.banggaikep.go.id/puluhan-siswa-di-banggai-kepulauan-diduga-keracunan-usai-santap-mbg-pemda-bangkep-turun-ke-lokasi/""]",[]
id.Daftar_kasus_keracunan_massal_makan_siang_gratis#r0781,id.Daftar_kasus_keracunan_massal_makan_siang_gratis,781,id.Daftar_kasus_keracunan_massal_makan_siang_gratis#e0780,2026-08-20,2026-08-20,day,20 Agustus 2026,Sulawesi Tengah,Sulawesi Tengah,Kabupaten Banggai Kepulauan,kabupaten,Banggai Kepulauan,72.07,exact,72,-1.3119041730240604,123.29844358843701,130008,2378.048,SDN Kanali,primary,SDN Kanali,51 Orang,exact,51,51,51,"{""person"": 51}",,,,,"[""auto:17fe3cee56""]","[""https://portal.banggaikep.go.id/puluhan-siswa-di-banggai-kepulauan-diduga-keracunan-usai-santap-mbg-pemda-bangkep-turun-ke-lokasi/""]","[""count_shared_across_rows""]"
id.Daftar_kasus_keracunan_massal_makan_siang_gratis#r0782,id.Daftar_kasus_keracunan_massal_makan_siang_gratis,782,id.Daftar_kasus_keracunan_massal_makan_siang_gratis#e0780,2026-08-20,2026-08-20,day,20 Agustus 2026,Sulawesi Tengah,Sulawesi Tengah,Kabupaten Banggai Kepulauan,kabupaten,Banggai Kepulauan,72.07,exact,72,-1.3119041730240604,123.29844358843701,130008,2378.048,SD Muhammadiyah Peling,primary,SD Muhammadiyah Peling,51 Orang,exact,51,51,51,"{""person"": 51}",,,,,"[""auto:17fe3cee56""]","[""https://portal.banggaikep.go.id/puluhan-siswa-di-banggai-kepulauan-diduga-keracunan-usai-santap-mbg-pemda-bangkep-turun-ke-lokasi/""]","[""count_shared_across_rows""]"
id.Daftar_kasus_keracunan_massal_makan_siang_gratis#r0783,id.Daftar_kasus_keracunan_massal_makan_siang_gratis,783,id.Daftar_kasus_keracunan_massal_makan_siang_gratis#e0783,2025-10-11,2025-10-11,day,11 Oktober 2025,Sulawesi Tengah,Sulawesi Tengah,Kabupaten Banggai,kabupaten,Banggai,72.01,exact,72,-0.9943229896836165,122.78853827900993,377804,8241.143,SMAN 1 Moilong,senior_secondary,SMAN 1 Moilong,123 Siswa,exact,123,123,123,"{""student"": 123}",123,,,,"[""auto:860a50b4c2""]","[""https://www.kilasbanggai.com/uncategorized/keracunan-mbg-di-moilong-terus-bertambah-tembus-123-siswa-44-orang-rawat-inap/""]",[]
id.Daftar_kasus_keracunan_massal_makan_siang_gratis#r0784,id.Daftar_kasus_keracunan_massal_makan_siang_gratis,784,id.Daftar_kasus_keracunan_massal_makan_siang_gratis#e0784,2025-12-11,2025-12-11,day,11 Desember 2025,Sulawesi Tengah,Sulawesi Tengah,Kabupaten Tojo Una-Una,kabupaten,Tojo Una-Una,72.09,alias,72,-0.9146507390533831,121.588520770778,173534,5565.953,SDN Tampanombo,primary,SDN Tampanombo,5 Siswa,exact,5,5,5,"{""student"": 5}",5,,,,"[""auto:037e594039""]","[""https://rri.co.id/palu/daerah/2033850/lima-siswa-tampanombo-diduga-keracunan-usai-konsumsi-mbg""]",[]
id.Daftar_kasus_keracunan_massal_makan_siang_gratis#r0785,id.Daftar_kasus_keracunan_massal_makan_siang_gratis,785,id.Daftar_kasus_keracunan_massal_makan_siang_gratis#e0785,2026-01-28,2026-01-28,day,28 Januari 2026,Sulawesi Tengah,Sulawesi Tengah,Kabupaten Buol,kabupaten,Buol,72.05,exact,72,1.169077637159471,121.40975635779172,162273,3719.205,TK Amanah,early_childhood,TK Amanah,141 Siswa,exact,141,141,141,"{""student"": 141}",141,,,,"[""auto:abde18f4ba""]","[""https://www.detik.com/sulsel/berita/d-8330979/141-siswa-tk-smp-diduga-keracunan-mbg-di-buol-korban-dirawat-di-rs-puskesmas""]",[]
id.Daftar_kasus_keracunan_massal_makan_siang_gratis#r0786,id.Daftar_kasus_keracunan_massal_makan_siang_gratis,786,id.Daftar_kasus_keracunan_massal_makan_siang_gratis#e0785,2026-01-28,2026-01-28,day,28 Januari 2026,Sulawesi Tengah,Sulawesi Tengah,Kabupaten Buol,kabupaten,Buol,72.05,exact,72,1.169077637159471,121.40975635779172,162273,3719.205,SDN 1 Bunobogu,primary,SDN 1 Bunobogu,141 Siswa,exact,141,141,141,"{""student"": 141}",,,,,"[""auto:abde18f4ba""]","[""https://www.detik.com/sulsel/berita/d-8330979/141-siswa-tk-smp-diduga-keracunan-mbg-di-buol-korban-dirawat-di-rs-puskesmas""]","[""count_shared_across_rows""]"
id.Daftar_kasus_keracunan_massal_makan_siang_gratis#r0787,id.Daftar_kasus_keracunan_massal_makan_siang_gratis,787,id.Daftar_kasus_keracunan_massal_makan_siang_gratis#e0785,2026-01-28,2026-01-28,day,28 Januari 2026,Sulawesi Tengah,Sulawesi Tengah,Kabupaten Buol,kabupaten,Buol,72.05,exact,72,1.169077637159471,121.40975635779172,162273,3719.205,SDN 3 Bunobogu,primary,SDN 3 Bunobogu,141 Siswa,exact,141,141,141,"{""student"": 141}",,,,,"[""auto:abde18f4ba""]","[""https://www.detik.com/sulsel/berita/d-8330979/141-siswa-tk-smp-diduga-keracunan-mbg-di-buol-korban-dirawat-di-rs-puskesmas""]","[""count_shared_across_rows""]"
id.Daftar_kasus_keracunan_massal_makan_siang_gratis#r0788,id.Daftar_kasus_keracunan_massal_makan_siang_gratis,788,id.Daftar_kasus_keracunan_massal_makan_siang_gratis#e0785,2026-01-28,2026-01-28,day,28 Januari 2026,Sulawesi Tengah,Sulawesi Tengah,Kabupaten Buol,kabupaten,Buol,72.05,exact,72,1.169077637159471,121.40975635779172,162273,3719.205,SDN 7 Bunobogu,primary,SDN 7 Bunobogu,141 Siswa,exact,141,141,141,"{""student"": 141}",,,,,"[""auto:abde18f4ba""]","[""https://www.detik.com/sulsel/berita/d-8330979/141-siswa-tk-smp-diduga-keracunan-mbg-di-buol-korban-dirawat-di-rs-puskesmas""]","[""count_shared_across_rows""]"
id.Daftar_kasus_keracunan_massal_makan_siang_gratis#r0789,id.Daftar_kasus_keracunan_massal_makan_siang_gratis,789,id.Daftar_kasus_keracunan_massal_makan_siang_gratis#e0785,2026-01-28,2026-01-28,day,28 Januari 2026,Sulawesi Tengah,Sulawesi Tengah,Kabupaten Buol,kabupaten,Buol,72.05,exact,72,1.169077637159471,121.40975635779172,162273,3719.205,SMPN 5 Bunobogu,junior_secondary,SMPN 5 Bunobogu,141 Siswa,exact,141,141,141,"{""student"": 141}",,,,,"[""auto:abde18f4ba""]","[""https://www.detik.com/sulsel/berita/d-8330979/141-siswa-tk-smp-diduga-keracunan-mbg-di-buol-korban-dirawat-di-rs-puskesmas""]","[""count_shared_across_rows""]"
id.Daftar_kasus_keracunan_massal_makan_siang_gratis#r0790,id.Daftar_kasus_keracunan_massal_makan_siang_gratis,790,id.Daftar_kasus_keracunan_massal_makan_siang_gratis#e0790,2026-07-29,2026-07-29,day,29 Juli 2026,Sulawesi Tengah,Sulawesi Tengah,Kabupaten Buol,kabupaten,Buol,72.05,exact,72,1.169077637159471,121.40975635779172,162273,3719.205,SDN 1 Bokat,primary,SDN 1 Bokat,15 Siswa,exact,15,15,15,"{""student"": 15}",15,,,,"[""auto:cc43afb2aa""]","[""https://radarpalu.jawapos.com/sulteng/2607290023/lagi-15-siswa-sd-di-bokat-kabupaten-buol-keracunan-setelah-konsumsi-mbg""]",[]
id.Daftar_kasus_keracunan_massal_makan_siang_gratis#r0791,id.Daftar_kasus_keracunan_massal_makan_siang_gratis,791,id.Daftar_kasus_keracunan_massal_makan_siang_gratis#e0790,2026-07-29,2026-07-29,day,29 Juli 2026,Sulawesi Tengah,Sulawesi Tengah,Kabupaten Buol,kabupaten,Buol,72.05,exact,72,1.169077637159471,121.40975635779172,162273,3719.205,SDN 2 Bokat,primary,SDN 2 Bokat,15 Siswa,exact,15,15,15,"{""student"": 15}",,,,,"[""auto:cc43afb2aa""]","[""https://radarpalu.jawapos.com/sulteng/2607290023/lagi-15-siswa-sd-di-bokat-kabupaten-buol-keracunan-setelah-konsumsi-mbg""]","[""count_shared_across_rows""]"
id.Daftar_kasus_keracunan_massal_makan_siang_gratis#r0792,id.Daftar_kasus_keracunan_massal_makan_siang_gratis,792,id.Daftar_kasus_keracunan_massal_makan_siang_gratis#e0792,2025-02-26,2025-02-26,day,26 Februari 2025,Sulawesi Selatan,Sulawesi Selatan,Kabupaten Takalar,kabupaten,Takalar,73.05,exact,73,-5.4254592918321345,119.44063086993823,332863,553.206,SD Kapunrengan,primary,SD Kapunrengan,10 Siswa,exact,10,10,10,"{""student"": 10}",10,,,,"[""auto:91a30e7e16""]","[""https://www.metrotvnews.com/read/bzGCRJ8g-belasan-siswa-di-takalar-diduga-keracunan-usai-makan-menu-mbg""]",[]
id.Daftar_kasus_keracunan_massal_makan_siang_gratis#r0793,id.Daftar_kasus_keracunan_massal_makan_siang_gratis,793,id.Daftar_kasus_keracunan_massal_makan_siang_gratis#e0793,2025-02-26,2025-02-26,day,26 Februari 2025,Sulawesi Selatan,Sulawesi Selatan,Kabupaten Takalar,kabupaten,Takalar,73.05,exact,73,-5.4254592918321345,119.44063086993823,332863,553.206,SD Bonto Ba'do,primary,SD Bonto Ba'do,1 Siswa,exact,1,1,1,"{""student"": 1}",1,,,,"[""auto:91a30e7e16""]","[""https://www.metrotvnews.com/read/bzGCRJ8g-belasan-siswa-di-takalar-diduga-keracunan-usai-makan-menu-mbg""]",[]
id.Daftar_kasus_keracunan_massal_makan_siang_gratis#r0794,id.Daftar_kasus_keracunan_massal_makan_siang_gratis,794,id.Daftar_kasus_keracunan_massal_makan_siang_gratis#e0794,2025-02-26,2025-02-26,day,26 Februari 2025,Sulawesi Selatan,Sulawesi Selatan,Kabupaten Takalar,kabupaten,Takalar,73.05,exact,73,-5.4254592918321345,119.44063086993823,332863,553.206,SD Lengkese,primary,SD Lengkese,1 Siswa,exact,1,1,1,"{""student"": 1}",1,,,,"[""auto:91a30e7e16""]","[""https://www.metrotvnews.com/read/bzGCRJ8g-belasan-siswa-di-takalar-diduga-keracunan-usai-makan-menu-mbg""]",[]
id.Daftar_kasus_keracunan_massal_makan_siang_gratis#r0795,id.Daftar_kasus_keracunan_massal_makan_siang_gratis,795,id.Daftar_kasus_keracunan_massal_makan_siang_gratis#e0795,2025-12-08,2025-12-08,day,8 Desember 2025,Sulawesi Selatan,Sulawesi Selatan,Kabupaten Pangkajene dan Kepulauan,kabupaten,Pangkajene dan Kepulauan,73.10,exact,73,-4.845732154757298,119.5598290821929,361791,883.553,SD Negeri 13 Kassiloe,primary,SD Negeri 13 Kassiloe,74 Siswa,exact,74,74,74,"{""student"": 74}",74,,,,"[""auto:2b06dbf266""]","[""https://jurnalpost.com/keracunan-massal-mbg-di-pangkep-74-siswa-dilarikan-ke-puskesmas-rs/88893/""]",[]
id.Daftar_kasus_keracunan_massal_makan_siang_gratis#r0796,id.Daftar_kasus_keracunan_massal_makan_siang_gratis,796,id.Daftar_kasus_keracunan_massal_makan_siang_gratis#e0795,2025-12-08,2025-12-08,day,8 Desember 2025,Sulawesi Selatan,Sulawesi Selatan,Kabupaten Pangkajene dan Kepulauan,kabupaten,Pangkajene dan Kepulauan,73.10,exact,73,-4.845732154757298,119.5598290821929,361791,883.553,SMP 5 Labakkang,junior_secondary,SMP 5 Labakkang,74 Siswa,exact,74,74,74,"{""student"": 74}",,,,,"[""auto:2b06dbf266""]","[""https://jurnalpost.com/keracunan-massal-mbg-di-pangkep-74-siswa-dilarikan-ke-puskesmas-rs/88893/""]","[""count_shared_across_rows""]"
id.Daftar_kasus_keracunan_massal_makan_siang_gratis#r0797,id.Daftar_kasus_keracunan_massal_makan_siang_gratis,797,id.Daftar_kasus_keracunan_massal_makan_siang_gratis#e0795,2025-12-08,2025-12-08,day,8 Desember 2025,Sulawesi Selatan,Sulawesi Selatan,Kabupaten Pangkajene dan Kepulauan,kabupaten,Pangkajene dan Kepulauan,73.10,exact,73,-4.845732154757298,119.5598290821929,361791,883.553,SMA 13 Pangkep Boarding School,senior_secondary,SMA 13 Pangkep Boarding School,74 Siswa,exact,74,74,74,"{""student"": 74}",,,,,"[""auto:2b06dbf266""]","[""https://jurnalpost.com/keracunan-massal-mbg-di-pangkep-74-siswa-dilarikan-ke-puskesmas-rs/88893/""]","[""count_shared_across_rows""]"
id.Daftar_kasus_keracunan_massal_makan_siang_gratis#r0798,id.Daftar_kasus_keracunan_massal_makan_siang_gratis,798,id.Daftar_kasus_keracunan_massal_makan_siang_gratis#e0798,2026-01-29,2026-01-29,day,29 Januari 2026,Sulawesi Selatan,Sulawesi Selatan,Kabupaten Pinrang,kabupaten,Pinrang,73.15,exact,73,-3.809259094007871,119.65000307873112,423146,1895.008,Pondok Pesantren Al-Mustafa Kanipang,pesantren,Pondok Pesantren Al-Mustafa Kanipang,8 Santri,exact,8,8,8,"{""santri"": 8}",8,,,,"[""auto:eb18273f93""]","[""https://beritasulsel.com/baca/diduga-keracunan-mbg-8-santri-pesantren-di-pinrang-dilarikan-ke-puskesmas""]",[]
id.Daftar_kasus_keracunan_massal_makan_siang_gratis#r0799,id.Daftar_kasus_keracunan_massal_makan_siang_gratis,799,id.Daftar_kasus_keracunan_massal_makan_siang_gratis#e0799,2026-03-31,2026-03-31,day,31 Maret 2026,Sulawesi Selatan,Sulawesi Selatan,Kabupaten Enrekang,kabupaten,Enrekang,73.16,exact,73,-3.588329898134274,119.77030102200364,234470,1806.816,SDN 120 Baroko,primary,SDN 120 Baroko,17 Siswa,exact,17,17,17,"{""student"": 17}",17,,,,"[""auto:6e93f28abd""]","[""https://www.detik.com/sulsel/berita/d-8425094/17-siswa-sd-di-enrekang-muntah-diare-usai-santap-mbg""]",[]
id.Daftar_kasus_keracunan_massal_makan_siang_gratis#r0800,id.Daftar_kasus_keracunan_massal_makan_siang_gratis,800,id.Daftar_kasus_keracunan_massal_makan_siang_gratis#e0799,2026-03-31,2026-03-31,day,31 Maret 2026,Sulawesi Selatan,Sulawesi Selatan,Kabupaten Enrekang,kabupaten,Enrekang,73.16,exact,73,-3.588329898134274,119.77030102200364,234470,1806.816,SD 195 Buntu Ampang,primary,SD 195 Buntu Ampang,17 Siswa,exact,17,17,17,"{""student"": 17}",,,,,"[""auto:6e93f28abd""]","[""https://www.detik.com/sulsel/berita/d-8425094/17-siswa-sd-di-enrekang-muntah-diare-usai-santap-mbg""]","[""count_shared_across_rows""]"
id.Daftar_kasus_keracunan_massal_makan_siang_gratis#r0801,id.Daftar_kasus_keracunan_massal_makan_siang_gratis,801,id.Daftar_kasus_keracunan_massal_makan_siang_gratis#e0801,2026-04-01,2026-04-01,day,1 April 2026,Sulawesi Selatan,Sulawesi Selatan,Kabupaten Bantaeng,kabupaten,Bantaeng,73.03,exact,73,-5.5531536726224795,119.96718599882868,217267,390.95,,early_childhood,TK (Spesifik tidak disebutkan),Puluhan Siswa,vague,,20,99,{},,,,,"[""auto:2ba2ce8d4c""]","[""https://mediakrimsustnipolri.com/kabar-terkini/diduga-keracunan-susu-program-mbg-puluhan-siswa-di-bantaeng-dilarikan-ke-puskesmas/""]","[""no_venue"", ""count_vague""]"
id.Daftar_kasus_keracunan_massal_makan_siang_gratis#r0802,id.Daftar_kasus_keracunan_massal_makan_siang_gratis,802,id.Daftar_kasus_keracunan_massal_makan_siang_gratis#e0801,2026-04-01,2026-04-01,day,1 April 2026,Sulawesi Selatan,Sulawesi Selatan,Kabupaten Bantaeng,kabupaten,Bantaeng,73.03,exact,73,-5.5531536726224795,119.96718599882868,217267,390.95,,primary,SD (Spesifik tidak disebutkan),Puluhan Siswa,vague,,20,99,{},,,,,"[""auto:2ba2ce8d4c""]","[""https://mediakrimsustnipolri.com/kabar-terkini/diduga-keracunan-susu-program-mbg-puluhan-siswa-di-bantaeng-dilarikan-ke-puskesmas/""]","[""no_venue"", ""count_vague"", ""count_shared_across_rows""]"
id.Daftar_kasus_keracunan_massal_makan_siang_gratis#r0803,id.Daftar_kasus_keracunan_massal_makan_siang_gratis,803,id.Daftar_kasus_keracunan_massal_makan_siang_gratis#e0803,2026-04-23,2026-04-23,day,23 April 2026,Sulawesi Selatan,Sulawesi Selatan,Kabupaten Jeneponto,kabupaten,Jeneponto,73.04,exact,73,-5.67694518150875,119.74938992549147,423005,795.131,SDN 7 Rumbia,primary,SDN 7 Rumbia,28 Siswa,exact,28,28,28,"{""student"": 28}",28,,,,"[""auto:26d0aea843""]","[""https://updatesulsel.id/28-siswa-keracunan-mbg-di-bontomanai-jeneponto-diminta-ditutup-sementara/""]",[]
id.Daftar_kasus_keracunan_massal_makan_siang_gratis#r0804,id.Daftar_kasus_keracunan_massal_makan_siang_gratis,804,id.Daftar_kasus_keracunan_massal_makan_siang_gratis#e0804,2026-09-02,2026-09-02,day,2 September 2026,Sulawesi Selatan,Sulawesi Selatan,Kabupaten Tana Toraja,kabupaten,Tana Toraja,73.18,exact,73,-3.0865430500830704,119.85708269925097,258934,2043.623,SMP Negeri 1 Makale,junior_secondary,SMP Negeri 1 Makale,193 Siswa,exact,193,193,193,"{""student"": 193}",193,,,,"[""auto:db8e1abca0""]","[""https://www.cnnindonesia.com/nasional/20260911180218-20-1402945/keracunan-massal-mbg-toraja-ayam-bumbu-kuning-positif-bakteri""]",[]
id.Daftar_kasus_keracunan_massal_makan_siang_gratis#r0805,id.Daftar_kasus_keracunan_massal_makan_siang_gratis,805,id.Daftar_kasus_keracunan_massal_makan_siang_gratis#e0804,2026-09-02,2026-09-02,day,2 September 2026,Sulawesi Selatan,Sulawesi Selatan,Kabupaten Tana Toraja,kabupaten,Tana Toraja,73.18,exact,73,-3.0865430500830704,119.85708269925097,258934,2043.623,SMP Negeri 2 Makale,junior_secondary,SMP Negeri 2 Makale,193 Siswa,exact,193,193,193,"{""student"": 193}",,,,,"[""auto:db8e1abca0""]","[""https://www.cnnindonesia.com/nasional/20260911180218-20-1402945/keracunan-massal-mbg-toraja-ayam-bumbu-kuning-positif-bakteri""]","[""count_shared_across_rows""]"
id.Daftar_kasus_keracunan_massal_makan_siang_gratis#r0806,id.Daftar_kasus_keracunan_massal_makan_siang_gratis,806,id.Daftar_kasus_keracunan_massal_makan_siang_gratis#e0806,2025-04-23,2025-04-23,day,23 April 2025,Sulawesi Tenggara,Sulawesi Tenggara,Kabupaten Bombaba,kabupaten,Bombaba,74.06,alias,74,-4.747234642989351,122.0110926542551,168055,3291.922,SDN 33 Kasipute,primary,SDN 33 Kasipute,13 Siswa,exact,13,13,13,"{""student"": 13}",13,,,,"[""auto:4615958a0d""]","[""https://merdekami.com/2025/04/gejala-diduga-keracunan-muncul-di-sdn-33-kasipute-program-makanan-gratis-disorot/""]",[]
id.Daftar_kasus_keracunan_massal_makan_siang_gratis#r0807,id.Daftar_kasus_keracunan_massal_makan_siang_gratis,807,id.Daftar_kasus_keracunan_massal_makan_siang_gratis#e0807,2025-09-11,2025-09-11,day,11 September 2025,Sulawesi Tenggara,Sulawesi Tenggara,Kabupaten Buton,kabupaten,Buton,74.04,exact,74,-5.495773575456685,122.84013943527818,122024,1664.982,SDN 55 Buton,primary,SDN 55 Buton,Puluhan Siswa,vague,,20,99,{},,,,,"[""auto:be5225f1e6""]","[""https://www.halosultra.com/sultra-raya/buton/50849/puluhan-siswa-sd-di-buton-keracunan-makanan-mbg-wabup-minta-evaluasi-program/""]","[""count_vague""]"
id.Daftar_kasus_keracunan_massal_makan_siang_gratis#r0808,id.Daftar_kasus_keracunan_massal_makan_siang_gratis,808,id.Daftar_kasus_keracunan_massal_makan_siang_gratis#e0808,2025-09-16,2025-09-16,day,16 September 2025,Sulawesi Tenggara,Sulawesi Tenggara,Kota Baubau,kota,Baubau,74.72,alias,74,-5.485071885684611,122.58479937279147,163793,294.104,SMAN 7 Baubau,senior_secondary,SMAN 7 Baubau,37 Siswa,exact,37,37,37,"{""student"": 37}",37,,,,"[""auto:f997513b84""]","[""https://www.kompas.tv/regional/617981/37-siswa-di-baubau-diduga-keracunan-massal-usai-santap-makan-bergizi-gratis-sapa-pagi""]",[]
id.Daftar_kasus_keracunan_massal_makan_siang_gratis#r0809,id.Daftar_kasus_keracunan_massal_makan_siang_gratis,809,id.Daftar_kasus_keracunan_massal_makan_siang_gratis#e0808,2025-09-16,2025-09-16,day,16 September 2025,Sulawesi Tenggara,Sulawesi Tenggara,Kota Baubau,kota,Baubau,74.72,alias,74,-5.485071885684611,122.58479937279147,163793,294.104,SD Hidayatullah,primary,SD Hidayatullah,37 Siswa,exact,37,37,37,"{""student"": 37}",,,,,"[""auto:f997513b84""]","[""https://www.kompas.tv/regional/617981/37-siswa-di-baubau-diduga-keracunan-massal-usai-santap-makan-bergizi-gratis-sapa-pagi""]","[""count_shared_across_rows""]"
id.Daftar_kasus_keracunan_massal_makan_siang_gratis#r0810,id.Daftar_kasus_keracunan_massal_makan_siang_gratis,810,id.Daftar_kasus_keracunan_massal_makan_siang_gratis#e0810,2025-09-26,2025-09-26,day,26 September 2025,Sulawesi Tenggara,Sulawesi Tenggara,Kabupaten Konawe,kabupaten,Konawe,74.02,exact,74,-3.854233561558946,122.04272734128605,269128,5352.922,siswa SDIT,,siswa SDIT,16 Siswa,exact,16,16,16,"{""student"": 16}",16,,,,"[""auto:f7d14d2030""]","[""https://regional.kompas.com/read/2025/09/26/183320878/ayam-mbg-bau-dan-rasanya-kecut-belasan-siswa-di-konawe-dilarikan-ke-rs""]",[]
id.Daftar_kasus_keracunan_massal_makan_siang_gratis#r0811,id.Daftar_kasus_keracunan_massal_makan_siang_gratis,811,id.Daftar_kasus_keracunan_massal_makan_siang_gratis#e0810,2025-09-26,2025-09-26,day,26 September 2025,Sulawesi Tenggara,Sulawesi Tenggara,Kabupaten Konawe,kabupaten,Konawe,74.02,exact,74,-3.854233561558946,122.04272734128605,269128,5352.922,SMKN 1 Unaaha,senior_secondary,SMKN 1 Unaaha,16 Siswa,exact,16,16,16,"{""student"": 16}",,,,,"[""auto:f7d14d2030""]","[""https://regional.kompas.com/read/2025/09/26/183320878/ayam-mbg-bau-dan-rasanya-kecut-belasan-siswa-di-konawe-dilarikan-ke-rs""]","[""count_shared_across_rows""]"
id.Daftar_kasus_keracunan_massal_makan_siang_gratis#r0812,id.Daftar_kasus_keracunan_massal_makan_siang_gratis,812,id.Daftar_kasus_keracunan_massal_makan_siang_gratis#e0812,2025-12-16,2025-12-16,day,16 Desember 2025,Sulawesi Tenggara,Sulawesi Tenggara,Kabupaten Buton Tengah,kabupaten,Buton Tengah,74.14,exact,74,-5.316413937156861,122.53197889106548,121745,835.562,Warga Kec. Mawasangka Tengah,,Warga Kec. Mawasangka Tengah,117 Orang,exact,117,117,117,"{""person"": 117}",117,,,,"[""auto:7434592369""]","[""https://inilahsultra.com/2025/12/17/117-anak-dan-balita-buteng-keracunan-diduga-usai-konsumsi-mbg/""]",[]
id.Daftar_kasus_keracunan_massal_makan_siang_gratis#r0813,id.Daftar_kasus_keracunan_massal_makan_siang_gratis,813,id.Daftar_kasus_keracunan_massal_makan_siang_gratis#e0813,2026-01,2026-01,month,Januari 2026,Sulawesi Tenggara,Sulawesi Tenggara,Kota Kendari,kota,Kendari,74.71,exact,74,-3.9729017385837686,122.51174077056197,366454,265.845,,,TBA (Tidak disebutkan),66 Anak,exact,66,66,66,"{""child"": 66}",66,,,,"[""auto:b1dcaf93e7""]","[""https://www.kalderanews.com/2026/01/lebih-dari-seribu-anak-keracunan-mbg-sepanjang-januari-jppi-sekolah-diduga-dibungkam/""]","[""month_precision_only"", ""no_venue""]"
id.Daftar_kasus_keracunan_massal_makan_siang_gratis#r0814,id.Daftar_kasus_keracunan_massal_makan_siang_gratis,814,id.Daftar_kasus_keracunan_massal_makan_siang_gratis#e0814,2026-09-18,2026-09-18,day,18 September 2026,Sulawesi Tenggara,Sulawesi Tenggara,Kota Kendari,kota,Kendari,74.71,exact,74,-3.9729017385837686,122.51174077056197,366454,265.845,Pondok Pesantren Al-Askar,pesantren,Pondok Pesantren Al-Askar,58 Santri,exact,58,58,58,"{""santri"": 58}",58,,,,"[""auto:265c1659a2""]","[""https://www.indosultra.com/58-santri-al-askar-diduga-keracunan-menu-mbg-berasal-dari-dapur-sppg-watubangga/""]",[]
id.Daftar_kasus_keracunan_massal_makan_siang_gratis#r0815,id.Daftar_kasus_keracunan_massal_makan_siang_gratis,815,id.Daftar_kasus_keracunan_massal_makan_siang_gratis#e0815,2026-05-09,2026-05-09,day,9 Mei 2026,Sulawesi Tenggara,Sulawesi Tenggara,Kabupaten Kolaka,kabupaten,Kolaka,74.01,exact,74,-4.060808748107698,121.61611935687937,257733,2958.87,SDN 3 Watubangga,primary,SDN 3 Watubangga,11 Siswa,exact,11,11,11,"{""student"": 11}",11,,,,"[""auto:e52aebcedd""]","[""https://penafaktual.com/sakit-perut-hingga-muntah-muntah-11-siswa-sd-di-kolaka-tumbang-usai-makan-program-mbg/""]",[]
id.Daftar_kasus_keracunan_massal_makan_siang_gratis#r0816,id.Daftar_kasus_keracunan_massal_makan_siang_gratis,816,id.Daftar_kasus_keracunan_massal_makan_siang_gratis#e0816,2025-07-22,2025-07-22,day,22 Juli 2025,Maluku Utara,Maluku Utara,Kota Ternate,kota,Ternate,82.71,exact,82,0.7857513986405484,127.38784601086685,210836,162.04,SMKN 5 Kota Ternate,senior_secondary,SMKN 5 Kota Ternate,17 Siswa,exact,17,17,17,"{""student"": 17}",17,,,,"[""auto:7ac2a21e6c""]","[""https://www.kadera.id/2025/07/27/diduga-keracunan-mbg-sampel-darah-17-siswa-smkn-5-ternate-diperiksa/""]",[]
id.Daftar_kasus_keracunan_massal_makan_siang_gratis#r0817,id.Daftar_kasus_keracunan_massal_makan_siang_gratis,817,id.Daftar_kasus_keracunan_massal_makan_siang_gratis#e0817,2025-11-06,2025-11-06,day,6 November 2025,Maluku Utara,Maluku Utara,Kota Ternate,kota,Ternate,82.71,exact,82,0.7857513986405484,127.38784601086685,210836,162.04,SDN 65 Kota Ternate,primary,SDN 65 Kota Ternate,25 Siswa,exact,25,25,25,"{""student"": 25}",25,,,,"[""auto:9eb02201bf""]","[""https://www.tandaseru.com/2025/11/06/25-siswa-sd-di-ternate-diduga-keracunan-usai-santap-mbg/""]",[]
id.Daftar_kasus_keracunan_massal_makan_siang_gratis#r0818,id.Daftar_kasus_keracunan_massal_makan_siang_gratis,818,id.Daftar_kasus_keracunan_massal_makan_siang_gratis#e0818,2025-11-06,2025-11-06,day,6 November 2025,Maluku Utara,Maluku Utara,Kota Ternate,kota,Ternate,82.71,exact,82,0.7857513986405484,127.38784601086685,210836,162.04,SD Negeri 56 Jambula,primary,SD Negeri 56 Jambula,26 Siswa,exact,26,26,26,"{""student"": 26}",26,,,,"[""auto:00f87f89c9""]","[""https://health.detik.com/fotohealth/d-8197840/puluhan-siswa-di-ternate-keracunan-makan-bergizi-gratis-kini-kondisinya-membaik""]",[]
id.Daftar_kasus_keracunan_massal_makan_siang_gratis#r0819,id.Daftar_kasus_keracunan_massal_makan_siang_gratis,819,id.Daftar_kasus_keracunan_massal_makan_siang_gratis#e0819,2025-09-11,2025-09-11,day,11 September 2025,Maluku,Maluku,Kabupaten Maluku Barat Daya,kabupaten,Maluku Barat Daya,81.08,exact,81,-8.148038324123522,127.8015502463786,97020,4542.633,SMPN 1 Babar Barat,junior_secondary,SMPN 1 Babar Barat,40 Siswa,exact,40,40,40,"{""student"": 40}",40,,,,"[""auto:f58b1b1339""]","[""https://rri.co.id/daerah/1827811/pilihan-siswa-di-maluku-barat-daya-keracunan-mbg""]",[]
id.Daftar_kasus_keracunan_massal_makan_siang_gratis#r0820,id.Daftar_kasus_keracunan_massal_makan_siang_gratis,820,id.Daftar_kasus_keracunan_massal_makan_siang_gratis#e0820,2025-09-18,2025-09-18,day,18 September 2025,Maluku,Maluku,Kota Tual,kota,Tual,81.72,exact,81,-5.6346805376740114,132.75172074301332,90470,234.709,SDN 19 Kota Tual,primary,SDN 19 Kota Tual,17 Siswa,exact,17,17,17,"{""student"": 17}",17,,,,"[""auto:62a480381a""]","[""https://rakyatmaluku.fajar.co.id/2025/09/19/santap-mbg-17-siswa-sdn-19-tual-tumbang/""]",[]
id.Daftar_kasus_keracunan_massal_makan_siang_gratis#r0821,id.Daftar_kasus_keracunan_massal_makan_siang_gratis,821,id.Daftar_kasus_keracunan_massal_makan_siang_gratis#e0821,2025-09-19,2025-09-19,day,19 September 2025,Maluku,Maluku,Kota Ambon,kota,Ambon,81.71,exact,81,-3.6943237268737126,128.1813033560866,359661,236.713,SD Inpres 35 Passo,primary,SD Inpres 35 Passo,16 Siswa,exact,16,16,16,"{""student"": 16}",16,,,,"[""auto:a462084ae3""]","[""https://ameks.fajar.co.id/2025/09/19/usai-santap-mbg-sejumlah-siswa-hingga-guru-sd-inpres-35-passo-keracunan/""]",[]
id.Daftar_kasus_keracunan_massal_makan_siang_gratis#r0822,id.Daftar_kasus_keracunan_massal_makan_siang_gratis,822,id.Daftar_kasus_keracunan_massal_makan_siang_gratis#e0822,2025-10-20,2025-10-20,day,20 Oktober 2025,Maluku,Maluku,Kabupaten Seram Bagian Barat,kabupaten,Seram Bagian Barat,81.06,exact,81,-3.066663330229327,128.23003905355495,217389,5014.238,TK Cemara,early_childhood,TK Cemara,236 Siswa,exact,236,236,236,"{""student"": 236}",236,,,,"[""auto:fb906b611c""]","[""https://rakyatmaluku.fajar.co.id/2025/10/23/polres-sbb-periksa-14-pengelola-dapur-usut-penyebab-236-siswa-keracunan-mbg/""]",[]
id.Daftar_kasus_keracunan_massal_makan_siang_gratis#r0823,id.Daftar_kasus_keracunan_massal_makan_siang_gratis,823,id.Daftar_kasus_keracunan_massal_makan_siang_gratis#e0822,2025-10-20,2025-10-20,day,20 Oktober 2025,Maluku,Maluku,Kabupaten Seram Bagian Barat,kabupaten,Seram Bagian Barat,81.06,exact,81,-3.066663330229327,128.23003905355495,217389,5014.238,SD Inpres Talaga Ratu,primary,SD Inpres Talaga Ratu,236 Siswa,exact,236,236,236,"{""student"": 236}",,,,,"[""auto:fb906b611c""]","[""https://rakyatmaluku.fajar.co.id/2025/10/23/polres-sbb-periksa-14-pengelola-dapur-usut-penyebab-236-siswa-keracunan-mbg/""]","[""count_shared_across_rows""]"
id.Daftar_kasus_keracunan_massal_makan_siang_gratis#r0824,id.Daftar_kasus_keracunan_massal_makan_siang_gratis,824,id.Daftar_kasus_keracunan_massal_makan_siang_gratis#e0822,2025-10-20,2025-10-20,day,20 Oktober 2025,Maluku,Maluku,Kabupaten Seram Bagian Barat,kabupaten,Seram Bagian Barat,81.06,exact,81,-3.066663330229327,128.23003905355495,217389,5014.238,MIN 2 Seram Bagian Barat,primary,MIN 2 Seram Bagian Barat,236 Siswa,exact,236,236,236,"{""student"": 236}",,,,,"[""auto:fb906b611c""]","[""https://rakyatmaluku.fajar.co.id/2025/10/23/polres-sbb-periksa-14-pengelola-dapur-usut-penyebab-236-siswa-keracunan-mbg/""]","[""count_shared_across_rows""]"
id.Daftar_kasus_keracunan_massal_makan_siang_gratis#r0825,id.Daftar_kasus_keracunan_massal_makan_siang_gratis,825,id.Daftar_kasus_keracunan_massal_makan_siang_gratis#e0822,2025-10-21,2025-10-21,day,21 Oktober 2025,Maluku,Maluku,Kabupaten Seram Bagian Barat,kabupaten,Seram Bagian Barat,81.06,exact,81,-3.066663330229327,128.23003905355495,217389,5014.238,SMA Negeri 1 kairatu,senior_secondary,SMA Negeri 1 kairatu,236 Siswa,exact,236,236,236,"{""student"": 236}",,,,,"[""auto:fb906b611c""]","[""https://rakyatmaluku.fajar.co.id/2025/10/23/polres-sbb-periksa-14-pengelola-dapur-usut-penyebab-236-siswa-keracunan-mbg/""]","[""count_shared_across_rows""]"
id.Daftar_kasus_keracunan_massal_makan_siang_gratis#r0826,id.Daftar_kasus_keracunan_massal_makan_siang_gratis,826,id.Daftar_kasus_keracunan_massal_makan_siang_gratis#e0826,2025-12-01,2025-12-01,day,1 Desember 2025,Papua Barat Daya,Papua Barat Daya,Kabupaten Raja Ampat,kabupaten,Raja Ampat,96.03,exact,96,-0.41850625897138194,130.82879113180778,72865,7425.239,SD YPK Alfa Omega,primary,SD YPK Alfa Omega,86 Siswa,exact,86,86,86,"{""student"": 86}",86,,,,"[""auto:ac02ccbf35""]","[""https://www.nabirenews.com/kesehatan/2622005342/kasus-keracunan-mbg-waisai-86-pasien-dirawat-83-sudah-pulih-3-masih-dirawat""]",[]
id.Daftar_kasus_keracunan_massal_makan_siang_gratis#r0827,id.Daftar_kasus_keracunan_massal_makan_siang_gratis,827,id.Daftar_kasus_keracunan_massal_makan_siang_gratis#e0826,2025-12-01,2025-12-01,day,1 Desember 2025,Papua Barat Daya,Papua Barat Daya,Kabupaten Raja Ampat,kabupaten,Raja Ampat,96.03,exact,96,-0.41850625897138194,130.82879113180778,72865,7425.239,SDN 29 Raja Ampat,primary,SDN 29 Raja Ampat,86 Siswa,exact,86,86,86,"{""student"": 86}",,,,,"[""auto:ac02ccbf35""]","[""https://www.nabirenews.com/kesehatan/2622005342/kasus-keracunan-mbg-waisai-86-pasien-dirawat-83-sudah-pulih-3-masih-dirawat""]","[""count_shared_across_rows""]"
id.Daftar_kasus_keracunan_massal_makan_siang_gratis#r0828,id.Daftar_kasus_keracunan_massal_makan_siang_gratis,828,id.Daftar_kasus_keracunan_massal_makan_siang_gratis#e0826,2025-12-01,2025-12-01,day,1 Desember 2025,Papua Barat Daya,Papua Barat Daya,Kabupaten Raja Ampat,kabupaten,Raja Ampat,96.03,exact,96,-0.41850625897138194,130.82879113180778,72865,7425.239,SMP YPK Alfa Omega,junior_secondary,SMP YPK Alfa Omega,86 Siswa,exact,86,86,86,"{""student"": 86}",,,,,"[""auto:ac02ccbf35""]","[""https://www.nabirenews.com/kesehatan/2622005342/kasus-keracunan-mbg-waisai-86-pasien-dirawat-83-sudah-pulih-3-masih-dirawat""]","[""count_shared_across_rows""]"
id.Daftar_kasus_keracunan_massal_makan_siang_gratis#r0829,id.Daftar_kasus_keracunan_massal_makan_siang_gratis,829,id.Daftar_kasus_keracunan_massal_makan_siang_gratis#e0826,2025-12-01,2025-12-01,day,1 Desember 2025,Papua Barat Daya,Papua Barat Daya,Kabupaten Raja Ampat,kabupaten,Raja Ampat,96.03,exact,96,-0.41850625897138194,130.82879113180778,72865,7425.239,SMPN 14 Raja Ampat,junior_secondary,SMPN 14 Raja Ampat,86 Siswa,exact,86,86,86,"{""student"": 86}",,,,,"[""auto:ac02ccbf35""]","[""https://www.nabirenews.com/kesehatan/2622005342/kasus-keracunan-mbg-waisai-86-pasien-dirawat-83-sudah-pulih-3-masih-dirawat""]","[""count_shared_across_rows""]"
id.Daftar_kasus_keracunan_massal_makan_siang_gratis#r0830,id.Daftar_kasus_keracunan_massal_makan_siang_gratis,830,id.Daftar_kasus_keracunan_massal_makan_siang_gratis#e0826,2025-12-01,2025-12-01,day,1 Desember 2025,Papua Barat Daya,Papua Barat Daya,Kabupaten Raja Ampat,kabupaten,Raja Ampat,96.03,exact,96,-0.41850625897138194,130.82879113180778,72865,7425.239,MTS Language Insan Mandiri,junior_secondary,MTS Language Insan Mandiri,86 Siswa,exact,86,86,86,"{""student"": 86}",,,,,"[""auto:ac02ccbf35""]","[""https://www.nabirenews.com/kesehatan/2622005342/kasus-keracunan-mbg-waisai-86-pasien-dirawat-83-sudah-pulih-3-masih-dirawat""]","[""count_shared_across_rows""]"
id.Daftar_kasus_keracunan_massal_makan_siang_gratis#r0831,id.Daftar_kasus_keracunan_massal_makan_siang_gratis,831,id.Daftar_kasus_keracunan_massal_makan_siang_gratis#e0826,2025-12-01,2025-12-01,day,1 Desember 2025,Papua Barat Daya,Papua Barat Daya,Kabupaten Raja Ampat,kabupaten,Raja Ampat,96.03,exact,96,-0.41850625897138194,130.82879113180778,72865,7425.239,SMK Bukit Zaitun,senior_secondary,SMK Bukit Zaitun,86 Siswa,exact,86,86,86,"{""student"": 86}",,,,,"[""auto:ac02ccbf35""]","[""https://www.nabirenews.com/kesehatan/2622005342/kasus-keracunan-mbg-waisai-86-pasien-dirawat-83-sudah-pulih-3-masih-dirawat""]","[""count_shared_across_rows""]"
id.Daftar_kasus_keracunan_massal_makan_siang_gratis#r0832,id.Daftar_kasus_keracunan_massal_makan_siang_gratis,832,id.Daftar_kasus_keracunan_massal_makan_siang_gratis#e0832,2026-09-16,2026-09-16,day,16 September 2026,Papua Barat Daya,Papua Barat Daya,Kota Sorong,kota,Sorong,96.71,exact,96,-0.881124482673792,131.28763959924163,286028,205.759,SMP Muhammadiyah Al Amin Sorong,junior_secondary,SMP Muhammadiyah Al Amin Sorong,33 Siswa dan Guru,exact,33,33,33,"{""student"": 33}",33,,,,"[""auto:c1375c5d2e""]","[""https://papuabarat.tribunnews.com/news/66127/33-siswa-dan-guru-diduga-keracunan-sppg-mbg-di-sorong-disetop-sementara""]","[""unnumbered_subject""]"
id.Daftar_kasus_keracunan_massal_makan_siang_gratis#r0833,id.Daftar_kasus_keracunan_massal_makan_siang_gratis,833,id.Daftar_kasus_keracunan_massal_makan_siang_gratis#e0833,2025-07-30,2025-07-30,day,30 Juli 2025,Papua Barat,Papua Barat,Kabupaten Manokwari,kabupaten,Manokwari,92.02,exact,92,-0.8908143771517435,134.04012022193126,205212,2764.187,SD Negeri 45 Arowi,primary,SD Negeri 45 Arowi,13 Siswa,exact,13,13,13,"{""student"": 13}",13,,,,"[""auto:d4f01fff9b""]","[""https://koran-jakarta.com/2025-07-31/ombudsman-selidiki-dapur-mbg-usai-insiden-keracunan-makanan-di-manokwari""]",[]
id.Daftar_kasus_keracunan_massal_makan_siang_gratis#r0834,id.Daftar_kasus_keracunan_massal_makan_siang_gratis,834,id.Daftar_kasus_keracunan_massal_makan_siang_gratis#e0833,2025-07-30,2025-07-30,day,30 Juli 2025,Papua Barat,Papua Barat,Kabupaten Manokwari,kabupaten,Manokwari,92.02,exact,92,-0.8908143771517435,134.04012022193126,205212,2764.187,SMP Negeri 13 Manokwari,junior_secondary,SMP Negeri 13 Manokwari,13 Siswa,exact,13,13,13,"{""student"": 13}",,,,,"[""auto:d4f01fff9b""]","[""https://koran-jakarta.com/2025-07-31/ombudsman-selidiki-dapur-mbg-usai-insiden-keracunan-makanan-di-manokwari""]","[""count_shared_across_rows""]"
id.Daftar_kasus_keracunan_massal_makan_siang_gratis#r0835,id.Daftar_kasus_keracunan_massal_makan_siang_gratis,835,id.Daftar_kasus_keracunan_massal_makan_siang_gratis#e0835,2025-11-24,2025-11-24,day,24 November 2025,Papua Barat,Papua Barat,Kabupaten Manokwari,kabupaten,Manokwari,92.02,exact,92,-0.8908143771517435,134.04012022193126,205212,2764.187,SMAN 2 Manokwari,senior_secondary,SMAN 2 Manokwari,171 Siswa,exact,171,171,171,"{""student"": 171}",171,,,,"[""auto:bb542e73a1""]","[""https://www.beritasatu.com/network/klikpapua/729510/polisi-selidiki-keracunan-171-siswa-sma-2-manokwari-usai-konsumsi-mbg""]",[]
id.Daftar_kasus_keracunan_massal_makan_siang_gratis#r0836,id.Daftar_kasus_keracunan_massal_makan_siang_gratis,836,id.Daftar_kasus_keracunan_massal_makan_siang_gratis#e0836,2026-08-04,2026-08-04,day,4 Agustus 2026,Papua,Papua,Kabupaten Jayapura,kabupaten,Jayapura,91.03,exact,91,-2.5498717752817006,140.47710271224273,203772,14081.935,Paud Panumba,early_childhood,Paud Panumba,543 Orang,exact,543,543,543,"{""person"": 543}",543,,,,"[""auto:bd064f2976""]","[""https://papuatengah.tribunnews.com/jayapura/6832/kasus-dugaan-keracunan-mbg-di-depapre-tembus-543-orang-pemkab-jayapura-korban-didominasi-anak-anak""]",[]
id.Daftar_kasus_keracunan_massal_makan_siang_gratis#r0837,id.Daftar_kasus_keracunan_massal_makan_siang_gratis,837,id.Daftar_kasus_keracunan_massal_makan_siang_gratis#e0836,2026-08-04,2026-08-04,day,4 Agustus 2026,Papua,Papua,Kabupaten Jayapura,kabupaten,Jayapura,91.03,exact,91,-2.5498717752817006,140.47710271224273,203772,14081.935,,primary,SD (Spesifik tidak disebutkan),543 Orang,exact,543,543,543,"{""person"": 543}",,,,,"[""auto:bd064f2976""]","[""https://papuatengah.tribunnews.com/jayapura/6832/kasus-dugaan-keracunan-mbg-di-depapre-tembus-543-orang-pemkab-jayapura-korban-didominasi-anak-anak""]","[""no_venue"", ""count_shared_across_rows""]"
id.Daftar_kasus_keracunan_massal_makan_siang_gratis#r0838,id.Daftar_kasus_keracunan_massal_makan_siang_gratis,838,id.Daftar_kasus_keracunan_massal_makan_siang_gratis#e0836,2026-08-04,2026-08-04,day,4 Agustus 2026,Papua,Papua,Kabupaten Jayapura,kabupaten,Jayapura,91.03,exact,91,-2.5498717752817006,140.47710271224273,203772,14081.935,SMPN 1 Depapre,junior_secondary,SMPN 1 Depapre,543 Orang,exact,543,543,543,"{""person"": 543}",,,,,"[""auto:bd064f2976""]","[""https://papuatengah.tribunnews.com/jayapura/6832/kasus-dugaan-keracunan-mbg-di-depapre-tembus-543-orang-pemkab-jayapura-korban-didominasi-anak-anak""]","[""count_shared_across_rows""]"
id.Daftar_kasus_keracunan_massal_makan_siang_gratis#r0839,id.Daftar_kasus_keracunan_massal_makan_siang_gratis,839,id.Daftar_kasus_keracunan_massal_makan_siang_gratis#e0839,2026-03-13,2026-03-13,day,13 Maret 2026,Papua Tengah,Papua Tengah,Kabupaten Nabire,kabupaten,Nabire,94.01,exact,94,-3.363365864105701,135.50389107766932,179174,11801.987,TK Grasia,early_childhood,TK Grasia,7 Siswa,exact,7,7,7,"{""student"": 7}",7,,,,"[""auto:a0a5ea580b""]","[""https://papua.tribunnews.com/nabire/124270/7-orang-di-nabire-diduga-keracunan-mbg-saus-makanan-jadi-sorotan""]",[]
id.Daftar_kasus_keracunan_massal_makan_siang_gratis#r0840,id.Daftar_kasus_keracunan_massal_makan_siang_gratis,840,id.Daftar_kasus_keracunan_massal_makan_siang_gratis#e0839,2026-03-13,2026-03-13,day,13 Maret 2026,Papua Tengah,Papua Tengah,Kabupaten Nabire,kabupaten,Nabire,94.01,exact,94,-3.363365864105701,135.50389107766932,179174,11801.987,SD Inpres Waharia,primary,SD Inpres Waharia,7 Siswa,exact,7,7,7,"{""student"": 7}",,,,,"[""auto:a0a5ea580b""]","[""https://papua.tribunnews.com/nabire/124270/7-orang-di-nabire-diduga-keracunan-mbg-saus-makanan-jadi-sorotan""]","[""count_shared_across_rows""]"
id.Daftar_kasus_keracunan_massal_makan_siang_gratis#r0841,id.Daftar_kasus_keracunan_massal_makan_siang_gratis,841,id.Daftar_kasus_keracunan_massal_makan_siang_gratis#e0839,2026-03-13,2026-03-13,day,13 Maret 2026,Papua Tengah,Papua Tengah,Kabupaten Nabire,kabupaten,Nabire,94.01,exact,94,-3.363365864105701,135.50389107766932,179174,11801.987,SMPN 7 Nabire,junior_secondary,SMPN 7 Nabire,7 Siswa,exact,7,7,7,"{""student"": 7}",,,,,"[""auto:a0a5ea580b""]","[""https://papua.tribunnews.com/nabire/124270/7-orang-di-nabire-diduga-keracunan-mbg-saus-makanan-jadi-sorotan""]","[""count_shared_across_rows""]"
id.Daftar_kasus_keracunan_massal_makan_siang_gratis#r0842,id.Daftar_kasus_keracunan_massal_makan_siang_gratis,842,id.Daftar_kasus_keracunan_massal_makan_siang_gratis#e0842,2026-04-16,2026-04-16,day,16 April 2026,Papua Tengah,Papua Tengah,Kabupaten Nabire,kabupaten,Nabire,94.01,exact,94,-3.363365864105701,135.50389107766932,179174,11801.987,SD Inpres Oyehe,primary,SD Inpres Oyehe,7 Siswa,exact,7,7,7,"{""student"": 7}",7,,,,"[""auto:2b0a5e6ca4""]","[""https://www.nabirenews.com/kesehatan/2622532683/kronologi-7-siswa-sd-inpres-oyehe-diduga-keracunan-mbg-sempat-dirawat-di-klinik""]",[]
