kabkota,kecamatan,level_portal,npsn,school,address,kelurahan,status,profile
Kabupaten Bantul,Srandakan,dikdas,20400545,MIS MA`ARIF SAMBENG,SAMBENG III,Poncosari,SWASTA,https://referensi.data.kemendikdasmen.go.id/pendidikan/npsn/20400545
Kabupaten Bantul,Srandakan,dikdas,20400543,MIS MUHAMADIYAH JRAGAN,JRAGAN II,Poncosari,SWASTA,https://referensi.data.kemendikdasmen.go.id/pendidikan/npsn/20400543
Kabupaten Bantul,Srandakan,dikdas,20400597,SD MUHAMMADIYAH BABAKAN,"Babakan, Poncosari,srandakan",Poncosari,SWASTA,https://referensi.data.kemendikdasmen.go.id/pendidikan/npsn/20400597
Kabupaten Bantul,Srandakan,dikdas,20400603,SD MUHAMMADIYAH BENDO,"Bendo, Trimurti,srandakan",Trimurti,SWASTA,https://referensi.data.kemendikdasmen.go.id/pendidikan/npsn/20400603
Kabupaten Bantul,Srandakan,dikdas,20400541,SD MUHAMMADIYAH GERSO,"Gerso, Trimurti, Srandakan, Bantul Kode Pos 55762",Trimurti,SWASTA,https://referensi.data.kemendikdasmen.go.id/pendidikan/npsn/20400541
Kabupaten Bantul,Srandakan,dikdas,20400498,SD MUHAMMADIYAH GUNTURGENI,"Gunturgeni, Poncosari,srandakan",Poncosari,SWASTA,https://referensi.data.kemendikdasmen.go.id/pendidikan/npsn/20400498
Kabupaten Bantul,Srandakan,dikdas,20400463,SD MUHAMMADIYAH SAMBENG,Sambeng 1,Poncosari,SWASTA,https://referensi.data.kemendikdasmen.go.id/pendidikan/npsn/20400463
Kabupaten Bantul,Srandakan,dikdas,20400529,SD NEGERI 1 GODEGAN,"Godegan, Trimurti, Srandakan, Bantul",Trimurti,NEGERI,https://referensi.data.kemendikdasmen.go.id/pendidikan/npsn/20400529
Kabupaten Bantul,Srandakan,dikdas,20400743,SD NEGERI 1 SRANDAKAN,"Srandakan, RT 2 Trimurti,Srandakan",Trimurti,NEGERI,https://referensi.data.kemendikdasmen.go.id/pendidikan/npsn/20400743
Kabupaten Bantul,Srandakan,dikdas,20400669,SD NEGERI 2 SRANDAKAN,"Srandakan, Trimurti, Srandakan",Trimurti,NEGERI,https://referensi.data.kemendikdasmen.go.id/pendidikan/npsn/20400669
Kabupaten Bantul,Srandakan,dikdas,20400693,SD NEGERI GUNUNGSAREN,"Gunungsaren, Trimurti,srandakan",Trimurti,NEGERI,https://referensi.data.kemendikdasmen.go.id/pendidikan/npsn/20400693
Kabupaten Bantul,Srandakan,dikdas,20400207,SD NEGERI KORIPAN,"Koripan, Poncosari, Srandakan",Poncosari,NEGERI,https://referensi.data.kemendikdasmen.go.id/pendidikan/npsn/20400207
Kabupaten Bantul,Srandakan,dikdas,20400213,SD NEGERI KRAJAN,"Krajan, Poncosari,srandakan",Poncosari,NEGERI,https://referensi.data.kemendikdasmen.go.id/pendidikan/npsn/20400213
Kabupaten Bantul,Srandakan,dikdas,20400520,SD NEGERI MANGIRAN,"Mangiran, Trimurti,srandakan",Trimurti,NEGERI,https://referensi.data.kemendikdasmen.go.id/pendidikan/npsn/20400520
Kabupaten Bantul,Srandakan,dikdas,20400141,SD NEGERI PROKETEN,"Proketen, Trimurti, Srandakan",Trimurti,NEGERI,https://referensi.data.kemendikdasmen.go.id/pendidikan/npsn/20400141
Kabupaten Bantul,Srandakan,dikdas,20400113,SD NEGERI TALKONDO,"Talkondo, Poncosari,srandakan",Poncosari,NEGERI,https://referensi.data.kemendikdasmen.go.id/pendidikan/npsn/20400113
Kabupaten Bantul,Srandakan,dikdas,70004970,SDIT AL AYSAR,JL. Selobentar No 45 RT 33 DK V Jetis,Trimurti,SWASTA,https://referensi.data.kemendikdasmen.go.id/pendidikan/npsn/70004970
Kabupaten Bantul,Srandakan,dikdas,20400321,SMP MUHAMMADIYAH SRANDAKAN,Singgelo,Poncosari,SWASTA,https://referensi.data.kemendikdasmen.go.id/pendidikan/npsn/20400321
Kabupaten Bantul,Srandakan,dikdas,20400352,SMP NEGERI 1 SRANDAKAN,Nengahan,Trimurti,NEGERI,https://referensi.data.kemendikdasmen.go.id/pendidikan/npsn/20400352
Kabupaten Bantul,Srandakan,dikdas,20400332,SMP NEGERI 2 SRANDAKAN,Godegan Poncosari Srandakan Bantul Yogyakarta,Poncosari,NEGERI,https://referensi.data.kemendikdasmen.go.id/pendidikan/npsn/20400332
Kabupaten Bantul,Sanden,dikdas,70059191,MI Insan Utama,"Dukuh 15, Murtigading, Sanden, Bantul",Murtigading,SWASTA,https://referensi.data.kemendikdasmen.go.id/pendidikan/npsn/70059191
Kabupaten Bantul,Sanden,dikdas,20400614,MTSS AL-FURQON SANDEN,BONGOSKENTI MURTIGADING,Murtigading,SWASTA,https://referensi.data.kemendikdasmen.go.id/pendidikan/npsn/20400614
Kabupaten Bantul,Sanden,dikdas,20400618,MTSS MUHAMMADIYAH SANDEN,TRISIGAN DK IV MURTIGADING SANDEN,Murtigading,SWASTA,https://referensi.data.kemendikdasmen.go.id/pendidikan/npsn/20400618
Kabupaten Bantul,Sanden,dikdas,20400467,SD MUHAMMADIYAH TRISIGAN,"Trisigan, Murtigading,sanden",Murtigading,SWASTA,https://referensi.data.kemendikdasmen.go.id/pendidikan/npsn/20400467
Kabupaten Bantul,Sanden,dikdas,20400475,SD MUHAMMADIYAH WONOREJO,Wonorejo,Gadingsari,SWASTA,https://referensi.data.kemendikdasmen.go.id/pendidikan/npsn/20400475
Kabupaten Bantul,Sanden,dikdas,20400150,SD NEGERI 1 GADINGHARJO,"Merten, Gadingharjo,sanden",Gadingharjo,NEGERI,https://referensi.data.kemendikdasmen.go.id/pendidikan/npsn/20400150
Kabupaten Bantul,Sanden,dikdas,20400514,SD NEGERI 1 SANDEN,"Sanden, Murtigading, Sanden",Murtigading,NEGERI,https://referensi.data.kemendikdasmen.go.id/pendidikan/npsn/20400514
Kabupaten Bantul,Sanden,dikdas,20400135,SD NEGERI 2 GADINGHARJO,Pranti,Gadingharjo,NEGERI,https://referensi.data.kemendikdasmen.go.id/pendidikan/npsn/20400135
Kabupaten Bantul,Sanden,dikdas,20400799,SD NEGERI 2 SANDEN,Pucanganom,Murtigading,NEGERI,https://referensi.data.kemendikdasmen.go.id/pendidikan/npsn/20400799
Kabupaten Bantul,Sanden,dikdas,20400645,SD NEGERI BONGGALAN,"Bonggalan, Srigading,Sanden",Srigading,NEGERI,https://referensi.data.kemendikdasmen.go.id/pendidikan/npsn/20400645
Kabupaten Bantul,Sanden,dikdas,20400697,SD NEGERI DAYU,DAYU GADINGSARI SANDEN BANTUL YOGYAKARTA,Gadingsari,NEGERI,https://referensi.data.kemendikdasmen.go.id/pendidikan/npsn/20400697
Kabupaten Bantul,Sanden,dikdas,20400197,SD NEGERI KLAGARAN,"Klagaran, Gadingsari, Sanden",Gadingsari,NEGERI,https://referensi.data.kemendikdasmen.go.id/pendidikan/npsn/20400197
Kabupaten Bantul,Sanden,dikdas,20400261,SD NEGERI NGENTAK,"Ngentak, Murtigading, Sanden",Murtigading,NEGERI,https://referensi.data.kemendikdasmen.go.id/pendidikan/npsn/20400261
Kabupaten Bantul,Sanden,dikdas,20400140,SD NEGERI PIRING,"Piring, Murtigading, Sanden",Murtigading,NEGERI,https://referensi.data.kemendikdasmen.go.id/pendidikan/npsn/20400140
Kabupaten Bantul,Sanden,dikdas,20400148,SD NEGERI ROJONITEN,"Patihan, Gadingsari,sanden",Gadingsari,NEGERI,https://referensi.data.kemendikdasmen.go.id/pendidikan/npsn/20400148
Kabupaten Bantul,Sanden,dikdas,20400779,SD NEGERI SOROBAYAN,"Bongos, Gadingsari, Sanden",Gadingsari,NEGERI,https://referensi.data.kemendikdasmen.go.id/pendidikan/npsn/20400779
Kabupaten Bantul,Sanden,dikdas,20400179,SD NEGERI TEGALSARI,"Baran, Srigading,sanden",Srigading,NEGERI,https://referensi.data.kemendikdasmen.go.id/pendidikan/npsn/20400179
Kabupaten Bantul,Sanden,dikdas,20400778,SD NEGERI WULUHADEG,"Wuluhadeg, Srigading, Sanden, Bantul, DIY",Srigading,NEGERI,https://referensi.data.kemendikdasmen.go.id/pendidikan/npsn/20400778
Kabupaten Bantul,Sanden,dikdas,20403524,SDIT ASSALAAM SANDEN,"Pucanganom, Murtigading",Murtigading,SWASTA,https://referensi.data.kemendikdasmen.go.id/pendidikan/npsn/20403524
Kabupaten Bantul,Sanden,dikdas,20400323,SMP MUHAMMADIYAH SANDEN,Sorobayan,Gadingsari,SWASTA,https://referensi.data.kemendikdasmen.go.id/pendidikan/npsn/20400323
Kabupaten Bantul,Sanden,dikdas,20400355,SMP NEGERI 1 SANDEN,"Murtigading, Sanden, Bantul",Murtigading,NEGERI,https://referensi.data.kemendikdasmen.go.id/pendidikan/npsn/20400355
Kabupaten Bantul,Sanden,dikdas,20400348,SMP NEGERI 2 SANDEN,"Jl. Samas, Srigading, Sanden, Bantul",Srigading,NEGERI,https://referensi.data.kemendikdasmen.go.id/pendidikan/npsn/20400348
Kabupaten Bantul,Sanden,dikdas,20400286,SMP YAYASAN PENDIDIKAN SANDEN,Sanden Murtigading,Murtigading,SWASTA,https://referensi.data.kemendikdasmen.go.id/pendidikan/npsn/20400286
Kabupaten Bantul,Sanden,dikdas,70001881,SMPIT ASSALAAM SANDEN,"Pucanganom III, Murtigading, Sanden, Bantul",Murtigading,SWASTA,https://referensi.data.kemendikdasmen.go.id/pendidikan/npsn/70001881
Kabupaten Bantul,Kretek,dikdas,69881869,MIS Nurul Ulum,Bantul,Parangtritis,SWASTA,https://referensi.data.kemendikdasmen.go.id/pendidikan/npsn/69881869
Kabupaten Bantul,Kretek,dikdas,70008597,MTSS NURUL ULUM,TEGALSARI RT. 48 DESA DONOTIRTO,Donotirto,SWASTA,https://referensi.data.kemendikdasmen.go.id/pendidikan/npsn/70008597
Kabupaten Bantul,Kretek,dikdas,20400715,SD NEGERI 1 DONOTIRTO,"Busuran, Donotirto,kretek",Donotirto,NEGERI,https://referensi.data.kemendikdasmen.go.id/pendidikan/npsn/20400715
Kabupaten Bantul,Kretek,dikdas,20400532,SD NEGERI 1 KRETEK,"Tegalsari, Donotirto, Kretek",Donotirto,NEGERI,https://referensi.data.kemendikdasmen.go.id/pendidikan/npsn/20400532
Kabupaten Bantul,Kretek,dikdas,20400503,SD NEGERI 1 PARANGTRITIS,"Grogol VIII, Parangtritis,kretek",Parangtritis,NEGERI,https://referensi.data.kemendikdasmen.go.id/pendidikan/npsn/20400503
Kabupaten Bantul,Kretek,dikdas,20400243,SD NEGERI 2 DONOTIRTO,"Ngranan, Donotirto, Kretek, Bantul, DIY",Donotirto,NEGERI,https://referensi.data.kemendikdasmen.go.id/pendidikan/npsn/20400243
Kabupaten Bantul,Kretek,dikdas,20409868,SD NEGERI 2 KRETEK,Greges,Donotirto,NEGERI,https://referensi.data.kemendikdasmen.go.id/pendidikan/npsn/20409868
Kabupaten Bantul,Kretek,dikdas,20400785,SD NEGERI 2 PARANGTRITIS,"MANCINGAN,PARANGTRITIS, KRETEK,BANTUL",Parangtritis,NEGERI,https://referensi.data.kemendikdasmen.go.id/pendidikan/npsn/20400785
Kabupaten Bantul,Kretek,dikdas,20400641,SD NEGERI BUNGKUS,"Bungkus, Parangtritis,kretek",Parangtritis,NEGERI,https://referensi.data.kemendikdasmen.go.id/pendidikan/npsn/20400641
Kabupaten Bantul,Kretek,dikdas,20400659,SD NEGERI CIMPON,"Cimpon, Tirtosari, Kretek",Tirtosari,NEGERI,https://referensi.data.kemendikdasmen.go.id/pendidikan/npsn/20400659
Kabupaten Bantul,Kretek,dikdas,20400235,SD NEGERI KAREN,"KAREN,TIRTOMULYO,KRETEK",Tirtomulyo,NEGERI,https://referensi.data.kemendikdasmen.go.id/pendidikan/npsn/20400235
Kabupaten Bantul,Kretek,dikdas,20400757,SD NEGERI SONO,"Kretek, Parangtritis, Kretek",Parangtritis,NEGERI,https://referensi.data.kemendikdasmen.go.id/pendidikan/npsn/20400757
Kabupaten Bantul,Kretek,dikdas,20400759,SD NEGERI TIRTOHARGO,Gegunung,Tirtohargo,NEGERI,https://referensi.data.kemendikdasmen.go.id/pendidikan/npsn/20400759
Kabupaten Bantul,Kretek,dikdas,20400729,SD NEGERI TIRTOMULYO,"Krajan, Tirtomulyo, Kretek",Tirtomulyo,NEGERI,https://referensi.data.kemendikdasmen.go.id/pendidikan/npsn/20400729
Kabupaten Bantul,Kretek,dikdas,20400753,SD NEGERI TIRTOSARI,"Kirobayan, Tirtosari,kretek",Tirtosari,NEGERI,https://referensi.data.kemendikdasmen.go.id/pendidikan/npsn/20400753
Kabupaten Bantul,Kretek,dikdas,20411840,SD UNGGULAN MUHAMMADIYAH KRETEK,Mriyan Donotirto Kretek Bantul,Donotirto,SWASTA,https://referensi.data.kemendikdasmen.go.id/pendidikan/npsn/20411840
Kabupaten Bantul,Kretek,dikdas,20409735,SDIT AR-ROHMAH,Greges,Donotirto,SWASTA,https://referensi.data.kemendikdasmen.go.id/pendidikan/npsn/20409735
Kabupaten Bantul,Kretek,dikdas,20400313,SMP MUHAMMADIYAH KRETEK,TEGALSARI,Donotirto,SWASTA,https://referensi.data.kemendikdasmen.go.id/pendidikan/npsn/20400313
Kabupaten Bantul,Kretek,dikdas,20400297,SMP NEGERI 1 KRETEK,Donotirto,Donotirto,NEGERI,https://referensi.data.kemendikdasmen.go.id/pendidikan/npsn/20400297
Kabupaten Bantul,Kretek,dikdas,20400365,SMP NEGERI 2 KRETEK,Kretek,Parangtritis,NEGERI,https://referensi.data.kemendikdasmen.go.id/pendidikan/npsn/20400365
Kabupaten Bantul,Kretek,dikdas,69964763,SMPIT AR-ROHMAH,"JL. Parangtritis KM.22, Tegalsari, Donotirto, Kretek, Bantul, Yogyakarta. 55772",Donotirto,SWASTA,https://referensi.data.kemendikdasmen.go.id/pendidikan/npsn/69964763
Kabupaten Bantul,Pundong,dikdas,20400575,MIS AL-ANWAR,NANGSRI,Srihardono,SWASTA,https://referensi.data.kemendikdasmen.go.id/pendidikan/npsn/20400575
Kabupaten Bantul,Pundong,dikdas,20400563,MIS MAULANA MAGHRIBI,Watu,Panjangrejo,SWASTA,https://referensi.data.kemendikdasmen.go.id/pendidikan/npsn/20400563
Kabupaten Bantul,Pundong,dikdas,20400557,MTSN 5 BANTUL,JL. PARANGTRITIS KM 19 GRUDO,Panjangrejo,NEGERI,https://referensi.data.kemendikdasmen.go.id/pendidikan/npsn/20400557
Kabupaten Bantul,Pundong,dikdas,20400586,SD MUHAMMADIYAH GEGER,"Geger, Seloharjo, Pundong, Bantul",Seloharjo,SWASTA,https://referensi.data.kemendikdasmen.go.id/pendidikan/npsn/20400586
Kabupaten Bantul,Pundong,dikdas,20400481,SD MUHAMMADIYAH KALINAMPU I,"Bobok Tempel, Seloharjo, Pundong",Seloharjo,SWASTA,https://referensi.data.kemendikdasmen.go.id/pendidikan/npsn/20400481
Kabupaten Bantul,Pundong,dikdas,20400480,SD MUHAMMADIYAH KALINAMPU II,Gulon,Srihardono,SWASTA,https://referensi.data.kemendikdasmen.go.id/pendidikan/npsn/20400480
Kabupaten Bantul,Pundong,dikdas,20400488,SD MUHAMMADIYAH KALIPAKEM I,"Blali, Seloharjo,pundong",Seloharjo,SWASTA,https://referensi.data.kemendikdasmen.go.id/pendidikan/npsn/20400488
Kabupaten Bantul,Pundong,dikdas,20400479,SD MUHAMMADIYAH KALIPAKEM II,"Kalipakem, Seloharjo,Pundong",Seloharjo,SWASTA,https://referensi.data.kemendikdasmen.go.id/pendidikan/npsn/20400479
Kabupaten Bantul,Pundong,dikdas,20400487,SD MUHAMMADIYAH KALIPAKEM III,"Semampir, Panjangrejo,pundong",Panjangrejo,SWASTA,https://referensi.data.kemendikdasmen.go.id/pendidikan/npsn/20400487
Kabupaten Bantul,Pundong,dikdas,20400255,SD NEGERI 1 PANJANGREJO,"Nglembu, Panjangrejo, Pundong",Panjangrejo,NEGERI,https://referensi.data.kemendikdasmen.go.id/pendidikan/npsn/20400255
Kabupaten Bantul,Pundong,dikdas,20400510,SD NEGERI 1 PUNDONG,"Jl. Diryokusumo, Tangkil, Srihardono, Pundong",Srihardono,NEGERI,https://referensi.data.kemendikdasmen.go.id/pendidikan/npsn/20400510
Kabupaten Bantul,Pundong,dikdas,20400212,SD NEGERI 2 PANJANGREJO,"Krapyak, Panjangrejo,pundong",Panjangrejo,NEGERI,https://referensi.data.kemendikdasmen.go.id/pendidikan/npsn/20400212
Kabupaten Bantul,Pundong,dikdas,20400633,SD NEGERI BARAN,Piring,Srihardono,NEGERI,https://referensi.data.kemendikdasmen.go.id/pendidikan/npsn/20400633
Kabupaten Bantul,Pundong,dikdas,20400630,SD NEGERI BECARI,Dukuh,Seloharjo,NEGERI,https://referensi.data.kemendikdasmen.go.id/pendidikan/npsn/20400630
Kabupaten Bantul,Pundong,dikdas,20400231,SD NEGERI KATEGAN,"Tangkil, Srihardono,pundong",Srihardono,NEGERI,https://referensi.data.kemendikdasmen.go.id/pendidikan/npsn/20400231
Kabupaten Bantul,Pundong,dikdas,20400519,SD NEGERI MONGGANG,Monggang,Srihardono,NEGERI,https://referensi.data.kemendikdasmen.go.id/pendidikan/npsn/20400519
Kabupaten Bantul,Pundong,dikdas,20400103,SD NEGERI SEYEGAN,"Seyegan,srihardono,pundong",Srihardono,NEGERI,https://referensi.data.kemendikdasmen.go.id/pendidikan/npsn/20400103
Kabupaten Bantul,Pundong,dikdas,20400101,SD NEGERI SOKA,"Soka, Seloharjo,Pundong",Seloharjo,NEGERI,https://referensi.data.kemendikdasmen.go.id/pendidikan/npsn/20400101
Kabupaten Bantul,Pundong,dikdas,20400192,SD NEGERI TULUNG,TULUNG,Srihardono,NEGERI,https://referensi.data.kemendikdasmen.go.id/pendidikan/npsn/20400192
Kabupaten Bantul,Pundong,dikdas,69978633,SDIT MUTIARA HATI PUNDONG,Piring RT 01 Srihardono Pundong Bantul,Srihardono,SWASTA,https://referensi.data.kemendikdasmen.go.id/pendidikan/npsn/69978633
Kabupaten Bantul,Pundong,dikdas,20400324,SMP MUHAMMADIYAH I PUNDONG,Blali,Seloharjo,SWASTA,https://referensi.data.kemendikdasmen.go.id/pendidikan/npsn/20400324
Kabupaten Bantul,Pundong,dikdas,20400356,SMP NEGERI 1 PUNDONG,Pundong Bantul,Panjangrejo,NEGERI,https://referensi.data.kemendikdasmen.go.id/pendidikan/npsn/20400356
Kabupaten Bantul,Pundong,dikdas,20400360,SMP NEGERI 2 PUNDONG,Menang,Srihardono,NEGERI,https://referensi.data.kemendikdasmen.go.id/pendidikan/npsn/20400360
Kabupaten Bantul,Bambang Lipuro,dikdas,70026177,MI ABDUL BARRI,TURI RT 03,Sidomulyo,SWASTA,https://referensi.data.kemendikdasmen.go.id/pendidikan/npsn/70026177
Kabupaten Bantul,Bambang Lipuro,dikdas,20400544,MIS MIFTAHUL ULUM,SARANG SIDOMULYO BAMBANGLIPURO BANTUL DIY,Sidomulyo,SWASTA,https://referensi.data.kemendikdasmen.go.id/pendidikan/npsn/20400544
Kabupaten Bantul,Bambang Lipuro,dikdas,20400608,MTSS MUHAMMADIYAH BAMBANG LIPURO,JL. JOGODAYOH,Mulyodadi,SWASTA,https://referensi.data.kemendikdasmen.go.id/pendidikan/npsn/20400608
Kabupaten Bantul,Bambang Lipuro,dikdas,69886261,SD IT INSAN MULIA,JL. GANJURAN MULYODADI BEBEKAN DESTAN MULYODADI BAMBANGLIPURO,Mulyodadi,SWASTA,https://referensi.data.kemendikdasmen.go.id/pendidikan/npsn/69886261
Kabupaten Bantul,Bambang Lipuro,dikdas,20400607,SD KANISIUS GANJURAN,"Jogodayoh, RT.01",Sumbermulyo,SWASTA,https://referensi.data.kemendikdasmen.go.id/pendidikan/npsn/20400607
Kabupaten Bantul,Bambang Lipuro,dikdas,20404186,SD KANISIUS KANUTAN,"Kanutan, Sumbermulyo,bambanglipuro",Sumbermulyo,SWASTA,https://referensi.data.kemendikdasmen.go.id/pendidikan/npsn/20404186
Kabupaten Bantul,Bambang Lipuro,dikdas,20400598,SD MUHAMMADIYAH DUKUH WIDARAN,"Dukuh Widaran, Sidomulyo,Bambanglipuro",Sidomulyo,SWASTA,https://referensi.data.kemendikdasmen.go.id/pendidikan/npsn/20400598
Kabupaten Bantul,Bambang Lipuro,dikdas,20400486,SD MUHAMMADIYAH JOGODAYOH,"Jogodayoh, Sumbermulyo, Bambanglipuro",Sumbermulyo,SWASTA,https://referensi.data.kemendikdasmen.go.id/pendidikan/npsn/20400486
Kabupaten Bantul,Bambang Lipuro,dikdas,20400491,SD MUHAMMADIYAH MULYODADI,BEKANG,Mulyodadi,SWASTA,https://referensi.data.kemendikdasmen.go.id/pendidikan/npsn/20400491
Kabupaten Bantul,Bambang Lipuro,dikdas,20400460,SD MUHAMMADIYAH SUMBERMULYO,"Derman, Sumbermulyo,Bambanglipuro",Sumbermulyo,SWASTA,https://referensi.data.kemendikdasmen.go.id/pendidikan/npsn/20400460
Kabupaten Bantul,Bambang Lipuro,dikdas,20400657,SD NEGERI 3 PANGGANG,"Ngampelan, Sidomulyo,bambanglipuro",Sidomulyo,NEGERI,https://referensi.data.kemendikdasmen.go.id/pendidikan/npsn/20400657
Kabupaten Bantul,Bambang Lipuro,dikdas,20400646,SD NEGERI BONDALEM,"Bondalem, Sumbermulyo,Bambanglipuro",Sumbermulyo,NEGERI,https://referensi.data.kemendikdasmen.go.id/pendidikan/npsn/20400646
Kabupaten Bantul,Bambang Lipuro,dikdas,20403520,SD NEGERI GROGOL,"Ngambah, Mulyodadi, Bambanglipuro",Mulyodadi,NEGERI,https://referensi.data.kemendikdasmen.go.id/pendidikan/npsn/20403520
Kabupaten Bantul,Bambang Lipuro,dikdas,20400224,SD NEGERI KALIGONDANG,"Gedogan Rt 08, Sumbermulyo, Bambanglipuro",Sumbermulyo,NEGERI,https://referensi.data.kemendikdasmen.go.id/pendidikan/npsn/20400224
Kabupaten Bantul,Bambang Lipuro,dikdas,20400203,SD NEGERI KEMBANGAN,"Kembangan, Sumbermulyo,bambanglipuro",Sumbermulyo,NEGERI,https://referensi.data.kemendikdasmen.go.id/pendidikan/npsn/20400203
Kabupaten Bantul,Bambang Lipuro,dikdas,20400504,SD NEGERI PANGGANG,Tempel Sidomulyo Bambanglipuro Bantul D.I.Y,Sidomulyo,NEGERI,https://referensi.data.kemendikdasmen.go.id/pendidikan/npsn/20400504
Kabupaten Bantul,Bambang Lipuro,dikdas,20400137,SD NEGERI PLEBENGAN,"Plebengan, Sidomulyo,Bambanglipuro",Sidomulyo,NEGERI,https://referensi.data.kemendikdasmen.go.id/pendidikan/npsn/20400137
Kabupaten Bantul,Bambang Lipuro,dikdas,20400112,SD NEGERI SRIBIT,SRIBIT,Mulyodadi,NEGERI,https://referensi.data.kemendikdasmen.go.id/pendidikan/npsn/20400112
Kabupaten Bantul,Bambang Lipuro,dikdas,20400177,SD NEGERI TERBAN,"Cangkring, Sidomulyo, Bambanglipuro",Sidomulyo,NEGERI,https://referensi.data.kemendikdasmen.go.id/pendidikan/npsn/20400177
Kabupaten Bantul,Bambang Lipuro,dikdas,20400193,SD NEGERI TULASAN,TULASAN RT 03,Mulyodadi,NEGERI,https://referensi.data.kemendikdasmen.go.id/pendidikan/npsn/20400193
Kabupaten Bantul,Bambang Lipuro,dikdas,20400427,SMP 2 VETERAN BANTUL,Nglarang,Mulyodadi,SWASTA,https://referensi.data.kemendikdasmen.go.id/pendidikan/npsn/20400427
Kabupaten Bantul,Bambang Lipuro,dikdas,20400426,SMP KANISIUS BAMBANGLIPURO,Ganjuran Jogodayoh,Sumbermulyo,SWASTA,https://referensi.data.kemendikdasmen.go.id/pendidikan/npsn/20400426
Kabupaten Bantul,Bambang Lipuro,dikdas,20400412,SMP MUHAMMADIYAH 1 BAMBANGLIPURO,Bekang Mulyodadi Bambanglipuro,Mulyodadi,SWASTA,https://referensi.data.kemendikdasmen.go.id/pendidikan/npsn/20400412
Kabupaten Bantul,Bambang Lipuro,dikdas,20400312,SMP MUHAMMADIYAH 2 BAMBANGLIPURO,Derman,Sumbermulyo,SWASTA,https://referensi.data.kemendikdasmen.go.id/pendidikan/npsn/20400312
Kabupaten Bantul,Bambang Lipuro,dikdas,20400339,SMP NEGERI 1 BAMBANGLIPURO,"Nglarang, Mulyodadi, Bambanglipuro",Mulyodadi,NEGERI,https://referensi.data.kemendikdasmen.go.id/pendidikan/npsn/20400339
Kabupaten Bantul,Bambang Lipuro,dikdas,20400350,SMP NEGERI 2 BAMBANGLIPURO,Sidomulyo,Sidomulyo,NEGERI,https://referensi.data.kemendikdasmen.go.id/pendidikan/npsn/20400350
Kabupaten Bantul,Bambang Lipuro,dikdas,70008217,SMPIT Alam Insan Mulia,Bebekan Rt.03 Destan Mulyodadi Bambanglipuro Bantul DIY,Mulyodadi,SWASTA,https://referensi.data.kemendikdasmen.go.id/pendidikan/npsn/70008217
Kabupaten Bantul,Bambang Lipuro,dikdas,69768177,SMPIT AR RAIHAN,"Ngajaran RT 05, Sidomulyo, Bambanglipuro, Bantul 55764",Sidomulyo,SWASTA,https://referensi.data.kemendikdasmen.go.id/pendidikan/npsn/69768177
Kabupaten Bantul,Pandak,dikdas,70042959,MIS BISMILLAH TAHFIDZUL QUR`AN,Tirto RT 03,Triharjo,SWASTA,https://referensi.data.kemendikdasmen.go.id/pendidikan/npsn/70042959
Kabupaten Bantul,Pandak,dikdas,20400547,MIS MA`ARIF PIJENAN,NGEBLAK,Wijirejo,SWASTA,https://referensi.data.kemendikdasmen.go.id/pendidikan/npsn/20400547
Kabupaten Bantul,Pandak,dikdas,70026178,MTs Tahfidzul Qur`an Ar-Risalah,Jl. Makamsewu Ngeblak RT 05 Wijirejo Pandak Bantul DI. Yogyakarta 557761,Wijirejo,SWASTA,https://referensi.data.kemendikdasmen.go.id/pendidikan/npsn/70026178
Kabupaten Bantul,Pandak,dikdas,20400542,MTSS AL FALAAH PANDAK,JL. KAUMAN,Wijirejo,SWASTA,https://referensi.data.kemendikdasmen.go.id/pendidikan/npsn/20400542
Kabupaten Bantul,Pandak,dikdas,70015732,SD IT IBNU KHALDUN,"Cengkiran, Triharjo, Pandak, Bantul",Triharjo,SWASTA,https://referensi.data.kemendikdasmen.go.id/pendidikan/npsn/70015732
Kabupaten Bantul,Pandak,dikdas,20400589,SD KANISIUS PIJENAN,"Pijenan, Wijirejo,pandak",Wijirejo,SWASTA,https://referensi.data.kemendikdasmen.go.id/pendidikan/npsn/20400589
Kabupaten Bantul,Pandak,dikdas,20400485,SD MUHAMMADIYAH KADISORO I,"Kadisoro, Gilangharjo,pandak",Gilangharjo,SWASTA,https://referensi.data.kemendikdasmen.go.id/pendidikan/npsn/20400485
Kabupaten Bantul,Pandak,dikdas,20400484,SD MUHAMMADIYAH KADISORO II,"Karangasem, Gilangharjo,Pandak",Gilangharjo,SWASTA,https://referensi.data.kemendikdasmen.go.id/pendidikan/npsn/20400484
Kabupaten Bantul,Pandak,dikdas,20400458,SD MUHAMMADIYAH TEGALLAYANG I,"Tegallayang 9 RT 01, Caturharjo, Pandak",Caturharjo,SWASTA,https://referensi.data.kemendikdasmen.go.id/pendidikan/npsn/20400458
Kabupaten Bantul,Pandak,dikdas,20400466,SD MUHAMMADIYAH TEGALLAYANG II,"Gluntung, Caturharjo, Pandak",Caturharjo,SWASTA,https://referensi.data.kemendikdasmen.go.id/pendidikan/npsn/20400466
Kabupaten Bantul,Pandak,dikdas,20400505,SD NEGERI 1 PANDAK,"Jl. SRANDAKAN, PANDAK",Wijirejo,NEGERI,https://referensi.data.kemendikdasmen.go.id/pendidikan/npsn/20400505
Kabupaten Bantul,Pandak,dikdas,20400751,SD NEGERI 1 WIJIREJO,"Kadek, Wijirejo, Pandak, Bantul",Wijirejo,NEGERI,https://referensi.data.kemendikdasmen.go.id/pendidikan/npsn/20400751
Kabupaten Bantul,Pandak,dikdas,20400768,SD NEGERI 2 WIJIREJO,"Gesikan, Wijirejo, Pandak",Wijirejo,NEGERI,https://referensi.data.kemendikdasmen.go.id/pendidikan/npsn/20400768
Kabupaten Bantul,Pandak,dikdas,20400457,SD NEGERI BANTULAN,"Bantulan, Gilangharjo, Pandak",Gilangharjo,NEGERI,https://referensi.data.kemendikdasmen.go.id/pendidikan/npsn/20400457
Kabupaten Bantul,Pandak,dikdas,20400647,SD NEGERI BOGO,"Bogo, Wijirejo,pandak",Wijirejo,NEGERI,https://referensi.data.kemendikdasmen.go.id/pendidikan/npsn/20400647
Kabupaten Bantul,Pandak,dikdas,20400758,SD NEGERI BONGSREN,"Bongsren, Gilangharjo, Pandak",Gilangharjo,NEGERI,https://referensi.data.kemendikdasmen.go.id/pendidikan/npsn/20400758
Kabupaten Bantul,Pandak,dikdas,20400701,SD NEGERI CIREN,"Ciren, Triharjo,pandak",Triharjo,NEGERI,https://referensi.data.kemendikdasmen.go.id/pendidikan/npsn/20400701
Kabupaten Bantul,Pandak,dikdas,20400698,SD NEGERI DALEMAN,"Daleman, Gilangharjo,pandak",Gilangharjo,NEGERI,https://referensi.data.kemendikdasmen.go.id/pendidikan/npsn/20400698
Kabupaten Bantul,Pandak,dikdas,20400712,SD NEGERI GLAGAHAN,"Glagahan, Caturharjo, Pandak",Caturharjo,NEGERI,https://referensi.data.kemendikdasmen.go.id/pendidikan/npsn/20400712
Kabupaten Bantul,Pandak,dikdas,20400708,SD NEGERI GUMULAN,"Gumulan, Caturharjo,Pandak",Caturharjo,NEGERI,https://referensi.data.kemendikdasmen.go.id/pendidikan/npsn/20400708
Kabupaten Bantul,Pandak,dikdas,20400707,SD NEGERI GUNTING,"Gunting, Gilangharjo, Pandak",Gilangharjo,NEGERI,https://referensi.data.kemendikdasmen.go.id/pendidikan/npsn/20400707
Kabupaten Bantul,Pandak,dikdas,20400706,SD NEGERI GUNTURAN,"Gunturan,Triharjo,pandak",Triharjo,NEGERI,https://referensi.data.kemendikdasmen.go.id/pendidikan/npsn/20400706
Kabupaten Bantul,Pandak,dikdas,20400692,SD NEGERI JIGUDAN,"Jl. Srandakan Km 5, Jigudan, Triharjo, Pandak",Triharjo,NEGERI,https://referensi.data.kemendikdasmen.go.id/pendidikan/npsn/20400692
Kabupaten Bantul,Pandak,dikdas,20400533,SD NEGERI KREKAH,"Krekah, Gilangharjo, Pandak",Gilangharjo,NEGERI,https://referensi.data.kemendikdasmen.go.id/pendidikan/npsn/20400533
Kabupaten Bantul,Pandak,dikdas,20400248,SD NEGERI NGENTAKMANGIR,"NGENTAKMANGIR, WIJIREJO, PANDAK",Wijirejo,NEGERI,https://referensi.data.kemendikdasmen.go.id/pendidikan/npsn/20400248
Kabupaten Bantul,Pandak,dikdas,20400252,SD NEGERI PAYUNGAN,Payungan RT.006,Triharjo,NEGERI,https://referensi.data.kemendikdasmen.go.id/pendidikan/npsn/20400252
Kabupaten Bantul,Pandak,dikdas,20400147,SD NEGERI SALAM,SALAM,Triharjo,NEGERI,https://referensi.data.kemendikdasmen.go.id/pendidikan/npsn/20400147
Kabupaten Bantul,Pandak,dikdas,20400190,SD NEGERI TUNJUNGAN,"Tunjungan, Caturharjo, Pandak",Caturharjo,NEGERI,https://referensi.data.kemendikdasmen.go.id/pendidikan/npsn/20400190
Kabupaten Bantul,Pandak,dikdas,70015454,SD UNGGULAN AISYIYAH PANDAK,"Ngabean, Triharjo, Pandak, Bantul",Triharjo,SWASTA,https://referensi.data.kemendikdasmen.go.id/pendidikan/npsn/70015454
Kabupaten Bantul,Pandak,dikdas,69990336,SMP ISLAM AR-RISALAH,"Jln. Makam Sewu Ngeblak Rt 05, Wijirejo Pandak Bantul",Wijirejo,SWASTA,https://referensi.data.kemendikdasmen.go.id/pendidikan/npsn/69990336
Kabupaten Bantul,Pandak,dikdas,20400295,SMP NEGERI 1 PANDAK,Pandak Bantul,Gilangharjo,NEGERI,https://referensi.data.kemendikdasmen.go.id/pendidikan/npsn/20400295
Kabupaten Bantul,Pandak,dikdas,20400363,SMP NEGERI 2 PANDAK,Glagahan Caturharjo Pandak Bantul,Caturharjo,NEGERI,https://referensi.data.kemendikdasmen.go.id/pendidikan/npsn/20400363
Kabupaten Bantul,Pandak,dikdas,20400336,SMP NEGERI 3 PANDAK,Gesikan Wijirejo Pandak Bantul,Wijirejo,NEGERI,https://referensi.data.kemendikdasmen.go.id/pendidikan/npsn/20400336
Kabupaten Bantul,Pandak,dikdas,20400342,SMP NEGERI 4 PANDAK,"Ngaran, Gilangharjo, Pandak, Bantul 55761",Gilangharjo,NEGERI,https://referensi.data.kemendikdasmen.go.id/pendidikan/npsn/20400342
Kabupaten Bantul,Bantul,dikdas,70028032,MI TAHFIDZ SERAYU,Serayu,Bantul,SWASTA,https://referensi.data.kemendikdasmen.go.id/pendidikan/npsn/70028032
Kabupaten Bantul,Bantul,dikdas,20400562,MTSN 4 BANTUL,KARANGGAYAM TROMOL BANTUL 55711,Bantul,NEGERI,https://referensi.data.kemendikdasmen.go.id/pendidikan/npsn/20400562
Kabupaten Bantul,Bantul,dikdas,20400617,MTSS MUHAMMADIYAH BANTUL,KADIROJO RT 006 DK KADIROJO,Palbapang,SWASTA,https://referensi.data.kemendikdasmen.go.id/pendidikan/npsn/20400617
Kabupaten Bantul,Bantul,dikdas,20400622,SD BOPKRI TUREN,Jl Mgr Sugiyopranoto no 169,Trirenggo,SWASTA,https://referensi.data.kemendikdasmen.go.id/pendidikan/npsn/20400622
Kabupaten Bantul,Bantul,dikdas,69852104,SD ISLAM AL-AZHAR 38 BANTUL,GEMAHAN RINGINHARJO BANTUL BANTUL,Ringin Harjo,SWASTA,https://referensi.data.kemendikdasmen.go.id/pendidikan/npsn/69852104
Kabupaten Bantul,Bantul,dikdas,20400621,SD IT AR RAIHAN,Sumberbatikan,Trirenggo,SWASTA,https://referensi.data.kemendikdasmen.go.id/pendidikan/npsn/20400621
Kabupaten Bantul,Bantul,dikdas,20403519,SD IT SAMAWI,Tajeman,Palbapang,SWASTA,https://referensi.data.kemendikdasmen.go.id/pendidikan/npsn/20403519
Kabupaten Bantul,Bantul,dikdas,20400620,SD KANISIUS BANTUL,Badegan,Bantul,SWASTA,https://referensi.data.kemendikdasmen.go.id/pendidikan/npsn/20400620
Kabupaten Bantul,Bantul,dikdas,20400604,SD MUHAMMADIYAH BANTUL KOTA,JL.KH.Agus Salim No 97 C,Bantul,SWASTA,https://referensi.data.kemendikdasmen.go.id/pendidikan/npsn/20400604
Kabupaten Bantul,Bantul,dikdas,20400465,SD MUHAMMADIYAH PEPE,"Pepe, Trirenggo, Bantul",Trirenggo,SWASTA,https://referensi.data.kemendikdasmen.go.id/pendidikan/npsn/20400465
Kabupaten Bantul,Bantul,dikdas,20400461,SD MUHAMMADIYAH SERUT,"Serut, Palbapang,bantul",Palbapang,SWASTA,https://referensi.data.kemendikdasmen.go.id/pendidikan/npsn/20400461
Kabupaten Bantul,Bantul,dikdas,20400469,SD NEGERI 1 BANTUL,"JL. GATOT SUBROTO MANDINGAN, RINGINHARJO, BANTUL",Ringin Harjo,NEGERI,https://referensi.data.kemendikdasmen.go.id/pendidikan/npsn/20400469
Kabupaten Bantul,Bantul,dikdas,20400506,SD NEGERI 1 PALBAPANG,"Guyengan, Palbapang,bantul",Palbapang,NEGERI,https://referensi.data.kemendikdasmen.go.id/pendidikan/npsn/20400506
Kabupaten Bantul,Bantul,dikdas,20400206,SD NEGERI 1 TRIRENGGO,"Klembon, Trirenggo,bantul",Trirenggo,NEGERI,https://referensi.data.kemendikdasmen.go.id/pendidikan/npsn/20400206
Kabupaten Bantul,Bantul,dikdas,20400801,SD NEGERI 2 SABDODADI,"Bangeran, Sabdodadi, Bantul",Sabdodadi,NEGERI,https://referensi.data.kemendikdasmen.go.id/pendidikan/npsn/20400801
Kabupaten Bantul,Bantul,dikdas,20400776,SD NEGERI 3 BANTUL,"Dukuh Bejen, Bantul, Bantul",Bantul,NEGERI,https://referensi.data.kemendikdasmen.go.id/pendidikan/npsn/20400776
Kabupaten Bantul,Bantul,dikdas,20400637,SD NEGERI BANTUL TIMUR,"Jl. RA. Kartini 42, Trirenggo,Bantul",Trirenggo,NEGERI,https://referensi.data.kemendikdasmen.go.id/pendidikan/npsn/20400637
Kabupaten Bantul,Bantul,dikdas,20409795,SD NEGERI BANTUL WARUNG,Jl. Jendral Ahmad Yani Bantul,Bantul,NEGERI,https://referensi.data.kemendikdasmen.go.id/pendidikan/npsn/20409795
Kabupaten Bantul,Bantul,dikdas,20400238,SD NEGERI KARANGMOJO,"Karangmojo, Trirenggo,bantul",Trirenggo,NEGERI,https://referensi.data.kemendikdasmen.go.id/pendidikan/npsn/20400238
Kabupaten Bantul,Bantul,dikdas,20400269,SD NEGERI MANDING TENGAH,"MANDING, TRIRENGGO, BANTUL",Trirenggo,NEGERI,https://referensi.data.kemendikdasmen.go.id/pendidikan/npsn/20400269
Kabupaten Bantul,Bantul,dikdas,20400672,SD NEGERI PALBAPANG BARU,"Kadirojo, Palbapang,bantul",Palbapang,NEGERI,https://referensi.data.kemendikdasmen.go.id/pendidikan/npsn/20400672
Kabupaten Bantul,Bantul,dikdas,20400152,SD NEGERI PENI,Jl. Sultan Agung Km.1 Peni Palbapang Bantul 55713 Bantul D.I Yogyakarta,Palbapang,NEGERI,https://referensi.data.kemendikdasmen.go.id/pendidikan/npsn/20400152
Kabupaten Bantul,Bantul,dikdas,20400133,SD NEGERI PRIYAN,"Priyan, Trirenggo,Bantul",Trirenggo,NEGERI,https://referensi.data.kemendikdasmen.go.id/pendidikan/npsn/20400133
Kabupaten Bantul,Bantul,dikdas,20400149,SD NEGERI RINGINHARJO,"Deresan, Ringinharjo,Bantul",Ringin Harjo,NEGERI,https://referensi.data.kemendikdasmen.go.id/pendidikan/npsn/20400149
Kabupaten Bantul,Bantul,dikdas,20400198,SD NEGERI SABDODADI KEYONGAN,"Jl. Parangtritis Km 10,5 Neco, Sabdodadi, Bantul",Sabdodadi,NEGERI,https://referensi.data.kemendikdasmen.go.id/pendidikan/npsn/20400198
Kabupaten Bantul,Bantul,dikdas,20400114,SD NEGERI SUTRAN,"Sutran, Sabdodadi, Bantul",Sabdodadi,NEGERI,https://referensi.data.kemendikdasmen.go.id/pendidikan/npsn/20400114
Kabupaten Bantul,Bantul,dikdas,20400180,SD NEGERI TEGALDOWO,"Grujugan, Bantul, Bantul",Bantul,NEGERI,https://referensi.data.kemendikdasmen.go.id/pendidikan/npsn/20400180
Kabupaten Bantul,Bantul,dikdas,20400748,SD NEGERI TERUMAN,"Kresen, RT 005, Bantul, Bantul",Bantul,NEGERI,https://referensi.data.kemendikdasmen.go.id/pendidikan/npsn/20400748
Kabupaten Bantul,Bantul,dikdas,20407340,SD UNGGULAN AISYIYAH BANTUL,Jln Wakhid Hasyim No.60 Sanggrahan Ringinharjo,Ringin Harjo,SWASTA,https://referensi.data.kemendikdasmen.go.id/pendidikan/npsn/20407340
Kabupaten Bantul,Bantul,dikdas,20400325,SMP 1 VETERAN BANTUL,Jl.jend.sudirman No.25 Bantul,Bantul,SWASTA,https://referensi.data.kemendikdasmen.go.id/pendidikan/npsn/20400325
Kabupaten Bantul,Bantul,dikdas,70046936,SMP ISLAM AL AZHAR 66 BANTUL,"Jl. Kh Wahid Hasyim, Karasan, Palbapang, Bantul",Palbapang,SWASTA,https://referensi.data.kemendikdasmen.go.id/pendidikan/npsn/70046936
Kabupaten Bantul,Bantul,dikdas,20411877,SMP ISLAM PRESTASI AL MUBTADI-IEN,Karangmojo Trirenggo Bantul,Trirenggo,SWASTA,https://referensi.data.kemendikdasmen.go.id/pendidikan/npsn/20411877
Kabupaten Bantul,Bantul,dikdas,20400308,SMP MUHAMMADIYAH BANTUL,Jln. Gajah Mada No. 7b Bantul,Bantul,SWASTA,https://referensi.data.kemendikdasmen.go.id/pendidikan/npsn/20400308
Kabupaten Bantul,Bantul,dikdas,20400302,SMP NEGERI 1 BANTUL,Jl. R.A. Kartini No. 44 Bantul,Trirenggo,NEGERI,https://referensi.data.kemendikdasmen.go.id/pendidikan/npsn/20400302
Kabupaten Bantul,Bantul,dikdas,20400357,SMP NEGERI 2 BANTUL,Jln. Raya Bantul No.2/III Bantul,Bantul,NEGERI,https://referensi.data.kemendikdasmen.go.id/pendidikan/npsn/20400357
Kabupaten Bantul,Bantul,dikdas,20400330,SMP NEGERI 3 BANTUL,Jalan Sultan Agung Peni Palbapang Bantul,Palbapang,NEGERI,https://referensi.data.kemendikdasmen.go.id/pendidikan/npsn/20400330
Kabupaten Bantul,Bantul,dikdas,20400319,SMP PATRIA BANTUL,Jl. Parangtritis Km 11 Sabdodadi Bantul,Sabdodadi,SWASTA,https://referensi.data.kemendikdasmen.go.id/pendidikan/npsn/20400319
Kabupaten Bantul,Bantul,dikdas,20400303,SMP PUTRATAMA BANTUL,Jl. Mgr. Alb. Sugiyopranoto No. 02 Klodran,Bantul,SWASTA,https://referensi.data.kemendikdasmen.go.id/pendidikan/npsn/20400303
Kabupaten Bantul,Bantul,dikdas,20411879,SMP UNGGULAN AISYIYAH BANTUL,Jl. Ir. Juanda Bantul Timur Bantul Trirenggo Bantul 55714,Trirenggo,SWASTA,https://referensi.data.kemendikdasmen.go.id/pendidikan/npsn/20411879
Kabupaten Bantul,Bantul,dikdas,20400292,SMP YP BANTUL,"Jl. Samas Km 0,5 Palbapang Bantul",Palbapang,SWASTA,https://referensi.data.kemendikdasmen.go.id/pendidikan/npsn/20400292
Kabupaten Bantul,Jetis,dikdas,70035950,MI MA`ARIF TRIMULYO,Karangduwet RT 10 KARANGSEMUT TRIMULYO JETIS BANTUL,Trimulyo,SWASTA,https://referensi.data.kemendikdasmen.go.id/pendidikan/npsn/70035950
Kabupaten Bantul,Jetis,dikdas,20400548,MIS PATALAN,KATEGAN PATALAN,Patalan,SWASTA,https://referensi.data.kemendikdasmen.go.id/pendidikan/npsn/20400548
Kabupaten Bantul,Jetis,dikdas,20400556,MTSN 2 BANTUL,BANARAN,Sumber Agung,NEGERI,https://referensi.data.kemendikdasmen.go.id/pendidikan/npsn/20400556
Kabupaten Bantul,Jetis,dikdas,69880739,SD IT CENDEKIA,"Ketandan RT 82, Patalan, Jetis, Bantul",Patalan,SWASTA,https://referensi.data.kemendikdasmen.go.id/pendidikan/npsn/69880739
Kabupaten Bantul,Jetis,dikdas,20403526,SD IT SALSABILA JETIS,Gatak,Sumber Agung,SWASTA,https://referensi.data.kemendikdasmen.go.id/pendidikan/npsn/20403526
Kabupaten Bantul,Jetis,dikdas,20400602,SD MUHAMMADIYAH BLAWONG I,Jl. Imogiri Km 11 Blawong,Trimulyo,SWASTA,https://referensi.data.kemendikdasmen.go.id/pendidikan/npsn/20400602
Kabupaten Bantul,Jetis,dikdas,20400601,SD MUHAMMADIYAH BLAWONG II,Ponggok II,Trimulyo,SWASTA,https://referensi.data.kemendikdasmen.go.id/pendidikan/npsn/20400601
Kabupaten Bantul,Jetis,dikdas,20400464,SD MUHAMMADIYAH PULOKADANG,"Kralas, Canden, Jetis, Bantul",Canden,SWASTA,https://referensi.data.kemendikdasmen.go.id/pendidikan/npsn/20400464
Kabupaten Bantul,Jetis,dikdas,20400540,SD NEGERI 1 BARONGAN,"Paten, Sumberagung,jetis",Sumber Agung,NEGERI,https://referensi.data.kemendikdasmen.go.id/pendidikan/npsn/20400540
Kabupaten Bantul,Jetis,dikdas,20400502,SD NEGERI 1 PATALAN,Sulang Lor Patalan Jetis Bantul,Patalan,NEGERI,https://referensi.data.kemendikdasmen.go.id/pendidikan/npsn/20400502
Kabupaten Bantul,Jetis,dikdas,20400740,SD NEGERI 1 SUMBERAGUNG,"Beji, Sumberagung",Sumber Agung,NEGERI,https://referensi.data.kemendikdasmen.go.id/pendidikan/npsn/20400740
Kabupaten Bantul,Jetis,dikdas,20400723,SD NEGERI 2 BARONGAN,Bungas,Sumber Agung,NEGERI,https://referensi.data.kemendikdasmen.go.id/pendidikan/npsn/20400723
Kabupaten Bantul,Jetis,dikdas,20400670,SD NEGERI 2 PATALAN,Ketandan,Patalan,NEGERI,https://referensi.data.kemendikdasmen.go.id/pendidikan/npsn/20400670
Kabupaten Bantul,Jetis,dikdas,20400765,SD NEGERI 2 SUMBERAGUNG,"Banaran, Sumberagung, Jetis",Sumber Agung,NEGERI,https://referensi.data.kemendikdasmen.go.id/pendidikan/npsn/20400765
Kabupaten Bantul,Jetis,dikdas,20400665,SD NEGERI BAKULAN,BAKULAN PATALAN JETIS BANTUL YOGYAKARTA,Patalan,NEGERI,https://referensi.data.kemendikdasmen.go.id/pendidikan/npsn/20400665
Kabupaten Bantul,Jetis,dikdas,20400640,SD NEGERI BENDOSARI,Bulusan,Canden,NEGERI,https://referensi.data.kemendikdasmen.go.id/pendidikan/npsn/20400640
Kabupaten Bantul,Jetis,dikdas,20400521,SD NEGERI CANDEN,Plembutan,Canden,NEGERI,https://referensi.data.kemendikdasmen.go.id/pendidikan/npsn/20400521
Kabupaten Bantul,Jetis,dikdas,20400537,SD NEGERI JETIS,"Jl. Imogiri Barat Km.11, Kertan",Sumber Agung,NEGERI,https://referensi.data.kemendikdasmen.go.id/pendidikan/npsn/20400537
Kabupaten Bantul,Jetis,dikdas,20400201,SD NEGERI KEMBANGSONGO,"Kembangsongo,Trimulyo,Jetis",Trimulyo,NEGERI,https://referensi.data.kemendikdasmen.go.id/pendidikan/npsn/20400201
Kabupaten Bantul,Jetis,dikdas,20400199,SD NEGERI KEPUH,Ngibikan,Canden,NEGERI,https://referensi.data.kemendikdasmen.go.id/pendidikan/npsn/20400199
Kabupaten Bantul,Jetis,dikdas,20400215,SD NEGERI KOWANG,Kowang,Trimulyo,NEGERI,https://referensi.data.kemendikdasmen.go.id/pendidikan/npsn/20400215
Kabupaten Bantul,Jetis,dikdas,20400254,SD NEGERI PATALAN BARU,"Jl. Parangtritis Km 14,5, Patalan, Patalan, Jetis, Bantul",Patalan,NEGERI,https://referensi.data.kemendikdasmen.go.id/pendidikan/npsn/20400254
Kabupaten Bantul,Jetis,dikdas,20400513,SD NEGERI SAWAHAN,BALAKAN SUMBERAGUNG,Sumber Agung,NEGERI,https://referensi.data.kemendikdasmen.go.id/pendidikan/npsn/20400513
Kabupaten Bantul,Jetis,dikdas,20400102,SD NEGERI SINDET,"Sindet, Trimulyo, Jetis",Trimulyo,NEGERI,https://referensi.data.kemendikdasmen.go.id/pendidikan/npsn/20400102
Kabupaten Bantul,Jetis,dikdas,70064529,SMP ALKARIMA,"Barongan, RT.01",Sumber Agung,SWASTA,https://referensi.data.kemendikdasmen.go.id/pendidikan/npsn/70064529
Kabupaten Bantul,Jetis,dikdas,70007967,SMP Baitul Quran Cendekia,Banjardowo RT 87 Patalan Jetis Bantul,Patalan,SWASTA,https://referensi.data.kemendikdasmen.go.id/pendidikan/npsn/70007967
Kabupaten Bantul,Jetis,dikdas,20400306,SMP MUHAMMADIYAH JETIS,Pulokadang,Canden,SWASTA,https://referensi.data.kemendikdasmen.go.id/pendidikan/npsn/20400306
Kabupaten Bantul,Jetis,dikdas,20400299,SMP NEGERI 1 JETIS,Jalan Imogiri Barat Km. 11 Jetis Bantul Yogyakarta,Sumber Agung,NEGERI,https://referensi.data.kemendikdasmen.go.id/pendidikan/npsn/20400299
Kabupaten Bantul,Jetis,dikdas,20400367,SMP NEGERI 2 JETIS,Jetis,Canden,NEGERI,https://referensi.data.kemendikdasmen.go.id/pendidikan/npsn/20400367
Kabupaten Bantul,Jetis,dikdas,20400327,SMP NEGERI 3 JETIS,"Jl. Parangtritis Km. 14,5",Patalan,NEGERI,https://referensi.data.kemendikdasmen.go.id/pendidikan/npsn/20400327
Kabupaten Bantul,Imogiri,dikdas,20400565,MIN 2 BANTUL,KEBONAGUNG,Kebon Agung,NEGERI,https://referensi.data.kemendikdasmen.go.id/pendidikan/npsn/20400565
Kabupaten Bantul,Imogiri,dikdas,20400578,MIS MA`ARIF GIRILOYO 1,GIRILOYO,Wukirsari,SWASTA,https://referensi.data.kemendikdasmen.go.id/pendidikan/npsn/20400578
Kabupaten Bantul,Imogiri,dikdas,20400550,MIS MA`ARIF GIRILOYO 2,GIRILOYO KARANGKULON,Wukirsari,SWASTA,https://referensi.data.kemendikdasmen.go.id/pendidikan/npsn/20400550
Kabupaten Bantul,Imogiri,dikdas,20400560,MTSN 3 BANTUL,"WUKIRSARI, IMOGIRI BANTUL",Wukirsari,NEGERI,https://referensi.data.kemendikdasmen.go.id/pendidikan/npsn/20400560
Kabupaten Bantul,Imogiri,dikdas,20400495,SD MUHAMMADIYAH KARANGTENGAH,"Karangtengah, Imogiri,imogiri",Karang Tengah,SWASTA,https://referensi.data.kemendikdasmen.go.id/pendidikan/npsn/20400495
Kabupaten Bantul,Imogiri,dikdas,20400773,SD NEGERI 3 IMOGIRI,"Setran, Karangtalun, Imogiri, Bantul 55782",Karangtalun,NEGERI,https://referensi.data.kemendikdasmen.go.id/pendidikan/npsn/20400773
Kabupaten Bantul,Imogiri,dikdas,20400662,SD NEGERI BANGO,"Pelemantung, Selopamioro,imogiri",Selopamioro,NEGERI,https://referensi.data.kemendikdasmen.go.id/pendidikan/npsn/20400662
Kabupaten Bantul,Imogiri,dikdas,20400713,SD NEGERI GIRIWUNGU,"Kradenan, Girirejo,imogiri",Girirejo,NEGERI,https://referensi.data.kemendikdasmen.go.id/pendidikan/npsn/20400713
Kabupaten Bantul,Imogiri,dikdas,20400530,SD NEGERI IMOGIRI,"Toprayan, Imogiri,imogiri",Imogiri,NEGERI,https://referensi.data.kemendikdasmen.go.id/pendidikan/npsn/20400530
Kabupaten Bantul,Imogiri,dikdas,20400226,SD NEGERI KALIDADAP,"Kalidadap, Selopamioro,imogiri",Selopamioro,NEGERI,https://referensi.data.kemendikdasmen.go.id/pendidikan/npsn/20400226
Kabupaten Bantul,Imogiri,dikdas,20400251,SD NEGERI KARANGTENGAH BARU,"Numpukan, Karangtengah,imogiri",Karang Tengah,NEGERI,https://referensi.data.kemendikdasmen.go.id/pendidikan/npsn/20400251
Kabupaten Bantul,Imogiri,dikdas,20400230,SD NEGERI KEBONAGUNG,"Kebonagung, Kebonagung,imogiri",Kebon Agung,NEGERI,https://referensi.data.kemendikdasmen.go.id/pendidikan/npsn/20400230
Kabupaten Bantul,Imogiri,dikdas,20400216,SD NEGERI KEDUNGMIRI,"Kedungmiri, Sriharjo,imogiri",Sriharjo,NEGERI,https://referensi.data.kemendikdasmen.go.id/pendidikan/npsn/20400216
Kabupaten Bantul,Imogiri,dikdas,20400181,SD NEGERI LANTENG BARU,"Kajor, Selopamioro, Imogiri, Bantul, Yogyakarta 55782",Selopamioro,NEGERI,https://referensi.data.kemendikdasmen.go.id/pendidikan/npsn/20400181
Kabupaten Bantul,Imogiri,dikdas,20400196,SD NEGERI LEMAHRUBUH,"Lemahrubuh, Selopamioro,imogiri",Selopamioro,NEGERI,https://referensi.data.kemendikdasmen.go.id/pendidikan/npsn/20400196
Kabupaten Bantul,Imogiri,dikdas,20400278,SD NEGERI NAWUNGAN,"Nawungan I, Selopamioro,imogiri",Selopamioro,NEGERI,https://referensi.data.kemendikdasmen.go.id/pendidikan/npsn/20400278
Kabupaten Bantul,Imogiri,dikdas,20400274,SD NEGERI NGASINAN,"Nogosari II, Wukirsari,imogiri, Bantul, DIY",Wukirsari,NEGERI,https://referensi.data.kemendikdasmen.go.id/pendidikan/npsn/20400274
Kabupaten Bantul,Imogiri,dikdas,20400242,SD NEGERI NGRANCAH,"Ngrancah, Sriharjo, Imogiri",Sriharjo,NEGERI,https://referensi.data.kemendikdasmen.go.id/pendidikan/npsn/20400242
Kabupaten Bantul,Imogiri,dikdas,20400250,SD NEGERI NOGOSARI,NOGOSARI SELOPAMIORO IMOGIRI,Selopamioro,NEGERI,https://referensi.data.kemendikdasmen.go.id/pendidikan/npsn/20400250
Kabupaten Bantul,Imogiri,dikdas,20400509,SD NEGERI PUCUNG,"Pucung, Wukirsari, Imogiri",Wukirsari,NEGERI,https://referensi.data.kemendikdasmen.go.id/pendidikan/npsn/20400509
Kabupaten Bantul,Imogiri,dikdas,20400791,SD NEGERI PUNDUNG,"Kradenan, Girirejo,imogiri",Girirejo,NEGERI,https://referensi.data.kemendikdasmen.go.id/pendidikan/npsn/20400791
Kabupaten Bantul,Imogiri,dikdas,20400472,SD NEGERI SILUK,"Siluk, Selopamioro, Imogiri",Selopamioro,NEGERI,https://referensi.data.kemendikdasmen.go.id/pendidikan/npsn/20400472
Kabupaten Bantul,Imogiri,dikdas,20400110,SD NEGERI SOMPOK,Sriharjo Imogiri Bantul,Sriharjo,NEGERI,https://referensi.data.kemendikdasmen.go.id/pendidikan/npsn/20400110
Kabupaten Bantul,Imogiri,dikdas,20400711,SD NEGERI SRIHARJO,"Jl. Imogiri-Panggang Km. 3, Mojohuro",Sriharjo,NEGERI,https://referensi.data.kemendikdasmen.go.id/pendidikan/npsn/20400711
Kabupaten Bantul,Imogiri,dikdas,20400119,SD NEGERI SRUNGGO,Srunggo,Selopamioro,NEGERI,https://referensi.data.kemendikdasmen.go.id/pendidikan/npsn/20400119
Kabupaten Bantul,Imogiri,dikdas,20400160,SD NEGERI WUKIRSARI,"Manggung, Wukirsari,imogiri",Wukirsari,NEGERI,https://referensi.data.kemendikdasmen.go.id/pendidikan/npsn/20400160
Kabupaten Bantul,Imogiri,dikdas,20400424,SMP MA ARIF IMOGIRI,Jayan RT 01,Kebon Agung,SWASTA,https://referensi.data.kemendikdasmen.go.id/pendidikan/npsn/20400424
Kabupaten Bantul,Imogiri,dikdas,20400307,SMP MUHAMMADIYAH IMOGIRI,Jalan Raya Imogiri Pos Imogiri,Imogiri,SWASTA,https://referensi.data.kemendikdasmen.go.id/pendidikan/npsn/20400307
Kabupaten Bantul,Imogiri,dikdas,20400300,SMP NEGERI 1 IMOGIRI,"Jln Imogiri km 12, Imogiri, Bantul",Imogiri,NEGERI,https://referensi.data.kemendikdasmen.go.id/pendidikan/npsn/20400300
Kabupaten Bantul,Imogiri,dikdas,20400359,SMP NEGERI 2 IMOGIRI,"Jl. Imogiri-panggang Jati, Sriharjo, Imogiri, Bantul",Sriharjo,NEGERI,https://referensi.data.kemendikdasmen.go.id/pendidikan/npsn/20400359
Kabupaten Bantul,Imogiri,dikdas,20400328,SMP NEGERI 3 IMOGIRI,LANTENG II,Selopamioro,NEGERI,https://referensi.data.kemendikdasmen.go.id/pendidikan/npsn/20400328
Kabupaten Bantul,Dlingo,dikdas,70032969,MI IBNU `ABBAS IV DLINGO,KAPINGAN 001 TEMUWUH DLINGO BANTUL,Temuwuh,SWASTA,https://referensi.data.kemendikdasmen.go.id/pendidikan/npsn/70032969
Kabupaten Bantul,Dlingo,dikdas,20400576,MIS AL HUDA KEBOSUNGU,KEBOSUNGU II,Dlingo,SWASTA,https://referensi.data.kemendikdasmen.go.id/pendidikan/npsn/20400576
Kabupaten Bantul,Dlingo,dikdas,20400577,MIS AL ISLAMIYAH KORIPAN,"KORIPAN 1, DLINGO, DLINGO",Dlingo,SWASTA,https://referensi.data.kemendikdasmen.go.id/pendidikan/npsn/20400577
Kabupaten Bantul,Dlingo,dikdas,20400549,MIS MA`ARIF KEDIWUNG,KEDIWUNG,Mangunan,SWASTA,https://referensi.data.kemendikdasmen.go.id/pendidikan/npsn/20400549
Kabupaten Bantul,Dlingo,dikdas,20400552,MIS MAARIF NGLISENG,NGLISENG RT.07,Muntuk,SWASTA,https://referensi.data.kemendikdasmen.go.id/pendidikan/npsn/20400552
Kabupaten Bantul,Dlingo,dikdas,20400551,MIS MUHAMMADIYAH TERONG,"REJOSARI,TERONG,DLINGO",Terong,SWASTA,https://referensi.data.kemendikdasmen.go.id/pendidikan/npsn/20400551
Kabupaten Bantul,Dlingo,dikdas,20400561,MTsN 8 BANTUL,JLN MUNTUK DESA MUNTUK DLINGO BANTUL 55783,Muntuk,NEGERI,https://referensi.data.kemendikdasmen.go.id/pendidikan/npsn/20400561
Kabupaten Bantul,Dlingo,dikdas,20400610,MTSS DLINGO,KORIPAN 1 DLINGO,Dlingo,SWASTA,https://referensi.data.kemendikdasmen.go.id/pendidikan/npsn/20400610
Kabupaten Bantul,Dlingo,dikdas,20400470,SD Negeri 1 Banjarharjo,Muntuk,Muntuk,NEGERI,https://referensi.data.kemendikdasmen.go.id/pendidikan/npsn/20400470
Kabupaten Bantul,Dlingo,dikdas,20400523,SD Negeri 1 Dodogan,"Dodogan, Jatimulyo,dlingo",Jatimulyo,NEGERI,https://referensi.data.kemendikdasmen.go.id/pendidikan/npsn/20400523
Kabupaten Bantul,Dlingo,dikdas,20400674,SD NEGERI 1 JATIMULYO,"Maladan, Jatimulyo,dlingo",Jatimulyo,NEGERI,https://referensi.data.kemendikdasmen.go.id/pendidikan/npsn/20400674
Kabupaten Bantul,Dlingo,dikdas,20400741,SD NEGERI 1 SUKORAME,"Sukorame , Mangunan, Dlingo",Mangunan,NEGERI,https://referensi.data.kemendikdasmen.go.id/pendidikan/npsn/20400741
Kabupaten Bantul,Dlingo,dikdas,20400746,SD NEGERI 1 TEMUWUH,"Jln Patuk Dlingo Km 13 Klepu,Temuwuh,Dlingo,Bantul",Temuwuh,NEGERI,https://referensi.data.kemendikdasmen.go.id/pendidikan/npsn/20400746
Kabupaten Bantul,Dlingo,dikdas,20400747,SD NEGERI 1 TERONG,Jl. Patuk-Dlingo Km 6,Terong,NEGERI,https://referensi.data.kemendikdasmen.go.id/pendidikan/npsn/20400747
Kabupaten Bantul,Dlingo,dikdas,20400737,SD NEGERI 2 BANJARHARJO,"Banjarharjo II, Muntuk,dlingo",Muntuk,NEGERI,https://referensi.data.kemendikdasmen.go.id/pendidikan/npsn/20400737
Kabupaten Bantul,Dlingo,dikdas,20409869,SD NEGERI 2 DODOGAN,"Loputih, Jatimulyo, Dlingo",Jatimulyo,NEGERI,https://referensi.data.kemendikdasmen.go.id/pendidikan/npsn/20409869
Kabupaten Bantul,Dlingo,dikdas,20400762,SD Negeri 2 Temuwuh,"Tanjan, Temuwuh, Dlingo",Temuwuh,NEGERI,https://referensi.data.kemendikdasmen.go.id/pendidikan/npsn/20400762
Kabupaten Bantul,Dlingo,dikdas,20400761,SD NEGERI 2 TERONG,"Pancuran RT 06, Terong, Dlingo, Bantul",Terong,NEGERI,https://referensi.data.kemendikdasmen.go.id/pendidikan/npsn/20400761
Kabupaten Bantul,Dlingo,dikdas,20400194,SD NEGERI 3 TEMUWUH,"Tanjung, Temuwuh, Dlingo, Bantul",Temuwuh,NEGERI,https://referensi.data.kemendikdasmen.go.id/pendidikan/npsn/20400194
Kabupaten Bantul,Dlingo,dikdas,20400634,SD NEGERI BANYUURIP,"Banyuurip, Jatimulyo,dlingo",Jatimulyo,NEGERI,https://referensi.data.kemendikdasmen.go.id/pendidikan/npsn/20400634
Kabupaten Bantul,Dlingo,dikdas,20400524,SD NEGERI DLINGO,Pokoh II,Dlingo,NEGERI,https://referensi.data.kemendikdasmen.go.id/pendidikan/npsn/20400524
Kabupaten Bantul,Dlingo,dikdas,20400220,SD NEGERI KANIGORO,Kanigoro,Mangunan,NEGERI,https://referensi.data.kemendikdasmen.go.id/pendidikan/npsn/20400220
Kabupaten Bantul,Dlingo,dikdas,20400264,SD Negeri Mangunan,"Mangunan, Mangunan, Dlingo",Mangunan,NEGERI,https://referensi.data.kemendikdasmen.go.id/pendidikan/npsn/20400264
Kabupaten Bantul,Dlingo,dikdas,20400257,SD NEGERI PAKIS,"Pakis 2, Dlingo, Dlingo, Bantul, Yogyakarta",Dlingo,NEGERI,https://referensi.data.kemendikdasmen.go.id/pendidikan/npsn/20400257
Kabupaten Bantul,Dlingo,dikdas,20400195,SD NEGERI PELEM,"Salam, Temuwuh,dlingo",Temuwuh,NEGERI,https://referensi.data.kemendikdasmen.go.id/pendidikan/npsn/20400195
Kabupaten Bantul,Dlingo,dikdas,20400105,SD Negeri Semuten,"Semuten, Jatimulyo, Dlingo",Jatimulyo,NEGERI,https://referensi.data.kemendikdasmen.go.id/pendidikan/npsn/20400105
Kabupaten Bantul,Dlingo,dikdas,20400104,SD NEGERI SENDANGSARI,"Sendangsari, Terong, Dlingo, Bantul",Terong,NEGERI,https://referensi.data.kemendikdasmen.go.id/pendidikan/npsn/20400104
Kabupaten Bantul,Dlingo,dikdas,20400499,SD NEGERI SEROPAN,"Seropan III, Muntuk, Dlingo",Muntuk,NEGERI,https://referensi.data.kemendikdasmen.go.id/pendidikan/npsn/20400499
Kabupaten Bantul,Dlingo,dikdas,20400115,SD NEGERI SURUH,"Gunungcilik, Muntuk,dlingo",Muntuk,NEGERI,https://referensi.data.kemendikdasmen.go.id/pendidikan/npsn/20400115
Kabupaten Bantul,Dlingo,dikdas,20400100,SD NEGERI TANGKIL,"Tangkil, Muntuk,dlingo",Muntuk,NEGERI,https://referensi.data.kemendikdasmen.go.id/pendidikan/npsn/20400100
Kabupaten Bantul,Dlingo,dikdas,20400311,SMP MUHAMMADIYAH 2 DLINGO,"Jalan Imogiri-Dlingo, Km 10, Seropan 3, Muntuk, Dlingo, Bantul",Muntuk,SWASTA,https://referensi.data.kemendikdasmen.go.id/pendidikan/npsn/20400311
Kabupaten Bantul,Dlingo,dikdas,20400369,SMP MUHAMMADIYAH I DLINGO,Terong,Terong,SWASTA,https://referensi.data.kemendikdasmen.go.id/pendidikan/npsn/20400369
Kabupaten Bantul,Dlingo,dikdas,20400301,SMP NEGERI 1 DLINGO,Jln. Dlingo Km12 Kapingan Temuwuh Dlingo Bantul DIYogyakarta,Temuwuh,NEGERI,https://referensi.data.kemendikdasmen.go.id/pendidikan/npsn/20400301
Kabupaten Bantul,Dlingo,dikdas,20400358,SMP NEGERI 2 DLINGO,"Mangunan, Dlingo,Bantul",Mangunan,NEGERI,https://referensi.data.kemendikdasmen.go.id/pendidikan/npsn/20400358
Kabupaten Bantul,Dlingo,dikdas,20400316,SMP PGRI DLINGO,Maladan,Jatimulyo,SWASTA,https://referensi.data.kemendikdasmen.go.id/pendidikan/npsn/20400316
Kabupaten Bantul,Dlingo,dikdas,20400289,SMP TAMAN DEWASA 1 DLINGO,Dlingo,Dlingo,SWASTA,https://referensi.data.kemendikdasmen.go.id/pendidikan/npsn/20400289
Kabupaten Bantul,Dlingo,dikdas,20400288,SMP TAMAN DEWASA 2 DLINGO,"Jl. Sukorame, Mangunan, Dlingo, Bantul",Mangunan,SWASTA,https://referensi.data.kemendikdasmen.go.id/pendidikan/npsn/20400288
Kabupaten Bantul,Pleret,dikdas,70027459,MI TAHFIDZ HDWR,BRAJAN WONOKROMO,Wonokromo,SWASTA,https://referensi.data.kemendikdasmen.go.id/pendidikan/npsn/70027459
Kabupaten Bantul,Pleret,dikdas,20400566,MIN 1 BANTUL,"Jl. Imogiri Timur KM 8.5 , Jati Wonokromo Pleret Bantul 55791",Wonokromo,NEGERI,https://referensi.data.kemendikdasmen.go.id/pendidikan/npsn/20400566
Kabupaten Bantul,Pleret,dikdas,20400581,MIS AL-KHOIRIYAH,Ploso,Wonolelo,SWASTA,https://referensi.data.kemendikdasmen.go.id/pendidikan/npsn/20400581
Kabupaten Bantul,Pleret,dikdas,69881870,MIS Baiquniyyah,Jejeran,Bawuran,SWASTA,https://referensi.data.kemendikdasmen.go.id/pendidikan/npsn/69881870
Kabupaten Bantul,Pleret,dikdas,69955979,MTs Binaul Ummah,"Ploso, Wonolelo",Wonolelo,SWASTA,https://referensi.data.kemendikdasmen.go.id/pendidikan/npsn/69955979
Kabupaten Bantul,Pleret,dikdas,20400554,MTSN 6 BANTUL,JL. IMOGIRI TIMUR KM. 10 WONOKROMO,Wonokromo,NEGERI,https://referensi.data.kemendikdasmen.go.id/pendidikan/npsn/20400554
Kabupaten Bantul,Pleret,dikdas,20400613,MTSS AL-MAHALLI,JL. BRAJAN,Wonokromo,SWASTA,https://referensi.data.kemendikdasmen.go.id/pendidikan/npsn/20400613
Kabupaten Bantul,Pleret,dikdas,70043324,MTSS SAINTEK NURUL QURAN HDWR,"BRAJAN, RT 07 WONOKROMO PLERET BANTUL YOGYAKARTA",Wonokromo,SWASTA,https://referensi.data.kemendikdasmen.go.id/pendidikan/npsn/70043324
Kabupaten Bantul,Pleret,dikdas,70052759,PDF WUSTHA FADLUN MINALLOH,IMOGIRI TIMUR KM 10,Kec. Pleret,SWASTA,https://referensi.data.kemendikdasmen.go.id/pendidikan/npsn/70052759
Kabupaten Bantul,Pleret,dikdas,20400599,SD MUHAMMADIYAH BOJONG,"Bojong, Wonolelo,pleret",Wonolelo,SWASTA,https://referensi.data.kemendikdasmen.go.id/pendidikan/npsn/20400599
Kabupaten Bantul,Pleret,dikdas,20400490,SD MUHAMMADIYAH PANDES,"Pandes I, Wonokromo, Pleret, Bantul",Wonokromo,SWASTA,https://referensi.data.kemendikdasmen.go.id/pendidikan/npsn/20400490
Kabupaten Bantul,Pleret,dikdas,20400468,SD MUHAMMADIYAH WONOKROMO I,Wonokromo I,Wonokromo,SWASTA,https://referensi.data.kemendikdasmen.go.id/pendidikan/npsn/20400468
Kabupaten Bantul,Pleret,dikdas,20400476,SD MUHAMMADIYAH WONOKROMO II,"Dahromo, Segoroyoso,pleret",Segoroyoso,SWASTA,https://referensi.data.kemendikdasmen.go.id/pendidikan/npsn/20400476
Kabupaten Bantul,Pleret,dikdas,20400631,SD NEGERI BAWURAN,Tegalrejo,Bawuran,NEGERI,https://referensi.data.kemendikdasmen.go.id/pendidikan/npsn/20400631
Kabupaten Bantul,Pleret,dikdas,20403522,SD NEGERI BRAJAN,Brajan Wonokromo Pleret Bantul,Wonokromo,NEGERI,https://referensi.data.kemendikdasmen.go.id/pendidikan/npsn/20403522
Kabupaten Bantul,Pleret,dikdas,20400629,SD NEGERI CEGOKAN,"Cegokan, Wonolelo, Pleret, Pleret",Wonolelo,NEGERI,https://referensi.data.kemendikdasmen.go.id/pendidikan/npsn/20400629
Kabupaten Bantul,Pleret,dikdas,20400699,SD NEGERI DAHROMO,Trukan,Segoroyoso,NEGERI,https://referensi.data.kemendikdasmen.go.id/pendidikan/npsn/20400699
Kabupaten Bantul,Pleret,dikdas,20400538,SD NEGERI JEJERAN,"Ketonggo, Wonokromo,pleret",Wonokromo,NEGERI,https://referensi.data.kemendikdasmen.go.id/pendidikan/npsn/20400538
Kabupaten Bantul,Pleret,dikdas,20400221,SD NEGERI KANGGOTAN,Kanggotan,Pleret,NEGERI,https://referensi.data.kemendikdasmen.go.id/pendidikan/npsn/20400221
Kabupaten Bantul,Pleret,dikdas,20400227,SD NEGERI KARANGGAYAM,Karanggayam,Segoroyoso,NEGERI,https://referensi.data.kemendikdasmen.go.id/pendidikan/npsn/20400227
Kabupaten Bantul,Pleret,dikdas,20400792,SD NEGERI KAUMAN,Kauman,Pleret,NEGERI,https://referensi.data.kemendikdasmen.go.id/pendidikan/npsn/20400792
Kabupaten Bantul,Pleret,dikdas,20400204,SD NEGERI KEDUNGPRING,"Kedungpring, Bawuran,pleret",Bawuran,NEGERI,https://referensi.data.kemendikdasmen.go.id/pendidikan/npsn/20400204
Kabupaten Bantul,Pleret,dikdas,20400143,SD NEGERI PUNGKURAN,"Pungkuran, Pleret,pleret",Pleret,NEGERI,https://referensi.data.kemendikdasmen.go.id/pendidikan/npsn/20400143
Kabupaten Bantul,Pleret,dikdas,20400517,SD NEGERI PUTREN,"Keputren , Pleret",Pleret,NEGERI,https://referensi.data.kemendikdasmen.go.id/pendidikan/npsn/20400517
Kabupaten Bantul,Pleret,dikdas,20400108,SD NEGERI SEGOROYOSO,Segoroyoso,Segoroyoso,NEGERI,https://referensi.data.kemendikdasmen.go.id/pendidikan/npsn/20400108
Kabupaten Bantul,Pleret,dikdas,20400130,SD Negeri Srumbung,"Srumbung, Segoroyoso, Pleret",Segoroyoso,NEGERI,https://referensi.data.kemendikdasmen.go.id/pendidikan/npsn/20400130
Kabupaten Bantul,Pleret,dikdas,20400161,SD NEGERI WONOLELO,Wonolelo Pleret,Wonolelo,NEGERI,https://referensi.data.kemendikdasmen.go.id/pendidikan/npsn/20400161
Kabupaten Bantul,Pleret,dikdas,70001474,SDNU PEMANAHAN,"Gg. Durian, Kerto Kidul RT 12, Desa Pleret, Kecamatan Pleret",Pleret,SWASTA,https://referensi.data.kemendikdasmen.go.id/pendidikan/npsn/70001474
Kabupaten Bantul,Pleret,dikdas,20400315,SMP MUHAMMADIYAH PLERET,Kanggotan,Pleret,SWASTA,https://referensi.data.kemendikdasmen.go.id/pendidikan/npsn/20400315
Kabupaten Bantul,Pleret,dikdas,20400368,SMP NEGERI 1 PLERET,Jejeran,Wonokromo,NEGERI,https://referensi.data.kemendikdasmen.go.id/pendidikan/npsn/20400368
Kabupaten Bantul,Pleret,dikdas,20400361,SMP NEGERI 2 PLERET,"Jl. Nyi Truntum, Kedaton",Pleret,NEGERI,https://referensi.data.kemendikdasmen.go.id/pendidikan/npsn/20400361
Kabupaten Bantul,Pleret,dikdas,20400337,SMP NEGERI 3 PLERET,Jembangan,Segoroyoso,NEGERI,https://referensi.data.kemendikdasmen.go.id/pendidikan/npsn/20400337
Kabupaten Bantul,Piyungan,dikdas,70059335,MI Islamic Centre Bin Baz,Karanggayam,Sitimulyo,SWASTA,https://referensi.data.kemendikdasmen.go.id/pendidikan/npsn/70059335
Kabupaten Bantul,Piyungan,dikdas,70026180,MI TAHFIDZ ANNIDZOMIYYAH,"Jl. Piyungan - Prambanan KM.1, Munggur",Srimartani,SWASTA,https://referensi.data.kemendikdasmen.go.id/pendidikan/npsn/70026180
Kabupaten Bantul,Piyungan,dikdas,20400553,MIS SANANUL ULA DARAMAN,Daraman,Srimartani,SWASTA,https://referensi.data.kemendikdasmen.go.id/pendidikan/npsn/20400553
Kabupaten Bantul,Piyungan,dikdas,20400558,MTSN 7 BANTUL,JL. WONOSARI KM.10 YOGYAKARTA,Srimulyo,NEGERI,https://referensi.data.kemendikdasmen.go.id/pendidikan/npsn/20400558
Kabupaten Bantul,Piyungan,dikdas,20411945,MTSS HASYIM ASY`ARI,"JL. PIYUNGAN-PRAMBANAN KM 01, MUNGGUR",Srimartani,SWASTA,https://referensi.data.kemendikdasmen.go.id/pendidikan/npsn/20411945
Kabupaten Bantul,Piyungan,dikdas,20408669,MTSS PONDOK PESANTREN IBNUL QOYYIM PUTRA,JL.JOGYA- WONOSARI KM 10,Sitimulyo,SWASTA,https://referensi.data.kemendikdasmen.go.id/pendidikan/npsn/20408669
Kabupaten Bantul,Piyungan,dikdas,20400496,SD MUHAMMADIYAH KARANGPLOSO,Karangploso,Sitimulyo,SWASTA,https://referensi.data.kemendikdasmen.go.id/pendidikan/npsn/20400496
Kabupaten Bantul,Piyungan,dikdas,20400526,SD NEGERI 1 CEPOKOJAJAR,"Gampingan, Sitimulyo, Piyungan",Sitimulyo,NEGERI,https://referensi.data.kemendikdasmen.go.id/pendidikan/npsn/20400526
Kabupaten Bantul,Piyungan,dikdas,20400508,SD NEGERI 1 PETIR,"PETIR, SRIMARTANI, PIYUNGAN",Srimartani,NEGERI,https://referensi.data.kemendikdasmen.go.id/pendidikan/npsn/20400508
Kabupaten Bantul,Piyungan,dikdas,20400719,SD NEGERI 2 CEPOKOJAJAR,"Padangan, Sitimulyo,piyungan",Sitimulyo,NEGERI,https://referensi.data.kemendikdasmen.go.id/pendidikan/npsn/20400719
Kabupaten Bantul,Piyungan,dikdas,20409867,SD NEGERI 2 PETIR,"Jatimulyo, Srimartani,Piyungan",Srimartani,NEGERI,https://referensi.data.kemendikdasmen.go.id/pendidikan/npsn/20409867
Kabupaten Bantul,Piyungan,dikdas,20400636,SD NEGERI BANYAKAN,"Jl.Sampakan-Segoroyoso, Banyakan",Sitimulyo,NEGERI,https://referensi.data.kemendikdasmen.go.id/pendidikan/npsn/20400636
Kabupaten Bantul,Piyungan,dikdas,20400722,SD NEGERI BINTARAN,Cikal,Srimulyo,NEGERI,https://referensi.data.kemendikdasmen.go.id/pendidikan/npsn/20400722
Kabupaten Bantul,Piyungan,dikdas,20403530,SD NEGERI JOLOSUTRO,"Jolosutro, Srimulyo, Piyungan, Bantul",Srimulyo,NEGERI,https://referensi.data.kemendikdasmen.go.id/pendidikan/npsn/20403530
Kabupaten Bantul,Piyungan,dikdas,20400690,SD NEGERI JOMBOR,"Jombor, Srimulyo, Piyungan",Srimulyo,NEGERI,https://referensi.data.kemendikdasmen.go.id/pendidikan/npsn/20400690
Kabupaten Bantul,Piyungan,dikdas,20400686,SD NEGERI KABREGAN,KABREGAN,Srimulyo,NEGERI,https://referensi.data.kemendikdasmen.go.id/pendidikan/npsn/20400686
Kabupaten Bantul,Piyungan,dikdas,20400225,SD NEGERI KALIGATUK,"Kaligatuk, Srimulyo,piyungan",Srimulyo,NEGERI,https://referensi.data.kemendikdasmen.go.id/pendidikan/npsn/20400225
Kabupaten Bantul,Piyungan,dikdas,20403528,SD NEGERI KARANGGAYAM,"Karanggayam, Sitimulyo, Piyungan, Bantul",Sitimulyo,NEGERI,https://referensi.data.kemendikdasmen.go.id/pendidikan/npsn/20403528
Kabupaten Bantul,Piyungan,dikdas,20400535,SD NEGERI KEMBANGSARI,Munggur,Srimartani,NEGERI,https://referensi.data.kemendikdasmen.go.id/pendidikan/npsn/20400535
Kabupaten Bantul,Piyungan,dikdas,69852105,SD NEGERI KLENGGOTAN,Klenggotan,Srimulyo,NEGERI,https://referensi.data.kemendikdasmen.go.id/pendidikan/npsn/69852105
Kabupaten Bantul,Piyungan,dikdas,20400267,SD NEGERI MANDUNGAN,"Mandungan, Srimartani, Piyungan",Srimartani,NEGERI,https://referensi.data.kemendikdasmen.go.id/pendidikan/npsn/20400267
Kabupaten Bantul,Piyungan,dikdas,20400270,SD NEGERI MOJOSARI,Mojosari,Srimartani,NEGERI,https://referensi.data.kemendikdasmen.go.id/pendidikan/npsn/20400270
Kabupaten Bantul,Piyungan,dikdas,20400276,SD NEGERI NGABLAK,"Ngablak, Sitimulyo, Piyungan",Sitimulyo,NEGERI,https://referensi.data.kemendikdasmen.go.id/pendidikan/npsn/20400276
Kabupaten Bantul,Piyungan,dikdas,20400501,SD NEGERI PAYAK,Payak,Srimulyo,NEGERI,https://referensi.data.kemendikdasmen.go.id/pendidikan/npsn/20400501
Kabupaten Bantul,Piyungan,dikdas,20400139,SD NEGERI PIYUNGAN,"Jl. Piyungan - Prambanan Km 0,1, Srimulyo, Piyungan, Bantul",Srimulyo,NEGERI,https://referensi.data.kemendikdasmen.go.id/pendidikan/npsn/20400139
Kabupaten Bantul,Piyungan,dikdas,20400132,SD NEGERI SANANSARI,"Sanansari, Srimartani,piyungan",Srimartani,NEGERI,https://referensi.data.kemendikdasmen.go.id/pendidikan/npsn/20400132
Kabupaten Bantul,Piyungan,dikdas,69979469,SDIT KHOLID BIN WALID PIYUNGAN,"Gampingan, Monggang",Sitimulyo,SWASTA,https://referensi.data.kemendikdasmen.go.id/pendidikan/npsn/69979469
Kabupaten Bantul,Piyungan,dikdas,20400314,SMP MUHAMMADIYAH PIYUNGAN,"Jl. Jogja-Wonosari Km.14, Piyungan, Srimartani, Piyungan, Bantul, DI Yogyakarta",Srimartani,SWASTA,https://referensi.data.kemendikdasmen.go.id/pendidikan/npsn/20400314
Kabupaten Bantul,Piyungan,dikdas,20400283,SMP NEGERI 1 PIYUNGAN,Piyungan,Sitimulyo,NEGERI,https://referensi.data.kemendikdasmen.go.id/pendidikan/npsn/20400283
Kabupaten Bantul,Piyungan,dikdas,20400362,SMP NEGERI 2 PIYUNGAN,"Jl. Wonosari Km. 10, Sitimulyo, Piyungan, Btl.",Srimulyo,NEGERI,https://referensi.data.kemendikdasmen.go.id/pendidikan/npsn/20400362
Kabupaten Bantul,Piyungan,dikdas,20400318,SMP PEMBANGUNAN PIYUNGAN,Daraman,Srimartani,SWASTA,https://referensi.data.kemendikdasmen.go.id/pendidikan/npsn/20400318
Kabupaten Bantul,Banguntapan,dikdas,70027451,MI AL MUHTADIN,"Jl kamboja, Komplek Masjid Al-muhtadin Plumbon Rt/Rw :11/15",Banguntapan,SWASTA,https://referensi.data.kemendikdasmen.go.id/pendidikan/npsn/70027451
Kabupaten Bantul,Banguntapan,dikdas,70059054,MI TAHFIZHUL QUR'AN JAMILURRAHMAN,"Sawo RT 06, Kepuh Kulon",Wirokerten,SWASTA,https://referensi.data.kemendikdasmen.go.id/pendidikan/npsn/70059054
Kabupaten Bantul,Banguntapan,dikdas,20400582,MIS AL ISLAMIYAH GROJOGAN,GROJOGAN RT. 07 WIROKERTEN BANGUNTAPAN BANTUL,Wirokerten,SWASTA,https://referensi.data.kemendikdasmen.go.id/pendidikan/npsn/20400582
Kabupaten Bantul,Banguntapan,dikdas,70058949,MTS Tahfizhul Qur'an Jamilurrahman,"Kepuh Kulon RT.07, Wirokerten, Banguntapan, Bantul, D.I Yogyakarta",Wirokerten,SWASTA,https://referensi.data.kemendikdasmen.go.id/pendidikan/npsn/70058949
Kabupaten Bantul,Banguntapan,dikdas,20409773,MTSN 9 BANTUL,JL. LINGKAR TIMUR PRANTI BANGUNTAPAN,Banguntapan,NEGERI,https://referensi.data.kemendikdasmen.go.id/pendidikan/npsn/20409773
Kabupaten Bantul,Banguntapan,dikdas,20400609,MTSS MAHAD ISLAMY,BODON JAGALAN,Banguntapan,SWASTA,https://referensi.data.kemendikdasmen.go.id/pendidikan/npsn/20400609
Kabupaten Bantul,Banguntapan,dikdas,70044188,MTSS QURROTA A`YUN,JL LEDOK BABADAN RT 26 RW 17 BANGUNTAPAN BANTUL,Kec. Banguntapan,SWASTA,https://referensi.data.kemendikdasmen.go.id/pendidikan/npsn/70044188
Kabupaten Bantul,Banguntapan,dikdas,20412010,SD ISLAM TERPADU LHI,"Jl. Karanglo, Jogoragan",Banguntapan,SWASTA,https://referensi.data.kemendikdasmen.go.id/pendidikan/npsn/20412010
Kabupaten Bantul,Banguntapan,dikdas,20411841,SD IT SALSABILA 3 BANGUNTAPAN,Jurugentong RT 10 RW 34,Banguntapan,SWASTA,https://referensi.data.kemendikdasmen.go.id/pendidikan/npsn/20411841
Kabupaten Bantul,Banguntapan,dikdas,20400588,SD Kanisius Sorowajan,"Jl. Sorowajan No.111, Banguntapan, Bantul, Yogyakarta",Banguntapan,SWASTA,https://referensi.data.kemendikdasmen.go.id/pendidikan/npsn/20400588
Kabupaten Bantul,Banguntapan,dikdas,20400605,SD MUHAMMADIYAH BANGUNTAPAN,"Jl. Wonosari Km 5, Banguntapan",Banguntapan,SWASTA,https://referensi.data.kemendikdasmen.go.id/pendidikan/npsn/20400605
Kabupaten Bantul,Banguntapan,dikdas,20400600,SD MUHAMMADIYAH BODON,"Bodon, Jagalan,banguntapan",Jagalan,SWASTA,https://referensi.data.kemendikdasmen.go.id/pendidikan/npsn/20400600
Kabupaten Bantul,Banguntapan,dikdas,20400482,SD MUHAMMADIYAH KALANGAN,"Kalangan, Baturetno,banguntapan",Baturetno,SWASTA,https://referensi.data.kemendikdasmen.go.id/pendidikan/npsn/20400482
Kabupaten Bantul,Banguntapan,dikdas,20400489,SD MUHAMMADIYAH KARANGBENDO,Jl. Bulu 2 Karangbendo,Banguntapan,SWASTA,https://referensi.data.kemendikdasmen.go.id/pendidikan/npsn/20400489
Kabupaten Bantul,Banguntapan,dikdas,20400494,SD MUHAMMADIYAH KARANGTURI,"Karangturi, Baturetno,Banguntapan",Baturetno,SWASTA,https://referensi.data.kemendikdasmen.go.id/pendidikan/npsn/20400494
Kabupaten Bantul,Banguntapan,dikdas,20400493,SD MUHAMMADIYAH MERTOSANAN,Mertosanan,Potorono,SWASTA,https://referensi.data.kemendikdasmen.go.id/pendidikan/npsn/20400493
Kabupaten Bantul,Banguntapan,dikdas,20400200,SD NEGERI 1 JAMBIDAN,"Kepanjen, Jambidan,banguntapan",Jambidan,NEGERI,https://referensi.data.kemendikdasmen.go.id/pendidikan/npsn/20400200
Kabupaten Bantul,Banguntapan,dikdas,20400515,SD NEGERI 1 SALAKAN,"Salakan, Potorono,Banguntapan",Potorono,NEGERI,https://referensi.data.kemendikdasmen.go.id/pendidikan/npsn/20400515
Kabupaten Bantul,Banguntapan,dikdas,20400511,SD NEGERI 1 SEKARSULI,"Mantup, Baturetno, Banguntapan",Baturetno,NEGERI,https://referensi.data.kemendikdasmen.go.id/pendidikan/npsn/20400511
Kabupaten Bantul,Banguntapan,dikdas,20400677,SD NEGERI 2 JAMBIDAN,"Pamotan, Jambidan, Banguntapan, Bantul",Jambidan,NEGERI,https://referensi.data.kemendikdasmen.go.id/pendidikan/npsn/20400677
Kabupaten Bantul,Banguntapan,dikdas,69852103,SD NEGERI 2 SALAKAN,"MERTOSANAN WETAN, POTORONO,BANGUNTAPAN, BANTUL",Potorono,NEGERI,https://referensi.data.kemendikdasmen.go.id/pendidikan/npsn/69852103
Kabupaten Bantul,Banguntapan,dikdas,20400796,SD NEGERI BANGUNTAPAN,"Tegalkopen, Banguntapan,Banguntapan",Banguntapan,NEGERI,https://referensi.data.kemendikdasmen.go.id/pendidikan/npsn/20400796
Kabupaten Bantul,Banguntapan,dikdas,20400632,SD NEGERI BATURETNO,"Tegal Priyan, Plakaran, Baturetno, Banguntapan, Bantul",Baturetno,NEGERI,https://referensi.data.kemendikdasmen.go.id/pendidikan/npsn/20400632
Kabupaten Bantul,Banguntapan,dikdas,20400710,SD NEGERI GROJOGAN,"Jl.Wijoyo Mulyo 10,Grojogan, Tamanan, Banguntapan",Tamanan,NEGERI,https://referensi.data.kemendikdasmen.go.id/pendidikan/npsn/20400710
Kabupaten Bantul,Banguntapan,dikdas,20400676,SD NEGERI JARANAN,Jalan Garuda No. 49 Pringgolayan,Banguntapan,NEGERI,https://referensi.data.kemendikdasmen.go.id/pendidikan/npsn/20400676
Kabupaten Bantul,Banguntapan,dikdas,20400691,SD NEGERI JOMBLANGAN,Jomblangan,Banguntapan,NEGERI,https://referensi.data.kemendikdasmen.go.id/pendidikan/npsn/20400691
Kabupaten Bantul,Banguntapan,dikdas,20400687,SD NEGERI JURUGENTONG,"Jurugentong, Banguntapan, Banguntapan",Banguntapan,NEGERI,https://referensi.data.kemendikdasmen.go.id/pendidikan/npsn/20400687
Kabupaten Bantul,Banguntapan,dikdas,20400671,SD NEGERI MUTIHAN,"Mutihan, Wirokerten, Banguntapan",Wirokerten,NEGERI,https://referensi.data.kemendikdasmen.go.id/pendidikan/npsn/20400671
Kabupaten Bantul,Banguntapan,dikdas,20400260,SD NEGERI NGENTAK,Ngentak,Baturetno,NEGERI,https://referensi.data.kemendikdasmen.go.id/pendidikan/npsn/20400260
Kabupaten Bantul,Banguntapan,dikdas,20400138,SD NEGERI PLAKARAN,"Plakaran, Baturetno,banguntapan",Baturetno,NEGERI,https://referensi.data.kemendikdasmen.go.id/pendidikan/npsn/20400138
Kabupaten Bantul,Banguntapan,dikdas,20400246,SD NEGERI POTORONO,Nglaren Potorono,Potorono,NEGERI,https://referensi.data.kemendikdasmen.go.id/pendidikan/npsn/20400246
Kabupaten Bantul,Banguntapan,dikdas,20400145,SD NEGERI SAMPANGAN,"Sampangan, Wirokerten,Banguntapan",Wirokerten,NEGERI,https://referensi.data.kemendikdasmen.go.id/pendidikan/npsn/20400145
Kabupaten Bantul,Banguntapan,dikdas,20400788,SD NEGERI SINGOSAREN,"Sarirejo 2, Singosaren,Banguntapan",Singosaren,NEGERI,https://referensi.data.kemendikdasmen.go.id/pendidikan/npsn/20400788
Kabupaten Bantul,Banguntapan,dikdas,20400109,SD NEGERI SOKOWATEN BARU,"Jl. Arimbi No 27 Babadan, Banguntapan",Banguntapan,NEGERI,https://referensi.data.kemendikdasmen.go.id/pendidikan/npsn/20400109
Kabupaten Bantul,Banguntapan,dikdas,20400763,SD NEGERI TAMANAN,"Jalan Pasopati No. 21 Kauman, Tamanan, Banguntapan",Tamanan,NEGERI,https://referensi.data.kemendikdasmen.go.id/pendidikan/npsn/20400763
Kabupaten Bantul,Banguntapan,dikdas,20400174,SD NEGERI WIROKERTEN,"GLONDONG, WIROKERTEN, BANGUNTAPAN",Wirokerten,NEGERI,https://referensi.data.kemendikdasmen.go.id/pendidikan/npsn/20400174
Kabupaten Bantul,Banguntapan,dikdas,20400173,SD NEGERI WIYORO,"Wiyoro, Baturetno,banguntapan",Baturetno,NEGERI,https://referensi.data.kemendikdasmen.go.id/pendidikan/npsn/20400173
Kabupaten Bantul,Banguntapan,dikdas,20400473,SD QURROTA AYUN,"Babadan, Banguntapan,banguntapan",Banguntapan,SWASTA,https://referensi.data.kemendikdasmen.go.id/pendidikan/npsn/20400473
Kabupaten Bantul,Banguntapan,dikdas,20408470,SDIT SALSABILA AL MUTHI`IN,Jl. Cendrawasih Rt 14 Rw 27,Banguntapan,SWASTA,https://referensi.data.kemendikdasmen.go.id/pendidikan/npsn/20408470
Kabupaten Bantul,Banguntapan,dikdas,20400430,SMP BINAJAYA BANGUNTAPAN,Jln. Wonosari Km. 5 Pandansari,Banguntapan,SWASTA,https://referensi.data.kemendikdasmen.go.id/pendidikan/npsn/20400430
Kabupaten Bantul,Banguntapan,dikdas,69880749,SMP ISLAM TERPADU LHI,Jln. Karanglo Jogoragan Banguntapan Bantul,Banguntapan,SWASTA,https://referensi.data.kemendikdasmen.go.id/pendidikan/npsn/69880749
Kabupaten Bantul,Banguntapan,dikdas,20400309,SMP MUHAMMADIYAH BANGUNTAPAN,Wiyoro Lor Baturetno Banguntapan,Baturetno,SWASTA,https://referensi.data.kemendikdasmen.go.id/pendidikan/npsn/20400309
Kabupaten Bantul,Banguntapan,dikdas,20400294,SMP NEGERI 1 BANGUNTAPAN,Jl. Karangturi,Baturetno,NEGERI,https://referensi.data.kemendikdasmen.go.id/pendidikan/npsn/20400294
Kabupaten Bantul,Banguntapan,dikdas,20400349,SMP NEGERI 2 BANGUNTAPAN,"Jln. Karangsari, Banguntapan, Bantul",Banguntapan,NEGERI,https://referensi.data.kemendikdasmen.go.id/pendidikan/npsn/20400349
Kabupaten Bantul,Banguntapan,dikdas,20400331,SMP NEGERI 3 BANGUNTAPAN,"Jalan Ngablak No. 84 Jambidan, Banguntapan, Bantul",Jambidan,NEGERI,https://referensi.data.kemendikdasmen.go.id/pendidikan/npsn/20400331
Kabupaten Bantul,Banguntapan,dikdas,20400344,SMP NEGERI 4 BANGUNTAPAN,Jl. Wijoyo Mulyo 05,Tamanan,NEGERI,https://referensi.data.kemendikdasmen.go.id/pendidikan/npsn/20400344
Kabupaten Bantul,Banguntapan,dikdas,20400340,SMP NEGERI 5 BANGUNTAPAN,Sanggrahan,Potorono,NEGERI,https://referensi.data.kemendikdasmen.go.id/pendidikan/npsn/20400340
Kabupaten Bantul,Sewon,dikdas,69956224,MI Al Ma had An Nur,"Kojo ,Pendowoharjo",Pendowoharjo,SWASTA,https://referensi.data.kemendikdasmen.go.id/pendidikan/npsn/69956224
Kabupaten Bantul,Sewon,dikdas,69976384,MI TAHFIDZ EL MUNA Q KRAPYAK SEWON BANTUL,JL. KH. ALI MAKSUM KRAPYAK,Panggungharjo,SWASTA,https://referensi.data.kemendikdasmen.go.id/pendidikan/npsn/69976384
Kabupaten Bantul,Sewon,dikdas,20400584,MIS AL IMAN SOROGENEN,SOROGENEN TIMBULHARJO,Timbulharjo,SWASTA,https://referensi.data.kemendikdasmen.go.id/pendidikan/npsn/20400584
Kabupaten Bantul,Sewon,dikdas,60714034,MIS AL MUHSIN I,"JL. PARANGTRITIS KM 3,5 KRAPYAK WETAN YOGYAKARTA",Panggungharjo,SWASTA,https://referensi.data.kemendikdasmen.go.id/pendidikan/npsn/60714034
Kabupaten Bantul,Sewon,dikdas,20400546,MIS MA`ARIF SAMAN,SAMAN BANGUNHARJO,Bangunharjo,SWASTA,https://referensi.data.kemendikdasmen.go.id/pendidikan/npsn/20400546
Kabupaten Bantul,Sewon,dikdas,70008701,MIS TAHFIDZ AL FATIMIYAH,JL. KH. ALI MAKSUM TROMOL POS 5 KRAPYAK DESA PANGGUNGHARJO,Panggungharjo,SWASTA,https://referensi.data.kemendikdasmen.go.id/pendidikan/npsn/70008701
Kabupaten Bantul,Sewon,dikdas,70049821,MTS AL-MUHSIN,"Jl. Parangtritis Km.3,5 Krapyak Wetan",Kec. Sewon,SWASTA,https://referensi.data.kemendikdasmen.go.id/pendidikan/npsn/70049821
Kabupaten Bantul,Sewon,dikdas,70035699,MTs MUHAMMADIYAH BOARDING SCHOOL (MBS) SEWON UTARA,Jl. Bantul Km. 5 Kweni Rt. 02,Panggungharjo,SWASTA,https://referensi.data.kemendikdasmen.go.id/pendidikan/npsn/70035699
Kabupaten Bantul,Sewon,dikdas,20400559,MTSN 1 BANTUL,"JL. IMOGIRI BARAT KM. 4,5",Bangunharjo,NEGERI,https://referensi.data.kemendikdasmen.go.id/pendidikan/npsn/20400559
Kabupaten Bantul,Sewon,dikdas,20400615,MTSS AL MA`HAD AN NUR,NGRUKEM PENDOWOHARJO SEWON BANTUL YOGYAKARTA,Pendowoharjo,SWASTA,https://referensi.data.kemendikdasmen.go.id/pendidikan/npsn/20400615
Kabupaten Bantul,Sewon,dikdas,20400612,MTSS ALI MAKSUM,JL. DONGKELAN 325 KRAPYAK PANGGUNGHARJO,Panggungharjo,SWASTA,https://referensi.data.kemendikdasmen.go.id/pendidikan/npsn/20400612
Kabupaten Bantul,Sewon,dikdas,70061423,PDF WUSTHA AN NUR,NGRUKEM PENDOWOHARJO SEWON BANTUL,Pendowoharjo,SWASTA,https://referensi.data.kemendikdasmen.go.id/pendidikan/npsn/70061423
Kabupaten Bantul,Sewon,dikdas,20409772,SD AL AMIN SINAR PUTIH,Jl. Imogiri Barat Km 5,Bangunharjo,SWASTA,https://referensi.data.kemendikdasmen.go.id/pendidikan/npsn/20409772
Kabupaten Bantul,Sewon,dikdas,20400497,SD MUHAMMADIYAH KARANGKAJEN IV,"Salakan, Bangunharjo,sewon",Bangunharjo,SWASTA,https://referensi.data.kemendikdasmen.go.id/pendidikan/npsn/20400497
Kabupaten Bantul,Sewon,dikdas,20400478,SD MUHAMMADIYAH PANDEYAN,"Pandean, Bangunharjo,sewon",Bangunharjo,SWASTA,https://referensi.data.kemendikdasmen.go.id/pendidikan/npsn/20400478
Kabupaten Bantul,Sewon,dikdas,20400477,SD MUHAMMADIYAH PENDOWOHARJO,"Pendowo, Pendowoharjo,sewon",Pendowoharjo,SWASTA,https://referensi.data.kemendikdasmen.go.id/pendidikan/npsn/20400477
Kabupaten Bantul,Sewon,dikdas,20400527,SD NEGERI 1 BLUNYAHAN,"Babadan, Pendowoharjo,sewon",Pendowoharjo,NEGERI,https://referensi.data.kemendikdasmen.go.id/pendidikan/npsn/20400527
Kabupaten Bantul,Sewon,dikdas,20400628,SD NEGERI 1 SEWON,"Cabeyan, Panggungharjo,sewon",Panggungharjo,NEGERI,https://referensi.data.kemendikdasmen.go.id/pendidikan/npsn/20400628
Kabupaten Bantul,Sewon,dikdas,20400721,SD NEGERI 2 BLUNYAHAN,"Kaliputih, Pendowoharjo, Sewon, Bantul",Pendowoharjo,NEGERI,https://referensi.data.kemendikdasmen.go.id/pendidikan/npsn/20400721
Kabupaten Bantul,Sewon,dikdas,20400769,SD NEGERI 2 WOJO,"Jl. Parangtritis KM 5, Druwo",Bangunharjo,NEGERI,https://referensi.data.kemendikdasmen.go.id/pendidikan/npsn/20400769
Kabupaten Bantul,Sewon,dikdas,20400772,SD NEGERI 3 JARAKAN,GESIKAN,Panggungharjo,NEGERI,https://referensi.data.kemendikdasmen.go.id/pendidikan/npsn/20400772
Kabupaten Bantul,Sewon,dikdas,20400714,SD NEGERI BAKALAN,"Bakalan, Pendowoharjo, Sewon",Pendowoharjo,NEGERI,https://referensi.data.kemendikdasmen.go.id/pendidikan/npsn/20400714
Kabupaten Bantul,Sewon,dikdas,20400664,SD NEGERI BALONG,Balong,Timbulharjo,NEGERI,https://referensi.data.kemendikdasmen.go.id/pendidikan/npsn/20400664
Kabupaten Bantul,Sewon,dikdas,20400683,SD NEGERI BANGUNHARJO,"Jl. Parangtritis km 6,5 Sewon Bantul Yogyakarta",Bangunharjo,NEGERI,https://referensi.data.kemendikdasmen.go.id/pendidikan/npsn/20400683
Kabupaten Bantul,Sewon,dikdas,20400775,SD NEGERI CEPIT,Cepit,Pendowoharjo,NEGERI,https://referensi.data.kemendikdasmen.go.id/pendidikan/npsn/20400775
Kabupaten Bantul,Sewon,dikdas,20400704,SD NEGERI GANDOK,"Gandok, Timbulharjo Sewon Bantul",Timbulharjo,NEGERI,https://referensi.data.kemendikdasmen.go.id/pendidikan/npsn/20400704
Kabupaten Bantul,Sewon,dikdas,20400679,SD NEGERI JAGERAN,"Krapyak Kulon, Panggungharjo, Sewon",Panggungharjo,NEGERI,https://referensi.data.kemendikdasmen.go.id/pendidikan/npsn/20400679
Kabupaten Bantul,Sewon,dikdas,20400733,SD NEGERI JARAKAN,"Jl. Bantul Km 5, Panggungharjo,sewon",Panggungharjo,NEGERI,https://referensi.data.kemendikdasmen.go.id/pendidikan/npsn/20400733
Kabupaten Bantul,Sewon,dikdas,20400688,SD NEGERI JURUG,"Jurug, Bangunharjo, Sewon, Bantul",Bangunharjo,NEGERI,https://referensi.data.kemendikdasmen.go.id/pendidikan/npsn/20400688
Kabupaten Bantul,Sewon,dikdas,20400228,SD NEGERI KARANGGONDANG,Karanggondang,Pendowoharjo,NEGERI,https://referensi.data.kemendikdasmen.go.id/pendidikan/npsn/20400228
Kabupaten Bantul,Sewon,dikdas,20400756,SD NEGERI KEPUHAN,"Kepuhan, Timbulharjo,sewon",Timbulharjo,NEGERI,https://referensi.data.kemendikdasmen.go.id/pendidikan/npsn/20400756
Kabupaten Bantul,Sewon,dikdas,20400210,SD NEGERI KRAPYAK WETAN,Krapyak Wetan,Panggungharjo,NEGERI,https://referensi.data.kemendikdasmen.go.id/pendidikan/npsn/20400210
Kabupaten Bantul,Sewon,dikdas,20400272,SD NEGERI MONGGANG,"Monggang, Pendowoharjo,Sewon, Bantul",Pendowoharjo,NEGERI,https://referensi.data.kemendikdasmen.go.id/pendidikan/npsn/20400272
Kabupaten Bantul,Sewon,dikdas,20400244,SD NEGERI NGOTO,SEMAIL,Bangunharjo,NEGERI,https://referensi.data.kemendikdasmen.go.id/pendidikan/npsn/20400244
Kabupaten Bantul,Sewon,dikdas,20400259,SD NEGERI PACAR,"Ngentak, Timbulharjo, Sewon, Bantul",Timbulharjo,NEGERI,https://referensi.data.kemendikdasmen.go.id/pendidikan/npsn/20400259
Kabupaten Bantul,Sewon,dikdas,20400136,SD NEGERI SAWIT,"Miri, Panggungharjo, Sewon, Bantul",Panggungharjo,NEGERI,https://referensi.data.kemendikdasmen.go.id/pendidikan/npsn/20400136
Kabupaten Bantul,Sewon,dikdas,20400175,SD NEGERI TIMBULHARJO,Tembi,Timbulharjo,NEGERI,https://referensi.data.kemendikdasmen.go.id/pendidikan/npsn/20400175
Kabupaten Bantul,Sewon,dikdas,20400750,SD NEGERI WOJO,"Jl. Imogiri Barat Km 5, Bangunharjo,sewon",Bangunharjo,NEGERI,https://referensi.data.kemendikdasmen.go.id/pendidikan/npsn/20400750
Kabupaten Bantul,Sewon,dikdas,70005003,SD TUMBUH 4,"Jl. K.H Ali Maksum, Panggungharjo, Sewon, Bantul",Panggungharjo,SWASTA,https://referensi.data.kemendikdasmen.go.id/pendidikan/npsn/70005003
Kabupaten Bantul,Sewon,dikdas,69768178,SDS IT BINA ANAK ISLAM KRAPYAK,JL. K. H. ALI MAKSUM KRAPYAK KULON,Panggungharjo,SWASTA,https://referensi.data.kemendikdasmen.go.id/pendidikan/npsn/69768178
Kabupaten Bantul,Sewon,dikdas,20400431,SMP AL MA ARIF BANTUL,Jl. Imogiri Barat KM. 8 Sorogenen,Timbulharjo,SWASTA,https://referensi.data.kemendikdasmen.go.id/pendidikan/npsn/20400431
Kabupaten Bantul,Sewon,dikdas,20409886,SMP Ali Maksum,Bantul,Panggungharjo,SWASTA,https://referensi.data.kemendikdasmen.go.id/pendidikan/npsn/20409886
Kabupaten Bantul,Sewon,dikdas,20400322,SMP MUHAMMADIYAH SEWON,Sewon,Pendowoharjo,SWASTA,https://referensi.data.kemendikdasmen.go.id/pendidikan/npsn/20400322
Kabupaten Bantul,Sewon,dikdas,20400353,SMP NEGERI 1 SEWON,"Jl. Parangtritis Km. 7 Sewon, Bantul",Timbulharjo,NEGERI,https://referensi.data.kemendikdasmen.go.id/pendidikan/npsn/20400353
Kabupaten Bantul,Sewon,dikdas,20400334,SMP NEGERI 2 SEWON,Jl. Parangtritis Km. 6,Panggungharjo,NEGERI,https://referensi.data.kemendikdasmen.go.id/pendidikan/npsn/20400334
Kabupaten Bantul,Sewon,dikdas,20400346,SMP NEGERI 3 SEWON,"Kaliputih Pendowoharjo, Sewon, Bantul",Pendowoharjo,NEGERI,https://referensi.data.kemendikdasmen.go.id/pendidikan/npsn/20400346
Kabupaten Bantul,Sewon,dikdas,20400341,SMP NEGERI 4 SEWON,"Banyon, Pendowoharjo, Sewon, Bantul",Pendowoharjo,NEGERI,https://referensi.data.kemendikdasmen.go.id/pendidikan/npsn/20400341
Kabupaten Bantul,Sewon,dikdas,69812108,SMP TUMBUH,Jalan KH Ali Maksum,Panggungharjo,SWASTA,https://referensi.data.kemendikdasmen.go.id/pendidikan/npsn/69812108
Kabupaten Bantul,Sewon,dikdas,70026477,SPM. MADRASAH SALAFIYAH MUADALAH AL MUNAWWIR,KRAPYAK SEWON BANTUL DI YOGYAKARTA,Panggungharjo,SWASTA,https://referensi.data.kemendikdasmen.go.id/pendidikan/npsn/70026477
Kabupaten Bantul,Kasihan,dikdas,70031935,MI NURROHMAH BINA INSANI,Ngrame RT 02 DK IV,Tamantirto,SWASTA,https://referensi.data.kemendikdasmen.go.id/pendidikan/npsn/70031935
Kabupaten Bantul,Kasihan,dikdas,60714021,MIS AL HADI II,MEJING - KALIRANDU,Bangunjiwo,SWASTA,https://referensi.data.kemendikdasmen.go.id/pendidikan/npsn/60714021
Kabupaten Bantul,Kasihan,dikdas,20400564,MIS MIM JOGONALAN,JOGONALAN KIDUL,Tirtonirmolo,SWASTA,https://referensi.data.kemendikdasmen.go.id/pendidikan/npsn/20400564
Kabupaten Bantul,Kasihan,dikdas,69955980,MTs Al Hadi II,Kalirandu Bangunjiwo,Bangunjiwo,SWASTA,https://referensi.data.kemendikdasmen.go.id/pendidikan/npsn/69955980
Kabupaten Bantul,Kasihan,dikdas,20411942,MTSS MUHAMMADIYAH KASIHAN,PELEMAN,Bangunjiwo,SWASTA,https://referensi.data.kemendikdasmen.go.id/pendidikan/npsn/20411942
Kabupaten Bantul,Kasihan,dikdas,20403525,SD IT INSAN UTAMA,Jl. Lingkar Selatan Tamantirto Kasihan Bantul,Tamantirto,SWASTA,https://referensi.data.kemendikdasmen.go.id/pendidikan/npsn/20403525
Kabupaten Bantul,Kasihan,dikdas,20400606,SD KANISIUS JOMEGATAN,"Jomegatan, Ngestiharjo,kasihan",Ngestiharjo,SWASTA,https://referensi.data.kemendikdasmen.go.id/pendidikan/npsn/20400606
Kabupaten Bantul,Kasihan,dikdas,20400592,SD KANISIUS KEMBARAN,"Kembaran, Tamantirto,kasihan",Tamantirto,SWASTA,https://referensi.data.kemendikdasmen.go.id/pendidikan/npsn/20400592
Kabupaten Bantul,Kasihan,dikdas,20400595,SD MUHAMMADIYAH AMBARBINANGUN,"Ambarbinangun, Tirtonirmolo,kasihan",Tirtonirmolo,SWASTA,https://referensi.data.kemendikdasmen.go.id/pendidikan/npsn/20400595
Kabupaten Bantul,Kasihan,dikdas,20409856,SD MUHAMMADIYAH INSAN KREATIF KEMBARAN,Kembaran,Tamantirto,SWASTA,https://referensi.data.kemendikdasmen.go.id/pendidikan/npsn/20409856
Kabupaten Bantul,Kasihan,dikdas,20400492,SD MUHAMMADIYAH MRISI,"Jl. Mrisi-Kasongan Mrisi, Tirtonirmolo, Kasihan, Bantul, DIY",Tirtonirmolo,SWASTA,https://referensi.data.kemendikdasmen.go.id/pendidikan/npsn/20400492
Kabupaten Bantul,Kasihan,dikdas,20400462,SD MUHAMMADIYAH SENGGOTAN,"Senggotan, Tirtonirmolo,kasihan",Tirtonirmolo,SWASTA,https://referensi.data.kemendikdasmen.go.id/pendidikan/npsn/20400462
Kabupaten Bantul,Kasihan,dikdas,20400459,SD MUHAMMADIYAH TAMANTIRTO,"Geblagan, Tamantirto, Kasihan",Tamantirto,SWASTA,https://referensi.data.kemendikdasmen.go.id/pendidikan/npsn/20400459
Kabupaten Bantul,Kasihan,dikdas,20411876,SD MUTIARA PERSADA,Sumberan Ngestiharjo,Ngestiharjo,SWASTA,https://referensi.data.kemendikdasmen.go.id/pendidikan/npsn/20411876
Kabupaten Bantul,Kasihan,dikdas,20400536,SD NEGERI 1 KADIPIRO,"Jln Tinosidin, Sutopadan Ngestiharjo Kasihan Bantul 55281",Ngestiharjo,NEGERI,https://referensi.data.kemendikdasmen.go.id/pendidikan/npsn/20400536
Kabupaten Bantul,Kasihan,dikdas,20400507,SD NEGERI 1 PADOKAN,"Jl. Bibis, Padokan.",Tirtonirmolo,NEGERI,https://referensi.data.kemendikdasmen.go.id/pendidikan/npsn/20400507
Kabupaten Bantul,Kasihan,dikdas,20400742,SD NEGERI 1 SRIBITAN,"Sribitan, Bangunjiwo,kasihan",Bangunjiwo,NEGERI,https://referensi.data.kemendikdasmen.go.id/pendidikan/npsn/20400742
Kabupaten Bantul,Kasihan,dikdas,20400731,SD NEGERI 2 KADIPIRO,"Jln. Wates, Ngestiharjo,kasihan",Ngestiharjo,NEGERI,https://referensi.data.kemendikdasmen.go.id/pendidikan/npsn/20400731
Kabupaten Bantul,Kasihan,dikdas,20400787,SD NEGERI 2 PADOKAN,"Tirtonirmolo, Kasihan, Bantul",Tirtonirmolo,NEGERI,https://referensi.data.kemendikdasmen.go.id/pendidikan/npsn/20400787
Kabupaten Bantul,Kasihan,dikdas,20400770,SD NEGERI 3 KADIPIRO,"Sonopakis Lor, Ngestiharjo,Kasihan",Ngestiharjo,NEGERI,https://referensi.data.kemendikdasmen.go.id/pendidikan/npsn/20400770
Kabupaten Bantul,Kasihan,dikdas,20400650,SD NEGERI BANGUNJIWO,"Tegalrejo, Bangunjiwo,kasihan",Bangunjiwo,NEGERI,https://referensi.data.kemendikdasmen.go.id/pendidikan/npsn/20400650
Kabupaten Bantul,Kasihan,dikdas,20400635,SD NEGERI BANYURIPAN,Kenalan,Bangunjiwo,NEGERI,https://referensi.data.kemendikdasmen.go.id/pendidikan/npsn/20400635
Kabupaten Bantul,Kasihan,dikdas,20400648,SD NEGERI BIBIS,"Bibis, Bangunjiwo,kasihan",Bangunjiwo,NEGERI,https://referensi.data.kemendikdasmen.go.id/pendidikan/npsn/20400648
Kabupaten Bantul,Kasihan,dikdas,20400643,SD NEGERI BRAJAN,Brajan,Tamantirto,NEGERI,https://referensi.data.kemendikdasmen.go.id/pendidikan/npsn/20400643
Kabupaten Bantul,Kasihan,dikdas,20400695,SD NEGERI DONOTIRTO,"Donotirto, Bangunjiwo, Kasihan",Bangunjiwo,NEGERI,https://referensi.data.kemendikdasmen.go.id/pendidikan/npsn/20400695
Kabupaten Bantul,Kasihan,dikdas,20400455,SD NEGERI KALANGAN,"Kalangan, Bangunjiwo,kasihan",Bangunjiwo,NEGERI,https://referensi.data.kemendikdasmen.go.id/pendidikan/npsn/20400455
Kabupaten Bantul,Kasihan,dikdas,20400223,SD NEGERI KALIPUCANG,"Kalipucang, Bangunjiwo, Kasihan, Bantul",Bangunjiwo,NEGERI,https://referensi.data.kemendikdasmen.go.id/pendidikan/npsn/20400223
Kabupaten Bantul,Kasihan,dikdas,20400229,SD NEGERI KARANGJATI,Tamantirto,Tamantirto,NEGERI,https://referensi.data.kemendikdasmen.go.id/pendidikan/npsn/20400229
Kabupaten Bantul,Kasihan,dikdas,20400233,SD NEGERI KASIHAN,"Bibis, Tamantirto,kasihan",Tamantirto,NEGERI,https://referensi.data.kemendikdasmen.go.id/pendidikan/npsn/20400233
Kabupaten Bantul,Kasihan,dikdas,20400232,SD NEGERI KASONGAN,Jerontabag,Bangunjiwo,NEGERI,https://referensi.data.kemendikdasmen.go.id/pendidikan/npsn/20400232
Kabupaten Bantul,Kasihan,dikdas,20400273,SD NEGERI NGEBEL,"Ngebel, Tamantirto,kasihan",Tamantirto,NEGERI,https://referensi.data.kemendikdasmen.go.id/pendidikan/npsn/20400273
Kabupaten Bantul,Kasihan,dikdas,20400241,SD NEGERI NGRUKEMAN,Rukeman,Tamantirto,NEGERI,https://referensi.data.kemendikdasmen.go.id/pendidikan/npsn/20400241
Kabupaten Bantul,Kasihan,dikdas,20400249,SD NEGERI NIRMALA,"Jeblog, Tirtonirmolo, Kasihan",Tirtonirmolo,NEGERI,https://referensi.data.kemendikdasmen.go.id/pendidikan/npsn/20400249
Kabupaten Bantul,Kasihan,dikdas,20403529,SD NEGERI REJODADI,Brengosan,Ngestiharjo,NEGERI,https://referensi.data.kemendikdasmen.go.id/pendidikan/npsn/20403529
Kabupaten Bantul,Kasihan,dikdas,20400146,SD NEGERI SAMBIKEREP,Sambikerep,Bangunjiwo,NEGERI,https://referensi.data.kemendikdasmen.go.id/pendidikan/npsn/20400146
Kabupaten Bantul,Kasihan,dikdas,20400106,SD NEGERI SEMBUNGAN,"Sembungan, Bangunjiwo,kasihan",Bangunjiwo,NEGERI,https://referensi.data.kemendikdasmen.go.id/pendidikan/npsn/20400106
Kabupaten Bantul,Kasihan,dikdas,20400780,SD NEGERI SONOSEWU,Sonopakis Kidul,Ngestiharjo,NEGERI,https://referensi.data.kemendikdasmen.go.id/pendidikan/npsn/20400780
Kabupaten Bantul,Kasihan,dikdas,20400183,SD NEGERI TLOGO,"Tlogo, Tamantirto,kasihan",Tamantirto,NEGERI,https://referensi.data.kemendikdasmen.go.id/pendidikan/npsn/20400183
Kabupaten Bantul,Kasihan,dikdas,20400186,SD NEGERI WINONGO,"Jl. Bantul Km 6, Tirtonirmolo,kasihan",Tirtonirmolo,NEGERI,https://referensi.data.kemendikdasmen.go.id/pendidikan/npsn/20400186
Kabupaten Bantul,Kasihan,dikdas,70040309,SD UNGGULAN MUHAMMADIYAH LEMAHDADI,Lemahdadi Rt 03 Dk. IV Bangunjiwo Kasihan Bantul,Bangunjiwo,SWASTA,https://referensi.data.kemendikdasmen.go.id/pendidikan/npsn/70040309
Kabupaten Bantul,Kasihan,dikdas,20400425,SMP MATARAM,Ambarbinangun Kasihan Bantul,Tirtonirmolo,SWASTA,https://referensi.data.kemendikdasmen.go.id/pendidikan/npsn/20400425
Kabupaten Bantul,Kasihan,dikdas,20400305,SMP MUHAMMADIYAH KASIHAN,"Jln Ringroad Selatan, Senggotan",Tirtonirmolo,SWASTA,https://referensi.data.kemendikdasmen.go.id/pendidikan/npsn/20400305
Kabupaten Bantul,Kasihan,dikdas,69969502,SMP MUTIARA PERSADA,"JALAN SUMBERAN, NGESTIHARJO, KASIHAN",Ngestiharjo,SWASTA,https://referensi.data.kemendikdasmen.go.id/pendidikan/npsn/69969502
Kabupaten Bantul,Kasihan,dikdas,20400298,SMP NEGERI 1 KASIHAN,Jalan Wates No 62 Kasihan Bantul,Ngestiharjo,NEGERI,https://referensi.data.kemendikdasmen.go.id/pendidikan/npsn/20400298
Kabupaten Bantul,Kasihan,dikdas,20400366,SMP NEGERI 2 KASIHAN,"Jl. Bibis, Jetis, Tamantirto, Kasihan, Bantul",Tamantirto,NEGERI,https://referensi.data.kemendikdasmen.go.id/pendidikan/npsn/20400366
Kabupaten Bantul,Kasihan,dikdas,20400326,SMP NEGERI 3 KASIHAN,Gendeng,Bangunjiwo,NEGERI,https://referensi.data.kemendikdasmen.go.id/pendidikan/npsn/20400326
Kabupaten Bantul,Kasihan,dikdas,20400304,SMP PGRI KASIHAN,"Jl. PGRI II No.05, Sonosewu",Ngestiharjo,SWASTA,https://referensi.data.kemendikdasmen.go.id/pendidikan/npsn/20400304
Kabupaten Bantul,Kasihan,dikdas,20400291,SMP SANTO BELLARMINUS,Jogonalan Lor Tirtonirmolo Kasihan,Tirtonirmolo,SWASTA,https://referensi.data.kemendikdasmen.go.id/pendidikan/npsn/20400291
Kabupaten Bantul,Pajangan,dikdas,20400574,MIN 3 BANTUL,WAUNG,Guwosari,NEGERI,https://referensi.data.kemendikdasmen.go.id/pendidikan/npsn/20400574
Kabupaten Bantul,Pajangan,dikdas,20400583,MIS AL ISLAMIYAH GANDEKAN,GANDEKAN,Guwosari,SWASTA,https://referensi.data.kemendikdasmen.go.id/pendidikan/npsn/20400583
Kabupaten Bantul,Pajangan,dikdas,20400580,MIS DARUL MA`ARIF SERUT,"GUPAKWRAK, SENDANGSARI, PAJANGAN",Sendangsari,SWASTA,https://referensi.data.kemendikdasmen.go.id/pendidikan/npsn/20400580
Kabupaten Bantul,Pajangan,dikdas,20400579,MIS MA`ARIF DIPONEGORO,JL. SELARONG,Sendangsari,SWASTA,https://referensi.data.kemendikdasmen.go.id/pendidikan/npsn/20400579
Kabupaten Bantul,Pajangan,dikdas,70026182,MTs Tahfidz Al-Qur`an El Muna Q,Bungsing RT 003,Guwosari,SWASTA,https://referensi.data.kemendikdasmen.go.id/pendidikan/npsn/70026182
Kabupaten Bantul,Pajangan,dikdas,70043207,MTSS Janki Dausat,Gandekan RT 2 Guwosari Pajangan Bantul,Guwosari,SWASTA,https://referensi.data.kemendikdasmen.go.id/pendidikan/npsn/70043207
Kabupaten Bantul,Pajangan,dikdas,20400483,SD MUHAMMADIYAH KALAKIJO,"Kalakijo, Guwosari, Pajangan",Guwosari,SWASTA,https://referensi.data.kemendikdasmen.go.id/pendidikan/npsn/20400483
Kabupaten Bantul,Pajangan,dikdas,20400531,SD NEGERI 1 IROYUDAN,"Iroyudan, Guwosari,pajangan",Guwosari,NEGERI,https://referensi.data.kemendikdasmen.go.id/pendidikan/npsn/20400531
Kabupaten Bantul,Pajangan,dikdas,20400638,SD NEGERI BEJI,Beji,Sendangsari,NEGERI,https://referensi.data.kemendikdasmen.go.id/pendidikan/npsn/20400638
Kabupaten Bantul,Pajangan,dikdas,20400681,SD NEGERI GUWO,Guwo Triwidadi Pajangan Bantul,Triwidadi,NEGERI,https://referensi.data.kemendikdasmen.go.id/pendidikan/npsn/20400681
Kabupaten Bantul,Pajangan,dikdas,20400734,SD NEGERI GUWOSARI,"Kembang Gede, Guwosari, Pajangan",Guwosari,NEGERI,https://referensi.data.kemendikdasmen.go.id/pendidikan/npsn/20400734
Kabupaten Bantul,Pajangan,dikdas,20400685,SD NEGERI KADIRESA,"Kadireso, Triwidadi, Pajangan",Triwidadi,NEGERI,https://referensi.data.kemendikdasmen.go.id/pendidikan/npsn/20400685
Kabupaten Bantul,Pajangan,dikdas,20400202,SD NEGERI KEMBANGPUTIHAN,"Kembang Putihan, Guwosari,pajangan",Guwosari,NEGERI,https://referensi.data.kemendikdasmen.go.id/pendidikan/npsn/20400202
Kabupaten Bantul,Pajangan,dikdas,20400209,SD NEGERI KREBET,KREBET,Sendangsari,NEGERI,https://referensi.data.kemendikdasmen.go.id/pendidikan/npsn/20400209
Kabupaten Bantul,Pajangan,dikdas,20400265,SD NEGERI MANGIR LOR,Mangir Lor,Sendangsari,NEGERI,https://referensi.data.kemendikdasmen.go.id/pendidikan/npsn/20400265
Kabupaten Bantul,Pajangan,dikdas,20400263,SD NEGERI SENDANGSARI,"Sendangsari, Pajangan, Bantul",Sendangsari,NEGERI,https://referensi.data.kemendikdasmen.go.id/pendidikan/npsn/20400263
Kabupaten Bantul,Pajangan,dikdas,20400752,SD Negeri Triwidadi,"Pajangan, Triwidadi, Pajangan, Bantul, Daerah Istimewa Yogyakarta",Triwidadi,NEGERI,https://referensi.data.kemendikdasmen.go.id/pendidikan/npsn/20400752
Kabupaten Bantul,Pajangan,dikdas,20400185,SD NEGERI TRUCUK,"Trucuk, Triwidadi, Pajangan",Triwidadi,NEGERI,https://referensi.data.kemendikdasmen.go.id/pendidikan/npsn/20400185
Kabupaten Bantul,Pajangan,dikdas,20400296,SMP NEGERI 1 PAJANGAN,Kamijoro,Sendangsari,NEGERI,https://referensi.data.kemendikdasmen.go.id/pendidikan/npsn/20400296
Kabupaten Bantul,Pajangan,dikdas,20400364,SMP NEGERI 2 PAJANGAN,Pajangan Triwidadi Pajangan,Triwidadi,NEGERI,https://referensi.data.kemendikdasmen.go.id/pendidikan/npsn/20400364
Kabupaten Bantul,Pajangan,dikdas,20400335,SMP NEGERI 3 PAJANGAN,Krebet,Sendangsari,NEGERI,https://referensi.data.kemendikdasmen.go.id/pendidikan/npsn/20400335
Kabupaten Bantul,Sedayu,dikdas,70059047,MTS Fadhlillah,kadibeso RT/RW: 084/000,Argodadi,SWASTA,https://referensi.data.kemendikdasmen.go.id/pendidikan/npsn/70059047
Kabupaten Bantul,Sedayu,dikdas,20403523,SD BUDI MULIA DUA,"Jalan Wates Km 10,Kaliurang",Argomulyo,SWASTA,https://referensi.data.kemendikdasmen.go.id/pendidikan/npsn/20403523
Kabupaten Bantul,Sedayu,dikdas,69852784,SD IT ANAK SHOLEH,"Gunung Bulu, Bandut Lor, Argorejo, Sedayu, Bantul",Argorejo,SWASTA,https://referensi.data.kemendikdasmen.go.id/pendidikan/npsn/69852784
Kabupaten Bantul,Sedayu,dikdas,20400596,SD MUHAMMADIYAH ARGOSARI,Tapen RT 16,Argosari,SWASTA,https://referensi.data.kemendikdasmen.go.id/pendidikan/npsn/20400596
Kabupaten Bantul,Sedayu,dikdas,20400525,SD NEGERI 1 DINGKIKAN,"Dingkikan, Argodadi,sedayu",Argodadi,NEGERI,https://referensi.data.kemendikdasmen.go.id/pendidikan/npsn/20400525
Kabupaten Bantul,Sedayu,dikdas,20400500,SD NEGERI 1 PEDES,Jln Wates Km 10 Yogyakarta,Argomulyo,NEGERI,https://referensi.data.kemendikdasmen.go.id/pendidikan/npsn/20400500
Kabupaten Bantul,Sedayu,dikdas,20400512,SD NEGERI 1 SEDAYU,"Sundi Lor, Argorejo,sedayu",Argorejo,NEGERI,https://referensi.data.kemendikdasmen.go.id/pendidikan/npsn/20400512
Kabupaten Bantul,Sedayu,dikdas,20400739,SD NEGERI 1 SUNGAPAN,"Selogedong, Argodadi,sedayu",Argodadi,NEGERI,https://referensi.data.kemendikdasmen.go.id/pendidikan/npsn/20400739
Kabupaten Bantul,Sedayu,dikdas,20400718,SD NEGERI 2 DINGKIKAN,"Cawan, Argodadi,sedayu",Argodadi,NEGERI,https://referensi.data.kemendikdasmen.go.id/pendidikan/npsn/20400718
Kabupaten Bantul,Sedayu,dikdas,20400783,SD NEGERI 2 PEDES,"Surobayan, Argomulyo, Sedayu",Argomulyo,NEGERI,https://referensi.data.kemendikdasmen.go.id/pendidikan/npsn/20400783
Kabupaten Bantul,Sedayu,dikdas,20400797,SD NEGERI 2 SEDAYU,"Sedayu, Argosari, Sedayu",Argosari,NEGERI,https://referensi.data.kemendikdasmen.go.id/pendidikan/npsn/20400797
Kabupaten Bantul,Sedayu,dikdas,20400764,SD NEGERI 2 SUNGAPAN,"Bakal Dukuh, Argodadi, Sedayu",Argodadi,NEGERI,https://referensi.data.kemendikdasmen.go.id/pendidikan/npsn/20400764
Kabupaten Bantul,Sedayu,dikdas,20400655,SD NEGERI 3 SEDAYU,"Ngentak, Argorejo, Sedayu, Bantul",Argorejo,NEGERI,https://referensi.data.kemendikdasmen.go.id/pendidikan/npsn/20400655
Kabupaten Bantul,Sedayu,dikdas,20400663,SD NEGERI BANDUT,"Bandut Kidul, Argorejo,sedayu",Argorejo,NEGERI,https://referensi.data.kemendikdasmen.go.id/pendidikan/npsn/20400663
Kabupaten Bantul,Sedayu,dikdas,20400642,SD NEGERI BRONGKOL,"Brongkol, Argodadi, Sedayu",Argodadi,NEGERI,https://referensi.data.kemendikdasmen.go.id/pendidikan/npsn/20400642
Kabupaten Bantul,Sedayu,dikdas,20400694,SD NEGERI GUNUNGMULYO,"Sengonkarang, Argomulyo,sedayu",Argomulyo,NEGERI,https://referensi.data.kemendikdasmen.go.id/pendidikan/npsn/20400694
Kabupaten Bantul,Sedayu,dikdas,20400684,SD NEGERI JETIS,Jln Wates km 13 Argosari Sedayu Bantul,Argosari,NEGERI,https://referensi.data.kemendikdasmen.go.id/pendidikan/npsn/20400684
Kabupaten Bantul,Sedayu,dikdas,20400239,SD NEGERI KALIBEROT,"Kaliberot, Argomulyo,Sedayu, Bantul, Yogyakarta",Argomulyo,NEGERI,https://referensi.data.kemendikdasmen.go.id/pendidikan/npsn/20400239
Kabupaten Bantul,Sedayu,dikdas,20400205,SD NEGERI KLANGON,"Klangon, Argosari,sedayu",Argosari,NEGERI,https://referensi.data.kemendikdasmen.go.id/pendidikan/npsn/20400205
Kabupaten Bantul,Sedayu,dikdas,20400211,SD NEGERI KRAPYAK,"Jl. Gesikan Km. 1,5 Polaman",Argorejo,NEGERI,https://referensi.data.kemendikdasmen.go.id/pendidikan/npsn/20400211
Kabupaten Bantul,Sedayu,dikdas,20409866,SD NEGERI PANGGANG,Panggang,Argomulyo,NEGERI,https://referensi.data.kemendikdasmen.go.id/pendidikan/npsn/20409866
Kabupaten Bantul,Sedayu,dikdas,20400142,SD NEGERI PULUHAN,"Kemusuk, Argomulyo, Sedayu",Argomulyo,NEGERI,https://referensi.data.kemendikdasmen.go.id/pendidikan/npsn/20400142
Kabupaten Bantul,Sedayu,dikdas,20400117,SD NEGERI SUKOHARJO,"Sumberan, Argodadi, Sedayu",Argodadi,NEGERI,https://referensi.data.kemendikdasmen.go.id/pendidikan/npsn/20400117
Kabupaten Bantul,Sedayu,dikdas,20400652,SD NEGERI SUNGAPAN,"Sungapan Dukuh, Argodadi,sedayu",Argodadi,NEGERI,https://referensi.data.kemendikdasmen.go.id/pendidikan/npsn/20400652
Kabupaten Bantul,Sedayu,dikdas,20400474,SD PANGUDI LUHUR,GUBUG,Argosari,SWASTA,https://referensi.data.kemendikdasmen.go.id/pendidikan/npsn/20400474
Kabupaten Bantul,Sedayu,dikdas,20411878,Sekolah Menengah Pertama Kesatuan Bangsa,JL Wates Km. 10,Argomulyo,SWASTA,https://referensi.data.kemendikdasmen.go.id/pendidikan/npsn/20411878
Kabupaten Bantul,Sedayu,dikdas,20400354,SMP NEGERI 1 SEDAYU,"Panggang, Argomulyo, Sedayu, Bantul",Argomulyo,NEGERI,https://referensi.data.kemendikdasmen.go.id/pendidikan/npsn/20400354
Kabupaten Bantul,Sedayu,dikdas,20400347,SMP NEGERI 2 SEDAYU,"Bakal, Argodadi, Sedayu, Bantul, Yogyakarta",Argodadi,NEGERI,https://referensi.data.kemendikdasmen.go.id/pendidikan/npsn/20400347
Kabupaten Bantul,Sedayu,dikdas,20400320,SMP PANGUDI LUHUR SEDAYU,Jln. Wates Km 12,Argosari,SWASTA,https://referensi.data.kemendikdasmen.go.id/pendidikan/npsn/20400320
Kabupaten Bantul,Srandakan,dikmen,69765054,SLBS 1 SEKAR TERATAI,"PEDAK, RT 68, TRIMURTI, SRANDAKAN, BANTUL",Trimurti,SWASTA,https://referensi.data.kemendikdasmen.go.id/pendidikan/npsn/69765054
Kabupaten Bantul,Srandakan,dikmen,20400379,SMA NEGERI 1 SRANDAKAN,JL.Pandansimo,Trimurti,NEGERI,https://referensi.data.kemendikdasmen.go.id/pendidikan/npsn/20400379
Kabupaten Bantul,Srandakan,dikmen,20409903,SMK AR-RAHMAH,KEDUNGBULE,Trimurti,SWASTA,https://referensi.data.kemendikdasmen.go.id/pendidikan/npsn/20409903
Kabupaten Bantul,Srandakan,dikmen,20400454,SMK BINAWIYATA SRANDAKAN,"JL.PANDANSIMO, PONCOSARI SRANDAKAN BANTUL",Poncosari,SWASTA,https://referensi.data.kemendikdasmen.go.id/pendidikan/npsn/20400454
Kabupaten Bantul,Srandakan,dikmen,69775328,SMK KESEHATAN NUZULA HUSADA,"Jl Srandakan KM 8, Tirimurti, Jetis, Srandakan, Bantul",Trimurti,SWASTA,https://referensi.data.kemendikdasmen.go.id/pendidikan/npsn/69775328
Kabupaten Bantul,Sanden,dikmen,70059425,MA Al-Furqon Sanden,Bongoskenthi Rt 003 Murtigading Sanden Bantul DI Yogyakarta,Murtigading,SWASTA,https://referensi.data.kemendikdasmen.go.id/pendidikan/npsn/70059425
Kabupaten Bantul,Sanden,dikmen,70042975,MAS Darul Mushlihin Bantul,"Mayungan 2, Murtigading, Sanden, Bantul",Murtigading,SWASTA,https://referensi.data.kemendikdasmen.go.id/pendidikan/npsn/70042975
Kabupaten Bantul,Sanden,dikmen,20363267,MAS HAMALATUL QURAN,Wonoroto RT 04 Gadingsari Sanden Bantul D.I. Yogyakarta 55763,Gadingsari,SWASTA,https://referensi.data.kemendikdasmen.go.id/pendidikan/npsn/20363267
Kabupaten Bantul,Sanden,dikmen,20409874,SLB MARSUDI PUTRA III,Ketalo,Gadingsari,SWASTA,https://referensi.data.kemendikdasmen.go.id/pendidikan/npsn/20409874
Kabupaten Bantul,Sanden,dikmen,20400373,SMA NEGERI 1 SANDEN,JL. Sanden Murtigading,Murtigading,NEGERI,https://referensi.data.kemendikdasmen.go.id/pendidikan/npsn/20400373
Kabupaten Bantul,Sanden,dikmen,20409338,SMK ISLAM TERPADU AL FURQON,"JLN. SANDEN KM. 4,5",Murtigading,SWASTA,https://referensi.data.kemendikdasmen.go.id/pendidikan/npsn/20409338
Kabupaten Bantul,Sanden,dikmen,20400433,SMK NEGERI 1 SANDEN,JL. SAMAS KM 11,Srigading,NEGERI,https://referensi.data.kemendikdasmen.go.id/pendidikan/npsn/20400433
Kabupaten Bantul,Kretek,dikmen,70029520,MA NURUL ULUM,"Jl. Parangtritis Km 21, Tegalsari RT 48, Donotirto, Kretek, Bantul",Donotirto,SWASTA,https://referensi.data.kemendikdasmen.go.id/pendidikan/npsn/70029520
Kabupaten Bantul,Kretek,dikmen,20400157,SLB MARDI MULYO,Jl. Samas Km 21 Karen,Tirtomulyo,SWASTA,https://referensi.data.kemendikdasmen.go.id/pendidikan/npsn/20400157
Kabupaten Bantul,Kretek,dikmen,20400378,SMA NEGERI 1 KRETEK,"GENTING, TIRTOMULYO, KRETEK",Tirtomulyo,NEGERI,https://referensi.data.kemendikdasmen.go.id/pendidikan/npsn/20400378
Kabupaten Bantul,Kretek,dikmen,20400436,SMK MAARIF 1 KRETEK,JL. PARANGTRITIS KM 22 TEGALSARI,Donotirto,SWASTA,https://referensi.data.kemendikdasmen.go.id/pendidikan/npsn/20400436
Kabupaten Bantul,Kretek,dikmen,20400452,SMK MUHAMMADIYAH KRETEK,JL. PARANGTRITIS TEGALSARI,Donotirto,SWASTA,https://referensi.data.kemendikdasmen.go.id/pendidikan/npsn/20400452
Kabupaten Bantul,Pundong,dikmen,20400168,SLB WIDYA MULIA,Baran,Srihardono,SWASTA,https://referensi.data.kemendikdasmen.go.id/pendidikan/npsn/20400168
Kabupaten Bantul,Pundong,dikmen,20400374,SMA NEGERI 1 PUNDONG,SRIHARDONO,Srihardono,NEGERI,https://referensi.data.kemendikdasmen.go.id/pendidikan/npsn/20400374
Kabupaten Bantul,Pundong,dikmen,20400382,SMK NEGERI 1 PUNDONG,"Menang, Srihardono, Pundong, Bantul",Srihardono,NEGERI,https://referensi.data.kemendikdasmen.go.id/pendidikan/npsn/20400382
Kabupaten Bantul,Bambang Lipuro,dikmen,20363262,MAS ASY-SYIFA`,JOGODAYOH,Sumbermulyo,SWASTA,https://referensi.data.kemendikdasmen.go.id/pendidikan/npsn/20363262
Kabupaten Bantul,Bambang Lipuro,dikmen,70029862,SMA IT AR RAIHAN,"Jl. Maryono Mardi Utomo Ngajaran RT.05 Kalurahan Sidomulyo, Bambanglipuro",Sidomulyo,SWASTA,https://referensi.data.kemendikdasmen.go.id/pendidikan/npsn/70029862
Kabupaten Bantul,Bambang Lipuro,dikmen,20400407,SMA NEGERI 1 BAMBANGLIPURO,JL. SAMAS KM. 18,Mulyodadi,NEGERI,https://referensi.data.kemendikdasmen.go.id/pendidikan/npsn/20400407
Kabupaten Bantul,Bambang Lipuro,dikmen,20400400,SMA STELLA DUCE BAMBANGLIPURO,GANJURAN,Sumbermulyo,SWASTA,https://referensi.data.kemendikdasmen.go.id/pendidikan/npsn/20400400
Kabupaten Bantul,Bambang Lipuro,dikmen,20400384,SMK MUHAMMADIYAH 1 BAMBANGLIPURO,"JL. SAMAS KM 2,3",Sumbermulyo,SWASTA,https://referensi.data.kemendikdasmen.go.id/pendidikan/npsn/20400384
Kabupaten Bantul,Bambang Lipuro,dikmen,20400401,SMK PARIWISATA BANTUL,JL. PARANGTRITIS KM.20,Sidomulyo,SWASTA,https://referensi.data.kemendikdasmen.go.id/pendidikan/npsn/20400401
Kabupaten Bantul,Pandak,dikmen,70008600,MAS MULTIMEDIA AR-RISALAH,"JL. MAKAMSEWU, NGEBLAK, RT 05 WIJIREJO PANDAK BANTUL",Wijirejo,SWASTA,https://referensi.data.kemendikdasmen.go.id/pendidikan/npsn/70008600
Kabupaten Bantul,Pandak,dikmen,60728794,MAS UNGGULAN AL-IMDAD,PONDOK PESANTREN AL-IMDAD II GUWOSARI PAJANGAN BANTUL DI YOGYAKARTA 55751,Wijirejo,SWASTA,https://referensi.data.kemendikdasmen.go.id/pendidikan/npsn/60728794
Kabupaten Bantul,Pandak,dikmen,20400155,SLB MARSUDI PUTRA 2,Jl. Kauman,Wijirejo,SWASTA,https://referensi.data.kemendikdasmen.go.id/pendidikan/npsn/20400155
Kabupaten Bantul,Pandak,dikmen,20400385,SMK COKROAMINOTO PANDAK,"GESIKAN, WIJIREJO, PANDAK, BANTUL",Wijirejo,SWASTA,https://referensi.data.kemendikdasmen.go.id/pendidikan/npsn/20400385
Kabupaten Bantul,Pandak,dikmen,20400446,SMK NEGERI 1 PANDAK,JL. KADEKROWO RT.04 GILANGHARJO PANDAK BANTUL,Gilangharjo,NEGERI,https://referensi.data.kemendikdasmen.go.id/pendidikan/npsn/20400446
Kabupaten Bantul,Bantul,dikmen,20363264,MAN 1 BANTUL,"Jalan Prof. Dr. Supomo, SH Bantul Telepon (0274) 367607",Ringin Harjo,NEGERI,https://referensi.data.kemendikdasmen.go.id/pendidikan/npsn/20363264
Kabupaten Bantul,Bantul,dikmen,20363265,MAN 2 BANTUL,"JLN. PARANGTRITIS KM. 10,5",Sabdodadi,NEGERI,https://referensi.data.kemendikdasmen.go.id/pendidikan/npsn/20363265
Kabupaten Bantul,Bantul,dikmen,20400156,SLB MARSUDI PUTRA 1,"Jl. Dr. Wahidin Sudiro Husodo, Manding",Trirenggo,SWASTA,https://referensi.data.kemendikdasmen.go.id/pendidikan/npsn/20400156
Kabupaten Bantul,Bantul,dikmen,20400402,SMA 17 BANTUL,"JL. KOLONEL SUGIYONO, RINGINHARJO, BANTUL",Ringin Harjo,SWASTA,https://referensi.data.kemendikdasmen.go.id/pendidikan/npsn/20400402
Kabupaten Bantul,Bantul,dikmen,20400153,SMA MUHAMMADIYAH BANTUL,JL. URIP SUMOHARJO 04/A BANTUL,Bantul,SWASTA,https://referensi.data.kemendikdasmen.go.id/pendidikan/npsn/20400153
Kabupaten Bantul,Bantul,dikmen,20400405,SMA NEGERI 1 BANTUL,"JL. KHA WAKHID HASYIM BANTUL, SUMURAN, PALBAPANG, BANTUL",Palbapang,NEGERI,https://referensi.data.kemendikdasmen.go.id/pendidikan/npsn/20400405
Kabupaten Bantul,Bantul,dikmen,20400381,SMA NEGERI 2 BANTUL,"JL. RA. KARTINI, TRIRENGGO, BANTUL",Trirenggo,NEGERI,https://referensi.data.kemendikdasmen.go.id/pendidikan/npsn/20400381
Kabupaten Bantul,Bantul,dikmen,20400389,SMA NEGERI 3 BANTUL,"Jalan Pramuka, Gaten, Trirenggo, Bantul",Trirenggo,NEGERI,https://referensi.data.kemendikdasmen.go.id/pendidikan/npsn/20400389
Kabupaten Bantul,Bantul,dikmen,20400395,SMA PATRIA BANTUL,"JL. PARANGTRITIS KM 11, SABDODADI, BANTUL",Sabdodadi,SWASTA,https://referensi.data.kemendikdasmen.go.id/pendidikan/npsn/20400395
Kabupaten Bantul,Bantul,dikmen,20409904,SMK KESEHATAN BANTUL,JL. PARANGTRITIS KM 11,Sabdodadi,SWASTA,https://referensi.data.kemendikdasmen.go.id/pendidikan/npsn/20409904
Kabupaten Bantul,Bantul,dikmen,20400383,SMK MUHAMMADIYAH 1 BANTUL,JL. PARANGTRITIS KM 12 MANDING,Trirenggo,SWASTA,https://referensi.data.kemendikdasmen.go.id/pendidikan/npsn/20400383
Kabupaten Bantul,Bantul,dikmen,20400445,SMK MUHAMMADIYAH 2 BANTUL,JL. BEJEN BANTUL YOGYAKARTA,Bantul,SWASTA,https://referensi.data.kemendikdasmen.go.id/pendidikan/npsn/20400445
Kabupaten Bantul,Bantul,dikmen,20400416,SMK NEGERI 1 BANTUL,JL. PARANGTRITIS KM 11,Sabdodadi,NEGERI,https://referensi.data.kemendikdasmen.go.id/pendidikan/npsn/20400416
Kabupaten Bantul,Bantul,dikmen,20400421,SMK PUTRA TAMA BANTUL,JL. MGR. ALB. SUGIYOPRANOTO NO.2,Bantul,SWASTA,https://referensi.data.kemendikdasmen.go.id/pendidikan/npsn/20400421
Kabupaten Bantul,Bantul,dikmen,69775327,SMK TEKNOLOGI BANTUL,"Rendeng RT 01, Timbulharjo, Sewon, Bantul, Yogyakarta, 55186",Bantul,SWASTA,https://referensi.data.kemendikdasmen.go.id/pendidikan/npsn/69775327
Kabupaten Bantul,Bantul,dikmen,20400370,SMK TUJUH BELAS BANTUL,JL. RAYA MELIKAN LOR BANTUL,Bantul,SWASTA,https://referensi.data.kemendikdasmen.go.id/pendidikan/npsn/20400370
Kabupaten Bantul,Bantul,dikmen,20400386,SMK VETERAN BANTUL,JL. JENDRAL SUDIRMAN NO. 25 BANTUL,Bantul,SWASTA,https://referensi.data.kemendikdasmen.go.id/pendidikan/npsn/20400386
Kabupaten Bantul,Jetis,dikmen,20400171,SLB PGRI TRIMULYO,Jl. Imogiri Timur Km 13 Trimulyo,Trimulyo,SWASTA,https://referensi.data.kemendikdasmen.go.id/pendidikan/npsn/20400171
Kabupaten Bantul,Jetis,dikmen,20400391,SMA Negeri 1 Jetis,"JL. Imogiri Barat KM. 11, Kertan",Sumber Agung,NEGERI,https://referensi.data.kemendikdasmen.go.id/pendidikan/npsn/20400391
Kabupaten Bantul,Jetis,dikmen,20411873,SMK KI AGENG PEMANAHAN,"JL. PARANGTRITIS KM. 16.5, PATALAN",Patalan,SWASTA,https://referensi.data.kemendikdasmen.go.id/pendidikan/npsn/20411873
Kabupaten Bantul,Jetis,dikmen,69863308,SMK MERAH PUTIH JETIS,"Paten, Sumberagung, Jetis, Bantul",Sumber Agung,SWASTA,https://referensi.data.kemendikdasmen.go.id/pendidikan/npsn/69863308
Kabupaten Bantul,Imogiri,dikmen,70043499,MAS TAHFIDZUL QUR`AN AL MUNA GIRILOYO,"JL. IMOGIRI TIMUR KM 14, JL. NOGOSARI, MANGGUNG",Wukirsari,SWASTA,https://referensi.data.kemendikdasmen.go.id/pendidikan/npsn/70043499
Kabupaten Bantul,Imogiri,dikmen,20363266,MAS UMMATAN WASATHON,TILAMAN WUKIRSARI IMOGIRI,Wukirsari,SWASTA,https://referensi.data.kemendikdasmen.go.id/pendidikan/npsn/20363266
Kabupaten Bantul,Imogiri,dikmen,69765052,SLB SEKAR MELATI MUH. IMOGIRI,Ngrancah Sriharjo Imogiri,Sriharjo,SWASTA,https://referensi.data.kemendikdasmen.go.id/pendidikan/npsn/69765052
Kabupaten Bantul,Imogiri,dikmen,20400282,SMA MUHAMMADIYAH IMOGIRI,KERTEN,Imogiri,SWASTA,https://referensi.data.kemendikdasmen.go.id/pendidikan/npsn/20400282
Kabupaten Bantul,Imogiri,dikmen,20400403,SMA NEGERI 1 IMOGIRI,JL. Imogiri Timur Km 14,Wukirsari,NEGERI,https://referensi.data.kemendikdasmen.go.id/pendidikan/npsn/20400403
Kabupaten Bantul,Imogiri,dikmen,20400453,SMK MUHAMMADIYAH IMOGIRI,"JL. Bakulan - Imogiri, Garjoyo",Imogiri,SWASTA,https://referensi.data.kemendikdasmen.go.id/pendidikan/npsn/20400453
Kabupaten Bantul,Imogiri,dikmen,20400423,SMK TAMANSISWA 1 IMOGIRI,JL. IMOGIRI-PANGGANG,Karangtalun,SWASTA,https://referensi.data.kemendikdasmen.go.id/pendidikan/npsn/20400423
Kabupaten Bantul,Dlingo,dikmen,58570160,SLB INSAN MANDIRI,Jl. Patuk-Dlingo KM 10 Kapingan Temuwuh Dlingo,Temuwuh,SWASTA,https://referensi.data.kemendikdasmen.go.id/pendidikan/npsn/58570160
Kabupaten Bantul,Dlingo,dikmen,20400388,SMA NEGERI 1 DLINGO,Jl. Sutan Syahrir,Dlingo,NEGERI,https://referensi.data.kemendikdasmen.go.id/pendidikan/npsn/20400388
Kabupaten Bantul,Dlingo,dikmen,20400449,SMK NEGERI 1 DLINGO,JL. PATUK DLINGO KM 10,Temuwuh,NEGERI,https://referensi.data.kemendikdasmen.go.id/pendidikan/npsn/20400449
Kabupaten Bantul,Dlingo,dikmen,20400393,SMK PEMBANGUNAN DLINGO,Jln. Imogiri - Dlingo Km 5.5 Mangunan Dlingo Bantul,Mangunan,SWASTA,https://referensi.data.kemendikdasmen.go.id/pendidikan/npsn/20400393
Kabupaten Bantul,Pleret,dikmen,70031667,MA BINAUL UMMAH,TEGALREJO BAWURAN PLERET BANTUL YOGYAKARTA,Bawuran,SWASTA,https://referensi.data.kemendikdasmen.go.id/pendidikan/npsn/70031667
Kabupaten Bantul,Pleret,dikmen,20363270,MAN 3 BANTUL,JL. IMOGIRI TIMUR KM 10,Wonokromo,NEGERI,https://referensi.data.kemendikdasmen.go.id/pendidikan/npsn/20363270
Kabupaten Bantul,Pleret,dikmen,69983972,MAS AL MAHALLI,"BRAJAN, WONOKROMO, PLERET, BANTUL",Wonokromo,SWASTA,https://referensi.data.kemendikdasmen.go.id/pendidikan/npsn/69983972
Kabupaten Bantul,Pleret,dikmen,70039434,PDF ULYA FADLUN MINALLOH,JL. IMOGIRI TIMUR,Wonokromo,SWASTA,https://referensi.data.kemendikdasmen.go.id/pendidikan/npsn/70039434
Kabupaten Bantul,Pleret,dikmen,20400170,SLB TUNAS BHAKTI,"Gunung Kelir Rt 10, Pleret, Pleret, Bantul, DIY",Pleret,SWASTA,https://referensi.data.kemendikdasmen.go.id/pendidikan/npsn/20400170
Kabupaten Bantul,Pleret,dikmen,20400398,SMA MUHAMMADIYAH PLERET,KANGGOTAN,Pleret,SWASTA,https://referensi.data.kemendikdasmen.go.id/pendidikan/npsn/20400398
Kabupaten Bantul,Pleret,dikmen,20400375,SMA NEGERI 1 PLERET,Kedaton,Pleret,NEGERI,https://referensi.data.kemendikdasmen.go.id/pendidikan/npsn/20400375
Kabupaten Bantul,Pleret,dikmen,20409339,SMK NEGERI 1 PLERET,JL. IMOGIRI TIMUR KM 9 JATI,Wonokromo,NEGERI,https://referensi.data.kemendikdasmen.go.id/pendidikan/npsn/20409339
Kabupaten Bantul,Piyungan,dikmen,20363269,MAS ISLAMIC CENTRE BIN BAZ,Jl. WONOSARI KM. 10 KARANGGAYAM SITIMULYO PIYUNGAN BANTUL DI.YOGYAKARTA,Sitimulyo,SWASTA,https://referensi.data.kemendikdasmen.go.id/pendidikan/npsn/20363269
Kabupaten Bantul,Piyungan,dikmen,20363268,MAS PONPES IBNUL QOYYIM PUTRA,"JL.JOGJA WONOSARI KM 10,5 TEGALYOSO",Sitimulyo,SWASTA,https://referensi.data.kemendikdasmen.go.id/pendidikan/npsn/20363268
Kabupaten Bantul,Piyungan,dikmen,20409743,SLB DHARMA BHAKTI,JL. WONOSARI KM. 14,Srimartani,SWASTA,https://referensi.data.kemendikdasmen.go.id/pendidikan/npsn/20409743
Kabupaten Bantul,Piyungan,dikmen,20400399,SMA MUHAMMADIYAH PIYUNGAN,"Jl.Bougenville, Piyungan, Srimartani, Piyungan, Bantul",Srimartani,SWASTA,https://referensi.data.kemendikdasmen.go.id/pendidikan/npsn/20400399
Kabupaten Bantul,Piyungan,dikmen,20400376,SMA NEGERI 1 PIYUNGAN,KARANGGAYAM,Sitimulyo,NEGERI,https://referensi.data.kemendikdasmen.go.id/pendidikan/npsn/20400376
Kabupaten Bantul,Piyungan,dikmen,20400440,SMK BUDHI DHARMA PIYUNGAN BANTUL,JL. YOGYA - WONOSARI KM.14,Srimartani,SWASTA,https://referensi.data.kemendikdasmen.go.id/pendidikan/npsn/20400440
Kabupaten Bantul,Piyungan,dikmen,20408005,SMK MAARIF 1 PIYUNGAN,JL. PIYUNGAN - PRAMBANAN KM 02,Srimartani,SWASTA,https://referensi.data.kemendikdasmen.go.id/pendidikan/npsn/20408005
Kabupaten Bantul,Piyungan,dikmen,20400451,SMK MUHAMMADIYAH PIYUNGAN,JL.DARAMAN,Srimartani,SWASTA,https://referensi.data.kemendikdasmen.go.id/pendidikan/npsn/20400451
Kabupaten Bantul,Piyungan,dikmen,20400434,SMKS MAARIF 2 PIYUNGAN,JL. PIYUNGAN PRAMBANAN KM. 01 MUNGGUR,Srimartani,SWASTA,https://referensi.data.kemendikdasmen.go.id/pendidikan/npsn/20400434
Kabupaten Bantul,Banguntapan,dikmen,69976400,MA JAMILURRAHMAN WIROKERTEN BANGUNTAPAN BANTUL,DUSUN SAWO RT 07,Wirokerten,SWASTA,https://referensi.data.kemendikdasmen.go.id/pendidikan/npsn/69976400
Kabupaten Bantul,Banguntapan,dikmen,69955742,Mafaza,"Jl. Wonosari, KM 4, Ketandan, Banguntapan",Jagalan,SWASTA,https://referensi.data.kemendikdasmen.go.id/pendidikan/npsn/69955742
Kabupaten Bantul,Banguntapan,dikmen,20363263,MAN 4 BANTUL,JL RING ROAD TIMUR PRANTI,Banguntapan,NEGERI,https://referensi.data.kemendikdasmen.go.id/pendidikan/npsn/20363263
Kabupaten Bantul,Banguntapan,dikmen,69941725,MAS Madania Bantul,Jalan Gedongkuning Gang Nakula No. 165,Banguntapan,SWASTA,https://referensi.data.kemendikdasmen.go.id/pendidikan/npsn/69941725
Kabupaten Bantul,Banguntapan,dikmen,20409722,SLB BINA ANGGITA,Kanoman Tegal Pasar Banguntapan,Banguntapan,SWASTA,https://referensi.data.kemendikdasmen.go.id/pendidikan/npsn/20409722
Kabupaten Bantul,Banguntapan,dikmen,69956379,SLB ISLAM QOTHRUNNADA,"Glagah Lor RT.02 Tamanan Banguntapan, Bantul, Yogyakarta",Tamanan,SWASTA,https://referensi.data.kemendikdasmen.go.id/pendidikan/npsn/69956379
Kabupaten Bantul,Banguntapan,dikmen,20409879,SLB PAMARDI PUTRA,Karangsari Wetan,Banguntapan,SWASTA,https://referensi.data.kemendikdasmen.go.id/pendidikan/npsn/20409879
Kabupaten Bantul,Banguntapan,dikmen,20400167,SMA BOPKRI BANGUNTAPAN,JL. SUKUN NO. 94 KARANGBENDO,Banguntapan,SWASTA,https://referensi.data.kemendikdasmen.go.id/pendidikan/npsn/20400167
Kabupaten Bantul,Banguntapan,dikmen,20400406,SMA NEGERI 1 BANGUNTAPAN,"NGENTAK, BATURETNO, BANGUNTAPAN, BANTUL",Baturetno,NEGERI,https://referensi.data.kemendikdasmen.go.id/pendidikan/npsn/20400406
Kabupaten Bantul,Banguntapan,dikmen,20400380,SMA NEGERI 2 BANGUNTAPAN,"Glondong, Wirokerten, Banguntapan, Bantul",Wirokerten,NEGERI,https://referensi.data.kemendikdasmen.go.id/pendidikan/npsn/20400380
Kabupaten Bantul,Banguntapan,dikmen,20409905,SMK KESEHATAN AMANAH HUSADA BANGUNTAPAN BANTUL,NGIPIK RAYA 493,Baturetno,SWASTA,https://referensi.data.kemendikdasmen.go.id/pendidikan/npsn/20409905
Kabupaten Bantul,Sewon,dikmen,20363272,MAS AL MA`HAD AN NUR,NGRUKEM,Pendowoharjo,SWASTA,https://referensi.data.kemendikdasmen.go.id/pendidikan/npsn/20363272
Kabupaten Bantul,Sewon,dikmen,20363271,MAS ALI MAKSUM,Jl. KH. Ali Maksum Krapyak Kulon,Panggungharjo,SWASTA,https://referensi.data.kemendikdasmen.go.id/pendidikan/npsn/20363271
Kabupaten Bantul,Sewon,dikmen,69765053,SLB MA ARIF BANTUL,Kowen Timbulharjo Sewon Bantul,Timbulharjo,SWASTA,https://referensi.data.kemendikdasmen.go.id/pendidikan/npsn/69765053
Kabupaten Bantul,Sewon,dikmen,20400163,SLB N 2 BANTUL,Jl. Imogiri Barat Km 4.5,Bangunharjo,NEGERI,https://referensi.data.kemendikdasmen.go.id/pendidikan/npsn/20400163
Kabupaten Bantul,Sewon,dikmen,20411874,SMA ALI MAKSUM,"JL. KH. ALI MAKSUM, KRAPYAK",Panggungharjo,SWASTA,https://referensi.data.kemendikdasmen.go.id/pendidikan/npsn/20411874
Kabupaten Bantul,Sewon,dikmen,20400397,SMA MUHAMMADIYAH SEWON,"MREDO, JETAK",Bangunharjo,SWASTA,https://referensi.data.kemendikdasmen.go.id/pendidikan/npsn/20400397
Kabupaten Bantul,Sewon,dikmen,20400371,SMA NEGERI 1 SEWON,JL. Parangtritis KM.5 Yogyakarta,Bangunharjo,NEGERI,https://referensi.data.kemendikdasmen.go.id/pendidikan/npsn/20400371
Kabupaten Bantul,Sewon,dikmen,70055762,SMA TUMBUH,Jl. KH Ali Maksum,Panggungharjo,SWASTA,https://referensi.data.kemendikdasmen.go.id/pendidikan/npsn/70055762
Kabupaten Bantul,Sewon,dikmen,20409902,SMK AL MUNAWWIR KRAPYAK,"JL. KH Ali Maksum Krapyak, Panggungharjo, Sewon, Bantul, D.I. Yogyakarta",Panggungharjo,SWASTA,https://referensi.data.kemendikdasmen.go.id/pendidikan/npsn/20409902
Kabupaten Bantul,Sewon,dikmen,20400420,SMK NEGERI 1 SEWON,"JL. PULUTAN, PENDOWOHARJO, SEWON BANTUL",Pendowoharjo,NEGERI,https://referensi.data.kemendikdasmen.go.id/pendidikan/npsn/20400420
Kabupaten Bantul,Sewon,dikmen,20400418,SMK NEGERI 2 SEWON,JL. PARANGTRITIS KM 7,Timbulharjo,NEGERI,https://referensi.data.kemendikdasmen.go.id/pendidikan/npsn/20400418
Kabupaten Bantul,Sewon,dikmen,20411871,SMK NURUL IMAN,"SOROGENEN, TIMBULHARJO",Timbulharjo,SWASTA,https://referensi.data.kemendikdasmen.go.id/pendidikan/npsn/20411871
Kabupaten Bantul,Sewon,dikmen,20400394,SMK PELITA BUANA SEWON,"JL.PARANGTRITIS KM. 6, GARON",Panggungharjo,SWASTA,https://referensi.data.kemendikdasmen.go.id/pendidikan/npsn/20400394
Kabupaten Bantul,Sewon,dikmen,20411872,SMK SMART AL MUHSIN,"Jalan Parangtritis Km 3,5 No.280 Krapyak Wetan, Bantul, Yogyakarta",Panggungharjo,SWASTA,https://referensi.data.kemendikdasmen.go.id/pendidikan/npsn/20411872
Kabupaten Bantul,Kasihan,dikmen,70055433,Sekolah Rakyat Menengah Atas 19 Bantul,"Jl. Kesejahteraan Sosial No.1, Sanggrahan, Ngestiharjo, Kasihan, Kab. Bantul",Ngestiharjo,NEGERI,https://referensi.data.kemendikdasmen.go.id/pendidikan/npsn/70055433
Kabupaten Bantul,Kasihan,dikmen,20400159,SLB BANGUN PUTRA KASIHAN,Ngentak,Bangunjiwo,SWASTA,https://referensi.data.kemendikdasmen.go.id/pendidikan/npsn/20400159
Kabupaten Bantul,Kasihan,dikmen,20400162,SLB NEGERI 1 BANTUL,Jl. Wates 147 Kalibayem,Ngestiharjo,NEGERI,https://referensi.data.kemendikdasmen.go.id/pendidikan/npsn/20400162
Kabupaten Bantul,Kasihan,dikmen,20400411,SMA Muhammadiyah Kasihan,MRISI,Tirtonirmolo,SWASTA,https://referensi.data.kemendikdasmen.go.id/pendidikan/npsn/20400411
Kabupaten Bantul,Kasihan,dikmen,70004041,SMA MUTIARA PERSADA,"Jl. Sumberan Baru, Sumberan",Ngestiharjo,SWASTA,https://referensi.data.kemendikdasmen.go.id/pendidikan/npsn/70004041
Kabupaten Bantul,Kasihan,dikmen,20400390,SMA NEGERI 1 KASIHAN,JL. BUGISAN SELATAN,Tirtonirmolo,NEGERI,https://referensi.data.kemendikdasmen.go.id/pendidikan/npsn/20400390
Kabupaten Bantul,Kasihan,dikmen,20400392,SMA PGRI KASIHAN,SONOSEWU,Ngestiharjo,SWASTA,https://referensi.data.kemendikdasmen.go.id/pendidikan/npsn/20400392
Kabupaten Bantul,Kasihan,dikmen,69775329,SMK KESEHATAN PELITA BANGSA,Jl. Godean Km. 1 Tambak Kav.24 Ngestiharjo Kasihan Bantul,Ngestiharjo,SWASTA,https://referensi.data.kemendikdasmen.go.id/pendidikan/npsn/69775329
Kabupaten Bantul,Kasihan,dikmen,69775326,SMK MUHAMMADIYAH BANGUNJIWO KASIHAN,"Peleman, Bangunjiwo, Kasihan, Bantul",Bangunjiwo,SWASTA,https://referensi.data.kemendikdasmen.go.id/pendidikan/npsn/69775326
Kabupaten Bantul,Kasihan,dikmen,20400448,SMK NEGERI 1 KASIHAN,JL. PG. Madukismo Ngestiharjo Kasihan Bantul,Ngestiharjo,NEGERI,https://referensi.data.kemendikdasmen.go.id/pendidikan/npsn/20400448
Kabupaten Bantul,Kasihan,dikmen,20400419,SMK NEGERI 2 KASIHAN,JL. P.G. MADUKISMO,Ngestiharjo,NEGERI,https://referensi.data.kemendikdasmen.go.id/pendidikan/npsn/20400419
Kabupaten Bantul,Kasihan,dikmen,20400417,SMK NEGERI 3 KASIHAN,JL. PG. MADUKISMO BUGISAN YOGYAKARTA,Ngestiharjo,NEGERI,https://referensi.data.kemendikdasmen.go.id/pendidikan/npsn/20400417
Kabupaten Bantul,Pajangan,dikmen,70058895,MA Riyadhul Quran,Kadireso,Triwidadi,SWASTA,https://referensi.data.kemendikdasmen.go.id/pendidikan/npsn/70058895
Kabupaten Bantul,Pajangan,dikmen,70043050,MAS Tahfidz El Muna Q,"Bungsing RT 003, Guwosari Kec. Pajangan Kab. Bantul",Guwosari,SWASTA,https://referensi.data.kemendikdasmen.go.id/pendidikan/npsn/70043050
Kabupaten Bantul,Pajangan,dikmen,20400158,SLB BINA SIWI,Pajangan Bantul,Sendangsari,SWASTA,https://referensi.data.kemendikdasmen.go.id/pendidikan/npsn/20400158
Kabupaten Bantul,Pajangan,dikmen,20400377,SMA NEGERI 1 PAJANGAN,"Kedung, Guwosari, Pajangan, Bantul, DIY",Guwosari,NEGERI,https://referensi.data.kemendikdasmen.go.id/pendidikan/npsn/20400377
Kabupaten Bantul,Pajangan,dikmen,20400447,SMK NEGERI 1 PAJANGAN,Pajangan Triwidadi Pajangan Bantul,Triwidadi,NEGERI,https://referensi.data.kemendikdasmen.go.id/pendidikan/npsn/20400447
Kabupaten Bantul,Sedayu,dikmen,20409906,Sekolah Menengah Atas Kesatuan Bangsa,JL. WATES KM 10 ARGOMULYO-SEDAYU-BANTUL YOGYAKARTA,Argomulyo,SWASTA,https://referensi.data.kemendikdasmen.go.id/pendidikan/npsn/20409906
Kabupaten Bantul,Sedayu,dikmen,20400169,SLB TUNAS KASIH,Jl. Wates 14 Argosari Sedayu,Argosari,SWASTA,https://referensi.data.kemendikdasmen.go.id/pendidikan/npsn/20400169
Kabupaten Bantul,Sedayu,dikmen,20400165,SMA DHARMA AMILUHUR,JL. WATES KM. 9 POS KEMUSUK,Argomulyo,SWASTA,https://referensi.data.kemendikdasmen.go.id/pendidikan/npsn/20400165
Kabupaten Bantul,Sedayu,dikmen,20400372,SMA NEGERI 1 SEDAYU,ARGOMULYO POS KEMUSUK,Argomulyo,NEGERI,https://referensi.data.kemendikdasmen.go.id/pendidikan/npsn/20400372
Kabupaten Bantul,Sedayu,dikmen,20400396,SMA PANGUDI LUHUR SEDAYU,JL. WATES KM. 12,Argosari,SWASTA,https://referensi.data.kemendikdasmen.go.id/pendidikan/npsn/20400396
Kabupaten Bantul,Sedayu,dikmen,20400387,SMK DARMA BHAKTI SEDAYU,JL. WATES KM 14 SEDAYU,Argosari,SWASTA,https://referensi.data.kemendikdasmen.go.id/pendidikan/npsn/20400387
Kabupaten Bantul,Sedayu,dikmen,20400432,SMK NEGERI 1 SEDAYU,JL. KEMUSUK,Argomulyo,NEGERI,https://referensi.data.kemendikdasmen.go.id/pendidikan/npsn/20400432
Kabupaten Bantul,Srandakan,paud,69812936,KB AISYIYAH AMANAH SAWAHAN,Sawahan,Trimurti,SWASTA,https://referensi.data.kemendikdasmen.go.id/pendidikan/npsn/69812936
Kabupaten Bantul,Srandakan,paud,69813032,KB AISYIYAH ASHOLICHAH,Wonotingal RT. 4,Poncosari,SWASTA,https://referensi.data.kemendikdasmen.go.id/pendidikan/npsn/69813032
Kabupaten Bantul,Srandakan,paud,69812918,KB AISYIYAH BABAKAN,Babakan,Poncosari,SWASTA,https://referensi.data.kemendikdasmen.go.id/pendidikan/npsn/69812918
Kabupaten Bantul,Srandakan,paud,69812872,KB AISYIYAH BAITUL JANNAH,PURON,Trimurti,SWASTA,https://referensi.data.kemendikdasmen.go.id/pendidikan/npsn/69812872
Kabupaten Bantul,Srandakan,paud,69813096,KB AISYIYAH NURUL HUDA PEDAK,PEDAK,Trimurti,SWASTA,https://referensi.data.kemendikdasmen.go.id/pendidikan/npsn/69813096
Kabupaten Bantul,Srandakan,paud,69812906,KB AISYIYAH SAMBENG,SAMBENG I,Poncosari,SWASTA,https://referensi.data.kemendikdasmen.go.id/pendidikan/npsn/69812906
Kabupaten Bantul,Srandakan,paud,69812949,KB AL HIDAYAH,Sambeng III,Poncosari,SWASTA,https://referensi.data.kemendikdasmen.go.id/pendidikan/npsn/69812949
Kabupaten Bantul,Srandakan,paud,69812965,KB AMANAH,MANGIRAN,Trimurti,SWASTA,https://referensi.data.kemendikdasmen.go.id/pendidikan/npsn/69812965
Kabupaten Bantul,Srandakan,paud,69813022,KB ANAK SHOLEH,Ngentak,Poncosari,SWASTA,https://referensi.data.kemendikdasmen.go.id/pendidikan/npsn/69813022
Kabupaten Bantul,Srandakan,paud,69812852,KB AZZAHRA,Gunturgeni,Poncosari,SWASTA,https://referensi.data.kemendikdasmen.go.id/pendidikan/npsn/69812852
Kabupaten Bantul,Srandakan,paud,70007955,KB BAITUSSALAM CELAN,Celan,Trimurti,SWASTA,https://referensi.data.kemendikdasmen.go.id/pendidikan/npsn/70007955
Kabupaten Bantul,Srandakan,paud,69812954,KB CERIA,Polosiyo RT. 02,Poncosari,SWASTA,https://referensi.data.kemendikdasmen.go.id/pendidikan/npsn/69812954
Kabupaten Bantul,Srandakan,paud,69812970,KB HARAPAN KITA,Cagunan,Trimurti,SWASTA,https://referensi.data.kemendikdasmen.go.id/pendidikan/npsn/69812970
Kabupaten Bantul,Srandakan,paud,69812995,KB KASIH IBU,NENGAHAN,Trimurti,SWASTA,https://referensi.data.kemendikdasmen.go.id/pendidikan/npsn/69812995
Kabupaten Bantul,Srandakan,paud,69812876,KB KHOTIJAH,Bendo,Trimurti,SWASTA,https://referensi.data.kemendikdasmen.go.id/pendidikan/npsn/69812876
Kabupaten Bantul,Srandakan,paud,69820561,KB KUNCUP MEKAR,Gunungsaren Lor RT 83,Trimurti,SWASTA,https://referensi.data.kemendikdasmen.go.id/pendidikan/npsn/69820561
Kabupaten Bantul,Srandakan,paud,69813016,KB KUNCUP MELATI KEDUNGBULE,Kedungbule DK II,Trimurti,SWASTA,https://referensi.data.kemendikdasmen.go.id/pendidikan/npsn/69813016
Kabupaten Bantul,Srandakan,paud,69813047,KB LESTARI HARAPANKU,GUNUNGSAREN KIDUL,Trimurti,SWASTA,https://referensi.data.kemendikdasmen.go.id/pendidikan/npsn/69813047
Kabupaten Bantul,Srandakan,paud,69844633,KB MEKAR ASIH,Lopati,Trimurti,SWASTA,https://referensi.data.kemendikdasmen.go.id/pendidikan/npsn/69844633
Kabupaten Bantul,Srandakan,paud,69812874,KB PELITA SARI,Koripan,Poncosari,SWASTA,https://referensi.data.kemendikdasmen.go.id/pendidikan/npsn/69812874
Kabupaten Bantul,Srandakan,paud,69812894,KB SRIKANDI,Srandakan RT. 06,Trimurti,SWASTA,https://referensi.data.kemendikdasmen.go.id/pendidikan/npsn/69812894
Kabupaten Bantul,Srandakan,paud,69812916,KB SURYA MURTI,Klurahan RT. 20,Trimurti,SWASTA,https://referensi.data.kemendikdasmen.go.id/pendidikan/npsn/69812916
Kabupaten Bantul,Srandakan,paud,69812925,KB TUNAS HARAPAN INSANI,PULUHAN LOR,Trimurti,SWASTA,https://referensi.data.kemendikdasmen.go.id/pendidikan/npsn/69812925
Kabupaten Bantul,Srandakan,paud,69812948,KB TUNAS KKN 2007,Kuwaru,Poncosari,SWASTA,https://referensi.data.kemendikdasmen.go.id/pendidikan/npsn/69812948
Kabupaten Bantul,Srandakan,paud,69812975,KB TUNAS MELATI,Jragan II,Poncosari,SWASTA,https://referensi.data.kemendikdasmen.go.id/pendidikan/npsn/69812975
Kabupaten Bantul,Srandakan,paud,69812981,KB TUNAS MURTI,Puluhan Kidul,Trimurti,SWASTA,https://referensi.data.kemendikdasmen.go.id/pendidikan/npsn/69812981
Kabupaten Bantul,Srandakan,paud,69812998,KB TUNAS PERTIWI,"Jl. Srandakan KM.3, Sapuangin",Trimurti,SWASTA,https://referensi.data.kemendikdasmen.go.id/pendidikan/npsn/69812998
Kabupaten Bantul,Srandakan,paud,69813019,KB TUNAS WIDYA MANDALA,Jetis,Trimurti,SWASTA,https://referensi.data.kemendikdasmen.go.id/pendidikan/npsn/69813019
Kabupaten Bantul,Srandakan,paud,69813301,SPS TUNAS BANGSA,Proketen,Trimurti,SWASTA,https://referensi.data.kemendikdasmen.go.id/pendidikan/npsn/69813301
Kabupaten Bantul,Srandakan,paud,20408661,TK ABA BABAKAN,BABAKAN,Poncosari,SWASTA,https://referensi.data.kemendikdasmen.go.id/pendidikan/npsn/20408661
Kabupaten Bantul,Srandakan,paud,20408662,TK ABA BANDUNG,BANDUNG,Trimurti,SWASTA,https://referensi.data.kemendikdasmen.go.id/pendidikan/npsn/20408662
Kabupaten Bantul,Srandakan,paud,20408651,TK ABA BENDO,BENDO,Trimurti,SWASTA,https://referensi.data.kemendikdasmen.go.id/pendidikan/npsn/20408651
Kabupaten Bantul,Srandakan,paud,20408655,TK ABA GAMBRENGAN,PURON RT. 1,Trimurti,SWASTA,https://referensi.data.kemendikdasmen.go.id/pendidikan/npsn/20408655
Kabupaten Bantul,Srandakan,paud,20408636,TK ABA GERSO,GERSO,Trimurti,SWASTA,https://referensi.data.kemendikdasmen.go.id/pendidikan/npsn/20408636
Kabupaten Bantul,Srandakan,paud,20408650,TK ABA GUNTURGENI,Gunturgeni,Poncosari,SWASTA,https://referensi.data.kemendikdasmen.go.id/pendidikan/npsn/20408650
Kabupaten Bantul,Srandakan,paud,20408641,TK ABA GUNUNGSAREN,GUNUNGSAREN,Trimurti,SWASTA,https://referensi.data.kemendikdasmen.go.id/pendidikan/npsn/20408641
Kabupaten Bantul,Srandakan,paud,20408638,TK ABA JRAGAN,JRAGAN,Poncosari,SWASTA,https://referensi.data.kemendikdasmen.go.id/pendidikan/npsn/20408638
Kabupaten Bantul,Srandakan,paud,20408667,TK ABA KKN,Kuwaru,Poncosari,SWASTA,https://referensi.data.kemendikdasmen.go.id/pendidikan/npsn/20408667
Kabupaten Bantul,Srandakan,paud,20408656,TK ABA KORIPAN,KORIPAN,Poncosari,SWASTA,https://referensi.data.kemendikdasmen.go.id/pendidikan/npsn/20408656
Kabupaten Bantul,Srandakan,paud,20408644,TK ABA KRAPAKAN,KRAPAKAN,Trimurti,SWASTA,https://referensi.data.kemendikdasmen.go.id/pendidikan/npsn/20408644
Kabupaten Bantul,Srandakan,paud,20408664,TK ABA LOPATI,LOPATI,Trimurti,SWASTA,https://referensi.data.kemendikdasmen.go.id/pendidikan/npsn/20408664
Kabupaten Bantul,Srandakan,paud,20408663,TK ABA PEMBINA PEDAK,PEDAK,Trimurti,SWASTA,https://referensi.data.kemendikdasmen.go.id/pendidikan/npsn/20408663
Kabupaten Bantul,Srandakan,paud,20408649,TK ABA SAMBENG,SAMBENG,Poncosari,SWASTA,https://referensi.data.kemendikdasmen.go.id/pendidikan/npsn/20408649
Kabupaten Bantul,Srandakan,paud,20408646,TK ABA WONOTINGAL,WONOTINGAL,Poncosari,SWASTA,https://referensi.data.kemendikdasmen.go.id/pendidikan/npsn/20408646
Kabupaten Bantul,Srandakan,paud,70005324,TK IT AL-AYSAR,Jl. Selobentar No. 45 RT 33/DK V Jetis,Trimurti,SWASTA,https://referensi.data.kemendikdasmen.go.id/pendidikan/npsn/70005324
Kabupaten Bantul,Srandakan,paud,20408653,TK MUSLIMAT MASYITOH SAMBENG,SAMBENG,Poncosari,SWASTA,https://referensi.data.kemendikdasmen.go.id/pendidikan/npsn/20408653
Kabupaten Bantul,Srandakan,paud,20408659,TK NEGERI SRANDAKAN,"KEDUNGBULE RT 15, DK II GERSO",Trimurti,NEGERI,https://referensi.data.kemendikdasmen.go.id/pendidikan/npsn/20408659
Kabupaten Bantul,Srandakan,paud,20408657,TK PKK NO. 115 MANGIRAN,Mangiran,Trimurti,SWASTA,https://referensi.data.kemendikdasmen.go.id/pendidikan/npsn/20408657
Kabupaten Bantul,Srandakan,paud,20408660,TK PKK TUNAS PUTRA,MAYONGAN,Trimurti,SWASTA,https://referensi.data.kemendikdasmen.go.id/pendidikan/npsn/20408660
Kabupaten Bantul,Srandakan,paud,20408668,TK TUNAS PERTIWI,SAPUANGIN,Trimurti,SWASTA,https://referensi.data.kemendikdasmen.go.id/pendidikan/npsn/20408668
Kabupaten Bantul,Srandakan,paud,69912376,TPA TUNAS PERTIWI,"Jl. Srandakan KM. 03, Sapuangin",Trimurti,SWASTA,https://referensi.data.kemendikdasmen.go.id/pendidikan/npsn/69912376
Kabupaten Bantul,Sanden,paud,69812930,KB AISYIYAH MEKAR SARI,Demakan,Gadingsari,SWASTA,https://referensi.data.kemendikdasmen.go.id/pendidikan/npsn/69812930
Kabupaten Bantul,Sanden,paud,69812927,KB ANAK SAMUDRA,SAMAS,Srigading,SWASTA,https://referensi.data.kemendikdasmen.go.id/pendidikan/npsn/69812927
Kabupaten Bantul,Sanden,paud,69812913,KB ASSALAAM,Pucanganom III,Murtigading,SWASTA,https://referensi.data.kemendikdasmen.go.id/pendidikan/npsn/69812913
Kabupaten Bantul,Sanden,paud,69812962,KB AZ - ZAHRA,Trisigan II,Murtigading,SWASTA,https://referensi.data.kemendikdasmen.go.id/pendidikan/npsn/69812962
Kabupaten Bantul,Sanden,paud,69820581,KB BINTANG MUDA,Wonorejo II RT 04,Gadingsari,SWASTA,https://referensi.data.kemendikdasmen.go.id/pendidikan/npsn/69820581
Kabupaten Bantul,Sanden,paud,69812980,KB BINTANG SAMODRA,Karanganyar,Gadingharjo,SWASTA,https://referensi.data.kemendikdasmen.go.id/pendidikan/npsn/69812980
Kabupaten Bantul,Sanden,paud,69813008,KB INDAH SARI,Dayu,Gadingsari,SWASTA,https://referensi.data.kemendikdasmen.go.id/pendidikan/npsn/69813008
Kabupaten Bantul,Sanden,paud,70028803,KB IT INSAN UTAMA,SANDEN RT 01 DUKUH 15,Murtigading,SWASTA,https://referensi.data.kemendikdasmen.go.id/pendidikan/npsn/70028803
Kabupaten Bantul,Sanden,paud,69812886,KB KRIDASARI,WONOREJO I,Gadingsari,SWASTA,https://referensi.data.kemendikdasmen.go.id/pendidikan/npsn/69812886
Kabupaten Bantul,Sanden,paud,69861007,KB KUNCUP MELATI,SRABAHAN,Srigading,SWASTA,https://referensi.data.kemendikdasmen.go.id/pendidikan/npsn/69861007
Kabupaten Bantul,Sanden,paud,70005981,KB MENTARI,Sorobayan DK V Soko RT 005,Gadingsari,SWASTA,https://referensi.data.kemendikdasmen.go.id/pendidikan/npsn/70005981
Kabupaten Bantul,Sanden,paud,69813050,KB MIFTAHUL HUDA,KLATAK DK. IV RT.02,Gadingsari,SWASTA,https://referensi.data.kemendikdasmen.go.id/pendidikan/npsn/69813050
Kabupaten Bantul,Sanden,paud,69813060,KB NURUL HUDA,Pucanganom I RT 03,Murtigading,SWASTA,https://referensi.data.kemendikdasmen.go.id/pendidikan/npsn/69813060
Kabupaten Bantul,Sanden,paud,69813065,KB PERTIWI 33,Mayungan,Murtigading,SWASTA,https://referensi.data.kemendikdasmen.go.id/pendidikan/npsn/69813065
Kabupaten Bantul,Sanden,paud,69813028,KB QURROTA AYUN,KLAGARAN,Gadingsari,SWASTA,https://referensi.data.kemendikdasmen.go.id/pendidikan/npsn/69813028
Kabupaten Bantul,Sanden,paud,69906406,KB TAHFIDZ AS-SALAAM,Wirosutan,Srigading,SWASTA,https://referensi.data.kemendikdasmen.go.id/pendidikan/npsn/69906406
Kabupaten Bantul,Sanden,paud,69812908,KB TUNAS BHAKTI,Merten,Gadingharjo,SWASTA,https://referensi.data.kemendikdasmen.go.id/pendidikan/npsn/69812908
Kabupaten Bantul,Sanden,paud,69812868,KB TUNAS MULIA,BONGGALAN,Srigading,SWASTA,https://referensi.data.kemendikdasmen.go.id/pendidikan/npsn/69812868
Kabupaten Bantul,Sanden,paud,69812947,KELOMPOK BERMAIN AL HUDA,TEGALSARI,Srigading,SWASTA,https://referensi.data.kemendikdasmen.go.id/pendidikan/npsn/69812947
Kabupaten Bantul,Sanden,paud,69812877,KELOMPOK BERMAIN HARAPAN KITA,PRANTI,Gadingharjo,SWASTA,https://referensi.data.kemendikdasmen.go.id/pendidikan/npsn/69812877
Kabupaten Bantul,Sanden,paud,69812923,KELOMPOK BERMAIN KHASANAH PATIHAN,PATIHAN,Gadingsari,SWASTA,https://referensi.data.kemendikdasmen.go.id/pendidikan/npsn/69812923
Kabupaten Bantul,Sanden,paud,69743564,RA/BA/TA MASYITHOH SANDEN,"SOGE SANDEN ,SRIGADING,SANDEN ,BANTUL",Srigading,SWASTA,https://referensi.data.kemendikdasmen.go.id/pendidikan/npsn/69743564
Kabupaten Bantul,Sanden,paud,69906425,SPS CERIA,Kurahan,Murtigading,SWASTA,https://referensi.data.kemendikdasmen.go.id/pendidikan/npsn/69906425
Kabupaten Bantul,Sanden,paud,69813345,SPS Mawar Putih,NGENTAK,Murtigading,SWASTA,https://referensi.data.kemendikdasmen.go.id/pendidikan/npsn/69813345
Kabupaten Bantul,Sanden,paud,69933921,SPS TERATAI PUTIH,Kranggan,Murtigading,SWASTA,https://referensi.data.kemendikdasmen.go.id/pendidikan/npsn/69933921
Kabupaten Bantul,Sanden,paud,20408781,TK ABA AL-FATAH GADINGSARI,BONGOS,Gadingsari,SWASTA,https://referensi.data.kemendikdasmen.go.id/pendidikan/npsn/20408781
Kabupaten Bantul,Sanden,paud,20408754,TK ABA KURAHAN,KURAHAN,Murtigading,SWASTA,https://referensi.data.kemendikdasmen.go.id/pendidikan/npsn/20408754
Kabupaten Bantul,Sanden,paud,20408740,TK ABA RATNANINGSIH KEMIRI,Kemiri RT.02,Gadingsari,SWASTA,https://referensi.data.kemendikdasmen.go.id/pendidikan/npsn/20408740
Kabupaten Bantul,Sanden,paud,20408804,TK ABA TEGALREJO,TEGALREJO,Srigading,SWASTA,https://referensi.data.kemendikdasmen.go.id/pendidikan/npsn/20408804
Kabupaten Bantul,Sanden,paud,20408737,TK ABA WONOREJO,WONOREJO,Gadingsari,SWASTA,https://referensi.data.kemendikdasmen.go.id/pendidikan/npsn/20408737
Kabupaten Bantul,Sanden,paud,20408806,TK AISYIYAH BUSTANUL ATHFAL AL-HUDA,KLATAK,Gadingsari,SWASTA,https://referensi.data.kemendikdasmen.go.id/pendidikan/npsn/20408806
Kabupaten Bantul,Sanden,paud,20408739,TK AISYIYAH BUSTANUL ATHFAL KLAGARAN,KLAGARAN,Gadingsari,SWASTA,https://referensi.data.kemendikdasmen.go.id/pendidikan/npsn/20408739
Kabupaten Bantul,Sanden,paud,20408803,TK AISYIYAH BUSTANUL ATHFAL PATIHAN,Patihan,Gadingsari,SWASTA,https://referensi.data.kemendikdasmen.go.id/pendidikan/npsn/20408803
Kabupaten Bantul,Sanden,paud,20408750,TK AISYIYAH BUSTANUL ATHFAL TRISIGAN,TRISIGAN,Murtigading,SWASTA,https://referensi.data.kemendikdasmen.go.id/pendidikan/npsn/20408750
Kabupaten Bantul,Sanden,paud,20408743,TK ARJUNA,DAYU,Gadingsari,SWASTA,https://referensi.data.kemendikdasmen.go.id/pendidikan/npsn/20408743
Kabupaten Bantul,Sanden,paud,20408805,TK IT ASSALAM SANDEN,PUCANGANOM,Murtigading,SWASTA,https://referensi.data.kemendikdasmen.go.id/pendidikan/npsn/20408805
Kabupaten Bantul,Sanden,paud,70037329,TK IT INSAN UTAMA,SANDEN RT 01 DUKUH 15,Murtigading,SWASTA,https://referensi.data.kemendikdasmen.go.id/pendidikan/npsn/70037329
Kabupaten Bantul,Sanden,paud,20408770,TK NEGERI 1 SANDEN,BONGGALAN,Srigading,NEGERI,https://referensi.data.kemendikdasmen.go.id/pendidikan/npsn/20408770
Kabupaten Bantul,Sanden,paud,20408780,TK PAMARDI PUTRA,SRABAHAN,Srigading,SWASTA,https://referensi.data.kemendikdasmen.go.id/pendidikan/npsn/20408780
Kabupaten Bantul,Sanden,paud,69866989,TK PERTIWI 12,SOROBAYAN,Gadingsari,SWASTA,https://referensi.data.kemendikdasmen.go.id/pendidikan/npsn/69866989
Kabupaten Bantul,Sanden,paud,20408745,TK PERTIWI 32,PUCANGANOM,Murtigading,SWASTA,https://referensi.data.kemendikdasmen.go.id/pendidikan/npsn/20408745
Kabupaten Bantul,Sanden,paud,20408746,TK PERTIWI 33 MAYUNGAN,Mayungan,Murtigading,SWASTA,https://referensi.data.kemendikdasmen.go.id/pendidikan/npsn/20408746
Kabupaten Bantul,Sanden,paud,20408768,TK PKK 105 GADINGHARJO,Karanganyar,Gadingharjo,SWASTA,https://referensi.data.kemendikdasmen.go.id/pendidikan/npsn/20408768
Kabupaten Bantul,Sanden,paud,20408764,TK PKK 106 MERTEN,MERTEN,Gadingharjo,SWASTA,https://referensi.data.kemendikdasmen.go.id/pendidikan/npsn/20408764
Kabupaten Bantul,Sanden,paud,20408761,TK PKK 53 PRANTI,Pranti,Gadingharjo,SWASTA,https://referensi.data.kemendikdasmen.go.id/pendidikan/npsn/20408761
Kabupaten Bantul,Sanden,paud,20408775,TK PKK NGEMPLAK,NGEMPLAK,Srigading,SWASTA,https://referensi.data.kemendikdasmen.go.id/pendidikan/npsn/20408775
Kabupaten Bantul,Sanden,paud,69939918,TKIT AS SALAAM,WIROSUTAN,Srigading,SWASTA,https://referensi.data.kemendikdasmen.go.id/pendidikan/npsn/69939918
Kabupaten Bantul,Sanden,paud,69906405,TPA HARAPAN KITA,Pranti,Gadingharjo,SWASTA,https://referensi.data.kemendikdasmen.go.id/pendidikan/npsn/69906405
Kabupaten Bantul,Sanden,paud,70001828,TPA IT ASSALAAM,Pucanganom III,Murtigading,SWASTA,https://referensi.data.kemendikdasmen.go.id/pendidikan/npsn/70001828
Kabupaten Bantul,Kretek,paud,69976972,KB AISYIYAH AL HIKMAH,Mriyan,Donotirto,SWASTA,https://referensi.data.kemendikdasmen.go.id/pendidikan/npsn/69976972
Kabupaten Bantul,Kretek,paud,69812986,KB AMONG SIWI,Bracan,Tirtomulyo,SWASTA,https://referensi.data.kemendikdasmen.go.id/pendidikan/npsn/69812986
Kabupaten Bantul,Kretek,paud,69813005,KB GARUDA,Gegunung,Tirtohargo,SWASTA,https://referensi.data.kemendikdasmen.go.id/pendidikan/npsn/69813005
Kabupaten Bantul,Kretek,paud,69813033,KB HARAPAN SENTOSA,Karen,Tirtomulyo,SWASTA,https://referensi.data.kemendikdasmen.go.id/pendidikan/npsn/69813033
Kabupaten Bantul,Kretek,paud,69813043,KB IT AR ROHMAH,TEGALSARI,Donotirto,SWASTA,https://referensi.data.kemendikdasmen.go.id/pendidikan/npsn/69813043
Kabupaten Bantul,Kretek,paud,69813073,KB KUNCUP MELATI,MANCINGAN XI,Parangtritis,SWASTA,https://referensi.data.kemendikdasmen.go.id/pendidikan/npsn/69813073
Kabupaten Bantul,Kretek,paud,69982635,KELOMPOK BERMAIN ISLAM TERPADU AN NAHL KRETEK,Soropadan RT.05,Tirtomulyo,SWASTA,https://referensi.data.kemendikdasmen.go.id/pendidikan/npsn/69982635
Kabupaten Bantul,Kretek,paud,70026181,RA An Nahl Kretek,Soropadan RT 05 Tirtomulyo,Tirtomulyo,SWASTA,https://referensi.data.kemendikdasmen.go.id/pendidikan/npsn/70026181
Kabupaten Bantul,Kretek,paud,69995025,RA Sbb Al Fikri Manca,"Mulekan, Tirtosari",Tirtosari,SWASTA,https://referensi.data.kemendikdasmen.go.id/pendidikan/npsn/69995025
Kabupaten Bantul,Kretek,paud,69813113,SPS ANGGREK,SAMIRAN,Parangtritis,SWASTA,https://referensi.data.kemendikdasmen.go.id/pendidikan/npsn/69813113
Kabupaten Bantul,Kretek,paud,70038062,SPS ASTER,MERSAN,Donotirto,SWASTA,https://referensi.data.kemendikdasmen.go.id/pendidikan/npsn/70038062
Kabupaten Bantul,Kretek,paud,69813165,SPS BOGENVILE,GROGOL VIII,Parangtritis,SWASTA,https://referensi.data.kemendikdasmen.go.id/pendidikan/npsn/69813165
Kabupaten Bantul,Kretek,paud,69861782,SPS CEMPAKA,BUNGKUS,Parangtritis,SWASTA,https://referensi.data.kemendikdasmen.go.id/pendidikan/npsn/69861782
Kabupaten Bantul,Kretek,paud,69813101,SPS CERIA,Jebugan,Tirtomulyo,SWASTA,https://referensi.data.kemendikdasmen.go.id/pendidikan/npsn/69813101
Kabupaten Bantul,Kretek,paud,69813133,SPS CUT MUTIAH,Buruhan,Tirtosari,SWASTA,https://referensi.data.kemendikdasmen.go.id/pendidikan/npsn/69813133
Kabupaten Bantul,Kretek,paud,69813200,SPS DEWI SARTIKA,Tegaltapen,Tirtosari,SWASTA,https://referensi.data.kemendikdasmen.go.id/pendidikan/npsn/69813200
Kabupaten Bantul,Kretek,paud,69813215,SPS FLAMBOYAN,GADING LUMBUNG RT 21,Donotirto,SWASTA,https://referensi.data.kemendikdasmen.go.id/pendidikan/npsn/69813215
Kabupaten Bantul,Kretek,paud,69813232,SPS JERUK,Jetis,Tirtomulyo,SWASTA,https://referensi.data.kemendikdasmen.go.id/pendidikan/npsn/69813232
Kabupaten Bantul,Kretek,paud,69813333,SPS KAMBOJA,Depok,Parangtritis,SWASTA,https://referensi.data.kemendikdasmen.go.id/pendidikan/npsn/69813333
Kabupaten Bantul,Kretek,paud,69813192,SPS KENANGA,Duwuran,Parangtritis,SWASTA,https://referensi.data.kemendikdasmen.go.id/pendidikan/npsn/69813192
Kabupaten Bantul,Kretek,paud,69813153,SPS KENANGA II,Grogol IX,Parangtritis,SWASTA,https://referensi.data.kemendikdasmen.go.id/pendidikan/npsn/69813153
Kabupaten Bantul,Kretek,paud,69813143,SPS MAWAR,BUSURAN,Donotirto,SWASTA,https://referensi.data.kemendikdasmen.go.id/pendidikan/npsn/69813143
Kabupaten Bantul,Kretek,paud,69813204,SPS MELATI,Kretek,Parangtritis,SWASTA,https://referensi.data.kemendikdasmen.go.id/pendidikan/npsn/69813204
Kabupaten Bantul,Kretek,paud,69813279,SPS MENUR,Sono,Parangtritis,SWASTA,https://referensi.data.kemendikdasmen.go.id/pendidikan/npsn/69813279
Kabupaten Bantul,Kretek,paud,69813313,SPS NYI AGENG SERANG,MULEKAN II,Tirtosari,SWASTA,https://referensi.data.kemendikdasmen.go.id/pendidikan/npsn/69813313
Kabupaten Bantul,Kretek,paud,69813316,SPS PERMATA BUNDA,METUK,Donotirto,SWASTA,https://referensi.data.kemendikdasmen.go.id/pendidikan/npsn/69813316
Kabupaten Bantul,Kretek,paud,69813208,SPS RAMBUTAN,Karen RT. 06,Tirtomulyo,SWASTA,https://referensi.data.kemendikdasmen.go.id/pendidikan/npsn/69813208
Kabupaten Bantul,Kretek,paud,69861783,SPS REMBULAN,PALANGJIWAN,Donotirto,SWASTA,https://referensi.data.kemendikdasmen.go.id/pendidikan/npsn/69861783
Kabupaten Bantul,Kretek,paud,69813241,SPS SAPTA MULIA,Grogol VII,Parangtritis,SWASTA,https://referensi.data.kemendikdasmen.go.id/pendidikan/npsn/69813241
Kabupaten Bantul,Kretek,paud,69861784,SPS TURI,GREGES RT.06,Donotirto,SWASTA,https://referensi.data.kemendikdasmen.go.id/pendidikan/npsn/69861784
Kabupaten Bantul,Kretek,paud,20408717,TK ABA AL HIKMAH,Mriyan,Donotirto,SWASTA,https://referensi.data.kemendikdasmen.go.id/pendidikan/npsn/20408717
Kabupaten Bantul,Kretek,paud,20408714,TK ABA BAROS,Baros,Tirtohargo,SWASTA,https://referensi.data.kemendikdasmen.go.id/pendidikan/npsn/20408714
Kabupaten Bantul,Kretek,paud,20408548,TK ABA BUSURAN,BUSURAN,Donotirto,SWASTA,https://referensi.data.kemendikdasmen.go.id/pendidikan/npsn/20408548
Kabupaten Bantul,Kretek,paud,20408712,TK ABA GADING LUMBUNG,GADING LUMBUNG,Donotirto,SWASTA,https://referensi.data.kemendikdasmen.go.id/pendidikan/npsn/20408712
Kabupaten Bantul,Kretek,paud,20408713,TK ABA MERSAN,MERSAN,Donotirto,SWASTA,https://referensi.data.kemendikdasmen.go.id/pendidikan/npsn/20408713
Kabupaten Bantul,Kretek,paud,70028919,TK AISYIYAH BUSTANUL ATHFAL PARANGTRITIS,SONO RT 03,Parangtritis,SWASTA,https://referensi.data.kemendikdasmen.go.id/pendidikan/npsn/70028919
Kabupaten Bantul,Kretek,paud,20408718,TK IT AR RAHMAH,Tegalsari,Donotirto,SWASTA,https://referensi.data.kemendikdasmen.go.id/pendidikan/npsn/20408718
Kabupaten Bantul,Kretek,paud,20408707,TK KUNCUP MELATI I,GROGOL VIII,Parangtritis,SWASTA,https://referensi.data.kemendikdasmen.go.id/pendidikan/npsn/20408707
Kabupaten Bantul,Kretek,paud,20408698,TK MASYITHOH GREGES,GREGES,Donotirto,SWASTA,https://referensi.data.kemendikdasmen.go.id/pendidikan/npsn/20408698
Kabupaten Bantul,Kretek,paud,20408716,TK MASYITHOH KALANGAN,Kalangan,Tirtohargo,SWASTA,https://referensi.data.kemendikdasmen.go.id/pendidikan/npsn/20408716
Kabupaten Bantul,Kretek,paud,20408715,TK NEGERI 1 KRETEK,"MANCINGAN XI, PARANGTRITIS, KRETEK, BANTUL",Parangtritis,NEGERI,https://referensi.data.kemendikdasmen.go.id/pendidikan/npsn/20408715
Kabupaten Bantul,Kretek,paud,20408702,TK NEGERI 2 KRETEK,"SOROPADAN, TIRTOMULYO, KRETEK, BANTUL",Tirtomulyo,NEGERI,https://referensi.data.kemendikdasmen.go.id/pendidikan/npsn/20408702
Kabupaten Bantul,Kretek,paud,20408699,TK PAMARDISIWI GREGES,GREGES,Donotirto,SWASTA,https://referensi.data.kemendikdasmen.go.id/pendidikan/npsn/20408699
Kabupaten Bantul,Kretek,paud,20408701,TK PERTIWI 46,GENTING,Tirtomulyo,SWASTA,https://referensi.data.kemendikdasmen.go.id/pendidikan/npsn/20408701
Kabupaten Bantul,Kretek,paud,20408704,TK PKK 14 TIRTOSARI,KIROBAYAN,Tirtosari,SWASTA,https://referensi.data.kemendikdasmen.go.id/pendidikan/npsn/20408704
Kabupaten Bantul,Kretek,paud,69820608,TPA KARUNIA AISYIYAH,Tegalsari,Donotirto,SWASTA,https://referensi.data.kemendikdasmen.go.id/pendidikan/npsn/69820608
Kabupaten Bantul,Pundong,paud,69844604,KB DHARMA SIWI CERIA,Dermo Jurang,Seloharjo,SWASTA,https://referensi.data.kemendikdasmen.go.id/pendidikan/npsn/69844604
Kabupaten Bantul,Pundong,paud,69812988,KB KASIH BUNDA,NANGSRI,Srihardono,SWASTA,https://referensi.data.kemendikdasmen.go.id/pendidikan/npsn/69812988
Kabupaten Bantul,Pundong,paud,69844605,KB KEMUNING,Soronanggan,Panjangrejo,SWASTA,https://referensi.data.kemendikdasmen.go.id/pendidikan/npsn/69844605
Kabupaten Bantul,Pundong,paud,70043942,KB LINTANG JAGAD,NGLEMBU,Panjangrejo,SWASTA,https://referensi.data.kemendikdasmen.go.id/pendidikan/npsn/70043942
Kabupaten Bantul,Pundong,paud,69813018,KB NUR HIDAYAH,Blali,Seloharjo,SWASTA,https://referensi.data.kemendikdasmen.go.id/pendidikan/npsn/69813018
Kabupaten Bantul,Pundong,paud,69813051,KB PERMATA HATI IBU,Jamprit,Panjangrejo,SWASTA,https://referensi.data.kemendikdasmen.go.id/pendidikan/npsn/69813051
Kabupaten Bantul,Pundong,paud,69813077,KB PUSPA CERIA,Soka RT 05,Seloharjo,SWASTA,https://referensi.data.kemendikdasmen.go.id/pendidikan/npsn/69813077
Kabupaten Bantul,Pundong,paud,69812869,KB PUTRA PERTIWI,Dukuh RT 01,Seloharjo,SWASTA,https://referensi.data.kemendikdasmen.go.id/pendidikan/npsn/69812869
Kabupaten Bantul,Pundong,paud,69844634,KB QURROTA A YYUN,NGENTAK,Seloharjo,SWASTA,https://referensi.data.kemendikdasmen.go.id/pendidikan/npsn/69844634
Kabupaten Bantul,Pundong,paud,70055239,KB SINAR MENTARI,Semampir RT 03,Panjangrejo,SWASTA,https://referensi.data.kemendikdasmen.go.id/pendidikan/npsn/70055239
Kabupaten Bantul,Pundong,paud,69812938,KB SURYA ILMU,Jelapan,Seloharjo,SWASTA,https://referensi.data.kemendikdasmen.go.id/pendidikan/npsn/69812938
Kabupaten Bantul,Pundong,paud,69812967,KBIT MUTIARA HATI,Piring,Srihardono,SWASTA,https://referensi.data.kemendikdasmen.go.id/pendidikan/npsn/69812967
Kabupaten Bantul,Pundong,paud,70013953,PAUDQ AL MUNAWWARAH,KRAPYAK KULON PANJANGREJO,Panjangrejo,SWASTA,https://referensi.data.kemendikdasmen.go.id/pendidikan/npsn/70013953
Kabupaten Bantul,Pundong,paud,69884931,RA Mutiara Hati,Piring,Srihardono,SWASTA,https://referensi.data.kemendikdasmen.go.id/pendidikan/npsn/69884931
Kabupaten Bantul,Pundong,paud,20408938,TK AISYIYAH BUSTANUL ATHFAL AL-BAROKAH,PIRING,Srihardono,SWASTA,https://referensi.data.kemendikdasmen.go.id/pendidikan/npsn/20408938
Kabupaten Bantul,Pundong,paud,20408934,TK AISYIYAH BUSTANUL ATHFAL GULON,Gulon,Srihardono,SWASTA,https://referensi.data.kemendikdasmen.go.id/pendidikan/npsn/20408934
Kabupaten Bantul,Pundong,paud,20408940,TK AISYIYAH BUSTANUL ATHFAL NUR HIDAYAH,Bobok Tempel,Seloharjo,SWASTA,https://referensi.data.kemendikdasmen.go.id/pendidikan/npsn/20408940
Kabupaten Bantul,Pundong,paud,20408936,TK AISYIYAH BUSTANUL ATHFAL NURHUDA,Ngentak,Seloharjo,SWASTA,https://referensi.data.kemendikdasmen.go.id/pendidikan/npsn/20408936
Kabupaten Bantul,Pundong,paud,20408931,TK AISYIYAH BUSTANUL ATHFAL SELTIM,Dukuh,Seloharjo,SWASTA,https://referensi.data.kemendikdasmen.go.id/pendidikan/npsn/20408931
Kabupaten Bantul,Pundong,paud,20408937,TK AISYIYAH BUSTANUL ATHFAL SOKA,Soka,Seloharjo,SWASTA,https://referensi.data.kemendikdasmen.go.id/pendidikan/npsn/20408937
Kabupaten Bantul,Pundong,paud,20408929,TK AISYIYAH BUSTANUL ATHFAL TUNAS HARAPAN,Blali,Seloharjo,SWASTA,https://referensi.data.kemendikdasmen.go.id/pendidikan/npsn/20408929
Kabupaten Bantul,Pundong,paud,20408927,TK AN-NUR COLO,Krapyak Kulon,Panjangrejo,SWASTA,https://referensi.data.kemendikdasmen.go.id/pendidikan/npsn/20408927
Kabupaten Bantul,Pundong,paud,20408930,TK LKMD PENTHUNG,Pentung,Seloharjo,SWASTA,https://referensi.data.kemendikdasmen.go.id/pendidikan/npsn/20408930
Kabupaten Bantul,Pundong,paud,20408924,TK NEGERI 1 PUNDONG,Gedangan,Panjangrejo,NEGERI,https://referensi.data.kemendikdasmen.go.id/pendidikan/npsn/20408924
Kabupaten Bantul,Pundong,paud,20408919,TK PERTIWI 15 SRIHARDONO,PUNDONG,Srihardono,SWASTA,https://referensi.data.kemendikdasmen.go.id/pendidikan/npsn/20408919
Kabupaten Bantul,Pundong,paud,20408920,TK PERTIWI 16,Baran,Srihardono,SWASTA,https://referensi.data.kemendikdasmen.go.id/pendidikan/npsn/20408920
Kabupaten Bantul,Pundong,paud,20408921,TK PERTIWI 17 PANJANG,Panjang,Panjangrejo,SWASTA,https://referensi.data.kemendikdasmen.go.id/pendidikan/npsn/20408921
Kabupaten Bantul,Pundong,paud,20408923,TK PERTIWI 19 JAMPRIT,Jamprit,Panjangrejo,SWASTA,https://referensi.data.kemendikdasmen.go.id/pendidikan/npsn/20408923
Kabupaten Bantul,Pundong,paud,20408932,TK PKK 103 MONGGANG,Monggang,Srihardono,SWASTA,https://referensi.data.kemendikdasmen.go.id/pendidikan/npsn/20408932
Kabupaten Bantul,Pundong,paud,20408935,TK PKK 110 TUNAS MELATI,Seyegan,Srihardono,SWASTA,https://referensi.data.kemendikdasmen.go.id/pendidikan/npsn/20408935
Kabupaten Bantul,Pundong,paud,20408926,TK PKK 79,Nglorong,Panjangrejo,SWASTA,https://referensi.data.kemendikdasmen.go.id/pendidikan/npsn/20408926
Kabupaten Bantul,Pundong,paud,20408933,TK RA MASYITHOH IBNU SINA,"CANDI, SRIHARDONO, PUNDONG, BANTUL",Srihardono,SWASTA,https://referensi.data.kemendikdasmen.go.id/pendidikan/npsn/20408933
Kabupaten Bantul,Pundong,paud,20408925,TK RA MASYITHOH NANGSRI,"NANGSRI, SRIHARDONO, PUNDONG, BANTUL",Srihardono,SWASTA,https://referensi.data.kemendikdasmen.go.id/pendidikan/npsn/20408925
Kabupaten Bantul,Pundong,paud,20408939,TK RA MASYITHOH PRANTI,"PRANTI, SRIHARDONO, PUNDONG, BANTUL",Srihardono,SWASTA,https://referensi.data.kemendikdasmen.go.id/pendidikan/npsn/20408939
Kabupaten Bantul,Bambang Lipuro,paud,69813080,KB ALMUTTAQIN,Pete RT 06,Mulyodadi,SWASTA,https://referensi.data.kemendikdasmen.go.id/pendidikan/npsn/69813080
Kabupaten Bantul,Bambang Lipuro,paud,69813091,KB AMARYLIS,KEDON RT. 03,Sumbermulyo,SWASTA,https://referensi.data.kemendikdasmen.go.id/pendidikan/npsn/69813091
Kabupaten Bantul,Bambang Lipuro,paud,69933357,KB AMINAH,KORIPAN,Sidomulyo,SWASTA,https://referensi.data.kemendikdasmen.go.id/pendidikan/npsn/69933357
Kabupaten Bantul,Bambang Lipuro,paud,69812929,KB ANGGREK BULAN,Kutu,Sumbermulyo,SWASTA,https://referensi.data.kemendikdasmen.go.id/pendidikan/npsn/69812929
Kabupaten Bantul,Bambang Lipuro,paud,69812952,KB ANGKASA,TURI,Sidomulyo,SWASTA,https://referensi.data.kemendikdasmen.go.id/pendidikan/npsn/69812952
Kabupaten Bantul,Bambang Lipuro,paud,69812978,KB BHAKTI SIWI,JOMBLANG,Mulyodadi,SWASTA,https://referensi.data.kemendikdasmen.go.id/pendidikan/npsn/69812978
Kabupaten Bantul,Bambang Lipuro,paud,69812994,KB BIDURI,Tempel,Sidomulyo,SWASTA,https://referensi.data.kemendikdasmen.go.id/pendidikan/npsn/69812994
Kabupaten Bantul,Bambang Lipuro,paud,69813024,KB BINA INSANI,"GROGOL, CARIKAN",Mulyodadi,SWASTA,https://referensi.data.kemendikdasmen.go.id/pendidikan/npsn/69813024
Kabupaten Bantul,Bambang Lipuro,paud,69813045,KB CANNA,Dukuh Widaran RT 08 Ponggok,Sidomulyo,SWASTA,https://referensi.data.kemendikdasmen.go.id/pendidikan/npsn/69813045
Kabupaten Bantul,Bambang Lipuro,paud,69813064,KB CEMPAKA,Jombok Siten RT.08,Sumbermulyo,SWASTA,https://referensi.data.kemendikdasmen.go.id/pendidikan/npsn/69813064
Kabupaten Bantul,Bambang Lipuro,paud,69844635,KB FATHIMAH,PLEBENGAN,Sidomulyo,SWASTA,https://referensi.data.kemendikdasmen.go.id/pendidikan/npsn/69844635
Kabupaten Bantul,Bambang Lipuro,paud,69812882,KB HARAPAN IBU,Bondalem,Sumbermulyo,SWASTA,https://referensi.data.kemendikdasmen.go.id/pendidikan/npsn/69812882
Kabupaten Bantul,Bambang Lipuro,paud,69844638,KB KASIH IBU GANJURAN,Kedon RT 01,Sumbermulyo,SWASTA,https://referensi.data.kemendikdasmen.go.id/pendidikan/npsn/69844638
Kabupaten Bantul,Bambang Lipuro,paud,69820584,KB KASIH IBU ZENY ZULFI,Gersik,Sidomulyo,SWASTA,https://referensi.data.kemendikdasmen.go.id/pendidikan/npsn/69820584
Kabupaten Bantul,Bambang Lipuro,paud,69813036,KB KENANGA,Gunungan,Sumbermulyo,SWASTA,https://referensi.data.kemendikdasmen.go.id/pendidikan/npsn/69813036
Kabupaten Bantul,Bambang Lipuro,paud,69813066,KB KUSUMA KASIH TABITHA,TEGAL BELAN,Sidomulyo,SWASTA,https://referensi.data.kemendikdasmen.go.id/pendidikan/npsn/69813066
Kabupaten Bantul,Bambang Lipuro,paud,69863823,KB MENUR,SAMEN,Sidomulyo,SWASTA,https://referensi.data.kemendikdasmen.go.id/pendidikan/npsn/69863823
Kabupaten Bantul,Bambang Lipuro,paud,69812878,KB NURUL FALAAKH,Bekang,Mulyodadi,SWASTA,https://referensi.data.kemendikdasmen.go.id/pendidikan/npsn/69812878
Kabupaten Bantul,Bambang Lipuro,paud,69813012,KB NUSA INDAH,TULASAN RT 05,Mulyodadi,SWASTA,https://referensi.data.kemendikdasmen.go.id/pendidikan/npsn/69813012
Kabupaten Bantul,Bambang Lipuro,paud,69812919,KB NUSA INDAH II,Tangkilan,Sumbermulyo,SWASTA,https://referensi.data.kemendikdasmen.go.id/pendidikan/npsn/69812919
Kabupaten Bantul,Bambang Lipuro,paud,69813041,KB PERMATA HATI,CEPOKO,Sumbermulyo,SWASTA,https://referensi.data.kemendikdasmen.go.id/pendidikan/npsn/69813041
Kabupaten Bantul,Bambang Lipuro,paud,69820551,KB PUTRA TAQWA,BELAN CANGKRING,Mulyodadi,SWASTA,https://referensi.data.kemendikdasmen.go.id/pendidikan/npsn/69820551
Kabupaten Bantul,Bambang Lipuro,paud,69812892,KB RAFLESIA,SIRAT,Sidomulyo,SWASTA,https://referensi.data.kemendikdasmen.go.id/pendidikan/npsn/69812892
Kabupaten Bantul,Bambang Lipuro,paud,69844640,KB SAKURA JOGODAYOH,Jogodayoh,Sumbermulyo,SWASTA,https://referensi.data.kemendikdasmen.go.id/pendidikan/npsn/69844640
Kabupaten Bantul,Bambang Lipuro,paud,69812945,KB SOLEKHAH,Derman,Sumbermulyo,SWASTA,https://referensi.data.kemendikdasmen.go.id/pendidikan/npsn/69812945
Kabupaten Bantul,Bambang Lipuro,paud,69813098,KB SRIDEWA,Wonodoro,Mulyodadi,SWASTA,https://referensi.data.kemendikdasmen.go.id/pendidikan/npsn/69813098
Kabupaten Bantul,Bambang Lipuro,paud,69812866,KB SRIKANDI,NGAMBAH,Mulyodadi,SWASTA,https://referensi.data.kemendikdasmen.go.id/pendidikan/npsn/69812866
Kabupaten Bantul,Bambang Lipuro,paud,69844636,KB TERATAI,KINTELAN,Sumbermulyo,SWASTA,https://referensi.data.kemendikdasmen.go.id/pendidikan/npsn/69844636
Kabupaten Bantul,Bambang Lipuro,paud,69812909,KBIT INSAN MULIA,Ganjuran Permai RT 07,Sumbermulyo,SWASTA,https://referensi.data.kemendikdasmen.go.id/pendidikan/npsn/69812909
Kabupaten Bantul,Bambang Lipuro,paud,69994709,RA ABDUL BARRI,TURI,Sidomulyo,SWASTA,https://referensi.data.kemendikdasmen.go.id/pendidikan/npsn/69994709
Kabupaten Bantul,Bambang Lipuro,paud,69976375,RA AZ-ZIYAADAH SUMBERMULYO BAMBANGLIPURO BANTUL,TINGAS DK. CEPOKO,Mulyodadi,SWASTA,https://referensi.data.kemendikdasmen.go.id/pendidikan/npsn/69976375
Kabupaten Bantul,Bambang Lipuro,paud,69743533,RA/BA/TA INSAN MULIA,GANJURAN PERMAI RT 07 GEDOGAN,Kec. Bambang Lipuro,SWASTA,https://referensi.data.kemendikdasmen.go.id/pendidikan/npsn/69743533
Kabupaten Bantul,Bambang Lipuro,paud,69844661,SPS AMONG SIWI,DESTAN,Mulyodadi,SWASTA,https://referensi.data.kemendikdasmen.go.id/pendidikan/npsn/69844661
Kabupaten Bantul,Bambang Lipuro,paud,69813160,SPS DAHLIA PINGGIR,Gulan - Gulan Pinggir RT 3,Sidomulyo,SWASTA,https://referensi.data.kemendikdasmen.go.id/pendidikan/npsn/69813160
Kabupaten Bantul,Bambang Lipuro,paud,69820589,SPS KEMUNING,Sarang/DK XV Kuwon,Sidomulyo,SWASTA,https://referensi.data.kemendikdasmen.go.id/pendidikan/npsn/69820589
Kabupaten Bantul,Bambang Lipuro,paud,69813264,SPS LILY,Plebengan,Sidomulyo,SWASTA,https://referensi.data.kemendikdasmen.go.id/pendidikan/npsn/69813264
Kabupaten Bantul,Bambang Lipuro,paud,69844660,SPS SERU,Sirat,Sidomulyo,SWASTA,https://referensi.data.kemendikdasmen.go.id/pendidikan/npsn/69844660
Kabupaten Bantul,Bambang Lipuro,paud,20408841,TK ABA DERMAN,Derman,Sumbermulyo,SWASTA,https://referensi.data.kemendikdasmen.go.id/pendidikan/npsn/20408841
Kabupaten Bantul,Bambang Lipuro,paud,20408838,TK ABA JOGODAYOH I,Jogodayoh,Sumbermulyo,SWASTA,https://referensi.data.kemendikdasmen.go.id/pendidikan/npsn/20408838
Kabupaten Bantul,Bambang Lipuro,paud,20408853,TK ABA JOGODAYOH II,GEDOGAN,Sumbermulyo,SWASTA,https://referensi.data.kemendikdasmen.go.id/pendidikan/npsn/20408853
Kabupaten Bantul,Bambang Lipuro,paud,20408855,TK ABA MULYODADI II,Sribit,Mulyodadi,SWASTA,https://referensi.data.kemendikdasmen.go.id/pendidikan/npsn/20408855
Kabupaten Bantul,Bambang Lipuro,paud,20408839,TK ABA MULYODADI III BEKANG,Bekang,Mulyodadi,SWASTA,https://referensi.data.kemendikdasmen.go.id/pendidikan/npsn/20408839
Kabupaten Bantul,Bambang Lipuro,paud,20408837,TK ABA MULYODADI IV BELAN,Belan,Mulyodadi,SWASTA,https://referensi.data.kemendikdasmen.go.id/pendidikan/npsn/20408837
Kabupaten Bantul,Bambang Lipuro,paud,20408833,TK ABA PETE MULYODADI I,Pete RT. 06,Mulyodadi,SWASTA,https://referensi.data.kemendikdasmen.go.id/pendidikan/npsn/20408833
Kabupaten Bantul,Bambang Lipuro,paud,20408845,TK ABA SIDOMULYO I,Koripan,Sidomulyo,SWASTA,https://referensi.data.kemendikdasmen.go.id/pendidikan/npsn/20408845
Kabupaten Bantul,Bambang Lipuro,paud,20408851,TK ABA SIDOMULYO II,Plebengan,Sidomulyo,SWASTA,https://referensi.data.kemendikdasmen.go.id/pendidikan/npsn/20408851
Kabupaten Bantul,Bambang Lipuro,paud,20408857,TK ABA SUMBERMULYO IV,CABEN,Sumbermulyo,SWASTA,https://referensi.data.kemendikdasmen.go.id/pendidikan/npsn/20408857
Kabupaten Bantul,Bambang Lipuro,paud,20408858,TK ABA SUMBERMULYO V,Kedon,Sumbermulyo,SWASTA,https://referensi.data.kemendikdasmen.go.id/pendidikan/npsn/20408858
Kabupaten Bantul,Bambang Lipuro,paud,20408840,TK KANISIUS IMMACULATA I,Ganjuran,Sumbermulyo,SWASTA,https://referensi.data.kemendikdasmen.go.id/pendidikan/npsn/20408840
Kabupaten Bantul,Bambang Lipuro,paud,20408856,TK KKLKMD KUWON,Kuwon,Sidomulyo,SWASTA,https://referensi.data.kemendikdasmen.go.id/pendidikan/npsn/20408856
Kabupaten Bantul,Bambang Lipuro,paud,20408846,TK KKLKMD SEDYO RUKUN,Sirat,Sidomulyo,SWASTA,https://referensi.data.kemendikdasmen.go.id/pendidikan/npsn/20408846
Kabupaten Bantul,Bambang Lipuro,paud,20408836,TK LKMD NGAMBAH,Ngambah,Mulyodadi,SWASTA,https://referensi.data.kemendikdasmen.go.id/pendidikan/npsn/20408836
Kabupaten Bantul,Bambang Lipuro,paud,20408843,TK LKMD TROWOLU,Bondalem,Sumbermulyo,SWASTA,https://referensi.data.kemendikdasmen.go.id/pendidikan/npsn/20408843
Kabupaten Bantul,Bambang Lipuro,paud,20408847,TK NEGERI 1 BAMBANGLIPURO,"PLEBENGAN, SIDOMULYO, BAMBANGLIPURO",Sidomulyo,NEGERI,https://referensi.data.kemendikdasmen.go.id/pendidikan/npsn/20408847
Kabupaten Bantul,Bambang Lipuro,paud,20408849,TK PANTIRINI,Selo,Sidomulyo,SWASTA,https://referensi.data.kemendikdasmen.go.id/pendidikan/npsn/20408849
Kabupaten Bantul,Bambang Lipuro,paud,20408842,TK PERTIWI 50,Siten,Sumbermulyo,SWASTA,https://referensi.data.kemendikdasmen.go.id/pendidikan/npsn/20408842
Kabupaten Bantul,Bambang Lipuro,paud,20408834,TK PERTIWI 51,Tulasan,Mulyodadi,SWASTA,https://referensi.data.kemendikdasmen.go.id/pendidikan/npsn/20408834
Kabupaten Bantul,Bambang Lipuro,paud,20408844,TK PERTIWI 52 SIDOMULYO,Cangkring,Sidomulyo,SWASTA,https://referensi.data.kemendikdasmen.go.id/pendidikan/npsn/20408844
Kabupaten Bantul,Bambang Lipuro,paud,20408835,TK PKK 81 AMONGSIWI,Grogol,Mulyodadi,SWASTA,https://referensi.data.kemendikdasmen.go.id/pendidikan/npsn/20408835
Kabupaten Bantul,Bambang Lipuro,paud,20408850,TK SANTI BAHAGIA,Tempel,Sidomulyo,SWASTA,https://referensi.data.kemendikdasmen.go.id/pendidikan/npsn/20408850
Kabupaten Bantul,Bambang Lipuro,paud,20408848,TK TABITHA,Tegal Belan,Sidomulyo,SWASTA,https://referensi.data.kemendikdasmen.go.id/pendidikan/npsn/20408848
Kabupaten Bantul,Bambang Lipuro,paud,69930255,TPAIT INSAN MULIA,"Gedogan RT 03, Kaligondang",Sumbermulyo,SWASTA,https://referensi.data.kemendikdasmen.go.id/pendidikan/npsn/69930255
Kabupaten Bantul,Pandak,paud,69813023,KB A SHOLIHATUN,Tegallayang 09,Caturharjo,SWASTA,https://referensi.data.kemendikdasmen.go.id/pendidikan/npsn/69813023
Kabupaten Bantul,Pandak,paud,69812966,KB AISYAH,NGABEAN RT. 02,Triharjo,SWASTA,https://referensi.data.kemendikdasmen.go.id/pendidikan/npsn/69812966
Kabupaten Bantul,Pandak,paud,69812984,KB AISYIYAH CAHAYA HATI,Ngaran,Gilangharjo,SWASTA,https://referensi.data.kemendikdasmen.go.id/pendidikan/npsn/69812984
Kabupaten Bantul,Pandak,paud,69967078,KB AISYIYAH FATIMAH,Kalisat RT 07,Triharjo,SWASTA,https://referensi.data.kemendikdasmen.go.id/pendidikan/npsn/69967078
Kabupaten Bantul,Pandak,paud,69812992,KB AISYIYAH KUNTUM MEKAR,TEGALLAYANG 10,Caturharjo,SWASTA,https://referensi.data.kemendikdasmen.go.id/pendidikan/npsn/69812992
Kabupaten Bantul,Pandak,paud,69813001,KB AISYIYAH MUTIARA HATI,Kadisoro,Gilangharjo,SWASTA,https://referensi.data.kemendikdasmen.go.id/pendidikan/npsn/69813001
Kabupaten Bantul,Pandak,paud,69812941,KB AISYIYAH PENYEJUK HATI,Gesikan III RT 04,Wijirejo,SWASTA,https://referensi.data.kemendikdasmen.go.id/pendidikan/npsn/69812941
Kabupaten Bantul,Pandak,paud,69813010,KB AISYIYAH PERMATA HATI NOYOPATEN,Daleman,Gilangharjo,SWASTA,https://referensi.data.kemendikdasmen.go.id/pendidikan/npsn/69813010
Kabupaten Bantul,Pandak,paud,69813039,KB AL HIKMAH,TEGALSEMPU,Caturharjo,SWASTA,https://referensi.data.kemendikdasmen.go.id/pendidikan/npsn/69813039
Kabupaten Bantul,Pandak,paud,69813053,KB AL IHSAN,SIYANGAN RT 05,Triharjo,SWASTA,https://referensi.data.kemendikdasmen.go.id/pendidikan/npsn/69813053
Kabupaten Bantul,Pandak,paud,69865814,KB BIAS PELANGI,Depok,Gilangharjo,SWASTA,https://referensi.data.kemendikdasmen.go.id/pendidikan/npsn/69865814
Kabupaten Bantul,Pandak,paud,69813092,KB BINA ANAK CERDAS,Nglarang RT 04,Triharjo,SWASTA,https://referensi.data.kemendikdasmen.go.id/pendidikan/npsn/69813092
Kabupaten Bantul,Pandak,paud,69812853,KB BINA LESTARI,Jaten RT. 03,Triharjo,SWASTA,https://referensi.data.kemendikdasmen.go.id/pendidikan/npsn/69812853
Kabupaten Bantul,Pandak,paud,69812873,KB BINA PUTRA,Tirto,Triharjo,SWASTA,https://referensi.data.kemendikdasmen.go.id/pendidikan/npsn/69812873
Kabupaten Bantul,Pandak,paud,69812971,KB BINTANG HARAPAN,Jodog,Gilangharjo,SWASTA,https://referensi.data.kemendikdasmen.go.id/pendidikan/npsn/69812971
Kabupaten Bantul,Pandak,paud,69904886,KB BINTANG MULIA,Krekah RT.02,Gilangharjo,SWASTA,https://referensi.data.kemendikdasmen.go.id/pendidikan/npsn/69904886
Kabupaten Bantul,Pandak,paud,69813086,KB BOUGENVILLE,BOGEM,Caturharjo,SWASTA,https://referensi.data.kemendikdasmen.go.id/pendidikan/npsn/69813086
Kabupaten Bantul,Pandak,paud,69813097,KB BUNGA BANGSA,JOMBORAN RT. 05,Gilangharjo,SWASTA,https://referensi.data.kemendikdasmen.go.id/pendidikan/npsn/69813097
Kabupaten Bantul,Pandak,paud,69820558,KB EDELWAIS,Tunjungan RT 05,Caturharjo,SWASTA,https://referensi.data.kemendikdasmen.go.id/pendidikan/npsn/69820558
Kabupaten Bantul,Pandak,paud,69812955,KB FAJAR,Gentan,Caturharjo,SWASTA,https://referensi.data.kemendikdasmen.go.id/pendidikan/npsn/69812955
Kabupaten Bantul,Pandak,paud,69812932,KB HARAPAN BANGSA,Ngeblak RT 05,Wijirejo,SWASTA,https://referensi.data.kemendikdasmen.go.id/pendidikan/npsn/69812932
Kabupaten Bantul,Pandak,paud,69812888,KB INSAN HARAPAN,TEGALLAYANG X,Caturharjo,SWASTA,https://referensi.data.kemendikdasmen.go.id/pendidikan/npsn/69812888
Kabupaten Bantul,Pandak,paud,69812870,KB IT IBNU KHALDUN,Cengkiran,Triharjo,SWASTA,https://referensi.data.kemendikdasmen.go.id/pendidikan/npsn/69812870
Kabupaten Bantul,Pandak,paud,69865812,KB KUNCUP MELATI,Gluntung Kidul,Caturharjo,SWASTA,https://referensi.data.kemendikdasmen.go.id/pendidikan/npsn/69865812
Kabupaten Bantul,Pandak,paud,69813007,KB LESTARI,Gluntung Lor,Caturharjo,SWASTA,https://referensi.data.kemendikdasmen.go.id/pendidikan/npsn/69813007
Kabupaten Bantul,Pandak,paud,69812854,KB LESTARI MULYO,Ciren Rt. 02,Triharjo,SWASTA,https://referensi.data.kemendikdasmen.go.id/pendidikan/npsn/69812854
Kabupaten Bantul,Pandak,paud,69844606,KB Maju Lancar,KUROBOYO,Caturharjo,SWASTA,https://referensi.data.kemendikdasmen.go.id/pendidikan/npsn/69844606
Kabupaten Bantul,Pandak,paud,69865815,KB MARDI SIWI,Gunting,Gilangharjo,SWASTA,https://referensi.data.kemendikdasmen.go.id/pendidikan/npsn/69865815
Kabupaten Bantul,Pandak,paud,69844641,KB MASYITHOH HARAPAN BANGSA II,JIGUDAN RT 06,Triharjo,SWASTA,https://referensi.data.kemendikdasmen.go.id/pendidikan/npsn/69844641
Kabupaten Bantul,Pandak,paud,69813076,KB MELATI,Pandak RT 07,Wijirejo,SWASTA,https://referensi.data.kemendikdasmen.go.id/pendidikan/npsn/69813076
Kabupaten Bantul,Pandak,paud,69813087,KB PERMATA BUNDA,Juwono,Triharjo,SWASTA,https://referensi.data.kemendikdasmen.go.id/pendidikan/npsn/69813087
Kabupaten Bantul,Pandak,paud,69812969,KB PRIMA SANGGAR III,Karanggede,Gilangharjo,SWASTA,https://referensi.data.kemendikdasmen.go.id/pendidikan/npsn/69812969
Kabupaten Bantul,Pandak,paud,69844608,KB PUTRA PERTIWI,Bongsren,Gilangharjo,SWASTA,https://referensi.data.kemendikdasmen.go.id/pendidikan/npsn/69844608
Kabupaten Bantul,Pandak,paud,69812867,KB RAUDHATUS SIBYAN,"Kauman, Wijirejo, Pandak, Bantul",Wijirejo,SWASTA,https://referensi.data.kemendikdasmen.go.id/pendidikan/npsn/69812867
Kabupaten Bantul,Pandak,paud,69865813,KB TERATAI,SAMPARAN RT 04,Caturharjo,SWASTA,https://referensi.data.kemendikdasmen.go.id/pendidikan/npsn/69865813
Kabupaten Bantul,Pandak,paud,69813013,KB TUNAS BANGSA,BAJANG GLONDONG,Gilangharjo,SWASTA,https://referensi.data.kemendikdasmen.go.id/pendidikan/npsn/69813013
Kabupaten Bantul,Pandak,paud,69812885,KB TUNAS HARAPAN,KWALANGAN,Wijirejo,SWASTA,https://referensi.data.kemendikdasmen.go.id/pendidikan/npsn/69812885
Kabupaten Bantul,Pandak,paud,69844607,KB TUNAS HARAPAN,JALAKAN,Triharjo,SWASTA,https://referensi.data.kemendikdasmen.go.id/pendidikan/npsn/69844607
Kabupaten Bantul,Pandak,paud,69743555,RA/BA/TA INSAN HARAPAN,"TEGALLAYANG X, CATURHARJO, PANDAK, BANTUL,YOGYAKARTA",Triharjo,SWASTA,https://referensi.data.kemendikdasmen.go.id/pendidikan/npsn/69743555
Kabupaten Bantul,Pandak,paud,69865823,SPS TUNAS GILANG,KAUMAN RT 06,Gilangharjo,SWASTA,https://referensi.data.kemendikdasmen.go.id/pendidikan/npsn/69865823
Kabupaten Bantul,Pandak,paud,20408785,TK ABA KALISAT,"KALISAT, TRIHARJO, PANDAK, BANTUL",Triharjo,SWASTA,https://referensi.data.kemendikdasmen.go.id/pendidikan/npsn/20408785
Kabupaten Bantul,Pandak,paud,20408796,TK ABA MARSUDISIWI IV,"DEPOK, GILANGHARJO, PANDAK, BANTUL",Gilangharjo,SWASTA,https://referensi.data.kemendikdasmen.go.id/pendidikan/npsn/20408796
Kabupaten Bantul,Pandak,paud,20408784,TK ABA NGABEAN,"NGABEAN, TRIHARJO, PANDAK, BANTUL",Triharjo,SWASTA,https://referensi.data.kemendikdasmen.go.id/pendidikan/npsn/20408784
Kabupaten Bantul,Pandak,paud,20408763,TK ABA PUTRA FAJAR,"DRIYAN, CATURHARJO, PANDAK, BANTUL",Caturharjo,SWASTA,https://referensi.data.kemendikdasmen.go.id/pendidikan/npsn/20408763
Kabupaten Bantul,Pandak,paud,20408776,TK ABA SITI MARIYAH 3,"KADISORO, GILANGHARJO, PANDAK, BANTUL",Gilangharjo,SWASTA,https://referensi.data.kemendikdasmen.go.id/pendidikan/npsn/20408776
Kabupaten Bantul,Pandak,paud,20408787,TK ABA TEGALLAYANG II,"TEGALLAYANG IX, CATURHARJO, PANDAK, BANTUL",Caturharjo,SWASTA,https://referensi.data.kemendikdasmen.go.id/pendidikan/npsn/20408787
Kabupaten Bantul,Pandak,paud,20408766,TK AISYIYAH BUSTANUL ATHFAL GLUNTUNG,"GLUNTUNG, CATURHARJO, PANDAK, BANTUL",Caturharjo,SWASTA,https://referensi.data.kemendikdasmen.go.id/pendidikan/npsn/20408766
Kabupaten Bantul,Pandak,paud,20408782,TK AISYIYAH BUSTANUL ATHFAL MARSUDISIWI II,"DALEMAN, GILANGHARJO, PANDAK, BANTUL",Gilangharjo,SWASTA,https://referensi.data.kemendikdasmen.go.id/pendidikan/npsn/20408782
Kabupaten Bantul,Pandak,paud,20408786,TK AISYIYAH BUSTANUL ATHFAL TEGALLAYANG I,"TEGALLAYANG 10, CATURHARJO, PANDAK, BANTUL",Caturharjo,SWASTA,https://referensi.data.kemendikdasmen.go.id/pendidikan/npsn/20408786
Kabupaten Bantul,Pandak,paud,20408778,TK AISYIYAH MARSUDISIWI I,"JODOG, GILANGHARJO, PANDAK, BANTUL",Gilangharjo,SWASTA,https://referensi.data.kemendikdasmen.go.id/pendidikan/npsn/20408778
Kabupaten Bantul,Pandak,paud,20408783,TK AISYIYAH MARSUDISIWI III PANDAK,"NGARAN, GILANGHARJO, PANDAK, BANTUL",Gilangharjo,SWASTA,https://referensi.data.kemendikdasmen.go.id/pendidikan/npsn/20408783
Kabupaten Bantul,Pandak,paud,20408755,TK BINA PUTRA,"BALE KAMBANG, GILANGHARJO, PANDAK, BANTUL",Gilangharjo,SWASTA,https://referensi.data.kemendikdasmen.go.id/pendidikan/npsn/20408755
Kabupaten Bantul,Pandak,paud,20408760,TK DIPONEGORO,"GESIKAN, WIJIREJO, PANDAK, BANTUL",Wijirejo,SWASTA,https://referensi.data.kemendikdasmen.go.id/pendidikan/npsn/20408760
Kabupaten Bantul,Pandak,paud,20408756,TK HARAPAN KITA PANDAK,"TIRTO, TRIHARJO, PANDAK, BANTUL",Triharjo,SWASTA,https://referensi.data.kemendikdasmen.go.id/pendidikan/npsn/20408756
Kabupaten Bantul,Pandak,paud,20408791,TK INDRIYASANA I NOYOPATEN,"NOYOPATEN, GILANGHARJO, PANDAK, BANTUL",Gilangharjo,SWASTA,https://referensi.data.kemendikdasmen.go.id/pendidikan/npsn/20408791
Kabupaten Bantul,Pandak,paud,20408792,TK INDRIYASANA II BANTULAN,"BANTULAN, GILANGHARJO, PANDAK, BANTUL",Gilangharjo,SWASTA,https://referensi.data.kemendikdasmen.go.id/pendidikan/npsn/20408792
Kabupaten Bantul,Pandak,paud,20408799,TK IT IBNU KHALDUN,"CENGKIRAN, TRIHARJO, PANDAK, BANTUL",Triharjo,SWASTA,https://referensi.data.kemendikdasmen.go.id/pendidikan/npsn/20408799
Kabupaten Bantul,Pandak,paud,20408790,TK KANISIUS PUSPORINI,"PIJENAN, WIJIREJO, PANDAK, BANTUL",Wijirejo,SWASTA,https://referensi.data.kemendikdasmen.go.id/pendidikan/npsn/20408790
Kabupaten Bantul,Pandak,paud,20408765,TK KKLKMD TUNJUNGAN,"TUNJUNGAN, CATUR HARJO, PANDAK, BANTUL",Caturharjo,SWASTA,https://referensi.data.kemendikdasmen.go.id/pendidikan/npsn/20408765
Kabupaten Bantul,Pandak,paud,20408798,TK MASYITHOH AL KAUTSAR,"KARANGGEDE, GILANGHARJO, PANDAK, BANTUL",Gilangharjo,SWASTA,https://referensi.data.kemendikdasmen.go.id/pendidikan/npsn/20408798
Kabupaten Bantul,Pandak,paud,20408794,TK MASYITHOH IV PANDAK,"BANJARWARU, GILANGHARJO, PANDAK, BANTUL",Gilangharjo,SWASTA,https://referensi.data.kemendikdasmen.go.id/pendidikan/npsn/20408794
Kabupaten Bantul,Pandak,paud,20408767,TK MASYITHOH KAUMAN,"KAUMAN, WIJIREJO, PANDAK, BANTUL",Wijirejo,SWASTA,https://referensi.data.kemendikdasmen.go.id/pendidikan/npsn/20408767
Kabupaten Bantul,Pandak,paud,20408771,TK MASYITHOH KETANDAN,"KETANDAN, GILANGHARJO, PANDAK, BANTUL",Gilangharjo,SWASTA,https://referensi.data.kemendikdasmen.go.id/pendidikan/npsn/20408771
Kabupaten Bantul,Pandak,paud,20408769,TK MASYITHOH PIJENAN,"PIJENAN, WIJIREJO, PANDAK, BANTUL",Wijirejo,SWASTA,https://referensi.data.kemendikdasmen.go.id/pendidikan/npsn/20408769
Kabupaten Bantul,Pandak,paud,20408788,TK NEGERI 1 PANDAK,"CIREN, TRIHARJO, PANDAK, BANTUL",Triharjo,NEGERI,https://referensi.data.kemendikdasmen.go.id/pendidikan/npsn/20408788
Kabupaten Bantul,Pandak,paud,20408762,TK PAMARDISIWI PANDAK,"PANDAK, WIJIREJO, PANDAK, BANTUL",Wijirejo,SWASTA,https://referensi.data.kemendikdasmen.go.id/pendidikan/npsn/20408762
Kabupaten Bantul,Pandak,paud,20408748,TK PERTIWI 13 BONGSREN,"BONGSREN, GILANGHARJO, PANDAK, BANTUL",Gilangharjo,SWASTA,https://referensi.data.kemendikdasmen.go.id/pendidikan/npsn/20408748
Kabupaten Bantul,Pandak,paud,20408747,TK PERTIWI 30 PANDAK,"GEDONG SARI, WIJIREJO, PANDAK, BANTUL",Wijirejo,SWASTA,https://referensi.data.kemendikdasmen.go.id/pendidikan/npsn/20408747
Kabupaten Bantul,Pandak,paud,20408741,TK PERTIWI 59 PANDAK,"BAJANG, WIJIREJO, PANDAK, BANTUL",Wijirejo,SWASTA,https://referensi.data.kemendikdasmen.go.id/pendidikan/npsn/20408741
Kabupaten Bantul,Pandak,paud,20408797,TK PKK 107 ARGOSIWI,"JALAKAN, TRIHARJO, PANDAK, BANTUL",Triharjo,SWASTA,https://referensi.data.kemendikdasmen.go.id/pendidikan/npsn/20408797
Kabupaten Bantul,Pandak,paud,20408749,TK PKK 15 PANDAK,"KASOKAN, TRIHARJO, PANDAK, BANTUL",Triharjo,SWASTA,https://referensi.data.kemendikdasmen.go.id/pendidikan/npsn/20408749
Kabupaten Bantul,Pandak,paud,20408753,TK PKK47 EKAPRATIWI,"TEGALSEMPU, CATURHARJO, PANDAK, BANTUL",Caturharjo,SWASTA,https://referensi.data.kemendikdasmen.go.id/pendidikan/npsn/20408753
Kabupaten Bantul,Pandak,paud,20408801,TK TUNAS BANGSA,"DALEMAN, GILANGHARJO, PANDAK, BANTUL",Gilangharjo,SWASTA,https://referensi.data.kemendikdasmen.go.id/pendidikan/npsn/20408801
Kabupaten Bantul,Pandak,paud,70006336,TPA IT IBNU KHALDUN,CENGKIRAN,Triharjo,SWASTA,https://referensi.data.kemendikdasmen.go.id/pendidikan/npsn/70006336
Kabupaten Bantul,Pandak,paud,69820552,TPA PERMATA HATI,Daleman,Gilangharjo,SWASTA,https://referensi.data.kemendikdasmen.go.id/pendidikan/npsn/69820552
Kabupaten Bantul,Bantul,paud,69812859,KB AISYIYAH KHOTIJAH,Serayu,Bantul,SWASTA,https://referensi.data.kemendikdasmen.go.id/pendidikan/npsn/69812859
Kabupaten Bantul,Bantul,paud,69812887,KB AISYIYAH MARDI PUTRA,"Jalan Hos Cokroaminoto No. 97 A, Gedriyan",Bantul,SWASTA,https://referensi.data.kemendikdasmen.go.id/pendidikan/npsn/69812887
Kabupaten Bantul,Bantul,paud,69961227,KB AISYIYAH PANTI PUTRA,Jetak RT 03,Ringin Harjo,SWASTA,https://referensi.data.kemendikdasmen.go.id/pendidikan/npsn/69961227
Kabupaten Bantul,Bantul,paud,69861010,KB AISYIYAH TRIRENGGO,Pepe RT 01,Trirenggo,SWASTA,https://referensi.data.kemendikdasmen.go.id/pendidikan/npsn/69861010
Kabupaten Bantul,Bantul,paud,69812958,KB AL BAYAN,"Teruman, Kresen RT 03",Bantul,SWASTA,https://referensi.data.kemendikdasmen.go.id/pendidikan/npsn/69812958
Kabupaten Bantul,Bantul,paud,69813055,KB AN NISA,SERUT,Palbapang,SWASTA,https://referensi.data.kemendikdasmen.go.id/pendidikan/npsn/69813055
Kabupaten Bantul,Bantul,paud,69813071,KB ARUM LESTARI,Teruman RT. 02 Kresen,Bantul,SWASTA,https://referensi.data.kemendikdasmen.go.id/pendidikan/npsn/69813071
Kabupaten Bantul,Bantul,paud,69916640,KB AS SAKINAH,Kadirojo,Palbapang,SWASTA,https://referensi.data.kemendikdasmen.go.id/pendidikan/npsn/69916640
Kabupaten Bantul,Bantul,paud,69861009,KB AVERROES,"PEPE NGENTHAK RT. 02, BOGORAN",Trirenggo,SWASTA,https://referensi.data.kemendikdasmen.go.id/pendidikan/npsn/69861009
Kabupaten Bantul,Bantul,paud,69812972,KB AZ ZAHRA,Kresen RT 05,Bantul,SWASTA,https://referensi.data.kemendikdasmen.go.id/pendidikan/npsn/69812972
Kabupaten Bantul,Bantul,paud,69813009,KB BALITA CERIA,Gemahan,Ringin Harjo,SWASTA,https://referensi.data.kemendikdasmen.go.id/pendidikan/npsn/69813009
Kabupaten Bantul,Bantul,paud,69813058,KB BHAKTI ANNISA WANITA ISLAM,Jl. Gajah Mada No. 5,Bantul,SWASTA,https://referensi.data.kemendikdasmen.go.id/pendidikan/npsn/69813058
Kabupaten Bantul,Bantul,paud,69813090,KB BOPKRI PELANGI BANTUL,Jl. Mgr. Sugiyopranoto No. 169,Trirenggo,SWASTA,https://referensi.data.kemendikdasmen.go.id/pendidikan/npsn/69813090
Kabupaten Bantul,Bantul,paud,69812862,KB BOUGENVILLE I,Bolon,Palbapang,SWASTA,https://referensi.data.kemendikdasmen.go.id/pendidikan/npsn/69812862
Kabupaten Bantul,Bantul,paud,70060187,KB Islam (Plus) Bina Lembaga,Manding Rt 007,Trirenggo,SWASTA,https://referensi.data.kemendikdasmen.go.id/pendidikan/npsn/70060187
Kabupaten Bantul,Bantul,paud,69861008,KB ISLAM AL-AZHAR 38 BANTUL,"TERUMAN, KERSEN",Bantul,SWASTA,https://referensi.data.kemendikdasmen.go.id/pendidikan/npsn/69861008
Kabupaten Bantul,Bantul,paud,69812963,KB ISLAM ALFATHAN,"Gang Kelapa RT 02, Badegan",Bantul,SWASTA,https://referensi.data.kemendikdasmen.go.id/pendidikan/npsn/69812963
Kabupaten Bantul,Bantul,paud,70055121,KB Islam Himmatul Kahfi,Gayam Dk. Gumuk RT 06,Ringin Harjo,SWASTA,https://referensi.data.kemendikdasmen.go.id/pendidikan/npsn/70055121
Kabupaten Bantul,Bantul,paud,69820565,KB ISLAM RATNANINGSIH,Jl. Dr. SUTOMO GANG SIRKAYA NO. 6,Bantul,SWASTA,https://referensi.data.kemendikdasmen.go.id/pendidikan/npsn/69820565
Kabupaten Bantul,Bantul,paud,69820585,KB JAMBU,Bogoran,Trirenggo,SWASTA,https://referensi.data.kemendikdasmen.go.id/pendidikan/npsn/69820585
Kabupaten Bantul,Bantul,paud,69813015,KB KHOTIJAH,"Jl. Pangeran Diponegoro No. 55, Babadan",Bantul,SWASTA,https://referensi.data.kemendikdasmen.go.id/pendidikan/npsn/69813015
Kabupaten Bantul,Bantul,paud,69813044,KB KUNCUP HARAPAN,KEYONGAN LOR,Sabdodadi,SWASTA,https://referensi.data.kemendikdasmen.go.id/pendidikan/npsn/69813044
Kabupaten Bantul,Bantul,paud,69820611,KB KUNCUP MEKAR,Deresan,Ringin Harjo,SWASTA,https://referensi.data.kemendikdasmen.go.id/pendidikan/npsn/69820611
Kabupaten Bantul,Bantul,paud,70034578,KB Lintang Alit,"jl. Menur RT. 06, Bantul Timur",Trirenggo,SWASTA,https://referensi.data.kemendikdasmen.go.id/pendidikan/npsn/70034578
Kabupaten Bantul,Bantul,paud,69812881,KB MAWAR,Gandekan RT 03,Trirenggo,SWASTA,https://referensi.data.kemendikdasmen.go.id/pendidikan/npsn/69812881
Kabupaten Bantul,Bantul,paud,69812893,KB MUTIARA HATI,NECO LOR RT 01,Sabdodadi,SWASTA,https://referensi.data.kemendikdasmen.go.id/pendidikan/npsn/69812893
Kabupaten Bantul,Bantul,paud,69812914,KB NURUL YAQIN,Tajen,Palbapang,SWASTA,https://referensi.data.kemendikdasmen.go.id/pendidikan/npsn/69812914
Kabupaten Bantul,Bantul,paud,69812924,KB PELANGI,Jl. WACHID HASYIM 37,Palbapang,SWASTA,https://referensi.data.kemendikdasmen.go.id/pendidikan/npsn/69812924
Kabupaten Bantul,Bantul,paud,69962602,KB PEMBINA TUNAS BANGSA,Manding,Sabdodadi,SWASTA,https://referensi.data.kemendikdasmen.go.id/pendidikan/npsn/69962602
Kabupaten Bantul,Bantul,paud,69820574,KB PERKUTUT,MELIKAN LOR,Bantul,SWASTA,https://referensi.data.kemendikdasmen.go.id/pendidikan/npsn/69820574
Kabupaten Bantul,Bantul,paud,69903086,KB SANTA THERESIA,"Jl. MGR. Albertus Sugiyopranoto, No.1",Bantul,SWASTA,https://referensi.data.kemendikdasmen.go.id/pendidikan/npsn/69903086
Kabupaten Bantul,Bantul,paud,69812951,KBIT AR RAIHAN,"Jl. Kweden - Karangmojo No 8, Trirenggo, Bantul, Bantul",Trirenggo,SWASTA,https://referensi.data.kemendikdasmen.go.id/pendidikan/npsn/69812951
Kabupaten Bantul,Bantul,paud,69743540,RA AVERROUS,Pepe RT 03 Bogoran,Trirenggo,SWASTA,https://referensi.data.kemendikdasmen.go.id/pendidikan/npsn/69743540
Kabupaten Bantul,Bantul,paud,69743539,RA/BA/TA AR-RAIHAN,Jl. Ir. Juanda Kweden Trirenggo Bantul,Trirenggo,SWASTA,https://referensi.data.kemendikdasmen.go.id/pendidikan/npsn/69743539
Kabupaten Bantul,Bantul,paud,69813284,SPS ALAM EDELWYS,Serut RT.006,Palbapang,SWASTA,https://referensi.data.kemendikdasmen.go.id/pendidikan/npsn/69813284
Kabupaten Bantul,Bantul,paud,69813102,SPS DUKU,KWEDEN RT 01,Trirenggo,SWASTA,https://referensi.data.kemendikdasmen.go.id/pendidikan/npsn/69813102
Kabupaten Bantul,Bantul,paud,69813139,SPS KAMBOJA,"TARUBAN, NGRINGINAN",Palbapang,SWASTA,https://referensi.data.kemendikdasmen.go.id/pendidikan/npsn/69813139
Kabupaten Bantul,Bantul,paud,69813185,SPS MEKAR,"Jl. Pangeran Diponegoro No. 18, Babadan",Bantul,SWASTA,https://referensi.data.kemendikdasmen.go.id/pendidikan/npsn/69813185
Kabupaten Bantul,Bantul,paud,69813273,SPS MEKARSARI,BADEGAN RT 10,Bantul,SWASTA,https://referensi.data.kemendikdasmen.go.id/pendidikan/npsn/69813273
Kabupaten Bantul,Bantul,paud,69813247,SPS MEKARSARI NOGOSARI,NOGOSARI RT 01,Trirenggo,SWASTA,https://referensi.data.kemendikdasmen.go.id/pendidikan/npsn/69813247
Kabupaten Bantul,Bantul,paud,69813297,SPS PEPAYA,Bakulan RT 002,Trirenggo,SWASTA,https://referensi.data.kemendikdasmen.go.id/pendidikan/npsn/69813297
Kabupaten Bantul,Bantul,paud,69813310,SPS RAMBUTAN,PEPE,Trirenggo,SWASTA,https://referensi.data.kemendikdasmen.go.id/pendidikan/npsn/69813310
Kabupaten Bantul,Bantul,paud,69820612,SPS SEKAR MELATI,"GRUJUGAN, TEGALDOWO",Bantul,SWASTA,https://referensi.data.kemendikdasmen.go.id/pendidikan/npsn/69820612
Kabupaten Bantul,Bantul,paud,69916639,SPS TERATAI,"Selo, DK Dagaran RT.05",Palbapang,SWASTA,https://referensi.data.kemendikdasmen.go.id/pendidikan/npsn/69916639
Kabupaten Bantul,Bantul,paud,69820559,SPS TUNAS HARAPAN,Bantul Warung RT 002,Bantul,SWASTA,https://referensi.data.kemendikdasmen.go.id/pendidikan/npsn/69820559
Kabupaten Bantul,Bantul,paud,69813135,SPS TUNAS MELATI,Karasan RT 003,Palbapang,SWASTA,https://referensi.data.kemendikdasmen.go.id/pendidikan/npsn/69813135
Kabupaten Bantul,Bantul,paud,69813155,SPS WIJAYA KUSUMA,"Jl. Sultan Agung, Cepor Lor",Palbapang,SWASTA,https://referensi.data.kemendikdasmen.go.id/pendidikan/npsn/69813155
Kabupaten Bantul,Bantul,paud,20407626,TK ABA AL-FAJAR,CEPOKO,Trirenggo,SWASTA,https://referensi.data.kemendikdasmen.go.id/pendidikan/npsn/20407626
Kabupaten Bantul,Bantul,paud,20407629,TK ABA AMONG PUTRO,JL. P. DIPONEGORO 55 BABADAN,Bantul,SWASTA,https://referensi.data.kemendikdasmen.go.id/pendidikan/npsn/20407629
Kabupaten Bantul,Bantul,paud,20408593,TK ABA AMONG PUTRO KADIROJO,KADIROJO,Palbapang,SWASTA,https://referensi.data.kemendikdasmen.go.id/pendidikan/npsn/20408593
Kabupaten Bantul,Bantul,paud,20407680,TK ABA BOGORAN,PEPE,Trirenggo,SWASTA,https://referensi.data.kemendikdasmen.go.id/pendidikan/npsn/20407680
Kabupaten Bantul,Bantul,paud,70034745,TK ABA Keyongan Kidul,Keyongan Kidul RT 06,Sabdodadi,SWASTA,https://referensi.data.kemendikdasmen.go.id/pendidikan/npsn/70034745
Kabupaten Bantul,Bantul,paud,20408581,TK ABA MARDI PUTRA,JL. HOS COKROAMINOTO NO 97A,Bantul,SWASTA,https://referensi.data.kemendikdasmen.go.id/pendidikan/npsn/20408581
Kabupaten Bantul,Bantul,paud,20408585,TK ABA PANTI PUTRA,JETAK,Ringin Harjo,SWASTA,https://referensi.data.kemendikdasmen.go.id/pendidikan/npsn/20408585
Kabupaten Bantul,Bantul,paud,20407632,TK ABA PANTISIWI,SERUT,Palbapang,SWASTA,https://referensi.data.kemendikdasmen.go.id/pendidikan/npsn/20407632
Kabupaten Bantul,Bantul,paud,20407634,TK ABA SERAYU,SERAYU,Bantul,SWASTA,https://referensi.data.kemendikdasmen.go.id/pendidikan/npsn/20407634
Kabupaten Bantul,Bantul,paud,69958811,TK ALIFA MUSLIM MONTESSORI BANTUL,Jl. Lingkar Timur Ringroad,Bantul,SWASTA,https://referensi.data.kemendikdasmen.go.id/pendidikan/npsn/69958811
Kabupaten Bantul,Bantul,paud,20407639,TK BHINEKA II,NOGOSARI,Trirenggo,SWASTA,https://referensi.data.kemendikdasmen.go.id/pendidikan/npsn/20407639
Kabupaten Bantul,Bantul,paud,20408592,TK BHINEKA KLEMBON,KLEMBON,Trirenggo,SWASTA,https://referensi.data.kemendikdasmen.go.id/pendidikan/npsn/20408592
Kabupaten Bantul,Bantul,paud,69759822,TK BOPKRI PELANGI BANTUL,"JL. MGR. SUGIYOPRANOTO, BOGORAN",Bantul,SWASTA,https://referensi.data.kemendikdasmen.go.id/pendidikan/npsn/69759822
Kabupaten Bantul,Bantul,paud,69820607,TK ISLAM AL AZHAR 38 BANTUL,PEMUDA,Bantul,SWASTA,https://referensi.data.kemendikdasmen.go.id/pendidikan/npsn/69820607
Kabupaten Bantul,Bantul,paud,69892796,TK ISLAM ALFATHAN,"Gang Kelapa RT. 02, Badegan",Bantul,SWASTA,https://referensi.data.kemendikdasmen.go.id/pendidikan/npsn/69892796
Kabupaten Bantul,Bantul,paud,20407681,TK ISLAM BINA LEMBAGA,MANDING GANDEKAN,Trirenggo,SWASTA,https://referensi.data.kemendikdasmen.go.id/pendidikan/npsn/20407681
Kabupaten Bantul,Bantul,paud,20408594,TK ISLAM RATNANINGSIH,"JL. Dr. SUTOMO, GANG SIRKAYA NO. 6, BADEGAN",Bantul,SWASTA,https://referensi.data.kemendikdasmen.go.id/pendidikan/npsn/20408594
Kabupaten Bantul,Bantul,paud,20407644,TK JEBUGAN BARU,JL. RA KARTINI,Trirenggo,SWASTA,https://referensi.data.kemendikdasmen.go.id/pendidikan/npsn/20407644
Kabupaten Bantul,Bantul,paud,20407646,TK KARTIKA III-35,JL.WAKHID HASYIM SUMURAN,Palbapang,SWASTA,https://referensi.data.kemendikdasmen.go.id/pendidikan/npsn/20407646
Kabupaten Bantul,Bantul,paud,20407648,TK KARTINI,SRAGAN,Trirenggo,SWASTA,https://referensi.data.kemendikdasmen.go.id/pendidikan/npsn/20407648
Kabupaten Bantul,Bantul,paud,20408590,TK KEMALA BHAYANGKARI 07,JL. Jendral Sudirman No. 202 Badegan,Bantul,SWASTA,https://referensi.data.kemendikdasmen.go.id/pendidikan/npsn/20408590
Kabupaten Bantul,Bantul,paud,20407637,TK KKLKMD AMONG PUTRO,NGRINGINAN,Palbapang,SWASTA,https://referensi.data.kemendikdasmen.go.id/pendidikan/npsn/20407637
Kabupaten Bantul,Bantul,paud,20407653,TK LEMBAGA TAMA II,KEYONGAN LOR,Sabdodadi,SWASTA,https://referensi.data.kemendikdasmen.go.id/pendidikan/npsn/20407653
Kabupaten Bantul,Bantul,paud,20407657,TK LEMBAGA TAMA III,SUTRAN,Sabdodadi,SWASTA,https://referensi.data.kemendikdasmen.go.id/pendidikan/npsn/20407657
Kabupaten Bantul,Bantul,paud,20408591,TK LKMD KARANGGAYAM,"KARANGGAYAM, BANTUL, BANTUL",Bantul,SWASTA,https://referensi.data.kemendikdasmen.go.id/pendidikan/npsn/20408591
Kabupaten Bantul,Bantul,paud,20407659,TK MARSUDI PUTRA,DUKUH,Palbapang,SWASTA,https://referensi.data.kemendikdasmen.go.id/pendidikan/npsn/20407659
Kabupaten Bantul,Bantul,paud,20408589,TK MASYITHOH 1 GEMAHAN,GEMAHAN,Ringin Harjo,SWASTA,https://referensi.data.kemendikdasmen.go.id/pendidikan/npsn/20408589
Kabupaten Bantul,Bantul,paud,20407670,TK MASYITHOH KARANGMOJO,KARANGMOJO,Trirenggo,SWASTA,https://referensi.data.kemendikdasmen.go.id/pendidikan/npsn/20407670
Kabupaten Bantul,Bantul,paud,20408002,TK MASYITHOH PALBAPANG,JL.SULTAN AGUNG CEPOR LOR,Palbapang,SWASTA,https://referensi.data.kemendikdasmen.go.id/pendidikan/npsn/20408002
Kabupaten Bantul,Bantul,paud,20407638,TK NEGERI 1 BANTUL,GUMUK,Ringin Harjo,NEGERI,https://referensi.data.kemendikdasmen.go.id/pendidikan/npsn/20407638
Kabupaten Bantul,Bantul,paud,20407672,TK PEMBINA,JL.DR.WAHIDIN SUDIROHUSODO,Sabdodadi,SWASTA,https://referensi.data.kemendikdasmen.go.id/pendidikan/npsn/20407672
Kabupaten Bantul,Bantul,paud,20408587,TK PERTIWI 53,GEBLAG,Bantul,SWASTA,https://referensi.data.kemendikdasmen.go.id/pendidikan/npsn/20408587
Kabupaten Bantul,Bantul,paud,20408588,TK PERTIWI 54 TERUMAN,KRESEN,Bantul,SWASTA,https://referensi.data.kemendikdasmen.go.id/pendidikan/npsn/20408588
Kabupaten Bantul,Bantul,paud,20407674,TK PERTIWI I,JL.AHMAD YANI NO. 07,Bantul,SWASTA,https://referensi.data.kemendikdasmen.go.id/pendidikan/npsn/20407674
Kabupaten Bantul,Bantul,paud,20407677,TK SANTA THERESIA,JL.SOEGIYOPRANOTO I,Bantul,SWASTA,https://referensi.data.kemendikdasmen.go.id/pendidikan/npsn/20407677
Kabupaten Bantul,Bantul,paud,20407679,TK TAMAN PUTRA,BOLON,Palbapang,SWASTA,https://referensi.data.kemendikdasmen.go.id/pendidikan/npsn/20407679
Kabupaten Bantul,Bantul,paud,69759823,TKIT AL BAYAN,TERUMAN KRESEN,Bantul,SWASTA,https://referensi.data.kemendikdasmen.go.id/pendidikan/npsn/69759823
Kabupaten Bantul,Bantul,paud,69961995,TPA AISYIYAH MARDI PUTRA,Jl. Basuki Rahmat No. 6,Bantul,SWASTA,https://referensi.data.kemendikdasmen.go.id/pendidikan/npsn/69961995
Kabupaten Bantul,Bantul,paud,69861780,TPA AR - RAHMAN,Kadirojo,Palbapang,SWASTA,https://referensi.data.kemendikdasmen.go.id/pendidikan/npsn/69861780
Kabupaten Bantul,Bantul,paud,69820595,TPA AR RAIHAN,KWEDEN RT. 02,Trirenggo,SWASTA,https://referensi.data.kemendikdasmen.go.id/pendidikan/npsn/69820595
Kabupaten Bantul,Bantul,paud,69813292,TPA ISLAM RATNANINGSIH,Jl. Urip Sumoharjo Badegan RT 12,Bantul,SWASTA,https://referensi.data.kemendikdasmen.go.id/pendidikan/npsn/69813292
Kabupaten Bantul,Bantul,paud,70035124,TPA Lintang Alit,"jl. Menur RT. 06, Bantul Timur",Trirenggo,SWASTA,https://referensi.data.kemendikdasmen.go.id/pendidikan/npsn/70035124
Kabupaten Bantul,Bantul,paud,70043465,TPA NURUL MUJAHID FOUNDATION,"Jl GANDEKAN RAYA, KALIGAWE RT 02/21, DK GEBLAK",Bantul,SWASTA,https://referensi.data.kemendikdasmen.go.id/pendidikan/npsn/70043465
Kabupaten Bantul,Jetis,paud,69913956,KB AISYIYAH PONGGOK II,Ponggok II,Trimulyo,SWASTA,https://referensi.data.kemendikdasmen.go.id/pendidikan/npsn/69913956
Kabupaten Bantul,Jetis,paud,69813003,KB SENYUM MENTARI,Bulu,Trimulyo,SWASTA,https://referensi.data.kemendikdasmen.go.id/pendidikan/npsn/69813003
Kabupaten Bantul,Jetis,paud,69812911,KB AISYIYAH BLAWONG,BLAWONG RT 03,Trimulyo,SWASTA,https://referensi.data.kemendikdasmen.go.id/pendidikan/npsn/69812911
Kabupaten Bantul,Jetis,paud,69812959,KB AISYIYAH BULUS KULON,BULUS KULON,Sumber Agung,SWASTA,https://referensi.data.kemendikdasmen.go.id/pendidikan/npsn/69812959
Kabupaten Bantul,Jetis,paud,69911159,KB AISYIYAH DENOKAN,Denokan,Trimulyo,SWASTA,https://referensi.data.kemendikdasmen.go.id/pendidikan/npsn/69911159
Kabupaten Bantul,Jetis,paud,69813093,KB AISYIYAH PUTON,Puton,Trimulyo,SWASTA,https://referensi.data.kemendikdasmen.go.id/pendidikan/npsn/69813093
Kabupaten Bantul,Jetis,paud,69812934,KB ANGGREK,Ponggok I,Trimulyo,SWASTA,https://referensi.data.kemendikdasmen.go.id/pendidikan/npsn/69812934
Kabupaten Bantul,Jetis,paud,69820582,KB AULADUNA,Sulang Lor RT 53,Patalan,SWASTA,https://referensi.data.kemendikdasmen.go.id/pendidikan/npsn/69820582
Kabupaten Bantul,Jetis,paud,69813069,KB BUDI ASIH,Suren Kulon,Canden,SWASTA,https://referensi.data.kemendikdasmen.go.id/pendidikan/npsn/69813069
Kabupaten Bantul,Jetis,paud,69813089,KB BUDI MULYO,Gadungan Kepuh RT.004,Canden,SWASTA,https://referensi.data.kemendikdasmen.go.id/pendidikan/npsn/69813089
Kabupaten Bantul,Jetis,paud,69813021,KB BUNGA BANGSA,Pulokadang RT 01,Canden,SWASTA,https://referensi.data.kemendikdasmen.go.id/pendidikan/npsn/69813021
Kabupaten Bantul,Jetis,paud,69812944,KB CAHAYA ILAHI,Barongan,Sumber Agung,SWASTA,https://referensi.data.kemendikdasmen.go.id/pendidikan/npsn/69812944
Kabupaten Bantul,Jetis,paud,69813063,KB CENDEKIA,Ketandan RT 82,Patalan,SWASTA,https://referensi.data.kemendikdasmen.go.id/pendidikan/npsn/69813063
Kabupaten Bantul,Jetis,paud,69812942,KB CITRA BANGSA MULIA,Bembem,Trimulyo,SWASTA,https://referensi.data.kemendikdasmen.go.id/pendidikan/npsn/69812942
Kabupaten Bantul,Jetis,paud,69812922,KB CITRA BANGSA MULIA 2,Kembangsongo,Trimulyo,SWASTA,https://referensi.data.kemendikdasmen.go.id/pendidikan/npsn/69812922
Kabupaten Bantul,Jetis,paud,69844614,KB HARAPAN BUNDA,KEMBANGSONGO,Trimulyo,SWASTA,https://referensi.data.kemendikdasmen.go.id/pendidikan/npsn/69844614
Kabupaten Bantul,Jetis,paud,69861779,KB KANA,MANGGUNG RT 03,Sumber Agung,SWASTA,https://referensi.data.kemendikdasmen.go.id/pendidikan/npsn/69861779
Kabupaten Bantul,Jetis,paud,69813034,KB KARYA MULIA,KERTAN,Sumber Agung,SWASTA,https://referensi.data.kemendikdasmen.go.id/pendidikan/npsn/69813034
Kabupaten Bantul,Jetis,paud,69812977,KB KUNCUP HARAPAN,Bulusan DK. Jayan RT.04,Canden,SWASTA,https://referensi.data.kemendikdasmen.go.id/pendidikan/npsn/69812977
Kabupaten Bantul,Jetis,paud,70060153,KB LUKU,"Sarekan RT 05, Plembutan",Canden,SWASTA,https://referensi.data.kemendikdasmen.go.id/pendidikan/npsn/70060153
Kabupaten Bantul,Jetis,paud,69813026,KB MANDIRI PUTRA,Bulus Wetan DK. Nogosari,Sumber Agung,SWASTA,https://referensi.data.kemendikdasmen.go.id/pendidikan/npsn/69813026
Kabupaten Bantul,Jetis,paud,69812953,KB MATAHARI,TANJUNG KARANG,Patalan,SWASTA,https://referensi.data.kemendikdasmen.go.id/pendidikan/npsn/69812953
Kabupaten Bantul,Jetis,paud,69813006,KB MELATI,Kiringan,Canden,SWASTA,https://referensi.data.kemendikdasmen.go.id/pendidikan/npsn/69813006
Kabupaten Bantul,Jetis,paud,69812979,KB MELATI PUTIH,Blawong II,Trimulyo,SWASTA,https://referensi.data.kemendikdasmen.go.id/pendidikan/npsn/69812979
Kabupaten Bantul,Jetis,paud,69813025,KB MUTIARA HATI,BLAWONG I,Trimulyo,SWASTA,https://referensi.data.kemendikdasmen.go.id/pendidikan/npsn/69813025
Kabupaten Bantul,Jetis,paud,69813046,KB NURUL ILMI,GELANGAN RT 15,Patalan,SWASTA,https://referensi.data.kemendikdasmen.go.id/pendidikan/npsn/69813046
Kabupaten Bantul,Jetis,paud,69844612,KB PELANGI,Medelan,Sumber Agung,SWASTA,https://referensi.data.kemendikdasmen.go.id/pendidikan/npsn/69844612
Kabupaten Bantul,Jetis,paud,69861778,KB SAKURA,Bakulan Kulon,Patalan,SWASTA,https://referensi.data.kemendikdasmen.go.id/pendidikan/npsn/69861778
Kabupaten Bantul,Jetis,paud,69844611,KB SAKURA,SUREN WETAN,Canden,SWASTA,https://referensi.data.kemendikdasmen.go.id/pendidikan/npsn/69844611
Kabupaten Bantul,Jetis,paud,69812987,KB SEKAR ARUM,BERAN,Canden,SWASTA,https://referensi.data.kemendikdasmen.go.id/pendidikan/npsn/69812987
Kabupaten Bantul,Jetis,paud,69812895,KB TERATAI CERIA,Gaduh RT 02,Patalan,SWASTA,https://referensi.data.kemendikdasmen.go.id/pendidikan/npsn/69812895
Kabupaten Bantul,Jetis,paud,69812939,KB TUNAS HARAPAN,Canden,Canden,SWASTA,https://referensi.data.kemendikdasmen.go.id/pendidikan/npsn/69812939
Kabupaten Bantul,Jetis,paud,69844613,KB TUNAS MUDA,Pangkah,Sumber Agung,SWASTA,https://referensi.data.kemendikdasmen.go.id/pendidikan/npsn/69844613
Kabupaten Bantul,Jetis,paud,69812905,KB.IT Ar Rahmah,Perumnas Bumi Trimulyo Permai Blok II,Trimulyo,SWASTA,https://referensi.data.kemendikdasmen.go.id/pendidikan/npsn/69812905
Kabupaten Bantul,Jetis,paud,69812946,KELOMPOK BERMAIN AISYIYAH SULANG KIDUL,Sulang Kidul,Patalan,SWASTA,https://referensi.data.kemendikdasmen.go.id/pendidikan/npsn/69812946
Kabupaten Bantul,Jetis,paud,69813059,KELOMPOK BERMAIN ROSALINDA,Komplek Balai Desa Canden,Patalan,SWASTA,https://referensi.data.kemendikdasmen.go.id/pendidikan/npsn/69813059
Kabupaten Bantul,Jetis,paud,69976377,RA NURUL `ILMI,GELANGAN,Patalan,SWASTA,https://referensi.data.kemendikdasmen.go.id/pendidikan/npsn/69976377
Kabupaten Bantul,Jetis,paud,69884930,RA. Cendekia,"Jln. Parangtritis Km 15,5",Patalan,SWASTA,https://referensi.data.kemendikdasmen.go.id/pendidikan/npsn/69884930
Kabupaten Bantul,Jetis,paud,69743548,RA/BA/TA AR RAHMAH,PERUMNAS BUMI TRIMULYO PERMAI BLOK II,Trimulyo,SWASTA,https://referensi.data.kemendikdasmen.go.id/pendidikan/npsn/69743548
Kabupaten Bantul,Jetis,paud,69820621,SATUAN PAUD SEJENIS MANGGIS,KARANGSEMUT,Trimulyo,SWASTA,https://referensi.data.kemendikdasmen.go.id/pendidikan/npsn/69820621
Kabupaten Bantul,Jetis,paud,69813342,SPS ASIH IBU,Jagan,Canden,SWASTA,https://referensi.data.kemendikdasmen.go.id/pendidikan/npsn/69813342
Kabupaten Bantul,Jetis,paud,69861785,SPS BUNGA SEPATU,PATEN,Sumber Agung,SWASTA,https://referensi.data.kemendikdasmen.go.id/pendidikan/npsn/69861785
Kabupaten Bantul,Jetis,paud,69820591,SPS CHERY MUNGIL,Jl.Imogiri Timur KM. 12 Kembangsongo,Trimulyo,SWASTA,https://referensi.data.kemendikdasmen.go.id/pendidikan/npsn/69820591
Kabupaten Bantul,Jetis,paud,69813285,SPS DAHLIA,Ngentak RT 02,Sumber Agung,SWASTA,https://referensi.data.kemendikdasmen.go.id/pendidikan/npsn/69813285
Kabupaten Bantul,Jetis,paud,69813111,SPS MAWAR HARAPAN,Gerselo,Patalan,SWASTA,https://referensi.data.kemendikdasmen.go.id/pendidikan/npsn/69813111
Kabupaten Bantul,Jetis,paud,69933354,SPS MEKARSARI,BUTUH,Patalan,SWASTA,https://referensi.data.kemendikdasmen.go.id/pendidikan/npsn/69933354
Kabupaten Bantul,Jetis,paud,69813252,SPS NUSA INDAH,Ngibikan,Canden,SWASTA,https://referensi.data.kemendikdasmen.go.id/pendidikan/npsn/69813252
Kabupaten Bantul,Jetis,paud,69912298,SPS PELITA HATI,Puton,Trimulyo,SWASTA,https://referensi.data.kemendikdasmen.go.id/pendidikan/npsn/69912298
Kabupaten Bantul,Jetis,paud,69813120,SPS TUNAS HARAPAN,BALAKAN,Sumber Agung,SWASTA,https://referensi.data.kemendikdasmen.go.id/pendidikan/npsn/69813120
Kabupaten Bantul,Jetis,paud,20408675,TK ABA BLAWONG,"BLAWONG,TRIMULYO,JETIS",Trimulyo,SWASTA,https://referensi.data.kemendikdasmen.go.id/pendidikan/npsn/20408675
Kabupaten Bantul,Jetis,paud,20408679,TK ABA BLAWONG IV,"PUTON,TRIMULYO,JETIS",Trimulyo,SWASTA,https://referensi.data.kemendikdasmen.go.id/pendidikan/npsn/20408679
Kabupaten Bantul,Jetis,paud,20408681,TK ABA BULUS KULON,"BULUS KULON,SUMBERAGUNG,JETIS",Sumber Agung,SWASTA,https://referensi.data.kemendikdasmen.go.id/pendidikan/npsn/20408681
Kabupaten Bantul,Jetis,paud,20408680,TK ABA DENOKAN,"DENOKAN,TRIMULYO,JETIS",Trimulyo,SWASTA,https://referensi.data.kemendikdasmen.go.id/pendidikan/npsn/20408680
Kabupaten Bantul,Jetis,paud,20408677,TK ABA KARANGSEMUT,"KARANGSEMUT,TRIMULYO,JETIS",Trimulyo,SWASTA,https://referensi.data.kemendikdasmen.go.id/pendidikan/npsn/20408677
Kabupaten Bantul,Jetis,paud,20408676,TK ABA PONGGOK II,"PONGGOK II,TRIMULYO,JETIS, BANTUL",Trimulyo,SWASTA,https://referensi.data.kemendikdasmen.go.id/pendidikan/npsn/20408676
Kabupaten Bantul,Jetis,paud,20408682,TK ABA PULOKADANG,"PULOKADANG,CANDEN,JETIS",Canden,SWASTA,https://referensi.data.kemendikdasmen.go.id/pendidikan/npsn/20408682
Kabupaten Bantul,Jetis,paud,20408697,TK ABA SULANG KIDUL,"SULANG KIDUL,PATALAN,JETIS",Patalan,SWASTA,https://referensi.data.kemendikdasmen.go.id/pendidikan/npsn/20408697
Kabupaten Bantul,Jetis,paud,20408684,TK HASTI PALUPI,"KERTAN,SUMBERAGUNG,JETIS",Sumber Agung,SWASTA,https://referensi.data.kemendikdasmen.go.id/pendidikan/npsn/20408684
Kabupaten Bantul,Jetis,paud,20408689,TK KUNCUP HARAPAN,"PATEN, SUMBERAGUNG, JETIS",Sumber Agung,SWASTA,https://referensi.data.kemendikdasmen.go.id/pendidikan/npsn/20408689
Kabupaten Bantul,Jetis,paud,20408695,TK MASYITHOH KATEGAN,"KATEGAN,PATALAN,JETIS",Patalan,SWASTA,https://referensi.data.kemendikdasmen.go.id/pendidikan/npsn/20408695
Kabupaten Bantul,Jetis,paud,69813014,TK MASYITHOH KEMBANGSONGO 2,KEMBANGSONGO,Trimulyo,SWASTA,https://referensi.data.kemendikdasmen.go.id/pendidikan/npsn/69813014
Kabupaten Bantul,Jetis,paud,20409805,TK MASYITHOH KEMBANGSONGO I,"KEMBANGSONGO I, TRIMULYO, JETIS, BANTUL",Trimulyo,SWASTA,https://referensi.data.kemendikdasmen.go.id/pendidikan/npsn/20409805
Kabupaten Bantul,Jetis,paud,20408674,TK NEGERI 1 JETIS,Beran Canden Jetis Bantul Yogyakarta,Canden,NEGERI,https://referensi.data.kemendikdasmen.go.id/pendidikan/npsn/20408674
Kabupaten Bantul,Jetis,paud,20408683,TK NURUL HUDA,"CANDEN,JETIS",Canden,SWASTA,https://referensi.data.kemendikdasmen.go.id/pendidikan/npsn/20408683
Kabupaten Bantul,Jetis,paud,20408671,TK PERTIWI 37 PATALAN,Ngupit,Patalan,SWASTA,https://referensi.data.kemendikdasmen.go.id/pendidikan/npsn/20408671
Kabupaten Bantul,Jetis,paud,20408672,TK PERTIWI 38,GATAK SUMBERAGUNG JETIS BANTUL,Sumber Agung,SWASTA,https://referensi.data.kemendikdasmen.go.id/pendidikan/npsn/20408672
Kabupaten Bantul,Jetis,paud,20408673,TK PERTIWI 39 TRIMULYO,"BULU,TRIMULYO,JETIS",Trimulyo,SWASTA,https://referensi.data.kemendikdasmen.go.id/pendidikan/npsn/20408673
Kabupaten Bantul,Jetis,paud,20408693,TK PKK 102 BAKULAN,"BAKULAN KULON,PATALAN,JETIS",Patalan,SWASTA,https://referensi.data.kemendikdasmen.go.id/pendidikan/npsn/20408693
Kabupaten Bantul,Jetis,paud,20408692,TK PKK 108 PONGGOK I,"PONGGOK I,TRIMULYO,JETIS",Trimulyo,SWASTA,https://referensi.data.kemendikdasmen.go.id/pendidikan/npsn/20408692
Kabupaten Bantul,Jetis,paud,20408691,TK PKK 16 MEDELAN,"MEDELAN,SUMBERAGUNG,JETIS",Sumber Agung,SWASTA,https://referensi.data.kemendikdasmen.go.id/pendidikan/npsn/20408691
Kabupaten Bantul,Jetis,paud,20408686,TK PKK 62 TRIDAYA,"CANDEN,CANDEN,JETIS, BANTUL",Canden,SWASTA,https://referensi.data.kemendikdasmen.go.id/pendidikan/npsn/20408686
Kabupaten Bantul,Jetis,paud,20408690,TK PKK 63,"TANJUNG KARANG,PATALAN,JETIS",Patalan,SWASTA,https://referensi.data.kemendikdasmen.go.id/pendidikan/npsn/20408690
Kabupaten Bantul,Jetis,paud,20408685,TK PKK DHARMA RENA,"BUNGAS,SUMBERAGUNG,JETIS",Sumber Agung,SWASTA,https://referensi.data.kemendikdasmen.go.id/pendidikan/npsn/20408685
Kabupaten Bantul,Jetis,paud,20408694,TK PKK LESTARI TURI,"TURI,SUMBERAGUNG,JETIS",Sumber Agung,SWASTA,https://referensi.data.kemendikdasmen.go.id/pendidikan/npsn/20408694
Kabupaten Bantul,Jetis,paud,20408696,TK PKK TUNASHARAPAN,"BALAKAN,SUMBERAGUNG,JETIS",Sumber Agung,SWASTA,https://referensi.data.kemendikdasmen.go.id/pendidikan/npsn/20408696
Kabupaten Bantul,Jetis,paud,20408687,TK SETIA RINI,TITANG,Sumber Agung,SWASTA,https://referensi.data.kemendikdasmen.go.id/pendidikan/npsn/20408687
Kabupaten Bantul,Jetis,paud,69820567,TPA AISYIYAH,Blawong,Trimulyo,SWASTA,https://referensi.data.kemendikdasmen.go.id/pendidikan/npsn/69820567
Kabupaten Bantul,Jetis,paud,69813280,TPA CENDEKIA,Ketandan RT 82,Patalan,SWASTA,https://referensi.data.kemendikdasmen.go.id/pendidikan/npsn/69813280
Kabupaten Bantul,Jetis,paud,69983690,TPA GERBANG MANDIRI,"Jl. Parangtritis KM 15, GOR Grha Purba Buana",Patalan,SWASTA,https://referensi.data.kemendikdasmen.go.id/pendidikan/npsn/69983690
Kabupaten Bantul,Jetis,paud,69911153,TPA MASYITHOH KEMBANGSONGO,KEMBANGSONGO RT 09,Trimulyo,SWASTA,https://referensi.data.kemendikdasmen.go.id/pendidikan/npsn/69911153
Kabupaten Bantul,Jetis,paud,70037301,TPA SANTREN SCHOOL,NGAGLIK RT. 12,Patalan,SWASTA,https://referensi.data.kemendikdasmen.go.id/pendidikan/npsn/70037301
Kabupaten Bantul,Jetis,paud,70037510,TPA UMMI DAWAMAH,TANJUNGKARANG RT. 26,Patalan,SWASTA,https://referensi.data.kemendikdasmen.go.id/pendidikan/npsn/70037510
Kabupaten Bantul,Jetis,paud,69813303,TPA.IT Ar Rahmah,Perumnas Bumi Trimulyo Permai Blok II,Trimulyo,SWASTA,https://referensi.data.kemendikdasmen.go.id/pendidikan/npsn/69813303
Kabupaten Bantul,Imogiri,paud,69844620,KB AISYIYAH KARANG TENGAH,Komplek Balai Desa,Karang Tengah,SWASTA,https://referensi.data.kemendikdasmen.go.id/pendidikan/npsn/69844620
Kabupaten Bantul,Imogiri,paud,69813095,KB AISYIYAH PADI KUNING,MOJOHURO RT 02,Sriharjo,SWASTA,https://referensi.data.kemendikdasmen.go.id/pendidikan/npsn/69813095
Kabupaten Bantul,Imogiri,paud,69812904,KB AMANAH,NOGOSARI II,Wukirsari,SWASTA,https://referensi.data.kemendikdasmen.go.id/pendidikan/npsn/69812904
Kabupaten Bantul,Imogiri,paud,69812883,KB AMANAH BUNDA,Tegal Rejo RT.05,Girirejo,SWASTA,https://referensi.data.kemendikdasmen.go.id/pendidikan/npsn/69812883
Kabupaten Bantul,Imogiri,paud,69812915,KB ANAK BANGKIT,Plencing,Wukirsari,SWASTA,https://referensi.data.kemendikdasmen.go.id/pendidikan/npsn/69812915
Kabupaten Bantul,Imogiri,paud,69812931,KB ANAK LINCAH,SINDET RT 05,Wukirsari,SWASTA,https://referensi.data.kemendikdasmen.go.id/pendidikan/npsn/69812931
Kabupaten Bantul,Imogiri,paud,69844615,KB ANGGREK CERIA,Pelemantung,Selopamioro,SWASTA,https://referensi.data.kemendikdasmen.go.id/pendidikan/npsn/69844615
Kabupaten Bantul,Imogiri,paud,69812964,KB ARIMBI,Bendo RT.05,Wukirsari,SWASTA,https://referensi.data.kemendikdasmen.go.id/pendidikan/npsn/69812964
Kabupaten Bantul,Imogiri,paud,69908151,KB ASEM CERIA,KARANGASEM,Wukirsari,SWASTA,https://referensi.data.kemendikdasmen.go.id/pendidikan/npsn/69908151
Kabupaten Bantul,Imogiri,paud,69812974,KB ASSALAM,SINGOSAREN RT 04,Wukirsari,SWASTA,https://referensi.data.kemendikdasmen.go.id/pendidikan/npsn/69812974
Kabupaten Bantul,Imogiri,paud,69812990,KB AY YUMNA,Dukuh RT. 05,Imogiri,SWASTA,https://referensi.data.kemendikdasmen.go.id/pendidikan/npsn/69812990
Kabupaten Bantul,Imogiri,paud,69812879,KB BUNGA PERTIWI,Lanteng II,Selopamioro,SWASTA,https://referensi.data.kemendikdasmen.go.id/pendidikan/npsn/69812879
Kabupaten Bantul,Imogiri,paud,69812900,KB CENDRAWASIH,Mojolegi,Karang Tengah,SWASTA,https://referensi.data.kemendikdasmen.go.id/pendidikan/npsn/69812900
Kabupaten Bantul,Imogiri,paud,69812920,KB CERDAS CERIA,JATIREJO RT 04,Wukirsari,SWASTA,https://referensi.data.kemendikdasmen.go.id/pendidikan/npsn/69812920
Kabupaten Bantul,Imogiri,paud,69812928,KB CERIA SANGGAR,GIRILOYO,Wukirsari,SWASTA,https://referensi.data.kemendikdasmen.go.id/pendidikan/npsn/69812928
Kabupaten Bantul,Imogiri,paud,79576471,KB DARUSH SHOLIHIN,Srunggo I,Selopamioro,SWASTA,https://referensi.data.kemendikdasmen.go.id/pendidikan/npsn/79576471
Kabupaten Bantul,Imogiri,paud,69844622,KB EL FATAH,DENGKENG RT 02,Wukirsari,SWASTA,https://referensi.data.kemendikdasmen.go.id/pendidikan/npsn/69844622
Kabupaten Bantul,Imogiri,paud,69812985,KB HARAPAN,Pucunggrowong,Karang Tengah,SWASTA,https://referensi.data.kemendikdasmen.go.id/pendidikan/npsn/69812985
Kabupaten Bantul,Imogiri,paud,69812993,KB KASIH BUNDA,Jati,Sriharjo,SWASTA,https://referensi.data.kemendikdasmen.go.id/pendidikan/npsn/69812993
Kabupaten Bantul,Imogiri,paud,69813004,KB KUNCUP HARAPAN,LANTENG I,Selopamioro,SWASTA,https://referensi.data.kemendikdasmen.go.id/pendidikan/npsn/69813004
Kabupaten Bantul,Imogiri,paud,69813056,KB LARASATI,TILAMAN,Wukirsari,SWASTA,https://referensi.data.kemendikdasmen.go.id/pendidikan/npsn/69813056
Kabupaten Bantul,Imogiri,paud,69991659,KB MARDI SIWI,Pundung RT 002,Wukirsari,SWASTA,https://referensi.data.kemendikdasmen.go.id/pendidikan/npsn/69991659
Kabupaten Bantul,Imogiri,paud,69813083,KB MAWAR,Sidoharjo RT.07,Imogiri,SWASTA,https://referensi.data.kemendikdasmen.go.id/pendidikan/npsn/69813083
Kabupaten Bantul,Imogiri,paud,69813072,KB MAWAR INDAH,SILUK I RT 04,Selopamioro,SWASTA,https://referensi.data.kemendikdasmen.go.id/pendidikan/npsn/69813072
Kabupaten Bantul,Imogiri,paud,69844616,KB MEKAR SARI,NOGOSARI,Selopamioro,SWASTA,https://referensi.data.kemendikdasmen.go.id/pendidikan/npsn/69844616
Kabupaten Bantul,Imogiri,paud,69812903,KB MELATI SARI,Putat RT 02,Selopamioro,SWASTA,https://referensi.data.kemendikdasmen.go.id/pendidikan/npsn/69812903
Kabupaten Bantul,Imogiri,paud,69812912,KB MUTIARA,Kajor Kulon RT. 01,Selopamioro,SWASTA,https://referensi.data.kemendikdasmen.go.id/pendidikan/npsn/69812912
Kabupaten Bantul,Imogiri,paud,69844619,KB NURUL HUDA,Tlenggongan RT 05,Kebon Agung,SWASTA,https://referensi.data.kemendikdasmen.go.id/pendidikan/npsn/69844619
Kabupaten Bantul,Imogiri,paud,69812857,KB PERMATA HATI,Pelemadu,Sriharjo,SWASTA,https://referensi.data.kemendikdasmen.go.id/pendidikan/npsn/69812857
Kabupaten Bantul,Imogiri,paud,69812848,KB PERMATA HATI LEMAHRUBUH,Lemahrubuh,Selopamioro,SWASTA,https://referensi.data.kemendikdasmen.go.id/pendidikan/npsn/69812848
Kabupaten Bantul,Imogiri,paud,69812875,KB PUSPA INDAH,Nawungan I,Selopamioro,SWASTA,https://referensi.data.kemendikdasmen.go.id/pendidikan/npsn/69812875
Kabupaten Bantul,Imogiri,paud,69812896,KB PUTRA HARAPAN,Sungapan,Sriharjo,SWASTA,https://referensi.data.kemendikdasmen.go.id/pendidikan/npsn/69812896
Kabupaten Bantul,Imogiri,paud,69812917,KB QURROTA AYUN,Ngrancah,Sriharjo,SWASTA,https://referensi.data.kemendikdasmen.go.id/pendidikan/npsn/69812917
Kabupaten Bantul,Imogiri,paud,69812935,KB RABBANI,Karangtalun RT.01,Wukirsari,SWASTA,https://referensi.data.kemendikdasmen.go.id/pendidikan/npsn/69812935
Kabupaten Bantul,Imogiri,paud,69813000,KB SIWI LESTARI,Kedungbuweng,Wukirsari,SWASTA,https://referensi.data.kemendikdasmen.go.id/pendidikan/npsn/69813000
Kabupaten Bantul,Imogiri,paud,69813031,KB SRIKANDI,Manggung,Wukirsari,SWASTA,https://referensi.data.kemendikdasmen.go.id/pendidikan/npsn/69813031
Kabupaten Bantul,Imogiri,paud,69813070,KB TAPAS NURHAYAT,Tegal Kembang,Imogiri,SWASTA,https://referensi.data.kemendikdasmen.go.id/pendidikan/npsn/69813070
Kabupaten Bantul,Imogiri,paud,69813081,KB TARUNA MELATI,Numpukan,Karang Tengah,SWASTA,https://referensi.data.kemendikdasmen.go.id/pendidikan/npsn/69813081
Kabupaten Bantul,Imogiri,paud,69812851,KB TUNAS BANGSA,MOJOHURO RT 06,Sriharjo,SWASTA,https://referensi.data.kemendikdasmen.go.id/pendidikan/npsn/69812851
Kabupaten Bantul,Imogiri,paud,69844618,KB TUNAS HARAPAN,Jayan,Kebon Agung,SWASTA,https://referensi.data.kemendikdasmen.go.id/pendidikan/npsn/69844618
Kabupaten Bantul,Imogiri,paud,69812901,KB TUNJUNG PUTIH,Nawungan II,Selopamioro,SWASTA,https://referensi.data.kemendikdasmen.go.id/pendidikan/npsn/69812901
Kabupaten Bantul,Imogiri,paud,69980098,KBIT NURUL YAQIN,Tlogo RT 03,Kebon Agung,SWASTA,https://referensi.data.kemendikdasmen.go.id/pendidikan/npsn/69980098
Kabupaten Bantul,Imogiri,paud,69743546,RA MASYITHOH TLENGGONGAN,TLENGGONGAN KEBONAGUNG IMOGIRI BANTUL YOGYAKARTA,Kebon Agung,SWASTA,https://referensi.data.kemendikdasmen.go.id/pendidikan/npsn/69743546
Kabupaten Bantul,Imogiri,paud,69743547,RA/BA/TA LANTENG,LANTENG SELOPAMIORO,Selopamioro,SWASTA,https://referensi.data.kemendikdasmen.go.id/pendidikan/npsn/69743547
Kabupaten Bantul,Imogiri,paud,69813146,SPS AL AMIN,Karang Kulon RT. 05,Wukirsari,SWASTA,https://referensi.data.kemendikdasmen.go.id/pendidikan/npsn/69813146
Kabupaten Bantul,Imogiri,paud,69813253,SPS ANGGREK JINGGA,KARANGTENGAH RT 03,Karang Tengah,SWASTA,https://referensi.data.kemendikdasmen.go.id/pendidikan/npsn/69813253
Kabupaten Bantul,Imogiri,paud,69820596,SPS ARROHMAH,Cengkehan,Wukirsari,SWASTA,https://referensi.data.kemendikdasmen.go.id/pendidikan/npsn/69820596
Kabupaten Bantul,Imogiri,paud,69820605,SPS ATTHOYIBAH,Ketos,Sriharjo,SWASTA,https://referensi.data.kemendikdasmen.go.id/pendidikan/npsn/69820605
Kabupaten Bantul,Imogiri,paud,69813319,SPS CERDAS CERIA,KARANG TALUN,Karangtalun,SWASTA,https://referensi.data.kemendikdasmen.go.id/pendidikan/npsn/69813319
Kabupaten Bantul,Imogiri,paud,69813354,SPS FLAMBOYAN SRUNGGO II,SRUNGGO II RT. 03,Selopamioro,SWASTA,https://referensi.data.kemendikdasmen.go.id/pendidikan/npsn/69813354
Kabupaten Bantul,Imogiri,paud,69813115,SPS KUNCUP WIJAYA KUSUMA,Kajor Wetan,Selopamioro,SWASTA,https://referensi.data.kemendikdasmen.go.id/pendidikan/npsn/69813115
Kabupaten Bantul,Imogiri,paud,69844629,SPS MELATI INDAH,KALIDADAP II,Selopamioro,SWASTA,https://referensi.data.kemendikdasmen.go.id/pendidikan/npsn/69844629
Kabupaten Bantul,Imogiri,paud,69844630,SPS MULIA,Karangrejek,Karang Tengah,SWASTA,https://referensi.data.kemendikdasmen.go.id/pendidikan/npsn/69844630
Kabupaten Bantul,Imogiri,paud,69820588,SPS PELANGI,SOMPOK,Sriharjo,SWASTA,https://referensi.data.kemendikdasmen.go.id/pendidikan/npsn/69820588
Kabupaten Bantul,Imogiri,paud,69820601,SPS SANGGAR PINTAR,Giriloyo RT 003,Wukirsari,SWASTA,https://referensi.data.kemendikdasmen.go.id/pendidikan/npsn/69820601
Kabupaten Bantul,Imogiri,paud,69813300,SPS SHINTA,MIRI,Sriharjo,SWASTA,https://referensi.data.kemendikdasmen.go.id/pendidikan/npsn/69813300
Kabupaten Bantul,Imogiri,paud,69813314,SPS SUMUNAR,KALIDADAP I RT 07,Selopamioro,SWASTA,https://referensi.data.kemendikdasmen.go.id/pendidikan/npsn/69813314
Kabupaten Bantul,Imogiri,paud,69813337,SPS TERATAI PUTIH,SRUNGGO I,Selopamioro,SWASTA,https://referensi.data.kemendikdasmen.go.id/pendidikan/npsn/69813337
Kabupaten Bantul,Imogiri,paud,69813347,SPS TUNAS SENTOSA,SETRAN RT. 02,Karangtalun,SWASTA,https://referensi.data.kemendikdasmen.go.id/pendidikan/npsn/69813347
Kabupaten Bantul,Imogiri,paud,20408995,TK ABA I IMOGIRI,TEGAL KEMBANG,Imogiri,SWASTA,https://referensi.data.kemendikdasmen.go.id/pendidikan/npsn/20408995
Kabupaten Bantul,Imogiri,paud,20408997,TK ABA II IMOGIRI,KRADENAN,Girirejo,SWASTA,https://referensi.data.kemendikdasmen.go.id/pendidikan/npsn/20408997
Kabupaten Bantul,Imogiri,paud,20408998,TK ABA III KARANGTENGAH,KARANGTENGAH,Karang Tengah,SWASTA,https://referensi.data.kemendikdasmen.go.id/pendidikan/npsn/20408998
Kabupaten Bantul,Imogiri,paud,20409114,TK ABA IV IMOGIRI,NGRANCAH,Sriharjo,SWASTA,https://referensi.data.kemendikdasmen.go.id/pendidikan/npsn/20409114
Kabupaten Bantul,Imogiri,paud,20409116,TK ABA V TLENGGONGAN,Tonayan,Kebon Agung,SWASTA,https://referensi.data.kemendikdasmen.go.id/pendidikan/npsn/20409116
Kabupaten Bantul,Imogiri,paud,20409145,TK ABA VI IMOGIRI,MOJOHURO RT 02,Sriharjo,SWASTA,https://referensi.data.kemendikdasmen.go.id/pendidikan/npsn/20409145
Kabupaten Bantul,Imogiri,paud,20409150,TK ABA VII IMOGIRI,NAWUNGAN,Selopamioro,SWASTA,https://referensi.data.kemendikdasmen.go.id/pendidikan/npsn/20409150
Kabupaten Bantul,Imogiri,paud,20409152,TK GRINDA X KALIDADAP I,Kalidadap I RT. 08,Selopamioro,SWASTA,https://referensi.data.kemendikdasmen.go.id/pendidikan/npsn/20409152
Kabupaten Bantul,Imogiri,paud,20409118,TK MASYITHOH DUKUH,Dukuh,Imogiri,SWASTA,https://referensi.data.kemendikdasmen.go.id/pendidikan/npsn/20409118
Kabupaten Bantul,Imogiri,paud,20409143,TK MASYITHOH SRIHARJO,GONDOSULI,Sriharjo,SWASTA,https://referensi.data.kemendikdasmen.go.id/pendidikan/npsn/20409143
Kabupaten Bantul,Imogiri,paud,20409135,TK MASYITHOH SRUNGGO,SRUNGGO,Selopamioro,SWASTA,https://referensi.data.kemendikdasmen.go.id/pendidikan/npsn/20409135
Kabupaten Bantul,Imogiri,paud,20409133,TK MASYITHOH TILAMAN,TILAMAN,Wukirsari,SWASTA,https://referensi.data.kemendikdasmen.go.id/pendidikan/npsn/20409133
Kabupaten Bantul,Imogiri,paud,20409120,TK MASYITOH KRINJING,Krinjing,Selopamioro,SWASTA,https://referensi.data.kemendikdasmen.go.id/pendidikan/npsn/20409120
Kabupaten Bantul,Imogiri,paud,20408971,TK NEGERI 1 IMOGIRI,MOJOHURO,Sriharjo,NEGERI,https://referensi.data.kemendikdasmen.go.id/pendidikan/npsn/20408971
Kabupaten Bantul,Imogiri,paud,20408970,TK PERTIWI 10 IMOGIRI,PASEBAN,Imogiri,SWASTA,https://referensi.data.kemendikdasmen.go.id/pendidikan/npsn/20408970
Kabupaten Bantul,Imogiri,paud,20408969,TK PERTIWI 9 KARANGTALUN,Bandungan,Karangtalun,SWASTA,https://referensi.data.kemendikdasmen.go.id/pendidikan/npsn/20408969
Kabupaten Bantul,Imogiri,paud,20409138,TK PGRI NOGOSARI,NOGOSARI,Selopamioro,SWASTA,https://referensi.data.kemendikdasmen.go.id/pendidikan/npsn/20409138
Kabupaten Bantul,Imogiri,paud,20408973,TK PKK 34 BANYUSUMURUP,BANYUSUMURUP,Girirejo,SWASTA,https://referensi.data.kemendikdasmen.go.id/pendidikan/npsn/20408973
Kabupaten Bantul,Imogiri,paud,20408976,TK PKK 36 PAJIMATAN,PAJIMATAN,Girirejo,SWASTA,https://referensi.data.kemendikdasmen.go.id/pendidikan/npsn/20408976
Kabupaten Bantul,Imogiri,paud,20408981,TK PKK 47 PUCUNG,Pucung,Wukirsari,SWASTA,https://referensi.data.kemendikdasmen.go.id/pendidikan/npsn/20408981
Kabupaten Bantul,Imogiri,paud,20408972,TK PKK 5 KARANGTALUN,Karangtalun,Karangtalun,SWASTA,https://referensi.data.kemendikdasmen.go.id/pendidikan/npsn/20408972
Kabupaten Bantul,Imogiri,paud,20408980,TK PKK 91 SRIHARJO,Sompok,Sriharjo,SWASTA,https://referensi.data.kemendikdasmen.go.id/pendidikan/npsn/20408980
Kabupaten Bantul,Imogiri,paud,20408975,TK PKK 92 KEBONAGUNG,Jayan,Kebon Agung,SWASTA,https://referensi.data.kemendikdasmen.go.id/pendidikan/npsn/20408975
Kabupaten Bantul,Imogiri,paud,20408974,TK PKK 93 KARANGTENGAH,NUMPUKAN,Karang Tengah,SWASTA,https://referensi.data.kemendikdasmen.go.id/pendidikan/npsn/20408974
Kabupaten Bantul,Imogiri,paud,20408993,TK PKK 94 KARANGTENGAH,MOJOLEGI,Karang Tengah,SWASTA,https://referensi.data.kemendikdasmen.go.id/pendidikan/npsn/20408993
Kabupaten Bantul,Imogiri,paud,20408979,TK PKK 98 GIRILOYO,Giriloyo,Wukirsari,SWASTA,https://referensi.data.kemendikdasmen.go.id/pendidikan/npsn/20408979
Kabupaten Bantul,Imogiri,paud,20408991,TK PKK AL FATAH WUKIRSARI,Singosaren,Wukirsari,SWASTA,https://referensi.data.kemendikdasmen.go.id/pendidikan/npsn/20408991
Kabupaten Bantul,Imogiri,paud,20408994,TK PKK GEJAYAN,GEJAYAN,Girirejo,SWASTA,https://referensi.data.kemendikdasmen.go.id/pendidikan/npsn/20408994
Kabupaten Bantul,Imogiri,paud,20409148,TK PKK KAJOR WETAN,KAJOR WETAN,Selopamioro,SWASTA,https://referensi.data.kemendikdasmen.go.id/pendidikan/npsn/20409148
Kabupaten Bantul,Imogiri,paud,20408978,TK PKK NOGOSARI,NOGOSARI,Wukirsari,SWASTA,https://referensi.data.kemendikdasmen.go.id/pendidikan/npsn/20408978
Kabupaten Bantul,Imogiri,paud,20408990,TK PKK SINDET,SINDET,Wukirsari,SWASTA,https://referensi.data.kemendikdasmen.go.id/pendidikan/npsn/20408990
Kabupaten Bantul,Imogiri,paud,20408992,TK PKK TUNAS HARAPAN II,KALIDADAP II,Selopamioro,SWASTA,https://referensi.data.kemendikdasmen.go.id/pendidikan/npsn/20408992
Kabupaten Bantul,Imogiri,paud,20408977,TK PKK TUNAS KASIH SILUK,Siluk I,Selopamioro,SWASTA,https://referensi.data.kemendikdasmen.go.id/pendidikan/npsn/20408977
Kabupaten Bantul,Imogiri,paud,69865821,TPA AMANAH,Nogosari II RT 05,Wukirsari,SWASTA,https://referensi.data.kemendikdasmen.go.id/pendidikan/npsn/69865821
Kabupaten Bantul,Imogiri,paud,69813099,TPA TAPAS NURHAYAT,Tegal Kembang,Imogiri,SWASTA,https://referensi.data.kemendikdasmen.go.id/pendidikan/npsn/69813099
Kabupaten Bantul,Dlingo,paud,69958136,Ibnu Abbas XXIV,"Loputih, Jatimulyo",Mangunan,SWASTA,https://referensi.data.kemendikdasmen.go.id/pendidikan/npsn/69958136
Kabupaten Bantul,Dlingo,paud,69844643,KB ANAK MERDEKA,Tegallawas,Jatimulyo,SWASTA,https://referensi.data.kemendikdasmen.go.id/pendidikan/npsn/69844643
Kabupaten Bantul,Dlingo,paud,69813054,KB APEL I,LOPUTIH,Jatimulyo,SWASTA,https://referensi.data.kemendikdasmen.go.id/pendidikan/npsn/69813054
Kabupaten Bantul,Dlingo,paud,69844644,KB APEL II,LOPUTIH,Jatimulyo,SWASTA,https://referensi.data.kemendikdasmen.go.id/pendidikan/npsn/69844644
Kabupaten Bantul,Dlingo,paud,69812858,KB ASRI,Kebosungu I RT 03,Dlingo,SWASTA,https://referensi.data.kemendikdasmen.go.id/pendidikan/npsn/69812858
Kabupaten Bantul,Dlingo,paud,69812864,KB BINA MANDIRI,Mangunan RT 14,Mangunan,SWASTA,https://referensi.data.kemendikdasmen.go.id/pendidikan/npsn/69812864
Kabupaten Bantul,Dlingo,paud,69844642,KB BOUGENVILE CERIA,TEMUWUH RT 03,Temuwuh,SWASTA,https://referensi.data.kemendikdasmen.go.id/pendidikan/npsn/69844642
Kabupaten Bantul,Dlingo,paud,69813027,KB BOUGENVILLE,LUNGGUH,Temuwuh,SWASTA,https://referensi.data.kemendikdasmen.go.id/pendidikan/npsn/69813027
Kabupaten Bantul,Dlingo,paud,69813035,KB DAHLIA,Tekik RT 01,Temuwuh,SWASTA,https://referensi.data.kemendikdasmen.go.id/pendidikan/npsn/69813035
Kabupaten Bantul,Dlingo,paud,69844650,KB DAHLIA,Pancuran RT 01,Terong,SWASTA,https://referensi.data.kemendikdasmen.go.id/pendidikan/npsn/69844650
Kabupaten Bantul,Dlingo,paud,69844645,KB DELIMA,GAYAM,Jatimulyo,SWASTA,https://referensi.data.kemendikdasmen.go.id/pendidikan/npsn/69844645
Kabupaten Bantul,Dlingo,paud,69820554,KB DEWI SARTIKA,Sukarame,Mangunan,SWASTA,https://referensi.data.kemendikdasmen.go.id/pendidikan/npsn/69820554
Kabupaten Bantul,Dlingo,paud,69812884,KB HARAPAN BANGSA,POKOH I,Dlingo,SWASTA,https://referensi.data.kemendikdasmen.go.id/pendidikan/npsn/69812884
Kabupaten Bantul,Dlingo,paud,69844646,KB JAMBU,BADEAN,Jatimulyo,SWASTA,https://referensi.data.kemendikdasmen.go.id/pendidikan/npsn/69844646
Kabupaten Bantul,Dlingo,paud,69812863,KB JERUK,Kedung Dayak RT 03,Mangunan,SWASTA,https://referensi.data.kemendikdasmen.go.id/pendidikan/npsn/69812863
Kabupaten Bantul,Dlingo,paud,69812902,KB MANGGA,Rejosari,Jatimulyo,SWASTA,https://referensi.data.kemendikdasmen.go.id/pendidikan/npsn/69812902
Kabupaten Bantul,Dlingo,paud,69844647,KB MANGGIS,Dodogan,Jatimulyo,SWASTA,https://referensi.data.kemendikdasmen.go.id/pendidikan/npsn/69844647
Kabupaten Bantul,Dlingo,paud,69812860,KB MATAHARI,Pencitrejo,Terong,SWASTA,https://referensi.data.kemendikdasmen.go.id/pendidikan/npsn/69812860
Kabupaten Bantul,Dlingo,paud,69813029,KB MELATI,Kebokuning,Terong,SWASTA,https://referensi.data.kemendikdasmen.go.id/pendidikan/npsn/69813029
Kabupaten Bantul,Dlingo,paud,69813048,KB MENUR BAHAGIA,KLEPU,Temuwuh,SWASTA,https://referensi.data.kemendikdasmen.go.id/pendidikan/npsn/69813048
Kabupaten Bantul,Dlingo,paud,69813057,KB NY AGENG SERANG,Cempluk,Mangunan,SWASTA,https://referensi.data.kemendikdasmen.go.id/pendidikan/npsn/69813057
Kabupaten Bantul,Dlingo,paud,69844648,KB PISANG,Banyuurip,Jatimulyo,SWASTA,https://referensi.data.kemendikdasmen.go.id/pendidikan/npsn/69844648
Kabupaten Bantul,Dlingo,paud,69812960,KB SALAK I,MALADAN RT 03,Jatimulyo,SWASTA,https://referensi.data.kemendikdasmen.go.id/pendidikan/npsn/69812960
Kabupaten Bantul,Dlingo,paud,69844649,KB SEMANGKA,SEMUTEN,Jatimulyo,SWASTA,https://referensi.data.kemendikdasmen.go.id/pendidikan/npsn/69844649
Kabupaten Bantul,Dlingo,paud,69812897,KB TENTREM,Pokoh II,Dlingo,SWASTA,https://referensi.data.kemendikdasmen.go.id/pendidikan/npsn/69812897
Kabupaten Bantul,Dlingo,paud,69743545,RA/BA/TA KEBOSUNGU,KEBOSUNGU II DLINGO DLINGO BANTUL YOGYAKARTA,Dlingo,SWASTA,https://referensi.data.kemendikdasmen.go.id/pendidikan/npsn/69743545
Kabupaten Bantul,Dlingo,paud,69743542,RA/BA/TA MASYITOH BANYUURIP,BANYUURIP,Mangunan,SWASTA,https://referensi.data.kemendikdasmen.go.id/pendidikan/npsn/69743542
Kabupaten Bantul,Dlingo,paud,69743544,RA/BA/TA MASYITOH MANGUNAN,KEDIWUNG MANGUNAN DLINGO,Mangunan,SWASTA,https://referensi.data.kemendikdasmen.go.id/pendidikan/npsn/69743544
Kabupaten Bantul,Dlingo,paud,69813331,SPS AMANAH,Jurug RT.03,Temuwuh,SWASTA,https://referensi.data.kemendikdasmen.go.id/pendidikan/npsn/69813331
Kabupaten Bantul,Dlingo,paud,69813343,SPS BEO,Tangkil,Muntuk,SWASTA,https://referensi.data.kemendikdasmen.go.id/pendidikan/npsn/69813343
Kabupaten Bantul,Dlingo,paud,69813157,SPS BINA DIRI,Koripan II,Dlingo,SWASTA,https://referensi.data.kemendikdasmen.go.id/pendidikan/npsn/69813157
Kabupaten Bantul,Dlingo,paud,69820606,SPS BOUGENVILLE,Ngenep,Terong,SWASTA,https://referensi.data.kemendikdasmen.go.id/pendidikan/npsn/69820606
Kabupaten Bantul,Dlingo,paud,69844673,SPS CANGKOK,Ngunut RT 03,Temuwuh,SWASTA,https://referensi.data.kemendikdasmen.go.id/pendidikan/npsn/69844673
Kabupaten Bantul,Dlingo,paud,69844672,SPS CENDRAWASIH,Sanggrahan I RT 03,Muntuk,SWASTA,https://referensi.data.kemendikdasmen.go.id/pendidikan/npsn/69844672
Kabupaten Bantul,Dlingo,paud,69813116,SPS CENDRAWASIH,KAPINGAN,Temuwuh,SWASTA,https://referensi.data.kemendikdasmen.go.id/pendidikan/npsn/69813116
Kabupaten Bantul,Dlingo,paud,69866994,SPS CUT NYADIEN,KANIGORO RT.29,Mangunan,SWASTA,https://referensi.data.kemendikdasmen.go.id/pendidikan/npsn/69866994
Kabupaten Bantul,Dlingo,paud,69820622,SPS CUTBANTA,LEMAHBANG,Mangunan,SWASTA,https://referensi.data.kemendikdasmen.go.id/pendidikan/npsn/69820622
Kabupaten Bantul,Dlingo,paud,69844670,SPS DARA,SEROPAN II RT 02,Muntuk,SWASTA,https://referensi.data.kemendikdasmen.go.id/pendidikan/npsn/69844670
Kabupaten Bantul,Dlingo,paud,69820568,SPS FLAMBOYAN,Sendangsari RT.01,Terong,SWASTA,https://referensi.data.kemendikdasmen.go.id/pendidikan/npsn/69820568
Kabupaten Bantul,Dlingo,paud,69813140,SPS FLAMBOYAN,Tanjung,Temuwuh,SWASTA,https://referensi.data.kemendikdasmen.go.id/pendidikan/npsn/69813140
Kabupaten Bantul,Dlingo,paud,69844665,SPS GARUDA,Gunung Cilik,Muntuk,SWASTA,https://referensi.data.kemendikdasmen.go.id/pendidikan/npsn/69844665
Kabupaten Bantul,Dlingo,paud,69844669,SPS GLATIK,SEROPAN 1,Muntuk,SWASTA,https://referensi.data.kemendikdasmen.go.id/pendidikan/npsn/69844669
Kabupaten Bantul,Dlingo,paud,69813151,SPS HEPI,Salam,Temuwuh,SWASTA,https://referensi.data.kemendikdasmen.go.id/pendidikan/npsn/69813151
Kabupaten Bantul,Dlingo,paud,69929941,SPS KANTIL,Jambewangi,Temuwuh,SWASTA,https://referensi.data.kemendikdasmen.go.id/pendidikan/npsn/69929941
Kabupaten Bantul,Dlingo,paud,69866996,SPS KENANGA,Sendangsari RT 04,Terong,SWASTA,https://referensi.data.kemendikdasmen.go.id/pendidikan/npsn/69866996
Kabupaten Bantul,Dlingo,paud,69813187,SPS KENARI,Karangasem,Muntuk,SWASTA,https://referensi.data.kemendikdasmen.go.id/pendidikan/npsn/69813187
Kabupaten Bantul,Dlingo,paud,69844668,SPS KUTILANG,Sanggrahan 2,Muntuk,SWASTA,https://referensi.data.kemendikdasmen.go.id/pendidikan/npsn/69844668
Kabupaten Bantul,Dlingo,paud,69844676,SPS MAWAR,Rejosari RT 04,Terong,SWASTA,https://referensi.data.kemendikdasmen.go.id/pendidikan/npsn/69844676
Kabupaten Bantul,Dlingo,paud,69813207,SPS MEKAR ARUM,Dlingo II,Dlingo,SWASTA,https://referensi.data.kemendikdasmen.go.id/pendidikan/npsn/69813207
Kabupaten Bantul,Dlingo,paud,69844666,SPS MERAK,Karangasem RT 01,Muntuk,SWASTA,https://referensi.data.kemendikdasmen.go.id/pendidikan/npsn/69844666
Kabupaten Bantul,Dlingo,paud,69844674,SPS MERAK,TANJAN,Temuwuh,SWASTA,https://referensi.data.kemendikdasmen.go.id/pendidikan/npsn/69844674
Kabupaten Bantul,Dlingo,paud,69844667,SPS MERPATI,Muntuk RT 03,Muntuk,SWASTA,https://referensi.data.kemendikdasmen.go.id/pendidikan/npsn/69844667
Kabupaten Bantul,Dlingo,paud,69820616,SPS NUROHMAH,Kediwung RT.36,Mangunan,SWASTA,https://referensi.data.kemendikdasmen.go.id/pendidikan/npsn/69820616
Kabupaten Bantul,Dlingo,paud,69813268,SPS NUSA INDAH,NGLAMPENGAN,Temuwuh,SWASTA,https://referensi.data.kemendikdasmen.go.id/pendidikan/npsn/69813268
Kabupaten Bantul,Dlingo,paud,69844664,SPS PERKUTUT,BANJARHARJO 2,Muntuk,SWASTA,https://referensi.data.kemendikdasmen.go.id/pendidikan/npsn/69844664
Kabupaten Bantul,Dlingo,paud,69844671,SPS PINGUIN,SEROPAN III RT 02,Muntuk,SWASTA,https://referensi.data.kemendikdasmen.go.id/pendidikan/npsn/69844671
Kabupaten Bantul,Dlingo,paud,69844663,SPS PODHANG,BANJARHARJO 1,Muntuk,SWASTA,https://referensi.data.kemendikdasmen.go.id/pendidikan/npsn/69844663
Kabupaten Bantul,Dlingo,paud,69813218,SPS RAHAYU,Kebosungu II,Dlingo,SWASTA,https://referensi.data.kemendikdasmen.go.id/pendidikan/npsn/69813218
Kabupaten Bantul,Dlingo,paud,69930026,SPS RAJAWALI,Ngliseng,Muntuk,SWASTA,https://referensi.data.kemendikdasmen.go.id/pendidikan/npsn/69930026
Kabupaten Bantul,Dlingo,paud,69866995,SPS SAKURA,Saradan RT 04,Terong,SWASTA,https://referensi.data.kemendikdasmen.go.id/pendidikan/npsn/69866995
Kabupaten Bantul,Dlingo,paud,69813227,SPS SANTOSO,PAKIS II RT 05,Dlingo,SWASTA,https://referensi.data.kemendikdasmen.go.id/pendidikan/npsn/69813227
Kabupaten Bantul,Dlingo,paud,69813240,SPS SINAR HARAPAN,Dlingo I,Dlingo,SWASTA,https://referensi.data.kemendikdasmen.go.id/pendidikan/npsn/69813240
Kabupaten Bantul,Dlingo,paud,69844678,SPS TERATAI,Terong II RT 03,Terong,SWASTA,https://referensi.data.kemendikdasmen.go.id/pendidikan/npsn/69844678
Kabupaten Bantul,Dlingo,paud,69813261,SPS TUNAS HARAPAN,Koripan I,Dlingo,SWASTA,https://referensi.data.kemendikdasmen.go.id/pendidikan/npsn/69813261
Kabupaten Bantul,Dlingo,paud,69813270,SPS WALUYO,PAKIS,Dlingo,SWASTA,https://referensi.data.kemendikdasmen.go.id/pendidikan/npsn/69813270
Kabupaten Bantul,Dlingo,paud,20408536,TK ABA AL HIKMAH REJOSARI,"REJOSARI, TERONG, DLINGO, BANTUL",Terong,SWASTA,https://referensi.data.kemendikdasmen.go.id/pendidikan/npsn/20408536
Kabupaten Bantul,Dlingo,paud,20408540,TK ABA LEMAH BANG,"LEMAHBANG, MANGUNAN, DLINGO, BANTUL",Mangunan,SWASTA,https://referensi.data.kemendikdasmen.go.id/pendidikan/npsn/20408540
Kabupaten Bantul,Dlingo,paud,20408531,TK ABA PAKIS,PAKIS,Dlingo,SWASTA,https://referensi.data.kemendikdasmen.go.id/pendidikan/npsn/20408531
Kabupaten Bantul,Dlingo,paud,20408538,TK ABA SEMUTEN,SEMUTEN,Jatimulyo,SWASTA,https://referensi.data.kemendikdasmen.go.id/pendidikan/npsn/20408538
Kabupaten Bantul,Dlingo,paud,20408543,TK ABA SEROPAN,SEROPAN,Muntuk,SWASTA,https://referensi.data.kemendikdasmen.go.id/pendidikan/npsn/20408543
Kabupaten Bantul,Dlingo,paud,20408542,TK KARNA DUTA,TANGKIL,Muntuk,SWASTA,https://referensi.data.kemendikdasmen.go.id/pendidikan/npsn/20408542
Kabupaten Bantul,Dlingo,paud,20408537,TK MASYITHOH BANJARHARJO II,"BANJARHARJO II, MUNTUK, DLINGO, BANTUL",Muntuk,SWASTA,https://referensi.data.kemendikdasmen.go.id/pendidikan/npsn/20408537
Kabupaten Bantul,Dlingo,paud,20408541,TK MASYITHOH KARANGASEM,KARANGASEM,Muntuk,SWASTA,https://referensi.data.kemendikdasmen.go.id/pendidikan/npsn/20408541
Kabupaten Bantul,Dlingo,paud,20408539,TK MASYITHOH SARADAN,Saradan,Terong,SWASTA,https://referensi.data.kemendikdasmen.go.id/pendidikan/npsn/20408539
Kabupaten Bantul,Dlingo,paud,20408532,TK NEGERI 1 DLINGO,"MANGUNAN, DLINGO, BANTUL",Mangunan,NEGERI,https://referensi.data.kemendikdasmen.go.id/pendidikan/npsn/20408532
Kabupaten Bantul,Dlingo,paud,20408477,TK PERTIWI 43 TEMUWUH,"TEMUWUH, DLINGO, BANTUL",Temuwuh,SWASTA,https://referensi.data.kemendikdasmen.go.id/pendidikan/npsn/20408477
Kabupaten Bantul,Dlingo,paud,20408472,TK PERTIWI 44 DLINGO,POKOH II,Dlingo,SWASTA,https://referensi.data.kemendikdasmen.go.id/pendidikan/npsn/20408472
Kabupaten Bantul,Dlingo,paud,20408471,TK PKK 37 DODOGAN,Dodogan,Jatimulyo,SWASTA,https://referensi.data.kemendikdasmen.go.id/pendidikan/npsn/20408471
Kabupaten Bantul,Dlingo,paud,20408533,TK PKK 50 SENDANGSARI,SENDANGSARI,Terong,SWASTA,https://referensi.data.kemendikdasmen.go.id/pendidikan/npsn/20408533
Kabupaten Bantul,Dlingo,paud,20408476,TK PKK 51 TERONG,PENCIT REJO,Terong,SWASTA,https://referensi.data.kemendikdasmen.go.id/pendidikan/npsn/20408476
Kabupaten Bantul,Dlingo,paud,20408535,TK PKK 57 MUNTHUK,MUNTUK,Muntuk,SWASTA,https://referensi.data.kemendikdasmen.go.id/pendidikan/npsn/20408535
Kabupaten Bantul,Dlingo,paud,20408534,TK TAMAN INDRIA DLINGO,NGLAMPENGAN,Temuwuh,SWASTA,https://referensi.data.kemendikdasmen.go.id/pendidikan/npsn/20408534
Kabupaten Bantul,Pleret,paud,69863824,KB AISYIYAH BAWURAN,Tegalrejo,Bawuran,SWASTA,https://referensi.data.kemendikdasmen.go.id/pendidikan/npsn/69863824
Kabupaten Bantul,Pleret,paud,69813030,KB AISYIYAH HALIMAH SA DIYAH,PUNGKURAN RT 05,Pleret,SWASTA,https://referensi.data.kemendikdasmen.go.id/pendidikan/npsn/69813030
Kabupaten Bantul,Pleret,paud,69910418,KB AISYIYAH QURROTA AYUN,GUNUNGKELIR RT 07,Pleret,SWASTA,https://referensi.data.kemendikdasmen.go.id/pendidikan/npsn/69910418
Kabupaten Bantul,Pleret,paud,69812976,KB AISYIYAH RIA GEMPITA,Pandes I,Wonokromo,SWASTA,https://referensi.data.kemendikdasmen.go.id/pendidikan/npsn/69812976
Kabupaten Bantul,Pleret,paud,69812871,KB AISYIYAH SINAR MENTARI,KANGGOTAN RT 06,Pleret,SWASTA,https://referensi.data.kemendikdasmen.go.id/pendidikan/npsn/69812871
Kabupaten Bantul,Pleret,paud,69931826,KB AL-IZZAH,Bedukan RT.04,Pleret,SWASTA,https://referensi.data.kemendikdasmen.go.id/pendidikan/npsn/69931826
Kabupaten Bantul,Pleret,paud,69812983,KB AR ROYYAN,KARET,Pleret,SWASTA,https://referensi.data.kemendikdasmen.go.id/pendidikan/npsn/69812983
Kabupaten Bantul,Pleret,paud,69812991,KB BINTANG HARAPAN,Kanggotan RT. 03,Pleret,SWASTA,https://referensi.data.kemendikdasmen.go.id/pendidikan/npsn/69812991
Kabupaten Bantul,Pleret,paud,69812937,KB CAHAYA HATI,"KARANGWUNI, KARANGGAYAM RT 02",Segoroyoso,SWASTA,https://referensi.data.kemendikdasmen.go.id/pendidikan/npsn/69812937
Kabupaten Bantul,Pleret,paud,69812999,KB CITRA MUTIARA,Karanganom,Wonokromo,SWASTA,https://referensi.data.kemendikdasmen.go.id/pendidikan/npsn/69812999
Kabupaten Bantul,Pleret,paud,69813020,KB DARUL ULUM,Ketonggo,Wonokromo,SWASTA,https://referensi.data.kemendikdasmen.go.id/pendidikan/npsn/69813020
Kabupaten Bantul,Pleret,paud,69812957,KB GEMA PERSADA AISYIYAH,Dahromo,Segoroyoso,SWASTA,https://referensi.data.kemendikdasmen.go.id/pendidikan/npsn/69812957
Kabupaten Bantul,Pleret,paud,69820579,KB HARAPAN BAHAGIA,Bojong RT 001,Wonolelo,SWASTA,https://referensi.data.kemendikdasmen.go.id/pendidikan/npsn/69820579
Kabupaten Bantul,Pleret,paud,69820583,KB HARAPAN BUNDA,Cegokan,Wonolelo,SWASTA,https://referensi.data.kemendikdasmen.go.id/pendidikan/npsn/69820583
Kabupaten Bantul,Pleret,paud,69813038,KB HARAPAN BUNDA KEDATON,Kedaton,Pleret,SWASTA,https://referensi.data.kemendikdasmen.go.id/pendidikan/npsn/69813038
Kabupaten Bantul,Pleret,paud,69907339,KB HARAPAN PERTIWI,Guyangan RT. 03,Wonolelo,SWASTA,https://referensi.data.kemendikdasmen.go.id/pendidikan/npsn/69907339
Kabupaten Bantul,Pleret,paud,69844623,KB HARAPAN PUTRA,KEDUNGREJO RT.04,Wonolelo,SWASTA,https://referensi.data.kemendikdasmen.go.id/pendidikan/npsn/69844623
Kabupaten Bantul,Pleret,paud,69813040,KB HARAPAN SANTOSO,Purworejo RT 04,Wonolelo,SWASTA,https://referensi.data.kemendikdasmen.go.id/pendidikan/npsn/69813040
Kabupaten Bantul,Pleret,paud,69865817,KB HARAPAN SEJAHTERA,PLOSO,Wonolelo,SWASTA,https://referensi.data.kemendikdasmen.go.id/pendidikan/npsn/69865817
Kabupaten Bantul,Pleret,paud,69813052,KB INSAN CENDEKIA,Jejeran I,Wonokromo,SWASTA,https://referensi.data.kemendikdasmen.go.id/pendidikan/npsn/69813052
Kabupaten Bantul,Pleret,paud,69813062,KB KINANTI,DEMANGAN KOPEN,Wonokromo,SWASTA,https://referensi.data.kemendikdasmen.go.id/pendidikan/npsn/69813062
Kabupaten Bantul,Pleret,paud,69820614,KB MASYITHOH BAWURAN,BAWURAN II RT 06,Bawuran,SWASTA,https://referensi.data.kemendikdasmen.go.id/pendidikan/npsn/69820614
Kabupaten Bantul,Pleret,paud,69813068,KB MELATI,KARET RT 02,Pleret,SWASTA,https://referensi.data.kemendikdasmen.go.id/pendidikan/npsn/69813068
Kabupaten Bantul,Pleret,paud,69813079,KB MIFTAKHUL JANNAH,Wonokromo II,Wonokromo,SWASTA,https://referensi.data.kemendikdasmen.go.id/pendidikan/npsn/69813079
Kabupaten Bantul,Pleret,paud,69813082,KB MUTIARA HATI,SEGOROYOSO II RT 03,Segoroyoso,SWASTA,https://referensi.data.kemendikdasmen.go.id/pendidikan/npsn/69813082
Kabupaten Bantul,Pleret,paud,69813088,KB PEMANAHAN,KERTO RT 12,Pleret,SWASTA,https://referensi.data.kemendikdasmen.go.id/pendidikan/npsn/69813088
Kabupaten Bantul,Pleret,paud,69812850,KB PERMATA HATI AL MAHALLI,BRAJAN,Wonokromo,SWASTA,https://referensi.data.kemendikdasmen.go.id/pendidikan/npsn/69812850
Kabupaten Bantul,Pleret,paud,69812861,KB RIYADHUSH SHOLIHIN,"Gunungan RT. 002, RW 025",Pleret,SWASTA,https://referensi.data.kemendikdasmen.go.id/pendidikan/npsn/69812861
Kabupaten Bantul,Pleret,paud,69812891,KB SAMUDERA ILMU,Jembangan,Segoroyoso,SWASTA,https://referensi.data.kemendikdasmen.go.id/pendidikan/npsn/69812891
Kabupaten Bantul,Pleret,paud,69844624,KB TUNAS BANGSA II,MOJOSARI,Wonolelo,SWASTA,https://referensi.data.kemendikdasmen.go.id/pendidikan/npsn/69844624
Kabupaten Bantul,Pleret,paud,69812880,KB TUNAS JATI,Jati,Wonokromo,SWASTA,https://referensi.data.kemendikdasmen.go.id/pendidikan/npsn/69812880
Kabupaten Bantul,Pleret,paud,69812889,KB TUNAS MULIA,BEDUKAN,Pleret,SWASTA,https://referensi.data.kemendikdasmen.go.id/pendidikan/npsn/69812889
Kabupaten Bantul,Pleret,paud,70023468,PAUDQ. AS SALAAM,WONOLELO PLERET,Wonolelo,SWASTA,https://referensi.data.kemendikdasmen.go.id/pendidikan/npsn/70023468
Kabupaten Bantul,Pleret,paud,70060261,RA AL IZZAH,BEDUKAN,Pleret,SWASTA,https://referensi.data.kemendikdasmen.go.id/pendidikan/npsn/70060261
Kabupaten Bantul,Pleret,paud,70027531,RA MUTIARA QURANIY TEGALSARI,Tegal Rejo Rt.02,Bawuran,SWASTA,https://referensi.data.kemendikdasmen.go.id/pendidikan/npsn/70027531
Kabupaten Bantul,Pleret,paud,69743558,RA/BA/TA AR ROYYAN,KARET PLERET PLERET BANTUL,Pleret,SWASTA,https://referensi.data.kemendikdasmen.go.id/pendidikan/npsn/69743558
Kabupaten Bantul,Pleret,paud,69743561,RA/BA/TA MASYITHOH KARANGANOM,KARANGANOM WONOKROMO,Wonokromo,SWASTA,https://referensi.data.kemendikdasmen.go.id/pendidikan/npsn/69743561
Kabupaten Bantul,Pleret,paud,69743559,RA/BA/TA MASYITHOH MOJOSARI,MOJOSARI WONOLELO,Wonokromo,SWASTA,https://referensi.data.kemendikdasmen.go.id/pendidikan/npsn/69743559
Kabupaten Bantul,Pleret,paud,69743560,RA/BA/TA MASYITHOH SEGOROYOSO,SEGOROYOSO II RT. 03,Segoroyoso,SWASTA,https://referensi.data.kemendikdasmen.go.id/pendidikan/npsn/69743560
Kabupaten Bantul,Pleret,paud,69743563,RA/BA/TA MASYITOH MELIKAN,MELIKAN WONOLELO,Wonokromo,SWASTA,https://referensi.data.kemendikdasmen.go.id/pendidikan/npsn/69743563
Kabupaten Bantul,Pleret,paud,69743562,RA/BA/TA PERMATA HATI AL-MAHALLI,BRAJAN WONOKROMO PLERET BANTUL YOGYAKARTA 55791 TELP.02746993617,Wonokromo,SWASTA,https://referensi.data.kemendikdasmen.go.id/pendidikan/npsn/69743562
Kabupaten Bantul,Pleret,paud,69935279,SPS AL HABIB,PANDES II,Wonokromo,SWASTA,https://referensi.data.kemendikdasmen.go.id/pendidikan/npsn/69935279
Kabupaten Bantul,Pleret,paud,69813144,SPS BINA PELITA HATI,Wonokromo 1 RT.03,Wonokromo,SWASTA,https://referensi.data.kemendikdasmen.go.id/pendidikan/npsn/69813144
Kabupaten Bantul,Pleret,paud,69813332,SPS CINTA KASIH,KEDUNGPRING,Bawuran,SWASTA,https://referensi.data.kemendikdasmen.go.id/pendidikan/npsn/69813332
Kabupaten Bantul,Pleret,paud,69813158,SPS DAHLIA,KARANGANOM,Wonokromo,SWASTA,https://referensi.data.kemendikdasmen.go.id/pendidikan/npsn/69813158
Kabupaten Bantul,Pleret,paud,69813105,SPS GANESHA,Bawuran I,Bawuran,SWASTA,https://referensi.data.kemendikdasmen.go.id/pendidikan/npsn/69813105
Kabupaten Bantul,Pleret,paud,69813117,SPS INSAN RABBANI,Sanan RT.01,Bawuran,SWASTA,https://referensi.data.kemendikdasmen.go.id/pendidikan/npsn/69813117
Kabupaten Bantul,Pleret,paud,69813170,SPS LENTERA KALBU,KETONGGO,Wonokromo,SWASTA,https://referensi.data.kemendikdasmen.go.id/pendidikan/npsn/69813170
Kabupaten Bantul,Pleret,paud,69813181,SPS MIN RIYADHIL JINAN,Jejeran II,Wonokromo,SWASTA,https://referensi.data.kemendikdasmen.go.id/pendidikan/npsn/69813181
Kabupaten Bantul,Pleret,paud,69813213,SPS MUTIARA,SAREYAN,Wonokromo,SWASTA,https://referensi.data.kemendikdasmen.go.id/pendidikan/npsn/69813213
Kabupaten Bantul,Pleret,paud,69844631,SPS MUTIARA HATI,JAMBON RT 02,Bawuran,SWASTA,https://referensi.data.kemendikdasmen.go.id/pendidikan/npsn/69844631
Kabupaten Bantul,Pleret,paud,69813152,SPS PUTERI PERTIWI,Sanan RT 05,Bawuran,SWASTA,https://referensi.data.kemendikdasmen.go.id/pendidikan/npsn/69813152
Kabupaten Bantul,Pleret,paud,20409092,TK ABA BAWURAN,TEGALREJO,Bawuran,SWASTA,https://referensi.data.kemendikdasmen.go.id/pendidikan/npsn/20409092
Kabupaten Bantul,Pleret,paud,20408988,TK ABA DAHROMO,DAHROMO,Segoroyoso,SWASTA,https://referensi.data.kemendikdasmen.go.id/pendidikan/npsn/20408988
Kabupaten Bantul,Pleret,paud,20408983,TK ABA KANGGOTAN,KANGGOTAN,Pleret,SWASTA,https://referensi.data.kemendikdasmen.go.id/pendidikan/npsn/20408983
Kabupaten Bantul,Pleret,paud,20408989,TK ABA KEDUNGPRING,KEDUNGPRING,Bawuran,SWASTA,https://referensi.data.kemendikdasmen.go.id/pendidikan/npsn/20408989
Kabupaten Bantul,Pleret,paud,20409084,TK ABA PANDES,PANDES,Wonokromo,SWASTA,https://referensi.data.kemendikdasmen.go.id/pendidikan/npsn/20409084
Kabupaten Bantul,Pleret,paud,20409086,TK ABA SUREN,PUNGKURAN,Pleret,SWASTA,https://referensi.data.kemendikdasmen.go.id/pendidikan/npsn/20409086
Kabupaten Bantul,Pleret,paud,20408985,TK ABA WONOKROMO,WONOKROMO,Wonokromo,SWASTA,https://referensi.data.kemendikdasmen.go.id/pendidikan/npsn/20408985
Kabupaten Bantul,Pleret,paud,69933318,TK AISYIYAH BOJONG,BOJONG,Wonolelo,SWASTA,https://referensi.data.kemendikdasmen.go.id/pendidikan/npsn/69933318
Kabupaten Bantul,Pleret,paud,20409091,TK KKLKMD JATIPUTRA,JATI,Wonokromo,SWASTA,https://referensi.data.kemendikdasmen.go.id/pendidikan/npsn/20409091
Kabupaten Bantul,Pleret,paud,20408996,TK LKMD TUNAS EKA SAPTA,TRAYEMAN,Pleret,SWASTA,https://referensi.data.kemendikdasmen.go.id/pendidikan/npsn/20408996
Kabupaten Bantul,Pleret,paud,20409088,TK MASYITHOH BEDUKAN,BEDUKAN,Pleret,SWASTA,https://referensi.data.kemendikdasmen.go.id/pendidikan/npsn/20409088
Kabupaten Bantul,Pleret,paud,20409096,TK MASYITOH AL FUTUH,PANDES,Wonokromo,SWASTA,https://referensi.data.kemendikdasmen.go.id/pendidikan/npsn/20409096
Kabupaten Bantul,Pleret,paud,20409087,TK MASYITOH BAWURAN,BAWURAN II,Bawuran,SWASTA,https://referensi.data.kemendikdasmen.go.id/pendidikan/npsn/20409087
Kabupaten Bantul,Pleret,paud,20408986,TK NEGERI 1 PLERET,KETONGGO,Wonokromo,NEGERI,https://referensi.data.kemendikdasmen.go.id/pendidikan/npsn/20408986
Kabupaten Bantul,Pleret,paud,20408987,TK PERTIWI 23,KAUMAN,Pleret,SWASTA,https://referensi.data.kemendikdasmen.go.id/pendidikan/npsn/20408987
Kabupaten Bantul,Pleret,paud,20408984,TK PERTIWI 6,SEGOROYOSO,Segoroyoso,SWASTA,https://referensi.data.kemendikdasmen.go.id/pendidikan/npsn/20408984
Kabupaten Bantul,Pleret,paud,20409093,TK PKK KUNCUP PUSPITA,KEDATON,Pleret,SWASTA,https://referensi.data.kemendikdasmen.go.id/pendidikan/npsn/20409093
Kabupaten Bantul,Pleret,paud,20409089,TK PKK MARSUDISIWI,GUNUNGKELIR,Pleret,SWASTA,https://referensi.data.kemendikdasmen.go.id/pendidikan/npsn/20409089
Kabupaten Bantul,Pleret,paud,20409090,TK PKK PAMARDI SIWI SAREYAN,SAREYAN,Wonokromo,SWASTA,https://referensi.data.kemendikdasmen.go.id/pendidikan/npsn/20409090
Kabupaten Bantul,Pleret,paud,20409085,TK PKK SIWI LESTARI,KARET,Pleret,SWASTA,https://referensi.data.kemendikdasmen.go.id/pendidikan/npsn/20409085
Kabupaten Bantul,Pleret,paud,20409094,TK SALAFIYAH JEJERAN,JL. IMOGIRI TIMUR,Wonokromo,SWASTA,https://referensi.data.kemendikdasmen.go.id/pendidikan/npsn/20409094
Kabupaten Bantul,Pleret,paud,20409097,TK SATU ATAP SD SRUMBUNG,SRUMBUNG,Segoroyoso,SWASTA,https://referensi.data.kemendikdasmen.go.id/pendidikan/npsn/20409097
Kabupaten Bantul,Pleret,paud,69844627,TPA PERMATA HATI AL MAHALLI,Brajan,Wonokromo,SWASTA,https://referensi.data.kemendikdasmen.go.id/pendidikan/npsn/69844627
Kabupaten Bantul,Piyungan,paud,69813302,KB AISYIYAH KASIH BUNDA,Bintaran Kulon RT.03,Srimulyo,SWASTA,https://referensi.data.kemendikdasmen.go.id/pendidikan/npsn/69813302
Kabupaten Bantul,Piyungan,paud,69813346,KB AISYIYAH MUTIARA BUNDA,MANDUNGAN RT 07,Srimartani,SWASTA,https://referensi.data.kemendikdasmen.go.id/pendidikan/npsn/69813346
Kabupaten Bantul,Piyungan,paud,69812961,KB ANOM KUSUMA,Randusari RT. 03,Sitimulyo,SWASTA,https://referensi.data.kemendikdasmen.go.id/pendidikan/npsn/69812961
Kabupaten Bantul,Piyungan,paud,69813103,KB AR RAHMA,KLENGGOTAN,Sitimulyo,SWASTA,https://referensi.data.kemendikdasmen.go.id/pendidikan/npsn/69813103
Kabupaten Bantul,Piyungan,paud,69820560,KB AZZAHRA,DARAMAN,Srimartani,SWASTA,https://referensi.data.kemendikdasmen.go.id/pendidikan/npsn/69820560
Kabupaten Bantul,Piyungan,paud,69813154,KB BINA KARYA,Ngelosari,Srimulyo,SWASTA,https://referensi.data.kemendikdasmen.go.id/pendidikan/npsn/69813154
Kabupaten Bantul,Piyungan,paud,69812926,KB BUNAYYA ICBB,Jl.Wonosari KM.10 Karanggayam,Sitimulyo,SWASTA,https://referensi.data.kemendikdasmen.go.id/pendidikan/npsn/69812926
Kabupaten Bantul,Piyungan,paud,69812956,KB BUNGA BANGSA,Perum Cepoko Griya Indah,Sitimulyo,SWASTA,https://referensi.data.kemendikdasmen.go.id/pendidikan/npsn/69812956
Kabupaten Bantul,Piyungan,paud,69813258,KB HARAPAN KITA,Payak Tengah,Srimulyo,SWASTA,https://referensi.data.kemendikdasmen.go.id/pendidikan/npsn/69813258
Kabupaten Bantul,Piyungan,paud,69813037,KB IT PERMATA HATI,JOMBOR RT 02,Srimulyo,SWASTA,https://referensi.data.kemendikdasmen.go.id/pendidikan/npsn/69813037
Kabupaten Bantul,Piyungan,paud,69813142,KB KUNCUP MEKAR,KEMBANGSARI,Srimartani,SWASTA,https://referensi.data.kemendikdasmen.go.id/pendidikan/npsn/69813142
Kabupaten Bantul,Piyungan,paud,69844655,KB KUNCUP MEKAR II,Perum Griya Tamansari II Kembangsari,Srimartani,SWASTA,https://referensi.data.kemendikdasmen.go.id/pendidikan/npsn/69844655
Kabupaten Bantul,Piyungan,paud,69844653,KB LINTANG SONGO,Pager Gunung I,Sitimulyo,SWASTA,https://referensi.data.kemendikdasmen.go.id/pendidikan/npsn/69844653
Kabupaten Bantul,Piyungan,paud,69813315,KB MASYITHOH,WANUJOYO LOR,Srimartani,SWASTA,https://referensi.data.kemendikdasmen.go.id/pendidikan/npsn/69813315
Kabupaten Bantul,Piyungan,paud,69953496,KB MASYITHOH V KEMLOKO,KEMLOKO,Srimartani,SWASTA,https://referensi.data.kemendikdasmen.go.id/pendidikan/npsn/69953496
Kabupaten Bantul,Piyungan,paud,69813078,KB MELATI,KALIGATUK RT 003,Sitimulyo,SWASTA,https://referensi.data.kemendikdasmen.go.id/pendidikan/npsn/69813078
Kabupaten Bantul,Piyungan,paud,69813348,KB MENTARI,Perum Griya Tamansari 2 Petir,Srimartani,SWASTA,https://referensi.data.kemendikdasmen.go.id/pendidikan/npsn/69813348
Kabupaten Bantul,Piyungan,paud,69844651,KB MUTIARA BUNDA 2,Mojosari,Sitimulyo,SWASTA,https://referensi.data.kemendikdasmen.go.id/pendidikan/npsn/69844651
Kabupaten Bantul,Piyungan,paud,69813127,KB PERMATA BUNDA,Kabregan,Srimulyo,SWASTA,https://referensi.data.kemendikdasmen.go.id/pendidikan/npsn/69813127
Kabupaten Bantul,Piyungan,paud,69813131,KB PUSPITASARI,Kwasen RT 03,Srimartani,SWASTA,https://referensi.data.kemendikdasmen.go.id/pendidikan/npsn/69813131
Kabupaten Bantul,Piyungan,paud,70003652,KB TERATAI SANANSARI,Sanansari RT 07,Srimartani,SWASTA,https://referensi.data.kemendikdasmen.go.id/pendidikan/npsn/70003652
Kabupaten Bantul,Piyungan,paud,69844654,KB TUNAS CERIA,PAYAK CILIK RT 03,Srimulyo,SWASTA,https://referensi.data.kemendikdasmen.go.id/pendidikan/npsn/69844654
Kabupaten Bantul,Piyungan,paud,70036410,KB UMMUL HIKMAH,"Perumahan Cepoko Indah, Kuden",Sitimulyo,SWASTA,https://referensi.data.kemendikdasmen.go.id/pendidikan/npsn/70036410
Kabupaten Bantul,Piyungan,paud,69812865,KBIT AR RAIHAN PIYUNGAN,Gampingan Monggang,Sitimulyo,SWASTA,https://referensi.data.kemendikdasmen.go.id/pendidikan/npsn/69812865
Kabupaten Bantul,Piyungan,paud,69812982,KELOMPOK BERMAIN CERMAT,JOLOSUTRO RT 04,Srimulyo,SWASTA,https://referensi.data.kemendikdasmen.go.id/pendidikan/npsn/69812982
Kabupaten Bantul,Piyungan,paud,70014437,PAUDQ SUNAN GESENG,JOLOSUTRO SRIMULYO,Srimulyo,SWASTA,https://referensi.data.kemendikdasmen.go.id/pendidikan/npsn/70014437
Kabupaten Bantul,Piyungan,paud,69994082,RA PERMATA HATI JOMBOR,JOMBOR RT 02,Srimulyo,SWASTA,https://referensi.data.kemendikdasmen.go.id/pendidikan/npsn/69994082
Kabupaten Bantul,Piyungan,paud,69743556,RA/BA/TA BUNAYYA ISLAMIC CENTER BIN BAZ,KARANGGAYAM SITIMULYO PIYUNGAN BANTUL,Sitimulyo,SWASTA,https://referensi.data.kemendikdasmen.go.id/pendidikan/npsn/69743556
Kabupaten Bantul,Piyungan,paud,69813179,SPS ANANDA SAYANG,BINTARAN WETAN,Srimulyo,SWASTA,https://referensi.data.kemendikdasmen.go.id/pendidikan/npsn/69813179
Kabupaten Bantul,Piyungan,paud,69813211,SPS ARUM SARI,KLENGGOTAN,Srimulyo,SWASTA,https://referensi.data.kemendikdasmen.go.id/pendidikan/npsn/69813211
Kabupaten Bantul,Piyungan,paud,69813230,SPS BUAH HATI BUNDA,KARANGPLOSO,Sitimulyo,SWASTA,https://referensi.data.kemendikdasmen.go.id/pendidikan/npsn/69813230
Kabupaten Bantul,Piyungan,paud,69813244,SPS CAHAYA MUDA,SANDEYAN,Srimulyo,SWASTA,https://referensi.data.kemendikdasmen.go.id/pendidikan/npsn/69813244
Kabupaten Bantul,Piyungan,paud,69813169,SPS DACCLIA,Ngijo RT 01,Srimulyo,SWASTA,https://referensi.data.kemendikdasmen.go.id/pendidikan/npsn/69813169
Kabupaten Bantul,Piyungan,paud,69813306,SPS GIAT,Prayan RT 01,Srimulyo,SWASTA,https://referensi.data.kemendikdasmen.go.id/pendidikan/npsn/69813306
Kabupaten Bantul,Piyungan,paud,69820617,SPS Harapan Jaya,Payak Wetan RT. 003,Srimulyo,SWASTA,https://referensi.data.kemendikdasmen.go.id/pendidikan/npsn/69820617
Kabupaten Bantul,Piyungan,paud,69813340,SPS HARGOSARI,Plesedan,Srimulyo,SWASTA,https://referensi.data.kemendikdasmen.go.id/pendidikan/npsn/69813340
Kabupaten Bantul,Piyungan,paud,69844682,SPS KUDEN CERIA,Kuden,Sitimulyo,SWASTA,https://referensi.data.kemendikdasmen.go.id/pendidikan/npsn/69844682
Kabupaten Bantul,Piyungan,paud,69813112,SPS KUNCUP MELATI,KARANGGAYAM,Sitimulyo,SWASTA,https://referensi.data.kemendikdasmen.go.id/pendidikan/npsn/69813112
Kabupaten Bantul,Piyungan,paud,69820555,SPS LESTARI MULYO,NGANYANG,Sitimulyo,SWASTA,https://referensi.data.kemendikdasmen.go.id/pendidikan/npsn/69820555
Kabupaten Bantul,Piyungan,paud,69820557,SPS MARGO MULYO,NGLENGIS,Sitimulyo,SWASTA,https://referensi.data.kemendikdasmen.go.id/pendidikan/npsn/69820557
Kabupaten Bantul,Piyungan,paud,69813164,SPS MAWAR,Pandeyan RT.01,Srimulyo,SWASTA,https://referensi.data.kemendikdasmen.go.id/pendidikan/npsn/69813164
Kabupaten Bantul,Piyungan,paud,69813148,SPS MAWAR JINGGA,Banyakan III,Sitimulyo,SWASTA,https://referensi.data.kemendikdasmen.go.id/pendidikan/npsn/69813148
Kabupaten Bantul,Piyungan,paud,69813312,SPS MAWAR MERAH,Tegalyoso,Sitimulyo,SWASTA,https://referensi.data.kemendikdasmen.go.id/pendidikan/npsn/69813312
Kabupaten Bantul,Piyungan,paud,69813173,SPS MEKAR SARI 2,POS PIYUNGAN,Srimartani,SWASTA,https://referensi.data.kemendikdasmen.go.id/pendidikan/npsn/69813173
Kabupaten Bantul,Piyungan,paud,69813188,SPS MEKAR SARI I,"Tambalan RT 06, Dusun Pos Piyungan",Srimartani,SWASTA,https://referensi.data.kemendikdasmen.go.id/pendidikan/npsn/69813188
Kabupaten Bantul,Piyungan,paud,69844683,SPS MENTARI,PADANGAN,Sitimulyo,SWASTA,https://referensi.data.kemendikdasmen.go.id/pendidikan/npsn/69844683
Kabupaten Bantul,Piyungan,paud,69813216,SPS NUSA INDAH,MOJOSARI,Srimartani,SWASTA,https://referensi.data.kemendikdasmen.go.id/pendidikan/npsn/69813216
Kabupaten Bantul,Piyungan,paud,69813221,SPS PELITA BUNDA,Duwetgentong,Srimulyo,SWASTA,https://referensi.data.kemendikdasmen.go.id/pendidikan/npsn/69813221
Kabupaten Bantul,Piyungan,paud,69813237,SPS PERMATA HATI,Kradenan RT 04,Srimulyo,SWASTA,https://referensi.data.kemendikdasmen.go.id/pendidikan/npsn/69813237
Kabupaten Bantul,Piyungan,paud,69820571,SPS SAYANG ANAK,Banyakan I,Sitimulyo,SWASTA,https://referensi.data.kemendikdasmen.go.id/pendidikan/npsn/69820571
Kabupaten Bantul,Piyungan,paud,69813197,SPS TUNAS BANGSA,ONGGOPATRAN RT 03,Srimulyo,SWASTA,https://referensi.data.kemendikdasmen.go.id/pendidikan/npsn/69813197
Kabupaten Bantul,Piyungan,paud,69844680,SPS TUNAS MADUGONDO,MADUGONDO,Sitimulyo,SWASTA,https://referensi.data.kemendikdasmen.go.id/pendidikan/npsn/69844680
Kabupaten Bantul,Piyungan,paud,69813278,SPS TUNAS MEKAR,GAMPINGAN MONGGANG RT 03,Sitimulyo,SWASTA,https://referensi.data.kemendikdasmen.go.id/pendidikan/npsn/69813278
Kabupaten Bantul,Piyungan,paud,69813344,SPS TUNAS MELATI,Bangkel,Srimulyo,SWASTA,https://referensi.data.kemendikdasmen.go.id/pendidikan/npsn/69813344
Kabupaten Bantul,Piyungan,paud,69820603,SPS TUNAS MELATI,Somokaton,Sitimulyo,SWASTA,https://referensi.data.kemendikdasmen.go.id/pendidikan/npsn/69820603
Kabupaten Bantul,Piyungan,paud,20409176,TK AISYIYAH BUSTANUL ATHFAL KALIGATUK,KALIGATUK,Srimulyo,SWASTA,https://referensi.data.kemendikdasmen.go.id/pendidikan/npsn/20409176
Kabupaten Bantul,Piyungan,paud,20409187,TK AISYIYAH BUSTANUL ATHFAL MADUGONDO,MADUGONDO,Sitimulyo,SWASTA,https://referensi.data.kemendikdasmen.go.id/pendidikan/npsn/20409187
Kabupaten Bantul,Piyungan,paud,20409153,TK AISYIYAH BUSTANUL ATHFAL MANDUNGAN,MANDUNGAN,Srimartani,SWASTA,https://referensi.data.kemendikdasmen.go.id/pendidikan/npsn/20409153
Kabupaten Bantul,Piyungan,paud,20409165,TK AISYIYAH BUSTANUL ATHFAL MOJOSARI,KARANGTENGAH,Sitimulyo,SWASTA,https://referensi.data.kemendikdasmen.go.id/pendidikan/npsn/20409165
Kabupaten Bantul,Piyungan,paud,20409178,TK AISYIYAH BUSTANUL ATHFAL NGANYANG,NGANYANG,Sitimulyo,SWASTA,https://referensi.data.kemendikdasmen.go.id/pendidikan/npsn/20409178
Kabupaten Bantul,Piyungan,paud,20409155,TK AISYIYAH BUSTANUL ATHFAL PIYUNGAN,PIYUNGAN,Srimartani,SWASTA,https://referensi.data.kemendikdasmen.go.id/pendidikan/npsn/20409155
Kabupaten Bantul,Piyungan,paud,69865809,TK AISYIYAH MUTIARA BUNDA,MANDUNGAN,Srimartani,SWASTA,https://referensi.data.kemendikdasmen.go.id/pendidikan/npsn/69865809
Kabupaten Bantul,Piyungan,paud,20409175,TK IKIP PGRI YK,REJOSARI,Srimartani,SWASTA,https://referensi.data.kemendikdasmen.go.id/pendidikan/npsn/20409175
Kabupaten Bantul,Piyungan,paud,20409141,TK LKMD 45 TEGALYOSO,TEGALYOSO,Sitimulyo,SWASTA,https://referensi.data.kemendikdasmen.go.id/pendidikan/npsn/20409141
Kabupaten Bantul,Piyungan,paud,20409146,TK LKMD CATUR TUNGGAL,Padangan,Sitimulyo,SWASTA,https://referensi.data.kemendikdasmen.go.id/pendidikan/npsn/20409146
Kabupaten Bantul,Piyungan,paud,20409149,TK LKMD PAGERGUNUNG,PAGERGUNUNG,Sitimulyo,SWASTA,https://referensi.data.kemendikdasmen.go.id/pendidikan/npsn/20409149
Kabupaten Bantul,Piyungan,paud,20409185,TK LKMD PUTRA HARAPAN,NGELOSARI,Srimulyo,SWASTA,https://referensi.data.kemendikdasmen.go.id/pendidikan/npsn/20409185
Kabupaten Bantul,Piyungan,paud,20409151,TK LKMD TRI MULIA,KABREGAN,Srimulyo,SWASTA,https://referensi.data.kemendikdasmen.go.id/pendidikan/npsn/20409151
Kabupaten Bantul,Piyungan,paud,20409136,TK LKMD WANUJOYO,WANUJOYO,Srimartani,SWASTA,https://referensi.data.kemendikdasmen.go.id/pendidikan/npsn/20409136
Kabupaten Bantul,Piyungan,paud,20409102,TK MASYITHOH I TEGALREJO,KEMBANGSARI RT 03,Srimartani,SWASTA,https://referensi.data.kemendikdasmen.go.id/pendidikan/npsn/20409102
Kabupaten Bantul,Piyungan,paud,20409163,TK MASYITHOH III,MUTIHAN,Srimartani,SWASTA,https://referensi.data.kemendikdasmen.go.id/pendidikan/npsn/20409163
Kabupaten Bantul,Piyungan,paud,20409164,TK MASYITHOH IV MOJOSARI,MOJOSARI,Srimartani,SWASTA,https://referensi.data.kemendikdasmen.go.id/pendidikan/npsn/20409164
Kabupaten Bantul,Piyungan,paud,20409174,TK MASYITHOH V KEMLOKO,KEMLOKO,Srimartani,SWASTA,https://referensi.data.kemendikdasmen.go.id/pendidikan/npsn/20409174
Kabupaten Bantul,Piyungan,paud,20409183,TK MASYITHOH VI PIYUNGAN,DARAMAN,Srimartani,SWASTA,https://referensi.data.kemendikdasmen.go.id/pendidikan/npsn/20409183
Kabupaten Bantul,Piyungan,paud,70005627,TK MASYITHOH VII NGABLAK,Ngablak RT. 02,Sitimulyo,SWASTA,https://referensi.data.kemendikdasmen.go.id/pendidikan/npsn/70005627
Kabupaten Bantul,Piyungan,paud,70046963,TK MASYITHOH VIII CEPOKOJAJAR,Cepokojajar,Sitimulyo,SWASTA,https://referensi.data.kemendikdasmen.go.id/pendidikan/npsn/70046963
Kabupaten Bantul,Piyungan,paud,20409157,TK MASYITOH II SANANSARI,SANANSARI,Srimartani,SWASTA,https://referensi.data.kemendikdasmen.go.id/pendidikan/npsn/20409157
Kabupaten Bantul,Piyungan,paud,20409119,TK NEGERI 1 PIYUNGAN,MUNGGUR,Srimartani,NEGERI,https://referensi.data.kemendikdasmen.go.id/pendidikan/npsn/20409119
Kabupaten Bantul,Piyungan,paud,20409115,TK PERTIWI 04 BANYAKAN,BANYAKAN,Sitimulyo,SWASTA,https://referensi.data.kemendikdasmen.go.id/pendidikan/npsn/20409115
Kabupaten Bantul,Piyungan,paud,20409127,TK PERTIWI 11 BINTARAN,Bintaran Kulon,Srimulyo,SWASTA,https://referensi.data.kemendikdasmen.go.id/pendidikan/npsn/20409127
Kabupaten Bantul,Piyungan,paud,20409112,TK PERTIWI 2 POS PIYUNGAN,Pos Piyungan,Srimartani,SWASTA,https://referensi.data.kemendikdasmen.go.id/pendidikan/npsn/20409112
Kabupaten Bantul,Piyungan,paud,20409134,TK PERTIWI 29 KARANGGAYAM,KARANGGAYAM,Sitimulyo,SWASTA,https://referensi.data.kemendikdasmen.go.id/pendidikan/npsn/20409134
Kabupaten Bantul,Piyungan,paud,20409113,TK PERTIWI 3 NGIJO,NGIJO,Srimulyo,SWASTA,https://referensi.data.kemendikdasmen.go.id/pendidikan/npsn/20409113
Kabupaten Bantul,Piyungan,paud,20409117,TK PERTIWI 5 KLENGGOTAN,KLENGGOTAN,Srimulyo,SWASTA,https://referensi.data.kemendikdasmen.go.id/pendidikan/npsn/20409117
Kabupaten Bantul,Piyungan,paud,20409184,TK PERTIWI 58 KWASEN,KWASEN,Srimartani,SWASTA,https://referensi.data.kemendikdasmen.go.id/pendidikan/npsn/20409184
Kabupaten Bantul,Piyungan,paud,20409122,TK PERTIWI 8 JOLOSUTRO,JOLOSUTRO,Srimulyo,SWASTA,https://referensi.data.kemendikdasmen.go.id/pendidikan/npsn/20409122
Kabupaten Bantul,Piyungan,paud,20409154,TK PKK 70 MARDISIWI SANDEYAN,SANDEYAN,Srimulyo,SWASTA,https://referensi.data.kemendikdasmen.go.id/pendidikan/npsn/20409154
Kabupaten Bantul,Piyungan,paud,20409186,TK YAYASAN 1 OKTOBER 1962 PAYAK,PAYAK,Srimulyo,SWASTA,https://referensi.data.kemendikdasmen.go.id/pendidikan/npsn/20409186
Kabupaten Bantul,Piyungan,paud,20409182,TKIT AR RAIHAN PIYUNGAN,GAMPINGAN,Sitimulyo,SWASTA,https://referensi.data.kemendikdasmen.go.id/pendidikan/npsn/20409182
Kabupaten Bantul,Piyungan,paud,69844658,TPA AISYIYAH MUTIARA BUNDA,MANDUNGAN RT 07,Srimartani,SWASTA,https://referensi.data.kemendikdasmen.go.id/pendidikan/npsn/69844658
Kabupaten Bantul,Piyungan,paud,69844657,TPA AR RAIHAN PIYUNGAN,Gampingan Monggang,Sitimulyo,SWASTA,https://referensi.data.kemendikdasmen.go.id/pendidikan/npsn/69844657
Kabupaten Bantul,Banguntapan,paud,69820594,KB AISYIYAH BINA INSANI,JL GARUDA MODALAN RT 02,Banguntapan,SWASTA,https://referensi.data.kemendikdasmen.go.id/pendidikan/npsn/69820594
Kabupaten Bantul,Banguntapan,paud,69931909,KB AISYIYAH CAHAYA HATI,Jeruklegi Tegaltandan,Banguntapan,SWASTA,https://referensi.data.kemendikdasmen.go.id/pendidikan/npsn/69931909
Kabupaten Bantul,Banguntapan,paud,69813274,KB AISYIYAH CERIA GILANG,Gilang RT 04,Baturetno,SWASTA,https://referensi.data.kemendikdasmen.go.id/pendidikan/npsn/69813274
Kabupaten Bantul,Banguntapan,paud,69866992,KB Aisyiyah Mertosanan,Mertosanan Kulon,Potorono,SWASTA,https://referensi.data.kemendikdasmen.go.id/pendidikan/npsn/69866992
Kabupaten Bantul,Banguntapan,paud,69975145,KB AISYIYAH NGLAREN,Nglaren Rt 03,Potorono,SWASTA,https://referensi.data.kemendikdasmen.go.id/pendidikan/npsn/69975145
Kabupaten Bantul,Banguntapan,paud,69931906,KB AISYIYAH POTORONO I,"Petet, Potorono, Banguntapan, Bantul",Potorono,SWASTA,https://referensi.data.kemendikdasmen.go.id/pendidikan/npsn/69931906
Kabupaten Bantul,Banguntapan,paud,69981305,KB AISYIYAH POTORONO II,Potorono Potorono Banguntapan Bantul,Potorono,SWASTA,https://referensi.data.kemendikdasmen.go.id/pendidikan/npsn/69981305
Kabupaten Bantul,Banguntapan,paud,69813106,KB AISYIYAH TEGALSARI,Tegalsari,Banguntapan,SWASTA,https://referensi.data.kemendikdasmen.go.id/pendidikan/npsn/69813106
Kabupaten Bantul,Banguntapan,paud,69813136,KB AL MUTHIIN,MAGUWO RT.14/RW.27,Banguntapan,SWASTA,https://referensi.data.kemendikdasmen.go.id/pendidikan/npsn/69813136
Kabupaten Bantul,Banguntapan,paud,69813125,KB AL-MUHTADIN,Komplek Masjid Al Muhtadin Plumbon RT.13 RW.15,Banguntapan,SWASTA,https://referensi.data.kemendikdasmen.go.id/pendidikan/npsn/69813125
Kabupaten Bantul,Banguntapan,paud,69959892,KB ALIFA MUSLIM MONTESSORI,"Jl. Gatotkaca No. 399, Jurugentong",Banguntapan,SWASTA,https://referensi.data.kemendikdasmen.go.id/pendidikan/npsn/69959892
Kabupaten Bantul,Banguntapan,paud,69959601,KB AMANAH,Pringgolayan RT 04,Banguntapan,SWASTA,https://referensi.data.kemendikdasmen.go.id/pendidikan/npsn/69959601
Kabupaten Bantul,Banguntapan,paud,69861013,KB AMARTYA,Jl. Kalinga No 7 RT 006,Potorono,SWASTA,https://referensi.data.kemendikdasmen.go.id/pendidikan/npsn/69861013
Kabupaten Bantul,Banguntapan,paud,69813195,KB AN-NISA JOGJAKARTA,"Jl. Wonosari KM 7,5, Mantup",Baturetno,SWASTA,https://referensi.data.kemendikdasmen.go.id/pendidikan/npsn/69813195
Kabupaten Bantul,Banguntapan,paud,69863827,KB ANAK NEGERI AISYIYAH KARANGBENDO,JL. WARINGIN NO.13 KARANGBENDO,Banguntapan,SWASTA,https://referensi.data.kemendikdasmen.go.id/pendidikan/npsn/69863827
Kabupaten Bantul,Banguntapan,paud,69813177,KB ANANDA,JL. Pringmayang Gang Rejeki III Pringgolayan,Banguntapan,SWASTA,https://referensi.data.kemendikdasmen.go.id/pendidikan/npsn/69813177
Kabupaten Bantul,Banguntapan,paud,69813209,KB ANNISA SINGOSAREN,Karang RT 02 Singosaren III,Singosaren,SWASTA,https://referensi.data.kemendikdasmen.go.id/pendidikan/npsn/69813209
Kabupaten Bantul,Banguntapan,paud,69820580,KB AVICIENA,"Jl. Cendrawasih, Maguwo RT 14 RW 27",Banguntapan,SWASTA,https://referensi.data.kemendikdasmen.go.id/pendidikan/npsn/69820580
Kabupaten Bantul,Banguntapan,paud,70031489,KB AZZAHROTUN,WONOCATUR RT 07 RW 24,Banguntapan,SWASTA,https://referensi.data.kemendikdasmen.go.id/pendidikan/npsn/70031489
Kabupaten Bantul,Banguntapan,paud,69813228,KB BAKTI BAITUSSALAM,"Jl. Monumen Perjuangan, Kertopaten, Glondong RT.01",Wirokerten,SWASTA,https://referensi.data.kemendikdasmen.go.id/pendidikan/npsn/69813228
Kabupaten Bantul,Banguntapan,paud,69911170,KB BHAKTI MULIA,Kanoman RT 07 RW 20 Karangjambe,Banguntapan,SWASTA,https://referensi.data.kemendikdasmen.go.id/pendidikan/npsn/69911170
Kabupaten Bantul,Banguntapan,paud,69813262,KB BINA BUAH HATI,Jl. Sorowajan Baru No. 1,Banguntapan,SWASTA,https://referensi.data.kemendikdasmen.go.id/pendidikan/npsn/69813262
Kabupaten Bantul,Banguntapan,paud,70063388,KB Cahyaning Budi,"Komplek TPA At Taqwa, Dhuku RT 02",Jambidan,SWASTA,https://referensi.data.kemendikdasmen.go.id/pendidikan/npsn/70063388
Kabupaten Bantul,Banguntapan,paud,69861012,KB CERIA,Tobratan RT 06,Wirokerten,SWASTA,https://referensi.data.kemendikdasmen.go.id/pendidikan/npsn/69861012
Kabupaten Bantul,Banguntapan,paud,69968885,KB CERIA SEMOYAN SINGOSAREN,SEMOYAN RT. 01,Singosaren,SWASTA,https://referensi.data.kemendikdasmen.go.id/pendidikan/npsn/69968885
Kabupaten Bantul,Banguntapan,paud,69950519,KB CHIPMUNK,Jl. Garuda No. 318 Kepanjen,Banguntapan,SWASTA,https://referensi.data.kemendikdasmen.go.id/pendidikan/npsn/69950519
Kabupaten Bantul,Banguntapan,paud,69967080,KB DAAR AL HAKIM,Sunten RT 08 Jomblangan,Banguntapan,SWASTA,https://referensi.data.kemendikdasmen.go.id/pendidikan/npsn/69967080
Kabupaten Bantul,Banguntapan,paud,69907384,KB DARUL ILMI ARSHIYA,SAMPANGAN RT.007,Wirokerten,SWASTA,https://referensi.data.kemendikdasmen.go.id/pendidikan/npsn/69907384
Kabupaten Bantul,Banguntapan,paud,69916632,KB EDEL WEIZ,"Sunten, DK Jomblangan RT 08",Banguntapan,SWASTA,https://referensi.data.kemendikdasmen.go.id/pendidikan/npsn/69916632
Kabupaten Bantul,Banguntapan,paud,69913961,KB EMBUN,Jl. Pleret Km 2,Banguntapan,SWASTA,https://referensi.data.kemendikdasmen.go.id/pendidikan/npsn/69913961
Kabupaten Bantul,Banguntapan,paud,69863826,KB FLAMBOYAN,Kepanjen RT 01,Jambidan,SWASTA,https://referensi.data.kemendikdasmen.go.id/pendidikan/npsn/69863826
Kabupaten Bantul,Banguntapan,paud,70035122,KB Halimah As Sadiyah,Jalan Pertapan Manggisan RT.08,Baturetno,SWASTA,https://referensi.data.kemendikdasmen.go.id/pendidikan/npsn/70035122
Kabupaten Bantul,Banguntapan,paud,70035110,KB HANACARAKA EDUKIDS MONTESSORI SCHOOL,Jl. Sepiangin Selatan No 08 RT.007 RW 000,Tamanan,SWASTA,https://referensi.data.kemendikdasmen.go.id/pendidikan/npsn/70035110
Kabupaten Bantul,Banguntapan,paud,69911172,KB ISLAM AL-HARITS,Pelem Lor,Baturetno,SWASTA,https://referensi.data.kemendikdasmen.go.id/pendidikan/npsn/69911172
Kabupaten Bantul,Banguntapan,paud,70050138,KB Islam Fatiha Karima,"Jl Sukun No 270, Karangbendo",Banguntapan,SWASTA,https://referensi.data.kemendikdasmen.go.id/pendidikan/npsn/70050138
Kabupaten Bantul,Banguntapan,paud,70000985,KB IT SALSABILA 2 BANGUNTAPAN,Jl. Gatotkaca Jurugentong RT 10 RW 34,Banguntapan,SWASTA,https://referensi.data.kemendikdasmen.go.id/pendidikan/npsn/70000985
Kabupaten Bantul,Banguntapan,paud,69813283,KB JABAL RAHMAH,KANOMAN TEGAL PASAR,Banguntapan,SWASTA,https://referensi.data.kemendikdasmen.go.id/pendidikan/npsn/69813283
Kabupaten Bantul,Banguntapan,paud,70050231,KB Jamilurrohman,Glondong RT 04,Wirokerten,SWASTA,https://referensi.data.kemendikdasmen.go.id/pendidikan/npsn/70050231
Kabupaten Bantul,Banguntapan,paud,69983899,KB JELITA,Sarirejo I RT 04,Singosaren,SWASTA,https://referensi.data.kemendikdasmen.go.id/pendidikan/npsn/69983899
Kabupaten Bantul,Banguntapan,paud,69820620,KB JOGJA CITRA,Jl. Monumen Perjuangan Banjar Dadap,Potorono,SWASTA,https://referensi.data.kemendikdasmen.go.id/pendidikan/npsn/69820620
Kabupaten Bantul,Banguntapan,paud,69939920,KB LITTLE CARE,"Jl. Ringroad Selatan KM. 6,7 Blado",Potorono,SWASTA,https://referensi.data.kemendikdasmen.go.id/pendidikan/npsn/69939920
Kabupaten Bantul,Banguntapan,paud,69813184,KB MUADZ BIN JABAL 2,"Ketandan RT 01/RW 38, DK Jaranan",Banguntapan,SWASTA,https://referensi.data.kemendikdasmen.go.id/pendidikan/npsn/69813184
Kabupaten Bantul,Banguntapan,paud,69813234,KB MUTIARA,MANGGISAN,Baturetno,SWASTA,https://referensi.data.kemendikdasmen.go.id/pendidikan/npsn/69813234
Kabupaten Bantul,Banguntapan,paud,69813202,KB MUTIARA HARAPAN,Sarirejo II,Singosaren,SWASTA,https://referensi.data.kemendikdasmen.go.id/pendidikan/npsn/69813202
Kabupaten Bantul,Banguntapan,paud,69955047,KB NURIL MUTHIAH,Plakaran Kidul RT. 01,Baturetno,SWASTA,https://referensi.data.kemendikdasmen.go.id/pendidikan/npsn/69955047
Kabupaten Bantul,Banguntapan,paud,69820587,KB PERMATA BUNDA,Kepuh Kulon RT 02,Wirokerten,SWASTA,https://referensi.data.kemendikdasmen.go.id/pendidikan/npsn/69820587
Kabupaten Bantul,Banguntapan,paud,70010427,KB PERMATA HATIKU,Jl. Monumen Perjuangan No. 09 RT. 003 Donoloyo,Tamanan,SWASTA,https://referensi.data.kemendikdasmen.go.id/pendidikan/npsn/70010427
Kabupaten Bantul,Banguntapan,paud,69813255,KB QURRATA A YUN,Glagah Kidul RT.04,Tamanan,SWASTA,https://referensi.data.kemendikdasmen.go.id/pendidikan/npsn/69813255
Kabupaten Bantul,Banguntapan,paud,69911166,KB RATNA PUTRA,Plakaran,Baturetno,SWASTA,https://referensi.data.kemendikdasmen.go.id/pendidikan/npsn/69911166
Kabupaten Bantul,Banguntapan,paud,69820599,KB SEKAR BANGSA,Mutihan RT 03,Wirokerten,SWASTA,https://referensi.data.kemendikdasmen.go.id/pendidikan/npsn/69820599
Kabupaten Bantul,Banguntapan,paud,69906977,KB SEKAR MELATI,KETANDAN RT. 03,Banguntapan,SWASTA,https://referensi.data.kemendikdasmen.go.id/pendidikan/npsn/69906977
Kabupaten Bantul,Banguntapan,paud,69912030,KB STAR KIDS,JL. JANTI NO. 88A,Banguntapan,SWASTA,https://referensi.data.kemendikdasmen.go.id/pendidikan/npsn/69912030
Kabupaten Bantul,Banguntapan,paud,69992085,KB TAMAN FIRDAUS,BESALEN RT 06 NGIPIK,Baturetno,SWASTA,https://referensi.data.kemendikdasmen.go.id/pendidikan/npsn/69992085
Kabupaten Bantul,Banguntapan,paud,69916635,KB TAMAN MELATI,PELEM LOR RT 14,Baturetno,SWASTA,https://referensi.data.kemendikdasmen.go.id/pendidikan/npsn/69916635
Kabupaten Bantul,Banguntapan,paud,69820610,KB TUNAS MELATI,"Jl.Garuda 142 RT. 08 RW. 25, Wonocatur",Banguntapan,SWASTA,https://referensi.data.kemendikdasmen.go.id/pendidikan/npsn/69820610
Kabupaten Bantul,Banguntapan,paud,69813110,KB. KASIH IBU,KEPANJEN RT 02,Jambidan,SWASTA,https://referensi.data.kemendikdasmen.go.id/pendidikan/npsn/69813110
Kabupaten Bantul,Banguntapan,paud,69981901,KELOMPOK BERMAIN ANAK CENDEKIA,Jl. Gatotkaca No.405 C Jurugentong,Banguntapan,SWASTA,https://referensi.data.kemendikdasmen.go.id/pendidikan/npsn/69981901
Kabupaten Bantul,Banguntapan,paud,70053658,PRATAMA WIDYALAYA SARI MEKAR,"Jl. Pura no 370 Plumbon, Banguntapan",Banguntapan,SWASTA,https://referensi.data.kemendikdasmen.go.id/pendidikan/npsn/70053658
Kabupaten Bantul,Banguntapan,paud,69743534,RA AN-NISA JOGJAKARTA,"JL. WONOSARI KM 7,5 BUMEN WETAN,RT.09 BATURETNO, BANGUNTAPAN, BANTUL, YOGYAKARTA",Tamanan,SWASTA,https://referensi.data.kemendikdasmen.go.id/pendidikan/npsn/69743534
Kabupaten Bantul,Banguntapan,paud,69976374,RA DARUL ILMI,DSN SAMPANGAN RT 07 WIROKERTEN BANGUNTAPAN BANTUL,Wirokerten,SWASTA,https://referensi.data.kemendikdasmen.go.id/pendidikan/npsn/69976374
Kabupaten Bantul,Banguntapan,paud,69743536,RA JOGJA CITRA,BANJARDADAP,Potorono,SWASTA,https://referensi.data.kemendikdasmen.go.id/pendidikan/npsn/69743536
Kabupaten Bantul,Banguntapan,paud,69743535,RA MUADZ BIN JABAL 2,KETANDAN RT 01 RW 38 JARANAN BANGUNTAPAN,Banguntapan,SWASTA,https://referensi.data.kemendikdasmen.go.id/pendidikan/npsn/69743535
Kabupaten Bantul,Banguntapan,paud,69743538,RA TAHFIDZ AL-QUR`AN JAMILURROHMAN,"GLONDONG RT 04 WIROKERTEN, BANGUNTAPAN, BANTUL, DIY",Wirokerten,SWASTA,https://referensi.data.kemendikdasmen.go.id/pendidikan/npsn/69743538
Kabupaten Bantul,Banguntapan,paud,69743537,RA/BA/TA PDHI,"KOMPLEKS PERUM WIROKERTEN,JOGORAGAN, BANGUNTAPAN, BANTUL, YOGYAKARTA",Banguntapan,SWASTA,https://referensi.data.kemendikdasmen.go.id/pendidikan/npsn/69743537
Kabupaten Bantul,Banguntapan,paud,69981319,SPS ANYELIR I,Wonocatur Banguntapan Banguntapan Bantul,Banguntapan,SWASTA,https://referensi.data.kemendikdasmen.go.id/pendidikan/npsn/69981319
Kabupaten Bantul,Banguntapan,paud,69813257,SPS BBH AGUNG III,PLUMBON RT. 13 RW. 15,Banguntapan,SWASTA,https://referensi.data.kemendikdasmen.go.id/pendidikan/npsn/69813257
Kabupaten Bantul,Banguntapan,paud,69863838,SPS CEMPAKA KUNING,Glondong RT. 03,Wirokerten,SWASTA,https://referensi.data.kemendikdasmen.go.id/pendidikan/npsn/69863838
Kabupaten Bantul,Banguntapan,paud,69813351,SPS GELATIK,Balai Dusun Sorowajan,Banguntapan,SWASTA,https://referensi.data.kemendikdasmen.go.id/pendidikan/npsn/69813351
Kabupaten Bantul,Banguntapan,paud,69980102,SPS KEMBANG HARAPAN,Krobokan,Tamanan,SWASTA,https://referensi.data.kemendikdasmen.go.id/pendidikan/npsn/69980102
Kabupaten Bantul,Banguntapan,paud,69813235,SPS KEMBANG TEBU,Glagah Lor RT 03,Tamanan,SWASTA,https://referensi.data.kemendikdasmen.go.id/pendidikan/npsn/69813235
Kabupaten Bantul,Banguntapan,paud,70055237,SPS LEMBAYUNG,Gang Kweni RT 03 Dusun IX Pelemwulung,Banguntapan,SWASTA,https://referensi.data.kemendikdasmen.go.id/pendidikan/npsn/70055237
Kabupaten Bantul,Banguntapan,paud,70052308,SPS LESTARI,Dladan RT 06,Tamanan,SWASTA,https://referensi.data.kemendikdasmen.go.id/pendidikan/npsn/70052308
Kabupaten Bantul,Banguntapan,paud,69813246,SPS MEKAR SEJATI,BOTOKENCENG,Wirokerten,SWASTA,https://referensi.data.kemendikdasmen.go.id/pendidikan/npsn/69813246
Kabupaten Bantul,Banguntapan,paud,70006514,SPS MUTIARA HARAPAN,"Jl. Citrowati, Karangbendo Kulon RT 08",Banguntapan,SWASTA,https://referensi.data.kemendikdasmen.go.id/pendidikan/npsn/70006514
Kabupaten Bantul,Banguntapan,paud,69820592,SPS PELITA HATI,"Karangsari Wetan RT 15, Tegaltandan",Banguntapan,SWASTA,https://referensi.data.kemendikdasmen.go.id/pendidikan/npsn/69820592
Kabupaten Bantul,Banguntapan,paud,70055837,SPS SUNGAI BARITO,Jl. Baruno No 48 Jomblangan RT02,Banguntapan,SWASTA,https://referensi.data.kemendikdasmen.go.id/pendidikan/npsn/70055837
Kabupaten Bantul,Banguntapan,paud,69863837,SPS TAMAN MELATI,Komplek Masjid Al Fajar Kauman,Tamanan,SWASTA,https://referensi.data.kemendikdasmen.go.id/pendidikan/npsn/69863837
Kabupaten Bantul,Banguntapan,paud,69813321,SPS TUNAS HARAPAN,GROJOGAN,Tamanan,SWASTA,https://referensi.data.kemendikdasmen.go.id/pendidikan/npsn/69813321
Kabupaten Bantul,Banguntapan,paud,69813178,SPS. BINA BUAH HATI AGUNG II,"Jl. Srikandi No. 06 RT.01 RW.13, Sokowaten",Banguntapan,SWASTA,https://referensi.data.kemendikdasmen.go.id/pendidikan/npsn/69813178
Kabupaten Bantul,Banguntapan,paud,69813334,SPS.AGUNG I,BABADAN,Banguntapan,SWASTA,https://referensi.data.kemendikdasmen.go.id/pendidikan/npsn/69813334
Kabupaten Bantul,Banguntapan,paud,20409239,TK ABA AL FATTAH,"NGENTAK, BATURETNO, BANGUNTAPAN",Baturetno,SWASTA,https://referensi.data.kemendikdasmen.go.id/pendidikan/npsn/20409239
Kabupaten Bantul,Banguntapan,paud,20409276,TK ABA AS-SALAM,"SOROWAJAN, BANGUNTAPAN, BANGUNTAPAN",Banguntapan,SWASTA,https://referensi.data.kemendikdasmen.go.id/pendidikan/npsn/20409276
Kabupaten Bantul,Banguntapan,paud,69844603,TK ABA BINA INSANI,"JL.GARUDA RT 02 RW 46 MODALAN, BANGUNTAPAN BANTUL",Banguntapan,SWASTA,https://referensi.data.kemendikdasmen.go.id/pendidikan/npsn/69844603
Kabupaten Bantul,Banguntapan,paud,20409259,TK ABA BODON,CELENAN,Jagalan,SWASTA,https://referensi.data.kemendikdasmen.go.id/pendidikan/npsn/20409259
Kabupaten Bantul,Banguntapan,paud,20409231,TK ABA GEDONGKUNING,"GEDONGKUNING, BANGUNTAPAN, BANGUNTAPAN",Banguntapan,SWASTA,https://referensi.data.kemendikdasmen.go.id/pendidikan/npsn/20409231
Kabupaten Bantul,Banguntapan,paud,20409269,TK ABA GLAGAH TAMANAN,"TAMANAN, BANGUNTAPAN, BANGUNTAPAN",Tamanan,SWASTA,https://referensi.data.kemendikdasmen.go.id/pendidikan/npsn/20409269
Kabupaten Bantul,Banguntapan,paud,69820615,TK ABA JAMBIDAN,Santan,Jambidan,SWASTA,https://referensi.data.kemendikdasmen.go.id/pendidikan/npsn/69820615
Kabupaten Bantul,Banguntapan,paud,20409241,TK ABA KALANGAN,"KALANGAN, BATURETNO, BANGUNTAPAN",Baturetno,SWASTA,https://referensi.data.kemendikdasmen.go.id/pendidikan/npsn/20409241
Kabupaten Bantul,Banguntapan,paud,20409232,TK ABA KARANGBENDO,"JL. WARINGIN NO. 13, KARANGBENDO",Banguntapan,SWASTA,https://referensi.data.kemendikdasmen.go.id/pendidikan/npsn/20409232
Kabupaten Bantul,Banguntapan,paud,20409240,TK ABA KARANGTURI,"KARANGTURI, BATURETNO, BANGUNTAPAN",Baturetno,SWASTA,https://referensi.data.kemendikdasmen.go.id/pendidikan/npsn/20409240
Kabupaten Bantul,Banguntapan,paud,20409287,TK ABA KAUMAN,"KAUMAN, TARNANAN, BANGUNTAPAN",Tamanan,SWASTA,https://referensi.data.kemendikdasmen.go.id/pendidikan/npsn/20409287
Kabupaten Bantul,Banguntapan,paud,20409284,TK ABA KEPUH WETAN,"KEPUH WETAN, WIROKERTEN, BANGUNTAPAN",Wirokerten,SWASTA,https://referensi.data.kemendikdasmen.go.id/pendidikan/npsn/20409284
Kabupaten Bantul,Banguntapan,paud,20409235,TK ABA KETANDAN,"KETANDAN, BANGUNTAPAN, BANGUNTAPAN",Banguntapan,SWASTA,https://referensi.data.kemendikdasmen.go.id/pendidikan/npsn/20409235
Kabupaten Bantul,Banguntapan,paud,20409290,TK ABA KRAGILAN,"KRAGILAN, TAMANAN, BANGUNTAPAN",Tamanan,SWASTA,https://referensi.data.kemendikdasmen.go.id/pendidikan/npsn/20409290
Kabupaten Bantul,Banguntapan,paud,20409258,TK ABA MERTOSANAN,"MERTOSANAN KULON, POTORONO, BANGUNTAPAN",Potorono,SWASTA,https://referensi.data.kemendikdasmen.go.id/pendidikan/npsn/20409258
Kabupaten Bantul,Banguntapan,paud,20409257,TK ABA NGLAREN POTORONO,"BRAJAN, MERTOSANAN WETAN",Potorono,SWASTA,https://referensi.data.kemendikdasmen.go.id/pendidikan/npsn/20409257
Kabupaten Bantul,Banguntapan,paud,20409280,TK ABA POTORONO II,JL. WONOSARI KM 9,Potorono,SWASTA,https://referensi.data.kemendikdasmen.go.id/pendidikan/npsn/20409280
Kabupaten Bantul,Banguntapan,paud,20409272,TK ABA TEGALSARI,"TEGALSARI, BANGUNTAPAN, BANGUNTAPAN",Banguntapan,SWASTA,https://referensi.data.kemendikdasmen.go.id/pendidikan/npsn/20409272
Kabupaten Bantul,Banguntapan,paud,20409226,TK ABA WONOCATUR,"WONOCATUR, BANGUNTAPAN, BANGUNTAPAN",Banguntapan,SWASTA,https://referensi.data.kemendikdasmen.go.id/pendidikan/npsn/20409226
Kabupaten Bantul,Banguntapan,paud,69759824,TK AISYIYAH BUSTANUL ATHFAL AN NISA,Karang RT.03,Singosaren,SWASTA,https://referensi.data.kemendikdasmen.go.id/pendidikan/npsn/69759824
Kabupaten Bantul,Banguntapan,paud,69989125,TK AISYIYAH CERIA,Gilang,Baturetno,SWASTA,https://referensi.data.kemendikdasmen.go.id/pendidikan/npsn/69989125
Kabupaten Bantul,Banguntapan,paud,20409279,TK AISYIYAH PEMBINA BANGUNTAPAN,"PETET, POTORONO, BANGUNTAPAN",Potorono,SWASTA,https://referensi.data.kemendikdasmen.go.id/pendidikan/npsn/20409279
Kabupaten Bantul,Banguntapan,paud,20409281,TK AL ISLAMIYAH GROJOGAN,"GROJOGAN, WIROKERTEN, BANGUNTAPAN",Wirokerten,SWASTA,https://referensi.data.kemendikdasmen.go.id/pendidikan/npsn/20409281
Kabupaten Bantul,Banguntapan,paud,69861014,TK AL MUHTADIN,Komplek Masjid Al Muhtadin Plumbon,Banguntapan,SWASTA,https://referensi.data.kemendikdasmen.go.id/pendidikan/npsn/69861014
Kabupaten Bantul,Banguntapan,paud,69959891,TK ALIFA MUSLIM MONTESSORI,Jl.Gatotkaca No.399,Banguntapan,SWASTA,https://referensi.data.kemendikdasmen.go.id/pendidikan/npsn/69959891
Kabupaten Bantul,Banguntapan,paud,69984001,TK ANAK CENDEKIA,"Jl. Gatotkaca No.405 C, Jurugentong",Banguntapan,SWASTA,https://referensi.data.kemendikdasmen.go.id/pendidikan/npsn/69984001
Kabupaten Bantul,Banguntapan,paud,69812943,TK BAKTI BAITUSSALAM,"Jl. Monumen Perjuangan, Kertopaten, Glondong RT 01",Wirokerten,SWASTA,https://referensi.data.kemendikdasmen.go.id/pendidikan/npsn/69812943
Kabupaten Bantul,Banguntapan,paud,69892604,TK CHIPMUNK,"Jl. Garuda 318 Kepanjen, Banguntapan, Bantul, Yogyakarta 55198",Banguntapan,SWASTA,https://referensi.data.kemendikdasmen.go.id/pendidikan/npsn/69892604
Kabupaten Bantul,Banguntapan,paud,70035108,TK HANACARAKA EDUKIDS MONTESSORI SCHOOL,Jl. Sepiangin Selatan No 08 RT.007 RW 000,Tamanan,SWASTA,https://referensi.data.kemendikdasmen.go.id/pendidikan/npsn/70035108
Kabupaten Bantul,Banguntapan,paud,20409242,TK IMANUEL,"NGENTAK, BATURETNO, BANGUNTAPAN",Baturetno,SWASTA,https://referensi.data.kemendikdasmen.go.id/pendidikan/npsn/20409242
Kabupaten Bantul,Banguntapan,paud,69813084,TK ISLAM AL-HARITS,JL. BERBAH NO.93 A PELEM LOR,Baturetno,SWASTA,https://referensi.data.kemendikdasmen.go.id/pendidikan/npsn/69813084
Kabupaten Bantul,Banguntapan,paud,20409288,TK ISLAM PLUS MUTIARA,"MANGGISAN, BATURETNO, BANGUNTAPAN",Baturetno,SWASTA,https://referensi.data.kemendikdasmen.go.id/pendidikan/npsn/20409288
Kabupaten Bantul,Banguntapan,paud,20409291,TK IT JABAL RAHMAH,"KANOMAN, BANGUNTAPAN, BANGUNTAPAN",Banguntapan,SWASTA,https://referensi.data.kemendikdasmen.go.id/pendidikan/npsn/20409291
Kabupaten Bantul,Banguntapan,paud,20409224,TK KANISIUS SOROWAJAN,"SOROWAJAN NO 111, BANGUNTAPAN, BANGUNTAPAN",Banguntapan,SWASTA,https://referensi.data.kemendikdasmen.go.id/pendidikan/npsn/20409224
Kabupaten Bantul,Banguntapan,paud,20409227,TK KARTIKASARI,KARANGSARI TEGAL TANDAN,Banguntapan,SWASTA,https://referensi.data.kemendikdasmen.go.id/pendidikan/npsn/20409227
Kabupaten Bantul,Banguntapan,paud,20409251,TK LKMD PANCASAKTI,"BALONG KIDUL, POTORONO, BANGUNTAPAN",Potorono,SWASTA,https://referensi.data.kemendikdasmen.go.id/pendidikan/npsn/20409251
Kabupaten Bantul,Banguntapan,paud,20409261,TK LKMD SINGOSAREN,"SARIREJO I, SINGOSAREN, BANGUNTAPAN",Singosaren,SWASTA,https://referensi.data.kemendikdasmen.go.id/pendidikan/npsn/20409261
Kabupaten Bantul,Banguntapan,paud,20409292,TK MELATI,"PELEMWULUNG, BANGUNTAPAN, BANGUNTAPAN",Banguntapan,SWASTA,https://referensi.data.kemendikdasmen.go.id/pendidikan/npsn/20409292
Kabupaten Bantul,Banguntapan,paud,20409238,TK NEGERI 1 BANGUNTAPAN,"PLAKARAN, BATURETNO, BANGUNTAPAN",Baturetno,NEGERI,https://referensi.data.kemendikdasmen.go.id/pendidikan/npsn/20409238
Kabupaten Bantul,Banguntapan,paud,20409228,TK PAMARDI SIWI,"MAGUWO, BANGUNTAPAN, BANGUNTAPAN",Banguntapan,SWASTA,https://referensi.data.kemendikdasmen.go.id/pendidikan/npsn/20409228
Kabupaten Bantul,Banguntapan,paud,20409230,TK PERTIWI 21,BABADAN RW 17 DUKUH PLUMBON,Banguntapan,SWASTA,https://referensi.data.kemendikdasmen.go.id/pendidikan/npsn/20409230
Kabupaten Bantul,Banguntapan,paud,20409245,TK PERTIWI 25,"GLONDONG, WIROKERTEN, BANGUNTAPAN",Wirokerten,SWASTA,https://referensi.data.kemendikdasmen.go.id/pendidikan/npsn/20409245
Kabupaten Bantul,Banguntapan,paud,20409254,TK PERTIWI 28 POTORONO,"SALAKAN, POTORONO, BANGUNTAPAN",Potorono,SWASTA,https://referensi.data.kemendikdasmen.go.id/pendidikan/npsn/20409254
Kabupaten Bantul,Banguntapan,paud,20409267,TK PERTIWI 36 TAMANAN,"KROBOKAN, TAMANAN, BANGUNTAPAN",Tamanan,SWASTA,https://referensi.data.kemendikdasmen.go.id/pendidikan/npsn/20409267
Kabupaten Bantul,Banguntapan,paud,20409244,TK PERTIWI NO 24,"SAMPANGAN, WIROKERTEN, BANGUNTAPAN",Wirokerten,SWASTA,https://referensi.data.kemendikdasmen.go.id/pendidikan/npsn/20409244
Kabupaten Bantul,Banguntapan,paud,20409249,TK PERTIWI NO 27 JAMBIDAN,"KRETEK, JAMBIDAN, BANGUNTAPAN",Jambidan,SWASTA,https://referensi.data.kemendikdasmen.go.id/pendidikan/npsn/20409249
Kabupaten Bantul,Banguntapan,paud,20409246,TK PERTIWI NO. 26 JAMBIDAN,"BINTARAN, JAMBIDAN, BANGUNTAPAN",Jambidan,SWASTA,https://referensi.data.kemendikdasmen.go.id/pendidikan/npsn/20409246
Kabupaten Bantul,Banguntapan,paud,20409229,TK PKK 85 PRINGGOLAYAN,PRINGGOLAYAN BANGUNTAPAN BANGUNTAPAN,Banguntapan,SWASTA,https://referensi.data.kemendikdasmen.go.id/pendidikan/npsn/20409229
Kabupaten Bantul,Banguntapan,paud,20409274,TK PKK BHAKTI TAMANAN,"TAMANAN, TAMANAN, BANGUNTAPAN",Tamanan,SWASTA,https://referensi.data.kemendikdasmen.go.id/pendidikan/npsn/20409274
Kabupaten Bantul,Banguntapan,paud,20409237,TK PKK II MANTUP,"MANTUP, BATURETNO, BANGUNTAPAN",Baturetno,SWASTA,https://referensi.data.kemendikdasmen.go.id/pendidikan/npsn/20409237
Kabupaten Bantul,Banguntapan,paud,20409273,TK PKK IV BATURETNO,"NGIPIK, BATURETNO, BANGUNTAPAN",Baturetno,SWASTA,https://referensi.data.kemendikdasmen.go.id/pendidikan/npsn/20409273
Kabupaten Bantul,Banguntapan,paud,20409243,TK PKK MUTIHAN,"MUTIHAN, WIROKERTEN, BANGUNTAPAN",Wirokerten,SWASTA,https://referensi.data.kemendikdasmen.go.id/pendidikan/npsn/20409243
Kabupaten Bantul,Banguntapan,paud,20409236,TK PKK WIYORO,WIYORO,Baturetno,SWASTA,https://referensi.data.kemendikdasmen.go.id/pendidikan/npsn/20409236
Kabupaten Bantul,Banguntapan,paud,20409285,TK QURROTA AYUN,"BABADAN, BANGUNTAPAN, BANGUNTAPAN",Banguntapan,SWASTA,https://referensi.data.kemendikdasmen.go.id/pendidikan/npsn/20409285
Kabupaten Bantul,Banguntapan,paud,70050248,TKIT Little Care,Blado RT 08,Potorono,SWASTA,https://referensi.data.kemendikdasmen.go.id/pendidikan/npsn/70050248
Kabupaten Bantul,Banguntapan,paud,69863822,TKIT SALSABILA 2,"JALAN GATOTKOCO, JURUGENTONG RT 10 RW 34",Banguntapan,SWASTA,https://referensi.data.kemendikdasmen.go.id/pendidikan/npsn/69863822
Kabupaten Bantul,Banguntapan,paud,20409283,TKIT SALSABILA AL MUTHIIN,"MAGUWO, BANGUNTAPAN, BANGUNTAPAN",Banguntapan,SWASTA,https://referensi.data.kemendikdasmen.go.id/pendidikan/npsn/20409283
Kabupaten Bantul,Banguntapan,paud,69813335,TPA AISYIYAH TEGALSARI,Tegalsari,Banguntapan,SWASTA,https://referensi.data.kemendikdasmen.go.id/pendidikan/npsn/69813335
Kabupaten Bantul,Banguntapan,paud,69912315,TPA AL MUTHIIN,MAGUWO,Banguntapan,SWASTA,https://referensi.data.kemendikdasmen.go.id/pendidikan/npsn/69912315
Kabupaten Bantul,Banguntapan,paud,69813217,TPA ANANDA,Pringgolayan RT 01,Banguntapan,SWASTA,https://referensi.data.kemendikdasmen.go.id/pendidikan/npsn/69813217
Kabupaten Bantul,Banguntapan,paud,69912285,TPA AVICIENA,Jl. Cendrawasih Maguwo RT.14 RW.27,Banguntapan,SWASTA,https://referensi.data.kemendikdasmen.go.id/pendidikan/npsn/69912285
Kabupaten Bantul,Banguntapan,paud,69863832,TPA BATITA JABAL RAHMAH,Kanoman Tegal Pasar RT.07 RW.20,Banguntapan,SWASTA,https://referensi.data.kemendikdasmen.go.id/pendidikan/npsn/69863832
Kabupaten Bantul,Banguntapan,paud,69813100,TPA BINA BUAH HATI,Jl. Sorowajan Baru No. 1,Banguntapan,SWASTA,https://referensi.data.kemendikdasmen.go.id/pendidikan/npsn/69813100
Kabupaten Bantul,Banguntapan,paud,69907385,TPA DARUL ILMI ARSHIYA,DUSUN SAMPANGAN RT. 007,Wirokerten,SWASTA,https://referensi.data.kemendikdasmen.go.id/pendidikan/npsn/69907385
Kabupaten Bantul,Banguntapan,paud,69950526,TPA DARUL ULUM,Brajan RT.03 Potorono,Potorono,SWASTA,https://referensi.data.kemendikdasmen.go.id/pendidikan/npsn/69950526
Kabupaten Bantul,Banguntapan,paud,69933929,TPA DEWI MASYITHOH,Jl.Mondorakan No. 62 Kotagede,Banguntapan,SWASTA,https://referensi.data.kemendikdasmen.go.id/pendidikan/npsn/69933929
Kabupaten Bantul,Banguntapan,paud,69967079,TPA EMBUN,Jl. Pleret Km 2,Wirokerten,SWASTA,https://referensi.data.kemendikdasmen.go.id/pendidikan/npsn/69967079
Kabupaten Bantul,Banguntapan,paud,70036921,TPA IT LHI,Somenggalan RT 06,Jambidan,SWASTA,https://referensi.data.kemendikdasmen.go.id/pendidikan/npsn/70036921
Kabupaten Bantul,Banguntapan,paud,69820575,TPA JOGJA CITRA,"Jl. Monumen Perjuangan Banjardadap, Potorono, Banguntapan, Bantul",Potorono,SWASTA,https://referensi.data.kemendikdasmen.go.id/pendidikan/npsn/69820575
Kabupaten Bantul,Banguntapan,paud,70046841,TPA KIKU DAYCARE,Jl Sorowajan Baru No 7A Jomblangan,Banguntapan,SWASTA,https://referensi.data.kemendikdasmen.go.id/pendidikan/npsn/70046841
Kabupaten Bantul,Banguntapan,paud,69892716,TPA LITTLE CARE,Jl. Ringroad Selatan KM 6.7 Blado,Potorono,SWASTA,https://referensi.data.kemendikdasmen.go.id/pendidikan/npsn/69892716
Kabupaten Bantul,Banguntapan,paud,69820586,TPA MUADZ BIN JABAL,"KETANDAN RT 01/RW 8, DK JARANAN",Banguntapan,SWASTA,https://referensi.data.kemendikdasmen.go.id/pendidikan/npsn/69820586
Kabupaten Bantul,Banguntapan,paud,69813271,TPA MUTIARA,MANGGISAN,Baturetno,SWASTA,https://referensi.data.kemendikdasmen.go.id/pendidikan/npsn/69813271
Kabupaten Bantul,Banguntapan,paud,69955048,TPA NURIL MUTHIAH,Plakaran Kidul RT. 01,Baturetno,SWASTA,https://referensi.data.kemendikdasmen.go.id/pendidikan/npsn/69955048
Kabupaten Bantul,Banguntapan,paud,76476748,TPA RAINBOW KIDZ DAYCARE,Sorowajan No. 257,Banguntapan,SWASTA,https://referensi.data.kemendikdasmen.go.id/pendidikan/npsn/76476748
Kabupaten Bantul,Banguntapan,paud,69813318,TPA RUMAH BALITA CERDAS,NGENTAK RT 08 DK 01,Baturetno,SWASTA,https://referensi.data.kemendikdasmen.go.id/pendidikan/npsn/69813318
Kabupaten Bantul,Banguntapan,paud,69813288,TPA STAR KIDS,JL. Janti No 88A,Banguntapan,SWASTA,https://referensi.data.kemendikdasmen.go.id/pendidikan/npsn/69813288
Kabupaten Bantul,Banguntapan,paud,70046849,TPA SYAAMIL,"Gang Nakula, Kauman RT 01",Tamanan,SWASTA,https://referensi.data.kemendikdasmen.go.id/pendidikan/npsn/70046849
Kabupaten Bantul,Sewon,paud,69813287,KB AISYIYAH,Saman RT 03,Bangunharjo,SWASTA,https://referensi.data.kemendikdasmen.go.id/pendidikan/npsn/69813287
Kabupaten Bantul,Sewon,paud,69910403,KB AISYIYAH AL-WAFA,"Jl. Bantul Km. 8,5",Pendowoharjo,SWASTA,https://referensi.data.kemendikdasmen.go.id/pendidikan/npsn/69910403
Kabupaten Bantul,Sewon,paud,69862810,KB AISYIYAH KRAPYAK WETAN,Krapyak Wetan,Panggungharjo,SWASTA,https://referensi.data.kemendikdasmen.go.id/pendidikan/npsn/69862810
Kabupaten Bantul,Sewon,paud,69813189,KB AISYIYAH RANDUBELANG,Randubelang,Bangunharjo,SWASTA,https://referensi.data.kemendikdasmen.go.id/pendidikan/npsn/69813189
Kabupaten Bantul,Sewon,paud,69813149,KB AL AMIN SINAR PUTIH,"Jl. Imogiri Barat KM 5, Tanjung",Bangunharjo,SWASTA,https://referensi.data.kemendikdasmen.go.id/pendidikan/npsn/69813149
Kabupaten Bantul,Sewon,paud,69813167,KB AL HAKIM,"Komplek Masjid Baitul Hakim, Perum Roto, Kenongo Asri",Pendowoharjo,SWASTA,https://referensi.data.kemendikdasmen.go.id/pendidikan/npsn/69813167
Kabupaten Bantul,Sewon,paud,69813186,KB AL HIKMAH,Banyon RT 72,Pendowoharjo,SWASTA,https://referensi.data.kemendikdasmen.go.id/pendidikan/npsn/69813186
Kabupaten Bantul,Sewon,paud,69813206,KB AMONG SIWI,Pandes,Panggungharjo,SWASTA,https://referensi.data.kemendikdasmen.go.id/pendidikan/npsn/69813206
Kabupaten Bantul,Sewon,paud,69813174,KB AMRIH UTOMO,Sewon RT.05,Timbulharjo,SWASTA,https://referensi.data.kemendikdasmen.go.id/pendidikan/npsn/69813174
Kabupaten Bantul,Sewon,paud,69904878,KB ANANDA,Prancak Dukuh RT. 03,Panggungharjo,SWASTA,https://referensi.data.kemendikdasmen.go.id/pendidikan/npsn/69904878
Kabupaten Bantul,Sewon,paud,69865818,KB Anggrek Jingga,Saraban 45 A Ngireng-ireng,Panggungharjo,SWASTA,https://referensi.data.kemendikdasmen.go.id/pendidikan/npsn/69865818
Kabupaten Bantul,Sewon,paud,70008393,KB BAID SCHOOL,Jomblang RT 05,Timbulharjo,SWASTA,https://referensi.data.kemendikdasmen.go.id/pendidikan/npsn/70008393
Kabupaten Bantul,Sewon,paud,69907013,KB BASMALAH SCHOOL,Slanggen RT.03,Timbulharjo,SWASTA,https://referensi.data.kemendikdasmen.go.id/pendidikan/npsn/69907013
Kabupaten Bantul,Sewon,paud,69862809,KB BINA ANAK ISLAM KRAPYAK BAIK,"JL. KH. ALI MAKSUM NO. 43 B, KRAPYAK KULON",Panggungharjo,SWASTA,https://referensi.data.kemendikdasmen.go.id/pendidikan/npsn/69862809
Kabupaten Bantul,Sewon,paud,69906569,KB CEMPAKA,Krapyak Kulon,Panggungharjo,SWASTA,https://referensi.data.kemendikdasmen.go.id/pendidikan/npsn/69906569
Kabupaten Bantul,Sewon,paud,69983984,KB INSAN MULIA,Pelemsewu,Panggungharjo,SWASTA,https://referensi.data.kemendikdasmen.go.id/pendidikan/npsn/69983984
Kabupaten Bantul,Sewon,paud,69813329,KB KUNCUP MELATI,Bakung,Bangunharjo,SWASTA,https://referensi.data.kemendikdasmen.go.id/pendidikan/npsn/69813329
Kabupaten Bantul,Sewon,paud,69813260,KB KUNTUM MELATI,Karangnongko,Panggungharjo,SWASTA,https://referensi.data.kemendikdasmen.go.id/pendidikan/npsn/69813260
Kabupaten Bantul,Sewon,paud,69906947,KB MANDIRI,ROGOITAN,Pendowoharjo,SWASTA,https://referensi.data.kemendikdasmen.go.id/pendidikan/npsn/69906947
Kabupaten Bantul,Sewon,paud,69865819,KB MASYITHOH NDASARI BUDI,Krapyak Kulon RT 05,Panggungharjo,SWASTA,https://referensi.data.kemendikdasmen.go.id/pendidikan/npsn/69865819
Kabupaten Bantul,Sewon,paud,69813243,KB MAWAR PUTIH,Pelemsewu,Panggungharjo,SWASTA,https://referensi.data.kemendikdasmen.go.id/pendidikan/npsn/69813243
Kabupaten Bantul,Sewon,paud,69862811,KB MUSTIKA MELATI,Cabeyan,Panggungharjo,SWASTA,https://referensi.data.kemendikdasmen.go.id/pendidikan/npsn/69862811
Kabupaten Bantul,Sewon,paud,69906936,KB MUTIARA HATI NURUL IMAN,Sorogenen,Timbulharjo,SWASTA,https://referensi.data.kemendikdasmen.go.id/pendidikan/npsn/69906936
Kabupaten Bantul,Sewon,paud,69862805,KB MUTIARA IHSANI,Pacar RT 08 Bibis,Timbulharjo,SWASTA,https://referensi.data.kemendikdasmen.go.id/pendidikan/npsn/69862805
Kabupaten Bantul,Sewon,paud,69862807,KB PELANGI CERIA,MREDO RT.04,Bangunharjo,SWASTA,https://referensi.data.kemendikdasmen.go.id/pendidikan/npsn/69862807
Kabupaten Bantul,Sewon,paud,69908168,KB PERSADA CERIA,Cepit RT 05,Pendowoharjo,SWASTA,https://referensi.data.kemendikdasmen.go.id/pendidikan/npsn/69908168
Kabupaten Bantul,Sewon,paud,69813256,KB PKK DELIMA,MIRI,Pendowoharjo,SWASTA,https://referensi.data.kemendikdasmen.go.id/pendidikan/npsn/69813256
Kabupaten Bantul,Sewon,paud,69813223,KB PKK JOTAWANG,JOTAWANG RT 01,Bangunharjo,SWASTA,https://referensi.data.kemendikdasmen.go.id/pendidikan/npsn/69813223
Kabupaten Bantul,Sewon,paud,69813114,KB PRIMA SANGGAR,Jl. Imogiri Barat KM.7,Bangunharjo,SWASTA,https://referensi.data.kemendikdasmen.go.id/pendidikan/npsn/69813114
Kabupaten Bantul,Sewon,paud,69907381,KB PUSPASARI,Tarudan,Bangunharjo,SWASTA,https://referensi.data.kemendikdasmen.go.id/pendidikan/npsn/69907381
Kabupaten Bantul,Sewon,paud,69813182,KB PUSPITASARI,KLEGEN,Bangunharjo,SWASTA,https://referensi.data.kemendikdasmen.go.id/pendidikan/npsn/69813182
Kabupaten Bantul,Sewon,paud,69813194,KB RAUDHOTUL JANNAH,"Jl Kalisi 2, Kaliputih RT 45",Pendowoharjo,SWASTA,https://referensi.data.kemendikdasmen.go.id/pendidikan/npsn/69813194
Kabupaten Bantul,Sewon,paud,69813214,KB SAKURA,Jl. Imogiri Barat Km 9 Ngentak Timbulharjo,Timbulharjo,SWASTA,https://referensi.data.kemendikdasmen.go.id/pendidikan/npsn/69813214
Kabupaten Bantul,Sewon,paud,69979634,KB SAKURA INDAH,"Sawit, Panggungharjo, Sewon, Bantul",Panggungharjo,SWASTA,https://referensi.data.kemendikdasmen.go.id/pendidikan/npsn/69979634
Kabupaten Bantul,Sewon,paud,69904857,KB SATYA KUSUMA,PADUKUHAN BALONG RT. 04,Timbulharjo,SWASTA,https://referensi.data.kemendikdasmen.go.id/pendidikan/npsn/69904857
Kabupaten Bantul,Sewon,paud,69813123,KB TAMAN FIRDAUS,Kepek,Timbulharjo,SWASTA,https://referensi.data.kemendikdasmen.go.id/pendidikan/npsn/69813123
Kabupaten Bantul,Sewon,paud,70046256,KB TUMBUH,Jl Ali Maksum,Panggungharjo,SWASTA,https://referensi.data.kemendikdasmen.go.id/pendidikan/npsn/70046256
Kabupaten Bantul,Sewon,paud,70036795,KB TUNAS HARAPAN BANGSA,Jl. Imogiri Barat Km 5 Tanjung RT 03,Bangunharjo,SWASTA,https://referensi.data.kemendikdasmen.go.id/pendidikan/npsn/70036795
Kabupaten Bantul,Sewon,paud,69983746,KB ULIL ALBAB,Jl. KH. Ali Maksum KM. 2 Pandes Panggungharjo Sewon Bantul,Panggungharjo,SWASTA,https://referensi.data.kemendikdasmen.go.id/pendidikan/npsn/69983746
Kabupaten Bantul,Sewon,paud,69813124,KB USWATUN HASANAH,Diro,Pendowoharjo,SWASTA,https://referensi.data.kemendikdasmen.go.id/pendidikan/npsn/69813124
Kabupaten Bantul,Sewon,paud,69813338,KB. PANDAWA,PENDOWO RT. 87,Pendowoharjo,SWASTA,https://referensi.data.kemendikdasmen.go.id/pendidikan/npsn/69813338
Kabupaten Bantul,Sewon,paud,69906966,KBIT SALSABILA BAKALAN,Bakalan RT.09,Pendowoharjo,SWASTA,https://referensi.data.kemendikdasmen.go.id/pendidikan/npsn/69906966
Kabupaten Bantul,Sewon,paud,69962435,KELOMPOK BERMAIN MATAHARI,Garon,Panggungharjo,SWASTA,https://referensi.data.kemendikdasmen.go.id/pendidikan/npsn/69962435
Kabupaten Bantul,Sewon,paud,69813198,KELOMPOK BERMAIN PESANTREN ANAK INTERNASIONAL GENIUS KIDS,"Jl. Parangtritis km 3,5 Krapyak wetan",Panggungharjo,SWASTA,https://referensi.data.kemendikdasmen.go.id/pendidikan/npsn/69813198
Kabupaten Bantul,Sewon,paud,70013984,PAUDQ. NDASARI BUDI,KRAPYAK KULON,Panggungharjo,SWASTA,https://referensi.data.kemendikdasmen.go.id/pendidikan/npsn/70013984
Kabupaten Bantul,Sewon,paud,69743567,RA IT GENIUS KIDS,"KOMPLEK P.P AL-MUHSIN JL. PARANGTARITIS KM. 3,5 KRAPYAK WETAN",Panggungharjo,SWASTA,https://referensi.data.kemendikdasmen.go.id/pendidikan/npsn/69743567
Kabupaten Bantul,Sewon,paud,69884932,RA Plus Mutiara Hati,IMOGIRI BARAT KM.08,Timbulharjo,SWASTA,https://referensi.data.kemendikdasmen.go.id/pendidikan/npsn/69884932
Kabupaten Bantul,Sewon,paud,69994081,RA SALSABILA 7 BAKALAN,RT 09 Bakalan Pendowoharjo Sewon Bantul,Pendowoharjo,SWASTA,https://referensi.data.kemendikdasmen.go.id/pendidikan/npsn/69994081
Kabupaten Bantul,Sewon,paud,69941115,RA Tiara Chandra Bantul,Jalan Ali Maksum Gang Melati Krapyak,Panggungharjo,SWASTA,https://referensi.data.kemendikdasmen.go.id/pendidikan/npsn/69941115
Kabupaten Bantul,Sewon,paud,69743566,RA/BA/TA USWATUN HASANAH,DIRO RT 58 PENDOWOHARJO SEWON BANTUL,Pendowoharjo,SWASTA,https://referensi.data.kemendikdasmen.go.id/pendidikan/npsn/69743566
Kabupaten Bantul,Sewon,paud,69866997,SATUAN PAUD SEJENIS SIRKOYO I,Diro,Pendowoharjo,SWASTA,https://referensi.data.kemendikdasmen.go.id/pendidikan/npsn/69866997
Kabupaten Bantul,Sewon,paud,78253847,SPS Ar Ridha,Jurug,Bangunharjo,SWASTA,https://referensi.data.kemendikdasmen.go.id/pendidikan/npsn/78253847
Kabupaten Bantul,Sewon,paud,69906956,SPS CEMPEDAK,Pucung RT.54,Pendowoharjo,SWASTA,https://referensi.data.kemendikdasmen.go.id/pendidikan/npsn/69906956
Kabupaten Bantul,Sewon,paud,69813229,SPS DURIAN,SAWAHAN RT 10,Pendowoharjo,SWASTA,https://referensi.data.kemendikdasmen.go.id/pendidikan/npsn/69813229
Kabupaten Bantul,Sewon,paud,69930034,SPS HOME SCHOOLING GROUP MELATI,Jaranan RT.05,Panggungharjo,SWASTA,https://referensi.data.kemendikdasmen.go.id/pendidikan/npsn/69930034
Kabupaten Bantul,Sewon,paud,69813298,SPS KENANGA,GLUGO,Panggungharjo,SWASTA,https://referensi.data.kemendikdasmen.go.id/pendidikan/npsn/69813298
Kabupaten Bantul,Sewon,paud,70006726,SPS KUNCUP MELATI,"Ngancar, Wojo RT 002, Bangunharjo, Sewon, Bantul",Bangunharjo,SWASTA,https://referensi.data.kemendikdasmen.go.id/pendidikan/npsn/70006726
Kabupaten Bantul,Sewon,paud,69813156,SPS MAWAR MERAH,Kweni RT 04,Panggungharjo,SWASTA,https://referensi.data.kemendikdasmen.go.id/pendidikan/npsn/69813156
Kabupaten Bantul,Sewon,paud,69813150,SPS MENUR,Kowen I,Timbulharjo,SWASTA,https://referensi.data.kemendikdasmen.go.id/pendidikan/npsn/69813150
Kabupaten Bantul,Sewon,paud,69820618,SPS NANAS,BANDUNG,Pendowoharjo,SWASTA,https://referensi.data.kemendikdasmen.go.id/pendidikan/npsn/69820618
Kabupaten Bantul,Sewon,paud,69813254,SPS PELANGI ANAK,Widoro RT 07,Bangunharjo,SWASTA,https://referensi.data.kemendikdasmen.go.id/pendidikan/npsn/69813254
Kabupaten Bantul,Sewon,paud,69862815,SPS TERATAI,Dobalan,Timbulharjo,SWASTA,https://referensi.data.kemendikdasmen.go.id/pendidikan/npsn/69862815
Kabupaten Bantul,Sewon,paud,69906564,SPS TUNAS MELATI,Dongkelan RT. 02,Panggungharjo,SWASTA,https://referensi.data.kemendikdasmen.go.id/pendidikan/npsn/69906564
Kabupaten Bantul,Sewon,paud,20408865,TK ABA AL WAFA,"Jalan Bantul KM 8,5 Cepit",Pendowoharjo,SWASTA,https://referensi.data.kemendikdasmen.go.id/pendidikan/npsn/20408865
Kabupaten Bantul,Sewon,paud,20408864,TK ABA KRAPYAK WETAN,Krapyak Wetan,Panggungharjo,SWASTA,https://referensi.data.kemendikdasmen.go.id/pendidikan/npsn/20408864
Kabupaten Bantul,Sewon,paud,20408869,TK ABA PANDEAN,Pandean,Bangunharjo,SWASTA,https://referensi.data.kemendikdasmen.go.id/pendidikan/npsn/20408869
Kabupaten Bantul,Sewon,paud,20408868,TK ABA SAMAN,Saman,Bangunharjo,SWASTA,https://referensi.data.kemendikdasmen.go.id/pendidikan/npsn/20408868
Kabupaten Bantul,Sewon,paud,20408863,TK ABA WOJO,Wojo,Bangunharjo,SWASTA,https://referensi.data.kemendikdasmen.go.id/pendidikan/npsn/20408863
Kabupaten Bantul,Sewon,paud,20408870,TK AISYIYAH KASONGAN PERMAI,"Jl. Sadewa, Perum Kasongan Permai",Pendowoharjo,SWASTA,https://referensi.data.kemendikdasmen.go.id/pendidikan/npsn/20408870
Kabupaten Bantul,Sewon,paud,20408866,TK AISYIYAH PENDOWO,"Pendowo, Pendowoharjo, Sewon Bantul",Pendowoharjo,SWASTA,https://referensi.data.kemendikdasmen.go.id/pendidikan/npsn/20408866
Kabupaten Bantul,Sewon,paud,69820600,TK AISYIYAH RANDUBELANG,Randubelang,Bangunharjo,SWASTA,https://referensi.data.kemendikdasmen.go.id/pendidikan/npsn/69820600
Kabupaten Bantul,Sewon,paud,20408867,TK AISYIYAH SLANGGEN,Slanggen,Timbulharjo,SWASTA,https://referensi.data.kemendikdasmen.go.id/pendidikan/npsn/20408867
Kabupaten Bantul,Sewon,paud,20408898,TK AL AMIN SINAR PUTIH,Jl. Imogiri Barat KM.5 Tanjung,Bangunharjo,SWASTA,https://referensi.data.kemendikdasmen.go.id/pendidikan/npsn/20408898
Kabupaten Bantul,Sewon,paud,20408913,TK BHINA BAKTI PUTRA PULUTAN,Pulutan RT 64 Pendowoharjo Sewon Bantul,Pendowoharjo,SWASTA,https://referensi.data.kemendikdasmen.go.id/pendidikan/npsn/20408913
Kabupaten Bantul,Sewon,paud,20408917,TK BINA ANAK ISLAM KRAPYAK,Jl. KH Ali Maksum No. 43 B Krapyak Kulon,Panggungharjo,SWASTA,https://referensi.data.kemendikdasmen.go.id/pendidikan/npsn/20408917
Kabupaten Bantul,Sewon,paud,20408871,TK BUDI UTAMI,Glugo,Panggungharjo,SWASTA,https://referensi.data.kemendikdasmen.go.id/pendidikan/npsn/20408871
Kabupaten Bantul,Sewon,paud,70035177,TK KHALIFAH,Jl. Ateka No.01 Wojo,Bangunharjo,SWASTA,https://referensi.data.kemendikdasmen.go.id/pendidikan/npsn/70035177
Kabupaten Bantul,Sewon,paud,20408893,TK KUNCUP HARAPAN,Prancak Dukuh RT.03,Panggungharjo,SWASTA,https://referensi.data.kemendikdasmen.go.id/pendidikan/npsn/20408893
Kabupaten Bantul,Sewon,paud,20408899,TK KUNTUM MELATI,Karangnongko,Panggungharjo,SWASTA,https://referensi.data.kemendikdasmen.go.id/pendidikan/npsn/20408899
Kabupaten Bantul,Sewon,paud,20408891,TK LKMD KALI PUTIH,Kaliputih,Pendowoharjo,SWASTA,https://referensi.data.kemendikdasmen.go.id/pendidikan/npsn/20408891
Kabupaten Bantul,Sewon,paud,20408912,TK LKMD MARSUDISIWI SAWIT,Sawit RT.02,Panggungharjo,SWASTA,https://referensi.data.kemendikdasmen.go.id/pendidikan/npsn/20408912
Kabupaten Bantul,Sewon,paud,20408892,TK MARDITAMA GARON,Garon RT 01,Panggungharjo,SWASTA,https://referensi.data.kemendikdasmen.go.id/pendidikan/npsn/20408892
Kabupaten Bantul,Sewon,paud,20408879,TK MARSUDI PUTRA,Dongkelan,Panggungharjo,SWASTA,https://referensi.data.kemendikdasmen.go.id/pendidikan/npsn/20408879
Kabupaten Bantul,Sewon,paud,20408915,TK MASYITHOH AL AMIN,Saman Dua,Bangunharjo,SWASTA,https://referensi.data.kemendikdasmen.go.id/pendidikan/npsn/20408915
Kabupaten Bantul,Sewon,paud,20408916,TK MASYITHOH AL IMAN,"Sorogenen, Bibis",Timbulharjo,SWASTA,https://referensi.data.kemendikdasmen.go.id/pendidikan/npsn/20408916
Kabupaten Bantul,Sewon,paud,20408914,TK MASYITHOH AL IMAN BANDUNG,Bandung Jetis ngaglik Rt 33 Pendowoharjo Sewon Bantul Yogyakarta,Pendowoharjo,SWASTA,https://referensi.data.kemendikdasmen.go.id/pendidikan/npsn/20408914
Kabupaten Bantul,Sewon,paud,20408896,TK MASYITHOH BUDI LESTARI,Kepek,Timbulharjo,SWASTA,https://referensi.data.kemendikdasmen.go.id/pendidikan/npsn/20408896
Kabupaten Bantul,Sewon,paud,20408897,TK MASYITHOH NDASARI BUDI,Krapyak Kulon RT. 10,Panggungharjo,SWASTA,https://referensi.data.kemendikdasmen.go.id/pendidikan/npsn/20408897
Kabupaten Bantul,Sewon,paud,20408894,TK MASYITHOH NDASARI BUDI 2,Krapyak Kulon RT 07,Panggungharjo,SWASTA,https://referensi.data.kemendikdasmen.go.id/pendidikan/npsn/20408894
Kabupaten Bantul,Sewon,paud,20408895,TK MASYITHOH NGASEM,Ngasem,Timbulharjo,SWASTA,https://referensi.data.kemendikdasmen.go.id/pendidikan/npsn/20408895
Kabupaten Bantul,Sewon,paud,20408878,TK MASYITHOH NURUL HUDA,Ngoto,Bangunharjo,SWASTA,https://referensi.data.kemendikdasmen.go.id/pendidikan/npsn/20408878
Kabupaten Bantul,Sewon,paud,20407594,TK NEGERI PEMBINA BANTUL,"JL. PARANGTRITIS KM 8,5 TEMBI, TIMBULHARJO, SEWON, BANTUL",Timbulharjo,NEGERI,https://referensi.data.kemendikdasmen.go.id/pendidikan/npsn/20407594
Kabupaten Bantul,Sewon,paud,20408859,TK PERTIWI 35 BALONG,Balong,Timbulharjo,SWASTA,https://referensi.data.kemendikdasmen.go.id/pendidikan/npsn/20408859
Kabupaten Bantul,Sewon,paud,20408860,TK PERTIWI 57 BANGUNHARJO,Mredo,Bangunharjo,SWASTA,https://referensi.data.kemendikdasmen.go.id/pendidikan/npsn/20408860
Kabupaten Bantul,Sewon,paud,20408861,TK PERTIWI 62,Pelemsewu,Panggungharjo,SWASTA,https://referensi.data.kemendikdasmen.go.id/pendidikan/npsn/20408861
Kabupaten Bantul,Sewon,paud,20408876,TK PKK 113 KARTINI,Tarudan,Bangunharjo,SWASTA,https://referensi.data.kemendikdasmen.go.id/pendidikan/npsn/20408876
Kabupaten Bantul,Sewon,paud,20408877,TK PKK 117 GENENG,Geneng,Panggungharjo,SWASTA,https://referensi.data.kemendikdasmen.go.id/pendidikan/npsn/20408877
Kabupaten Bantul,Sewon,paud,20408873,TK PKK 21 PENDOWOHARJO,MIRI PENDOWOHARJO SEWON BANTUL YOGYAKARTA,Pendowoharjo,SWASTA,https://referensi.data.kemendikdasmen.go.id/pendidikan/npsn/20408873
Kabupaten Bantul,Sewon,paud,20408874,TK PKK 22 JOTAWANG,Jotawang,Bangunharjo,SWASTA,https://referensi.data.kemendikdasmen.go.id/pendidikan/npsn/20408874
Kabupaten Bantul,Sewon,paud,20408875,TK PKK 54 PUCUNG,Pucung,Pendowoharjo,SWASTA,https://referensi.data.kemendikdasmen.go.id/pendidikan/npsn/20408875
Kabupaten Bantul,Sewon,paud,20408872,TK PKK 6 SUDIMORO,Sudimoro,Timbulharjo,SWASTA,https://referensi.data.kemendikdasmen.go.id/pendidikan/npsn/20408872
Kabupaten Bantul,Sewon,paud,20408911,TK PKK TUNAS HARAPAN,Kowen,Timbulharjo,SWASTA,https://referensi.data.kemendikdasmen.go.id/pendidikan/npsn/20408911
Kabupaten Bantul,Sewon,paud,70046255,TK TUMBUH,Jl Ali Maksum,Panggungharjo,SWASTA,https://referensi.data.kemendikdasmen.go.id/pendidikan/npsn/70046255
Kabupaten Bantul,Sewon,paud,69983747,TK ULIL ALBAB,Jl. KH. Ali Maksum KM. 2 Pandes Panggungharjo Sewon Bantul,Panggungharjo,SWASTA,https://referensi.data.kemendikdasmen.go.id/pendidikan/npsn/69983747
Kabupaten Bantul,Sewon,paud,70055146,TPA ATHAHIRA,Bangmalang Pad. Cepit RT 006,Pendowoharjo,SWASTA,https://referensi.data.kemendikdasmen.go.id/pendidikan/npsn/70055146
Kabupaten Bantul,Sewon,paud,70043507,TPA BINA TUNAS MULIA,JURON RT 19 KRANDOHAN,Pendowoharjo,SWASTA,https://referensi.data.kemendikdasmen.go.id/pendidikan/npsn/70043507
Kabupaten Bantul,Sewon,paud,70000371,TPA KUNTUM,Tegalkajen No. 155 RT 04,Bangunharjo,SWASTA,https://referensi.data.kemendikdasmen.go.id/pendidikan/npsn/70000371
Kabupaten Bantul,Sewon,paud,69910411,TPA MELATI,"Jl. Parangtritis Km. 8,5 Komplek TK N Pembina Tembi",Timbulharjo,SWASTA,https://referensi.data.kemendikdasmen.go.id/pendidikan/npsn/69910411
Kabupaten Bantul,Sewon,paud,69865822,TPA PRIMA SANGGAR,JL. IMOGIRI BARAT KM 7 SEMAIL BANGUNHARJO SEWON BANTUL,Bangunharjo,SWASTA,https://referensi.data.kemendikdasmen.go.id/pendidikan/npsn/69865822
Kabupaten Bantul,Sewon,paud,69933344,TPA TAMAN ASUH ADIKKU,"Salakan, Jotawang RT/RW. 08 No 267",Bangunharjo,SWASTA,https://referensi.data.kemendikdasmen.go.id/pendidikan/npsn/69933344
Kabupaten Bantul,Kasihan,paud,69813163,KB AISYIYAH KARANGJATI INDAH 1,PERUM KARANGJATI INDAH 1,Bangunjiwo,SWASTA,https://referensi.data.kemendikdasmen.go.id/pendidikan/npsn/69813163
Kabupaten Bantul,Kasihan,paud,69953494,KB AISYIYAH KHADIJAH BANGUNJIWO TIMUR,Jerontabag RT 07,Bangunjiwo,SWASTA,https://referensi.data.kemendikdasmen.go.id/pendidikan/npsn/69953494
Kabupaten Bantul,Kasihan,paud,69906398,KB AISYIYAH MELATI PUTIH,Kalipakis RT. 005,Tirtonirmolo,SWASTA,https://referensi.data.kemendikdasmen.go.id/pendidikan/npsn/69906398
Kabupaten Bantul,Kasihan,paud,69813353,KB AISYIYAH SURYA MELATI,Jl. NGESTIHARJO No. 27 BRAJAN,Tamantirto,SWASTA,https://referensi.data.kemendikdasmen.go.id/pendidikan/npsn/69813353
Kabupaten Bantul,Kasihan,paud,69907326,KB ALHAMDULILLAH,Kasihan Dk. IX RT.07,Tamantirto,SWASTA,https://referensi.data.kemendikdasmen.go.id/pendidikan/npsn/69907326
Kabupaten Bantul,Kasihan,paud,70047826,KB ALKARIMA,GONJEN RT 03,Tamantirto,SWASTA,https://referensi.data.kemendikdasmen.go.id/pendidikan/npsn/70047826
Kabupaten Bantul,Kasihan,paud,69906576,KB ANGGREK BULAN,Kalangan Rt.02,Bangunjiwo,SWASTA,https://referensi.data.kemendikdasmen.go.id/pendidikan/npsn/69906576
Kabupaten Bantul,Kasihan,paud,70031806,KB ANNAJMU SAQIB,Perum Mentari Elok Blok A No.1,Bangunjiwo,SWASTA,https://referensi.data.kemendikdasmen.go.id/pendidikan/npsn/70031806
Kabupaten Bantul,Kasihan,paud,69907368,KB ASIAH KALIBAYEM,KALIBAYEM,Ngestiharjo,SWASTA,https://referensi.data.kemendikdasmen.go.id/pendidikan/npsn/69907368
Kabupaten Bantul,Kasihan,paud,69813311,KB DIAN PERTIWI,Bibis,Bangunjiwo,SWASTA,https://referensi.data.kemendikdasmen.go.id/pendidikan/npsn/69813311
Kabupaten Bantul,Kasihan,paud,69935268,KB HARAPAN BANGSA,Sembungan,Bangunjiwo,SWASTA,https://referensi.data.kemendikdasmen.go.id/pendidikan/npsn/69935268
Kabupaten Bantul,Kasihan,paud,70060188,KB Indriyasana,Jogonalan Lor,Tirtonirmolo,SWASTA,https://referensi.data.kemendikdasmen.go.id/pendidikan/npsn/70060188
Kabupaten Bantul,Kasihan,paud,69991656,KB INKLUSI SRAWUNG BOCAH,Sumberan RT 04,Tamantirto,SWASTA,https://referensi.data.kemendikdasmen.go.id/pendidikan/npsn/69991656
Kabupaten Bantul,Kasihan,paud,69907361,KB INSAN UTAMA,Jln. Brawijaya (Lingkar Selatan) Gatak,Tamantirto,SWASTA,https://referensi.data.kemendikdasmen.go.id/pendidikan/npsn/69907361
Kabupaten Bantul,Kasihan,paud,69911157,KB ISLAM SUNAN GUNUNG JATI,NGRAME RT. 02,Tamantirto,SWASTA,https://referensi.data.kemendikdasmen.go.id/pendidikan/npsn/69911157
Kabupaten Bantul,Kasihan,paud,69863830,KB KHAIRU UMMAH,KASIHAN,Tamantirto,SWASTA,https://referensi.data.kemendikdasmen.go.id/pendidikan/npsn/69863830
Kabupaten Bantul,Kasihan,paud,69820562,KB KUNCUP MELATI,Sonopakis Lor,Ngestiharjo,SWASTA,https://referensi.data.kemendikdasmen.go.id/pendidikan/npsn/69820562
Kabupaten Bantul,Kasihan,paud,69984166,KB MADUKISMO,Perumahan Madukismo,Tirtonirmolo,SWASTA,https://referensi.data.kemendikdasmen.go.id/pendidikan/npsn/69984166
Kabupaten Bantul,Kasihan,paud,69863829,KB MUTIARA BANGSA,JOGONALAN LOR RT.03 NO.120,Tirtonirmolo,SWASTA,https://referensi.data.kemendikdasmen.go.id/pendidikan/npsn/69863829
Kabupaten Bantul,Kasihan,paud,69992973,KB MUTIARA PERSADA,Jalan Soragan No. 11,Ngestiharjo,SWASTA,https://referensi.data.kemendikdasmen.go.id/pendidikan/npsn/69992973
Kabupaten Bantul,Kasihan,paud,69980403,KB MUTIARA QURANI,Jogonalan Kidul RT. 01. NO. 27,Tirtonirmolo,SWASTA,https://referensi.data.kemendikdasmen.go.id/pendidikan/npsn/69980403
Kabupaten Bantul,Kasihan,paud,70038223,KB PERMATA HATI MRISI TIRTONIRMOLO,MRISI,Tirtonirmolo,SWASTA,https://referensi.data.kemendikdasmen.go.id/pendidikan/npsn/70038223
Kabupaten Bantul,Kasihan,paud,69813119,KB QATRUNNADA,JL. SONOSEWU BARU NO. 472,Ngestiharjo,SWASTA,https://referensi.data.kemendikdasmen.go.id/pendidikan/npsn/69813119
Kabupaten Bantul,Kasihan,paud,69914048,KB SANG SURYA ABA KEMBARAN,KEMBARAN RT 07,Tamantirto,SWASTA,https://referensi.data.kemendikdasmen.go.id/pendidikan/npsn/69914048
Kabupaten Bantul,Kasihan,paud,70002111,KB SANGGAR ANAK ALAM,NITIPRAYAN RT 04,Ngestiharjo,SWASTA,https://referensi.data.kemendikdasmen.go.id/pendidikan/npsn/70002111
Kabupaten Bantul,Kasihan,paud,69813191,KB SEMASA,DONGKELAN KAUMAN RT 6,Tirtonirmolo,SWASTA,https://referensi.data.kemendikdasmen.go.id/pendidikan/npsn/69813191
Kabupaten Bantul,Kasihan,paud,69813307,KB TAAT INSAN MULIA,Jl. Senggotan RT 09,Tirtonirmolo,SWASTA,https://referensi.data.kemendikdasmen.go.id/pendidikan/npsn/69813307
Kabupaten Bantul,Kasihan,paud,70014775,KB TARUNA PRIMA,"Jl. Godean Km. 2,8 Tambak No.4 Sumberan RT.04",Ngestiharjo,SWASTA,https://referensi.data.kemendikdasmen.go.id/pendidikan/npsn/70014775
Kabupaten Bantul,Kasihan,paud,69813265,KB TUNAS ISLAM,Tlogo,Tamantirto,SWASTA,https://referensi.data.kemendikdasmen.go.id/pendidikan/npsn/69813265
Kabupaten Bantul,Kasihan,paud,69863831,KBIT AL FARABI,Perum Graha Prima Sejahtera B10 RT 007,Tamantirto,SWASTA,https://referensi.data.kemendikdasmen.go.id/pendidikan/npsn/69863831
Kabupaten Bantul,Kasihan,paud,69906571,KBIT NABILA,Sribitan RT. 01,Bangunjiwo,SWASTA,https://referensi.data.kemendikdasmen.go.id/pendidikan/npsn/69906571
Kabupaten Bantul,Kasihan,paud,69813277,KELOMPOK BERMAIN AISYIYAH KASIHAN,Komplek Masjid Dakwah Padokan,Tirtonirmolo,SWASTA,https://referensi.data.kemendikdasmen.go.id/pendidikan/npsn/69813277
Kabupaten Bantul,Kasihan,paud,69813250,POS PAUD NUSA INDAH,SIDOREJO RT 02,Ngestiharjo,SWASTA,https://referensi.data.kemendikdasmen.go.id/pendidikan/npsn/69813250
Kabupaten Bantul,Kasihan,paud,69976376,RA MUTIARA QUR`ANI,JOGONALAN KIDUL NO 27,Tirtonirmolo,SWASTA,https://referensi.data.kemendikdasmen.go.id/pendidikan/npsn/69976376
Kabupaten Bantul,Kasihan,paud,69813249,SPS AGAWE PINTER,SAMBIKEREP RT 04,Bangunjiwo,SWASTA,https://referensi.data.kemendikdasmen.go.id/pendidikan/npsn/69813249
Kabupaten Bantul,Kasihan,paud,69863840,SPS ANGGREK,Kersan,Tirtonirmolo,SWASTA,https://referensi.data.kemendikdasmen.go.id/pendidikan/npsn/69863840
Kabupaten Bantul,Kasihan,paud,69813320,SPS ANGGREK,Sonosewu,Ngestiharjo,SWASTA,https://referensi.data.kemendikdasmen.go.id/pendidikan/npsn/69813320
Kabupaten Bantul,Kasihan,paud,69813236,SPS ANYELIR II,GODEGAN RT 05 DK II GATAK,Tamantirto,SWASTA,https://referensi.data.kemendikdasmen.go.id/pendidikan/npsn/69813236
Kabupaten Bantul,Kasihan,paud,69907375,SPS ASTER,Padokan Kidul Dk. VIII Kasihan,Tirtonirmolo,SWASTA,https://referensi.data.kemendikdasmen.go.id/pendidikan/npsn/69907375
Kabupaten Bantul,Kasihan,paud,69813349,SPS BUNGA KACA PIRING,SALAKAN RT 03,Bangunjiwo,SWASTA,https://referensi.data.kemendikdasmen.go.id/pendidikan/npsn/69813349
Kabupaten Bantul,Kasihan,paud,69813291,SPS BUNGA LILY,Gendeng,Bangunjiwo,SWASTA,https://referensi.data.kemendikdasmen.go.id/pendidikan/npsn/69813291
Kabupaten Bantul,Kasihan,paud,69979638,SPS BUNGA MATAHARI,Sonopakis Kidul,Ngestiharjo,SWASTA,https://referensi.data.kemendikdasmen.go.id/pendidikan/npsn/69979638
Kabupaten Bantul,Kasihan,paud,69820613,SPS CAHAYA HATI,Ngentak RT 01,Bangunjiwo,SWASTA,https://referensi.data.kemendikdasmen.go.id/pendidikan/npsn/69820613
Kabupaten Bantul,Kasihan,paud,69820573,SPS CEMPAKA,"Dusun VIII Janten, Ngewotan RT 10",Ngestiharjo,SWASTA,https://referensi.data.kemendikdasmen.go.id/pendidikan/npsn/69820573
Kabupaten Bantul,Kasihan,paud,69902133,SPS CERIA,Kalirandu,Bangunjiwo,SWASTA,https://referensi.data.kemendikdasmen.go.id/pendidikan/npsn/69902133
Kabupaten Bantul,Kasihan,paud,69820553,SPS DAHLIA,Lemahdadi,Bangunjiwo,SWASTA,https://referensi.data.kemendikdasmen.go.id/pendidikan/npsn/69820553
Kabupaten Bantul,Kasihan,paud,69813129,SPS FLAMBOYAN,"Ngepreh RT. 01 DK. XI, Onggobayan",Ngestiharjo,SWASTA,https://referensi.data.kemendikdasmen.go.id/pendidikan/npsn/69813129
Kabupaten Bantul,Kasihan,paud,69813168,SPS KENANGA,Dusun IV Cungkuk,Ngestiharjo,SWASTA,https://referensi.data.kemendikdasmen.go.id/pendidikan/npsn/69813168
Kabupaten Bantul,Kasihan,paud,69813305,SPS KHANA,Donotirto RT 07,Bangunjiwo,SWASTA,https://referensi.data.kemendikdasmen.go.id/pendidikan/npsn/69813305
Kabupaten Bantul,Kasihan,paud,69863841,SPS MEKAR,JOMEGATAN RT 05,Ngestiharjo,SWASTA,https://referensi.data.kemendikdasmen.go.id/pendidikan/npsn/69863841
Kabupaten Bantul,Kasihan,paud,69942680,SPS MEKAR SARI,GONJEN,Tamantirto,SWASTA,https://referensi.data.kemendikdasmen.go.id/pendidikan/npsn/69942680
Kabupaten Bantul,Kasihan,paud,69820577,SPS MENUR,SUMBERAN RT. 11,Ngestiharjo,SWASTA,https://referensi.data.kemendikdasmen.go.id/pendidikan/npsn/69820577
Kabupaten Bantul,Kasihan,paud,69813166,SPS MENUR,Padokan Lor RT.02,Tirtonirmolo,SWASTA,https://referensi.data.kemendikdasmen.go.id/pendidikan/npsn/69813166
Kabupaten Bantul,Kasihan,paud,69910405,SPS SAKURA,BETON,Tirtonirmolo,SWASTA,https://referensi.data.kemendikdasmen.go.id/pendidikan/npsn/69910405
Kabupaten Bantul,Kasihan,paud,69931711,SPS TANJUNG,Kadipiro,Ngestiharjo,SWASTA,https://referensi.data.kemendikdasmen.go.id/pendidikan/npsn/69931711
Kabupaten Bantul,Kasihan,paud,69813325,SPS TAPAK DARA,Tirto RT. 06,Bangunjiwo,SWASTA,https://referensi.data.kemendikdasmen.go.id/pendidikan/npsn/69813325
Kabupaten Bantul,Kasihan,paud,69813126,SPS TERATAI PUTIH,SONOPAKIS LOR RT 06,Ngestiharjo,SWASTA,https://referensi.data.kemendikdasmen.go.id/pendidikan/npsn/69813126
Kabupaten Bantul,Kasihan,paud,69813137,SPS YASMIN,Ngebel,Tamantirto,SWASTA,https://referensi.data.kemendikdasmen.go.id/pendidikan/npsn/69813137
Kabupaten Bantul,Kasihan,paud,69863835,TAMAN BATITA INSAN CERIA,Jln. Brawijaya (Lingkar Selatan) Gatak,Tamantirto,SWASTA,https://referensi.data.kemendikdasmen.go.id/pendidikan/npsn/69863835
Kabupaten Bantul,Kasihan,paud,20408642,TK ABA AMBAR BINANGUN,"AMBAR BINANGUN, TIRTONIRMOLO, KASIHAN, BANTUL",Tirtonirmolo,SWASTA,https://referensi.data.kemendikdasmen.go.id/pendidikan/npsn/20408642
Kabupaten Bantul,Kasihan,paud,20408602,TK ABA AMONG PUTRO I,Jogonalan Kidul,Tirtonirmolo,SWASTA,https://referensi.data.kemendikdasmen.go.id/pendidikan/npsn/20408602
Kabupaten Bantul,Kasihan,paud,20408615,TK ABA AMONG PUTRO II,SONOSEWU,Ngestiharjo,SWASTA,https://referensi.data.kemendikdasmen.go.id/pendidikan/npsn/20408615
Kabupaten Bantul,Kasihan,paud,20408635,TK ABA BAITUL MAKMUR,Dusun XII Sidorejo,Ngestiharjo,SWASTA,https://referensi.data.kemendikdasmen.go.id/pendidikan/npsn/20408635
Kabupaten Bantul,Kasihan,paud,20408610,TK ABA DONGKELAN,DONGKELAN KAUMAN,Tirtonirmolo,SWASTA,https://referensi.data.kemendikdasmen.go.id/pendidikan/npsn/20408610
Kabupaten Bantul,Kasihan,paud,20408622,TK ABA GODEGAN,GODEGAN RT 10,Tamantirto,SWASTA,https://referensi.data.kemendikdasmen.go.id/pendidikan/npsn/20408622
Kabupaten Bantul,Kasihan,paud,20408658,TK ABA KARANGJATI INDAH I,Perumahan Karang Jati Indah I,Bangunjiwo,SWASTA,https://referensi.data.kemendikdasmen.go.id/pendidikan/npsn/20408658
Kabupaten Bantul,Kasihan,paud,20408601,TK ABA LABBAIK AP III,SONOPAKIS,Ngestiharjo,SWASTA,https://referensi.data.kemendikdasmen.go.id/pendidikan/npsn/20408601
Kabupaten Bantul,Kasihan,paud,20408648,TK ABA LEMAH DADI,LEMAH DADI,Bangunjiwo,SWASTA,https://referensi.data.kemendikdasmen.go.id/pendidikan/npsn/20408648
Kabupaten Bantul,Kasihan,paud,20408626,TK ABA SAMBI KEREP,SAMBIKEREP,Bangunjiwo,SWASTA,https://referensi.data.kemendikdasmen.go.id/pendidikan/npsn/20408626
Kabupaten Bantul,Kasihan,paud,20408606,TK ABA SURYA MELATI,BRAJAN,Tamantirto,SWASTA,https://referensi.data.kemendikdasmen.go.id/pendidikan/npsn/20408606
Kabupaten Bantul,Kasihan,paud,20408634,TK ABA SUTOPADAN,SUTOPADAN,Ngestiharjo,SWASTA,https://referensi.data.kemendikdasmen.go.id/pendidikan/npsn/20408634
Kabupaten Bantul,Kasihan,paud,20408637,TK AISYIYAH BUSTANUL ATHFAL AN-NUR,"Jl. WATES Km 3,5",Ngestiharjo,SWASTA,https://referensi.data.kemendikdasmen.go.id/pendidikan/npsn/20408637
Kabupaten Bantul,Kasihan,paud,20408632,TK AISYIYAH BUSTANUL ATHFAL JOMEGATAN,JOMEGATAN,Ngestiharjo,SWASTA,https://referensi.data.kemendikdasmen.go.id/pendidikan/npsn/20408632
Kabupaten Bantul,Kasihan,paud,20408633,TK AISYIYAH KEMBARAN,Kembaran RT 07,Tamantirto,SWASTA,https://referensi.data.kemendikdasmen.go.id/pendidikan/npsn/20408633
Kabupaten Bantul,Kasihan,paud,69812921,TK AISYIYAH KHADIJAH BANGUNJIWO TIMUR,JERONTABAG RT 07,Bangunjiwo,SWASTA,https://referensi.data.kemendikdasmen.go.id/pendidikan/npsn/69812921
Kabupaten Bantul,Kasihan,paud,70047823,TK ALKARIMA,GONJEN RT 03,Tamantirto,SWASTA,https://referensi.data.kemendikdasmen.go.id/pendidikan/npsn/70047823
Kabupaten Bantul,Kasihan,paud,70007821,TK Asiah Kalibayem,Kalibayem RT 08,Ngestiharjo,SWASTA,https://referensi.data.kemendikdasmen.go.id/pendidikan/npsn/70007821
Kabupaten Bantul,Kasihan,paud,20408621,TK DHARMA BAKTI IV,NGEBEL,Tamantirto,SWASTA,https://referensi.data.kemendikdasmen.go.id/pendidikan/npsn/20408621
Kabupaten Bantul,Kasihan,paud,20408614,TK INDRIYASANA,JOGONALAN,Tirtonirmolo,SWASTA,https://referensi.data.kemendikdasmen.go.id/pendidikan/npsn/20408614
Kabupaten Bantul,Kasihan,paud,20408623,TK IT AL FARABI,Perum Graha Prima Sejahtera,Tamantirto,SWASTA,https://referensi.data.kemendikdasmen.go.id/pendidikan/npsn/20408623
Kabupaten Bantul,Kasihan,paud,20408619,TK IT ALHAMDULILLAH,KASIHAN,Tamantirto,SWASTA,https://referensi.data.kemendikdasmen.go.id/pendidikan/npsn/20408619
Kabupaten Bantul,Kasihan,paud,20408645,TK IT INSAN UTAMA,"Jl. Lingkar Selatan, Gatak",Tamantirto,SWASTA,https://referensi.data.kemendikdasmen.go.id/pendidikan/npsn/20408645
Kabupaten Bantul,Kasihan,paud,20408654,TK IT NABILA,Sribitan,Bangunjiwo,SWASTA,https://referensi.data.kemendikdasmen.go.id/pendidikan/npsn/20408654
Kabupaten Bantul,Kasihan,paud,20408652,TK IT TAAT INSAN MULIA,Jl. SENGGOTAN RT 09 Dk V TIRTONIRMOLO,Tirtonirmolo,SWASTA,https://referensi.data.kemendikdasmen.go.id/pendidikan/npsn/20408652
Kabupaten Bantul,Kasihan,paud,20408613,TK MADUKISMO,Padokan,Tirtonirmolo,SWASTA,https://referensi.data.kemendikdasmen.go.id/pendidikan/npsn/20408613
Kabupaten Bantul,Kasihan,paud,20408630,TK MASYITHOH MARDI PUTRO,KALANGAN,Bangunjiwo,SWASTA,https://referensi.data.kemendikdasmen.go.id/pendidikan/npsn/20408630
Kabupaten Bantul,Kasihan,paud,20408629,TK MASYITHOH MARDISIWI,BIBIS,Bangunjiwo,SWASTA,https://referensi.data.kemendikdasmen.go.id/pendidikan/npsn/20408629
Kabupaten Bantul,Kasihan,paud,70062803,TK Mutiara Bangsa,Jl Jogonalan Lor No 120,Tirtonirmolo,SWASTA,https://referensi.data.kemendikdasmen.go.id/pendidikan/npsn/70062803
Kabupaten Bantul,Kasihan,paud,20408639,TK MUTIARA PERSADA,SORAGAN,Ngestiharjo,SWASTA,https://referensi.data.kemendikdasmen.go.id/pendidikan/npsn/20408639
Kabupaten Bantul,Kasihan,paud,20408640,TK NEGERI 1 KASIHAN,DONOTIRTO,Bangunjiwo,NEGERI,https://referensi.data.kemendikdasmen.go.id/pendidikan/npsn/20408640
Kabupaten Bantul,Kasihan,paud,20408598,TK PERTIWI 20,GENDENG,Bangunjiwo,SWASTA,https://referensi.data.kemendikdasmen.go.id/pendidikan/npsn/20408598
Kabupaten Bantul,Kasihan,paud,20408597,TK PERTIWI 40 JANTEN,Janten RT.03,Ngestiharjo,SWASTA,https://referensi.data.kemendikdasmen.go.id/pendidikan/npsn/20408597
Kabupaten Bantul,Kasihan,paud,20408604,TK PERTIWI 41,SONOPAKIS KIDUL,Ngestiharjo,SWASTA,https://referensi.data.kemendikdasmen.go.id/pendidikan/npsn/20408604
Kabupaten Bantul,Kasihan,paud,20408647,TK PERTIWI 42 KADIPIRO,Kadipiro,Ngestiharjo,SWASTA,https://referensi.data.kemendikdasmen.go.id/pendidikan/npsn/20408647
Kabupaten Bantul,Kasihan,paud,20408617,TK PERTIWI 55,BETON,Tirtonirmolo,SWASTA,https://referensi.data.kemendikdasmen.go.id/pendidikan/npsn/20408617
Kabupaten Bantul,Kasihan,paud,20408620,TK PERTIWI 56,JADAN,Tamantirto,SWASTA,https://referensi.data.kemendikdasmen.go.id/pendidikan/npsn/20408620
Kabupaten Bantul,Kasihan,paud,20408605,TK PKK 11 JOMEGATAN,Jomegatan,Ngestiharjo,SWASTA,https://referensi.data.kemendikdasmen.go.id/pendidikan/npsn/20408605
Kabupaten Bantul,Kasihan,paud,20408607,TK PKK 111 TUNAS HARAPAN,Kersan RT 08,Tirtonirmolo,SWASTA,https://referensi.data.kemendikdasmen.go.id/pendidikan/npsn/20408607
Kabupaten Bantul,Kasihan,paud,20408599,TK PKK 12 WIDYARINI,Tegal Onggobayan RT. 06,Ngestiharjo,SWASTA,https://referensi.data.kemendikdasmen.go.id/pendidikan/npsn/20408599
Kabupaten Bantul,Kasihan,paud,20408596,TK PKK 13 SORAGAN,Soragan RT. 06,Ngestiharjo,SWASTA,https://referensi.data.kemendikdasmen.go.id/pendidikan/npsn/20408596
Kabupaten Bantul,Kasihan,paud,20408624,TK PKK 18 HARAPAN BANGSA,Sembungan,Bangunjiwo,SWASTA,https://referensi.data.kemendikdasmen.go.id/pendidikan/npsn/20408624
Kabupaten Bantul,Kasihan,paud,20408616,TK PKK 46 TUNAS MEKAR,Mrisi,Tirtonirmolo,SWASTA,https://referensi.data.kemendikdasmen.go.id/pendidikan/npsn/20408616
Kabupaten Bantul,Kasihan,paud,20408618,TK PKK 58 UTAMI MARDI SIWI,Gonjen,Tamantirto,SWASTA,https://referensi.data.kemendikdasmen.go.id/pendidikan/npsn/20408618
Kabupaten Bantul,Kasihan,paud,20408609,TK PKK 59 BINA PUTRA,Jeblok,Tirtonirmolo,SWASTA,https://referensi.data.kemendikdasmen.go.id/pendidikan/npsn/20408609
Kabupaten Bantul,Kasihan,paud,20408611,TK PKK KUNCUP MEKAR,Padokan Lor,Tirtonirmolo,SWASTA,https://referensi.data.kemendikdasmen.go.id/pendidikan/npsn/20408611
Kabupaten Bantul,Kasihan,paud,20408608,TK PKK VIDYAMARTANI,Tegal Kenongo RT 01,Tirtonirmolo,SWASTA,https://referensi.data.kemendikdasmen.go.id/pendidikan/npsn/20408608
Kabupaten Bantul,Kasihan,paud,20408643,TK SUNAN GUNUNG JATI,NGRAME,Tamantirto,SWASTA,https://referensi.data.kemendikdasmen.go.id/pendidikan/npsn/20408643
Kabupaten Bantul,Kasihan,paud,69908149,TK TARUNA PRIMA,"Jl. Godean Km. 2,8 Tambak",Ngestiharjo,SWASTA,https://referensi.data.kemendikdasmen.go.id/pendidikan/npsn/69908149
Kabupaten Bantul,Kasihan,paud,69865810,TK Tunas Islam,TLOGO RT 06,Ngestiharjo,SWASTA,https://referensi.data.kemendikdasmen.go.id/pendidikan/npsn/69865810
Kabupaten Bantul,Kasihan,paud,20408603,TK UNGGULAN TUNAS MULYA UPY,Jl PGRI I SONOSEWU NO. 117,Ngestiharjo,SWASTA,https://referensi.data.kemendikdasmen.go.id/pendidikan/npsn/20408603
Kabupaten Bantul,Kasihan,paud,20408628,TK WIJAYA ATMAJA,BANGEN,Bangunjiwo,SWASTA,https://referensi.data.kemendikdasmen.go.id/pendidikan/npsn/20408628
Kabupaten Bantul,Kasihan,paud,75192916,TPA Baby and Child Care Taruna Prima,"Jl. Godean Km 2,8 Tambak No.4",Ngestiharjo,SWASTA,https://referensi.data.kemendikdasmen.go.id/pendidikan/npsn/75192916
Kabupaten Bantul,Kasihan,paud,69820593,TPA IT AL FARABI,Perum Graha Prima Sejahtera B10 RT 007,Tamantirto,SWASTA,https://referensi.data.kemendikdasmen.go.id/pendidikan/npsn/69820593
Kabupaten Bantul,Kasihan,paud,69863834,TPA MUTIARA QUR`ANI,Jl. Bibis Raya no 16,Tamantirto,SWASTA,https://referensi.data.kemendikdasmen.go.id/pendidikan/npsn/69863834
Kabupaten Bantul,Kasihan,paud,69942124,TPA TAAT INSAN MULIA,Jl. Senggotan RT.09,Tirtonirmolo,SWASTA,https://referensi.data.kemendikdasmen.go.id/pendidikan/npsn/69942124
Kabupaten Bantul,Pajangan,paud,69813322,INSAN MULIA II,Kadireso,Triwidadi,SWASTA,https://referensi.data.kemendikdasmen.go.id/pendidikan/npsn/69813322
Kabupaten Bantul,Pajangan,paud,69813226,KB AISYIYAH INSAN MULIA KALAKIJO,Kalakijo,Guwosari,SWASTA,https://referensi.data.kemendikdasmen.go.id/pendidikan/npsn/69813226
Kabupaten Bantul,Pajangan,paud,69820598,KB ANYELIR,Kentolan Kidul,Guwosari,SWASTA,https://referensi.data.kemendikdasmen.go.id/pendidikan/npsn/69820598
Kabupaten Bantul,Pajangan,paud,69813330,KB AR-ROHMAH,Gupak Warak,Sendangsari,SWASTA,https://referensi.data.kemendikdasmen.go.id/pendidikan/npsn/69813330
Kabupaten Bantul,Pajangan,paud,69862814,KB AZ-Zahra,Iroyudan Rt 06,Guwosari,SWASTA,https://referensi.data.kemendikdasmen.go.id/pendidikan/npsn/69862814
Kabupaten Bantul,Pajangan,paud,69813205,KB BINA LESTARI,Sabrang Kidul,Triwidadi,SWASTA,https://referensi.data.kemendikdasmen.go.id/pendidikan/npsn/69813205
Kabupaten Bantul,Pajangan,paud,69944652,KB ISLAM AL KAHFI,Pringgading,Guwosari,SWASTA,https://referensi.data.kemendikdasmen.go.id/pendidikan/npsn/69944652
Kabupaten Bantul,Pajangan,paud,69862813,KB IT DARUL ATHFAL,Jetis,Sendangsari,SWASTA,https://referensi.data.kemendikdasmen.go.id/pendidikan/npsn/69862813
Kabupaten Bantul,Pajangan,paud,69813104,KB MARSUDI SIWI,Jambean,Triwidadi,SWASTA,https://referensi.data.kemendikdasmen.go.id/pendidikan/npsn/69813104
Kabupaten Bantul,Pajangan,paud,69907334,KB MASYITHOH KADISONO,KADISONO,Guwosari,SWASTA,https://referensi.data.kemendikdasmen.go.id/pendidikan/npsn/69907334
Kabupaten Bantul,Pajangan,paud,69813224,KB MULYASARI,Santan,Guwosari,SWASTA,https://referensi.data.kemendikdasmen.go.id/pendidikan/npsn/69813224
Kabupaten Bantul,Pajangan,paud,69813324,KB PERMATA HATI,Mangir Tengah,Sendangsari,SWASTA,https://referensi.data.kemendikdasmen.go.id/pendidikan/npsn/69813324
Kabupaten Bantul,Pajangan,paud,69813210,KB PUTRA PERTIWI,MANGIR LOR,Sendangsari,SWASTA,https://referensi.data.kemendikdasmen.go.id/pendidikan/npsn/69813210
Kabupaten Bantul,Pajangan,paud,69813286,KB TUNAS MELATI,KALISOKA,Triwidadi,SWASTA,https://referensi.data.kemendikdasmen.go.id/pendidikan/npsn/69813286
Kabupaten Bantul,Pajangan,paud,69844625,KB TUNAS MELATI KREBET SENDANGSARI,KREBET,Sendangsari,SWASTA,https://referensi.data.kemendikdasmen.go.id/pendidikan/npsn/69844625
Kabupaten Bantul,Pajangan,paud,69813190,KELOMPOK BERMAIN AS-SIBYAN,Kadisono RT 01,Guwosari,SWASTA,https://referensi.data.kemendikdasmen.go.id/pendidikan/npsn/69813190
Kabupaten Bantul,Pajangan,paud,69813130,KELOMPOK BERMAIN KENARI AMONG PUTRA,Mangir Kidul,Sendangsari,SWASTA,https://referensi.data.kemendikdasmen.go.id/pendidikan/npsn/69813130
Kabupaten Bantul,Pajangan,paud,69813141,KELOMPOK BERMAIN SEKAR SIWI,Kayuhan Kulon RT 02,Triwidadi,SWASTA,https://referensi.data.kemendikdasmen.go.id/pendidikan/npsn/69813141
Kabupaten Bantul,Pajangan,paud,69820556,PAUD BINA BELIA BANGSA KAYEN SENDANGSARI PAJANGAN,Kayen,Sendangsari,SWASTA,https://referensi.data.kemendikdasmen.go.id/pendidikan/npsn/69820556
Kabupaten Bantul,Pajangan,paud,69906973,PAUD PADI MANUKAN,Manukan,Sendangsari,SWASTA,https://referensi.data.kemendikdasmen.go.id/pendidikan/npsn/69906973
Kabupaten Bantul,Pajangan,paud,70009611,RA MASYITHOH AR-ROHMAH,GUPAK WARAK DESA SENDANGSARI,Sendangsari,SWASTA,https://referensi.data.kemendikdasmen.go.id/pendidikan/npsn/70009611
Kabupaten Bantul,Pajangan,paud,69743550,RA/BA/TA MASYITHOH KADISONO,"KADISONO ,GUWOSARI",Guwosari,SWASTA,https://referensi.data.kemendikdasmen.go.id/pendidikan/npsn/69743550
Kabupaten Bantul,Pajangan,paud,69743551,RA/BA/TA MASYITHOH KALONGAN,KALONGAN GUWOSARI,Guwosari,SWASTA,https://referensi.data.kemendikdasmen.go.id/pendidikan/npsn/69743551
Kabupaten Bantul,Pajangan,paud,69743552,RA/BA/TA MASYITHOH WAUNG,WAUNG BUNGSING GUWOSARI,Guwosari,SWASTA,https://referensi.data.kemendikdasmen.go.id/pendidikan/npsn/69743552
Kabupaten Bantul,Pajangan,paud,69743553,RA/BA/TA MASYITOH BEJI,BEJI KULON SENDANGSARI PAJANGAN,Triwidadi,SWASTA,https://referensi.data.kemendikdasmen.go.id/pendidikan/npsn/69743553
Kabupaten Bantul,Pajangan,paud,69743554,RA/BA/TA MASYITOH KALISOKA,KALISOKA TRIWIDADI PAJANGAN BANTUL,Triwidadi,SWASTA,https://referensi.data.kemendikdasmen.go.id/pendidikan/npsn/69743554
Kabupaten Bantul,Pajangan,paud,69813328,SPS ANGGREK,Watugedug,Guwosari,SWASTA,https://referensi.data.kemendikdasmen.go.id/pendidikan/npsn/69813328
Kabupaten Bantul,Pajangan,paud,69862820,SPS ASTER I,KEMBANGPUTIHAN RT 03,Guwosari,SWASTA,https://referensi.data.kemendikdasmen.go.id/pendidikan/npsn/69862820
Kabupaten Bantul,Pajangan,paud,69813147,SPS BINTANG KECIL,Guwo,Triwidadi,SWASTA,https://referensi.data.kemendikdasmen.go.id/pendidikan/npsn/69813147
Kabupaten Bantul,Pajangan,paud,69813203,SPS DAHLIA 1,PRINGGADING,Guwosari,SWASTA,https://referensi.data.kemendikdasmen.go.id/pendidikan/npsn/69813203
Kabupaten Bantul,Pajangan,paud,69862824,SPS DAHLIA 2,"Perum Guwosari Blok IX, Pringgading",Guwosari,SWASTA,https://referensi.data.kemendikdasmen.go.id/pendidikan/npsn/69862824
Kabupaten Bantul,Pajangan,paud,69912302,SPS DWI PUTRA KABROKAN SENDANGSARI,Kabrokan Wetan RT 01,Sendangsari,SWASTA,https://referensi.data.kemendikdasmen.go.id/pendidikan/npsn/69912302
Kabupaten Bantul,Pajangan,paud,69862821,SPS FLAMBOYAN,Bungsing RT 03,Guwosari,SWASTA,https://referensi.data.kemendikdasmen.go.id/pendidikan/npsn/69862821
Kabupaten Bantul,Pajangan,paud,69813290,SPS HARAPAN BUNDA,Pajangan RT 01,Triwidadi,SWASTA,https://referensi.data.kemendikdasmen.go.id/pendidikan/npsn/69813290
Kabupaten Bantul,Pajangan,paud,69862826,SPS KENANGA,GANDEKAN,Guwosari,SWASTA,https://referensi.data.kemendikdasmen.go.id/pendidikan/npsn/69862826
Kabupaten Bantul,Pajangan,paud,69813132,SPS KENANGA GUPAK WARAK,Gupak Warak,Sendangsari,SWASTA,https://referensi.data.kemendikdasmen.go.id/pendidikan/npsn/69813132
Kabupaten Bantul,Pajangan,paud,69813161,SPS MAWAR PUTIH,Kayuhan Wetan,Triwidadi,SWASTA,https://referensi.data.kemendikdasmen.go.id/pendidikan/npsn/69813161
Kabupaten Bantul,Pajangan,paud,69862828,SPS MELATI DUKUH,DUKUH RT 05,Guwosari,SWASTA,https://referensi.data.kemendikdasmen.go.id/pendidikan/npsn/69862828
Kabupaten Bantul,Pajangan,paud,69862829,SPS NUSA INDAH,Kembanggede,Guwosari,SWASTA,https://referensi.data.kemendikdasmen.go.id/pendidikan/npsn/69862829
Kabupaten Bantul,Pajangan,paud,69813341,SPS SEJAHTERA DUA KARANGJATI BENYO,KARANGJATI BENYO,Sendangsari,SWASTA,https://referensi.data.kemendikdasmen.go.id/pendidikan/npsn/69813341
Kabupaten Bantul,Pajangan,paud,69820570,SPS SEJAHTERA SATU BENYO SENDANGSARI,Benyo,Sendangsari,SWASTA,https://referensi.data.kemendikdasmen.go.id/pendidikan/npsn/69820570
Kabupaten Bantul,Pajangan,paud,69813308,SPS SEKAR HARAPAN,Beji Wetan,Sendangsari,SWASTA,https://referensi.data.kemendikdasmen.go.id/pendidikan/npsn/69813308
Kabupaten Bantul,Pajangan,paud,69862817,SPS TUNAS MULIA,Trucuk RT.06,Triwidadi,SWASTA,https://referensi.data.kemendikdasmen.go.id/pendidikan/npsn/69862817
Kabupaten Bantul,Pajangan,paud,20408817,TK AISYIYAH BUSTANUL ATHFAL KALAK IJO,KALAK IJO,Guwosari,SWASTA,https://referensi.data.kemendikdasmen.go.id/pendidikan/npsn/20408817
Kabupaten Bantul,Pajangan,paud,20408823,TK AISYIYAH BUSTANUL ATHFAL SEKAR MELATI,KADIRESO,Triwidadi,SWASTA,https://referensi.data.kemendikdasmen.go.id/pendidikan/npsn/20408823
Kabupaten Bantul,Pajangan,paud,20408824,TK AISYIYAH BUSTANUL ATHFAL TUNAS MELATI,NANGGUL,Triwidadi,SWASTA,https://referensi.data.kemendikdasmen.go.id/pendidikan/npsn/20408824
Kabupaten Bantul,Pajangan,paud,20408832,TK ISLAM AL KAHFI,PRINGGADING,Guwosari,SWASTA,https://referensi.data.kemendikdasmen.go.id/pendidikan/npsn/20408832
Kabupaten Bantul,Pajangan,paud,20408809,TK MASYITHOH DUKUH,"DUKUH, GUWOSARI, PAJANGAN, BANTUL",Guwosari,SWASTA,https://referensi.data.kemendikdasmen.go.id/pendidikan/npsn/20408809
Kabupaten Bantul,Pajangan,paud,20408826,TK MASYITHOH KREBET,Krebet RT 03,Sendangsari,SWASTA,https://referensi.data.kemendikdasmen.go.id/pendidikan/npsn/20408826
Kabupaten Bantul,Pajangan,paud,20408821,TK NEGERI 1 PAJANGAN,"PAJANGAN, TRIWIDADI, PAJANGAN, BANTUL",Triwidadi,NEGERI,https://referensi.data.kemendikdasmen.go.id/pendidikan/npsn/20408821
Kabupaten Bantul,Pajangan,paud,20408820,TK PKK 27,JAMBEAN,Triwidadi,SWASTA,https://referensi.data.kemendikdasmen.go.id/pendidikan/npsn/20408820
Kabupaten Bantul,Pajangan,paud,20408807,TK PKK 38 KEMBANG PUTIHAN,Kentolan Lor,Guwosari,SWASTA,https://referensi.data.kemendikdasmen.go.id/pendidikan/npsn/20408807
Kabupaten Bantul,Pajangan,paud,20408813,TK PKK 74 SERUT,GUPAK WARAK,Sendangsari,SWASTA,https://referensi.data.kemendikdasmen.go.id/pendidikan/npsn/20408813
Kabupaten Bantul,Pajangan,paud,20408814,TK PKK 75 SANTAN,Santan,Guwosari,SWASTA,https://referensi.data.kemendikdasmen.go.id/pendidikan/npsn/20408814
Kabupaten Bantul,Pajangan,paud,20408808,TK PKK 76 KENTOLAN KIDUL,KENTOLAN KIDUL,Guwosari,SWASTA,https://referensi.data.kemendikdasmen.go.id/pendidikan/npsn/20408808
Kabupaten Bantul,Pajangan,paud,20408818,TK PKK 8 MANGIR,Mangir Lor,Sendangsari,SWASTA,https://referensi.data.kemendikdasmen.go.id/pendidikan/npsn/20408818
Kabupaten Bantul,Pajangan,paud,20408831,TKIT DARUL ATHFAL,"BUTUH LOR, TRIWIDADI, PAJANGAN, BANTUL",Triwidadi,SWASTA,https://referensi.data.kemendikdasmen.go.id/pendidikan/npsn/20408831
Kabupaten Bantul,Pajangan,paud,20408827,TKIT DARUL ATHFAL SENDANGSARI,JETIS,Sendangsari,SWASTA,https://referensi.data.kemendikdasmen.go.id/pendidikan/npsn/20408827
Kabupaten Bantul,Pajangan,paud,70050086,TPA Day Care Cinta,Karangber RT 01,Guwosari,SWASTA,https://referensi.data.kemendikdasmen.go.id/pendidikan/npsn/70050086
Kabupaten Bantul,Pajangan,paud,69813138,TPA IT RUMAH PELANGI,Dukuh,Guwosari,SWASTA,https://referensi.data.kemendikdasmen.go.id/pendidikan/npsn/69813138
Kabupaten Bantul,Sedayu,paud,69813304,KB AISYIYAH AL-AMIN,Kalijoho RT 06,Argosari,SWASTA,https://referensi.data.kemendikdasmen.go.id/pendidikan/npsn/69813304
Kabupaten Bantul,Sedayu,paud,69813294,KB AISYIYAH SENOWO,Senowo RT 20,Argorejo,SWASTA,https://referensi.data.kemendikdasmen.go.id/pendidikan/npsn/69813294
Kabupaten Bantul,Sedayu,paud,70055590,KB AL HUSNA,Dingkikan,Argodadi,SWASTA,https://referensi.data.kemendikdasmen.go.id/pendidikan/npsn/70055590
Kabupaten Bantul,Sedayu,paud,69813326,KB AL-IKHSAN,Jaten RT 042,Argosari,SWASTA,https://referensi.data.kemendikdasmen.go.id/pendidikan/npsn/69813326
Kabupaten Bantul,Sedayu,paud,69813339,KB BHAKTI SIWI,Metes RT.43,Argorejo,SWASTA,https://referensi.data.kemendikdasmen.go.id/pendidikan/npsn/69813339
Kabupaten Bantul,Sedayu,paud,69813238,KB BINTANG - BINTANG,PANGGANG,Argomulyo,SWASTA,https://referensi.data.kemendikdasmen.go.id/pendidikan/npsn/69813238
Kabupaten Bantul,Sedayu,paud,70004755,KB BOCAH MULYA,Bakal,Argodadi,SWASTA,https://referensi.data.kemendikdasmen.go.id/pendidikan/npsn/70004755
Kabupaten Bantul,Sedayu,paud,69813309,KB BUDI MULIA DUA SEDAYU,Bandut Lor,Argorejo,SWASTA,https://referensi.data.kemendikdasmen.go.id/pendidikan/npsn/69813309
Kabupaten Bantul,Sedayu,paud,69813350,KB CAHAYA,Jl.Gesikan KM 1 Semampir,Argorejo,SWASTA,https://referensi.data.kemendikdasmen.go.id/pendidikan/npsn/69813350
Kabupaten Bantul,Sedayu,paud,69820566,KB IT ANAK SHOLEH,Jl. Wates KM. 11 Gunung Bulu,Argorejo,SWASTA,https://referensi.data.kemendikdasmen.go.id/pendidikan/npsn/69820566
Kabupaten Bantul,Sedayu,paud,69813134,KB JERUK,SUMBERAN,Argodadi,SWASTA,https://referensi.data.kemendikdasmen.go.id/pendidikan/npsn/69813134
Kabupaten Bantul,Sedayu,paud,69813162,KB KHAIRU UMMAH,Bandut Kidul RT 41,Argorejo,SWASTA,https://referensi.data.kemendikdasmen.go.id/pendidikan/npsn/69813162
Kabupaten Bantul,Sedayu,paud,69813183,KB MATAHARI,TAPEN,Argosari,SWASTA,https://referensi.data.kemendikdasmen.go.id/pendidikan/npsn/69813183
Kabupaten Bantul,Sedayu,paud,69930256,KB MEKAR ASRI,SUNGAPAN RT.66,Argodadi,SWASTA,https://referensi.data.kemendikdasmen.go.id/pendidikan/npsn/69930256
Kabupaten Bantul,Sedayu,paud,69813201,KB NURUL HIKMAH,SUROBAYAN RT 04,Argomulyo,SWASTA,https://referensi.data.kemendikdasmen.go.id/pendidikan/npsn/69813201
Kabupaten Bantul,Sedayu,paud,69813220,KB ROUDLOTUL ATFAL,Bakal Dukuh RT 39,Argodadi,SWASTA,https://referensi.data.kemendikdasmen.go.id/pendidikan/npsn/69813220
Kabupaten Bantul,Sedayu,paud,69935273,KB SANTA THERESIA SEDAYU,Gubug,Argosari,SWASTA,https://referensi.data.kemendikdasmen.go.id/pendidikan/npsn/69935273
Kabupaten Bantul,Sedayu,paud,69865820,KB SETYARINI,PEDES RT 02,Argomulyo,SWASTA,https://referensi.data.kemendikdasmen.go.id/pendidikan/npsn/69865820
Kabupaten Bantul,Sedayu,paud,69813272,KB TERATAI,Karanglo,Argomulyo,SWASTA,https://referensi.data.kemendikdasmen.go.id/pendidikan/npsn/69813272
Kabupaten Bantul,Sedayu,paud,70055586,KB TERPADU ISLAM AT THOHIR,Tapen RT 14,Argosari,SWASTA,https://referensi.data.kemendikdasmen.go.id/pendidikan/npsn/70055586
Kabupaten Bantul,Sedayu,paud,69844656,KB TUNAS HARAPAN,"GRIYA KENCANA PERMAI BLOK C, BANDUT LOR",Argorejo,SWASTA,https://referensi.data.kemendikdasmen.go.id/pendidikan/npsn/69844656
Kabupaten Bantul,Sedayu,paud,69813281,KELOMPOK BERMAIN AISYIYAH ARGOMULYO,KEMUSUK LOR,Argomulyo,SWASTA,https://referensi.data.kemendikdasmen.go.id/pendidikan/npsn/69813281
Kabupaten Bantul,Sedayu,paud,69820578,SPS ASTER,NGENTAK RT 064,Argorejo,SWASTA,https://referensi.data.kemendikdasmen.go.id/pendidikan/npsn/69820578
Kabupaten Bantul,Sedayu,paud,69813259,SPS MELATI,Kemusuk Lor,Argomulyo,SWASTA,https://referensi.data.kemendikdasmen.go.id/pendidikan/npsn/69813259
Kabupaten Bantul,Sedayu,paud,69813269,SPS PONDOK CERIA,KALIBEROT,Argomulyo,SWASTA,https://referensi.data.kemendikdasmen.go.id/pendidikan/npsn/69813269
Kabupaten Bantul,Sedayu,paud,69820564,SPS SEDAP MALAM,Srontakan RT 03,Argomulyo,SWASTA,https://referensi.data.kemendikdasmen.go.id/pendidikan/npsn/69820564
Kabupaten Bantul,Sedayu,paud,69813180,SPS TERATAI JINGGA 2,Perum Pesona Alam Sedayu,Argomulyo,SWASTA,https://referensi.data.kemendikdasmen.go.id/pendidikan/npsn/69813180
Kabupaten Bantul,Sedayu,paud,69904846,SPS TUNAS HARAPAN,Pedukuhan Watu,Argomulyo,SWASTA,https://referensi.data.kemendikdasmen.go.id/pendidikan/npsn/69904846
Kabupaten Bantul,Sedayu,paud,69990674,TK ABA KADIBESO,Kadibeso RT 89,Argodadi,SWASTA,https://referensi.data.kemendikdasmen.go.id/pendidikan/npsn/69990674
Kabupaten Bantul,Sedayu,paud,20408965,TK ABA SEDAYU,PEDUSAN,Argosari,SWASTA,https://referensi.data.kemendikdasmen.go.id/pendidikan/npsn/20408965
Kabupaten Bantul,Sedayu,paud,69866990,TK ABA SENOWO,SENOWO,Argorejo,SWASTA,https://referensi.data.kemendikdasmen.go.id/pendidikan/npsn/69866990
Kabupaten Bantul,Sedayu,paud,20408956,TK ABA TAPEN,TAPEN,Argosari,SWASTA,https://referensi.data.kemendikdasmen.go.id/pendidikan/npsn/20408956
Kabupaten Bantul,Sedayu,paud,20409881,TK AISYIYAH BUSTANUL ATHFAL ARGOMULYO,"KEMUSUK LOR RT 04 ARGOMULYO, SEDAYU, BANTUL",Argomulyo,SWASTA,https://referensi.data.kemendikdasmen.go.id/pendidikan/npsn/20409881
Kabupaten Bantul,Sedayu,paud,69866991,TK BINTANG-BINTANG,Gunung Polo,Argorejo,SWASTA,https://referensi.data.kemendikdasmen.go.id/pendidikan/npsn/69866991
Kabupaten Bantul,Sedayu,paud,20408966,TK BUDI MULIA DUA SEDAYU,BANDUT LOR,Argorejo,SWASTA,https://referensi.data.kemendikdasmen.go.id/pendidikan/npsn/20408966
Kabupaten Bantul,Sedayu,paud,20408955,TK INDRIYASANA SANTA THERESIA,Gubug,Argosari,SWASTA,https://referensi.data.kemendikdasmen.go.id/pendidikan/npsn/20408955
Kabupaten Bantul,Sedayu,paud,20408968,TK ISLAM TERPADU ANAK SHOLEH,JL. WATES KM. 11,Argorejo,SWASTA,https://referensi.data.kemendikdasmen.go.id/pendidikan/npsn/20408968
Kabupaten Bantul,Sedayu,paud,20408964,TK MASYITHOH II SEDAYU,JETIS,Argosari,SWASTA,https://referensi.data.kemendikdasmen.go.id/pendidikan/npsn/20408964
Kabupaten Bantul,Sedayu,paud,69820609,TK Masyithoh III Sedayu,BRONGKOL,Argodadi,SWASTA,https://referensi.data.kemendikdasmen.go.id/pendidikan/npsn/69820609
Kabupaten Bantul,Sedayu,paud,20408963,TK MASYITHOH SEDAYU,CAWAN,Argodadi,SWASTA,https://referensi.data.kemendikdasmen.go.id/pendidikan/npsn/20408963
Kabupaten Bantul,Sedayu,paud,20408942,TK MAWAR PUTIH PKK 39,"PULUHAN, ARGOMULYO, SEDAYU, BANTUL",Argomulyo,SWASTA,https://referensi.data.kemendikdasmen.go.id/pendidikan/npsn/20408942
Kabupaten Bantul,Sedayu,paud,20408946,TK NEGERI 1 SEDAYU,Jl. Bening Surobayan,Argomulyo,NEGERI,https://referensi.data.kemendikdasmen.go.id/pendidikan/npsn/20408946
Kabupaten Bantul,Sedayu,paud,20408943,TK PKK 10,SENGON KARANG,Argomulyo,SWASTA,https://referensi.data.kemendikdasmen.go.id/pendidikan/npsn/20408943
Kabupaten Bantul,Sedayu,paud,20408958,TK PKK 24 ARGODADI,SUNGAPAN DUKUH,Argodadi,SWASTA,https://referensi.data.kemendikdasmen.go.id/pendidikan/npsn/20408958
Kabupaten Bantul,Sedayu,paud,20408959,TK PKK 25 ARGODADI,BAKAL DUKUH,Argodadi,SWASTA,https://referensi.data.kemendikdasmen.go.id/pendidikan/npsn/20408959
Kabupaten Bantul,Sedayu,paud,20408960,TK PKK 26 ARGODADI,DINGKIKAN,Argodadi,SWASTA,https://referensi.data.kemendikdasmen.go.id/pendidikan/npsn/20408960
Kabupaten Bantul,Sedayu,paud,20408944,TK PKK 28 ARGOMULYO,"KARANGLO, ARGOMULYO, SEDAYU, BANTUL",Argomulyo,SWASTA,https://referensi.data.kemendikdasmen.go.id/pendidikan/npsn/20408944
Kabupaten Bantul,Sedayu,paud,20408945,TK PKK 29 ARGOMULYO,PEDES,Argomulyo,SWASTA,https://referensi.data.kemendikdasmen.go.id/pendidikan/npsn/20408945
Kabupaten Bantul,Sedayu,paud,20408961,TK PKK 31 ARGODADI,SELOGEDONG,Argodadi,SWASTA,https://referensi.data.kemendikdasmen.go.id/pendidikan/npsn/20408961
Kabupaten Bantul,Sedayu,paud,20408947,TK PKK 35 MEKAR RINI,PANGGANG,Argomulyo,SWASTA,https://referensi.data.kemendikdasmen.go.id/pendidikan/npsn/20408947
Kabupaten Bantul,Sedayu,paud,20408948,TK PKK 4 ARGOMULYO,SRONTAKAN,Argomulyo,SWASTA,https://referensi.data.kemendikdasmen.go.id/pendidikan/npsn/20408948
Kabupaten Bantul,Sedayu,paud,20408950,TK PKK 40 ARGOREJO,SUNDI LOR,Argorejo,SWASTA,https://referensi.data.kemendikdasmen.go.id/pendidikan/npsn/20408950
Kabupaten Bantul,Sedayu,paud,20408951,TK PKK 41 ARGOREJO,METES,Argorejo,SWASTA,https://referensi.data.kemendikdasmen.go.id/pendidikan/npsn/20408951
Kabupaten Bantul,Sedayu,paud,20408952,TK PKK 42 POLAMAN,POLAMAN,Argorejo,SWASTA,https://referensi.data.kemendikdasmen.go.id/pendidikan/npsn/20408952
Kabupaten Bantul,Sedayu,paud,20408949,TK PKK 7 ARGOMULYO,SAMBEN,Argomulyo,SWASTA,https://referensi.data.kemendikdasmen.go.id/pendidikan/npsn/20408949
Kabupaten Bantul,Sedayu,paud,20408957,TK PKK KARTINI,GAYAM,Argosari,SWASTA,https://referensi.data.kemendikdasmen.go.id/pendidikan/npsn/20408957
Kabupaten Bantul,Sedayu,paud,20408962,TK PKK SUMBERAN,SUMBERAN,Argodadi,SWASTA,https://referensi.data.kemendikdasmen.go.id/pendidikan/npsn/20408962
Kabupaten Bantul,Sedayu,paud,20408953,TK SEDAYU PERMAI,PERUM SEDAYU,Argorejo,SWASTA,https://referensi.data.kemendikdasmen.go.id/pendidikan/npsn/20408953
Kabupaten Bantul,Sedayu,paud,20408967,TKIT BINA INSAN MUTAALLIMIN,JL. WATES KM 13 JAMBON,Argosari,SWASTA,https://referensi.data.kemendikdasmen.go.id/pendidikan/npsn/20408967
Kabupaten Bantul,Sedayu,paud,69813196,TPA AISYIYAH ARGOMULYO,KEMUSUK LOR,Argomulyo,SWASTA,https://referensi.data.kemendikdasmen.go.id/pendidikan/npsn/69813196
Kabupaten Bantul,Sedayu,paud,69933359,TPA BINTANG-BINTANG,Panggang,Argomulyo,SWASTA,https://referensi.data.kemendikdasmen.go.id/pendidikan/npsn/69933359
Kabupaten Bantul,Sedayu,paud,69813212,TPA IT ANAK SHOLEH,Jl. Wates KM. 11 Gunung Bulu,Argorejo,SWASTA,https://referensi.data.kemendikdasmen.go.id/pendidikan/npsn/69813212
Kabupaten Bantul,Sedayu,paud,69813159,TPA TERATAI,Karanglo,Argomulyo,SWASTA,https://referensi.data.kemendikdasmen.go.id/pendidikan/npsn/69813159
