kabkota,kecamatan,level_portal,npsn,school,address,kelurahan,status,profile
Kabupaten Bandung Barat,Rongga,dikdas,60709600,MIS AL-FAJRI,Kp. Lampegan RT. 02/12,Sukamanah,SWASTA,https://referensi.data.kemendikdasmen.go.id/pendidikan/npsn/60709600
Kabupaten Bandung Barat,Rongga,dikdas,60709606,MIS AL-HIDAYAH RONGGA,Kp. Ciseupan RT. 04/04,Cibedug,SWASTA,https://referensi.data.kemendikdasmen.go.id/pendidikan/npsn/60709606
Kabupaten Bandung Barat,Rongga,dikdas,60709609,MIS AL-IRFAN,KP.LEBAKMUNCANG RT.01.RW.02,Cibedug,SWASTA,https://referensi.data.kemendikdasmen.go.id/pendidikan/npsn/60709609
Kabupaten Bandung Barat,Rongga,dikdas,60709608,MIS AL-MUBAROKAH,Kp Cicadas II RT 02 RW 09,Sukamanah,SWASTA,https://referensi.data.kemendikdasmen.go.id/pendidikan/npsn/60709608
Kabupaten Bandung Barat,Rongga,dikdas,69819527,MIS Al-Muhtadin,Kp. Soreang RT 02 RW 10 Ds. Cibitung,Cibitung,SWASTA,https://referensi.data.kemendikdasmen.go.id/pendidikan/npsn/69819527
Kabupaten Bandung Barat,Rongga,dikdas,60709607,MIS AL-MUNAWAROH,Kp.Cikupa RT.03/06,Cicadas,SWASTA,https://referensi.data.kemendikdasmen.go.id/pendidikan/npsn/60709607
Kabupaten Bandung Barat,Rongga,dikdas,60709601,MIS BOJONG,Kp. Haurwangi rt 05 rw 03,Kec. Rongga,SWASTA,https://referensi.data.kemendikdasmen.go.id/pendidikan/npsn/60709601
Kabupaten Bandung Barat,Rongga,dikdas,60709602,MIS CANGKUANG,Kp. Langkob Rt 03/04,Kec. Rongga,SWASTA,https://referensi.data.kemendikdasmen.go.id/pendidikan/npsn/60709602
Kabupaten Bandung Barat,Rongga,dikdas,60709603,MIS CIBITUNG,Kp. Cilengsar RT. 01/09,Sukaresmi,SWASTA,https://referensi.data.kemendikdasmen.go.id/pendidikan/npsn/60709603
Kabupaten Bandung Barat,Rongga,dikdas,60709604,MIS MUSLIMIN CINENGAH,Kp. Wargasaluyu RT.01 RW.17 Ds. Cinengah,Cinengah,SWASTA,https://referensi.data.kemendikdasmen.go.id/pendidikan/npsn/60709604
Kabupaten Bandung Barat,Rongga,dikdas,60709610,MIS PASIR BANDUNG,KP.RANCA RT.03/13,Cibitung,SWASTA,https://referensi.data.kemendikdasmen.go.id/pendidikan/npsn/60709610
Kabupaten Bandung Barat,Rongga,dikdas,60709605,MIS RASAMALA,Kp. Neglasari RT 02 RW 08,Bojongsalam,SWASTA,https://referensi.data.kemendikdasmen.go.id/pendidikan/npsn/60709605
Kabupaten Bandung Barat,Rongga,dikdas,69983099,MTSS AL MUBARKAH,Kp. Pasir Buleud RT 02 RW 04,Cinengah,SWASTA,https://referensi.data.kemendikdasmen.go.id/pendidikan/npsn/69983099
Kabupaten Bandung Barat,Rongga,dikdas,20276204,MTSS AL-IKHLAS BABAKANTALANG,Kp. Babakantalang Rt 03 Rw 01,Kec. Rongga,SWASTA,https://referensi.data.kemendikdasmen.go.id/pendidikan/npsn/20276204
Kabupaten Bandung Barat,Rongga,dikdas,20279484,MTSS AL-MUNAWAROH,Kp. Cikupa Rt 03 Rw 06,Kec. Rongga,SWASTA,https://referensi.data.kemendikdasmen.go.id/pendidikan/npsn/20279484
Kabupaten Bandung Barat,Rongga,dikdas,60727386,MTSS ANNUR HIDAYAH,Kp. Cilengsar Rt 01 Rw 09,Sukaresmi,SWASTA,https://referensi.data.kemendikdasmen.go.id/pendidikan/npsn/60727386
Kabupaten Bandung Barat,Rongga,dikdas,20279485,MTSS MUSLIMIN SUKARESMI,Kp. Pamoyanan Rt 02 Rw 20,Sukamanah,SWASTA,https://referensi.data.kemendikdasmen.go.id/pendidikan/npsn/20279485
Kabupaten Bandung Barat,Rongga,dikdas,20206702,SD NEGERI 1 BABAKANTALANG,Kp. Cigombong RT.4 RW.13,Cibedug,NEGERI,https://referensi.data.kemendikdasmen.go.id/pendidikan/npsn/20206702
Kabupaten Bandung Barat,Rongga,dikdas,20207005,SD NEGERI 1 BOJONG,Jl. Pasar Bojong No.56 RT.3 RW.4,Bojong,NEGERI,https://referensi.data.kemendikdasmen.go.id/pendidikan/npsn/20207005
Kabupaten Bandung Barat,Rongga,dikdas,20207995,SD NEGERI 1 CIBEDUG,Kp. Nunuk RT. 03 RW. 05,Cibedug,NEGERI,https://referensi.data.kemendikdasmen.go.id/pendidikan/npsn/20207995
Kabupaten Bandung Barat,Rongga,dikdas,20207541,SD NEGERI 1 CIMAREL,Kp. Campaka,Sukaresmi,NEGERI,https://referensi.data.kemendikdasmen.go.id/pendidikan/npsn/20207541
Kabupaten Bandung Barat,Rongga,dikdas,20205933,SD NEGERI 1 SUKARESMI,Kp. Cibaros RT.02 RW.08,Sukaresmi,NEGERI,https://referensi.data.kemendikdasmen.go.id/pendidikan/npsn/20205933
Kabupaten Bandung Barat,Rongga,dikdas,20206701,SD NEGERI 2 BABAKANTALANG,Kp. Babakan RT.2 RW.12,Sukamanah,NEGERI,https://referensi.data.kemendikdasmen.go.id/pendidikan/npsn/20206701
Kabupaten Bandung Barat,Rongga,dikdas,20207001,SD NEGERI 2 BOJONG,Kp. Lengsar,Bojong,NEGERI,https://referensi.data.kemendikdasmen.go.id/pendidikan/npsn/20207001
Kabupaten Bandung Barat,Rongga,dikdas,20207994,SD NEGERI 2 CIBEDUG,Kp. Pasir Bakti,Cibedug,NEGERI,https://referensi.data.kemendikdasmen.go.id/pendidikan/npsn/20207994
Kabupaten Bandung Barat,Rongga,dikdas,20207551,SD NEGERI 2 CIMAREL,Kp. Babakan Jampang RT.2 RW.5,Cibitung,NEGERI,https://referensi.data.kemendikdasmen.go.id/pendidikan/npsn/20207551
Kabupaten Bandung Barat,Rongga,dikdas,20206031,SD NEGERI 2 SUKARESMI,Kp. Pasirdari RT.3 RW.10,Sukaresmi,NEGERI,https://referensi.data.kemendikdasmen.go.id/pendidikan/npsn/20206031
Kabupaten Bandung Barat,Rongga,dikdas,20206961,SD NEGERI BANYURESMI,PTPN VIII Montaya,Cibedug,NEGERI,https://referensi.data.kemendikdasmen.go.id/pendidikan/npsn/20206961
Kabupaten Bandung Barat,Rongga,dikdas,20206995,SD NEGERI BINAKARYA,Kp. Cibarengkok RT.3 RW.4,Cicadas,NEGERI,https://referensi.data.kemendikdasmen.go.id/pendidikan/npsn/20206995
Kabupaten Bandung Barat,Rongga,dikdas,20208033,SD NEGERI CIBADAK,Kp. Pasir Gombong RT.1 RW.7,Cibitung,NEGERI,https://referensi.data.kemendikdasmen.go.id/pendidikan/npsn/20208033
Kabupaten Bandung Barat,Rongga,dikdas,20227522,SD NEGERI CIBITUNG,Kp. Bojong Lame RT.3 RW.2,Cibitung,NEGERI,https://referensi.data.kemendikdasmen.go.id/pendidikan/npsn/20227522
Kabupaten Bandung Barat,Rongga,dikdas,20207902,SD NEGERI CICADAS,Kp. Cicadas RT.2 RW.6,Cicadas,NEGERI,https://referensi.data.kemendikdasmen.go.id/pendidikan/npsn/20207902
Kabupaten Bandung Barat,Rongga,dikdas,20208210,SD NEGERI CIJAMBU,Kp. Cijambu RT.1 RW.5,Cinengah,NEGERI,https://referensi.data.kemendikdasmen.go.id/pendidikan/npsn/20208210
Kabupaten Bandung Barat,Rongga,dikdas,20252021,SD NEGERI CILAME,Kp. Pasir Lengka RT.1 RW.1,Cibitung,NEGERI,https://referensi.data.kemendikdasmen.go.id/pendidikan/npsn/20252021
Kabupaten Bandung Barat,Rongga,dikdas,20207621,SD NEGERI CINENGAH,Jl. Raya Genggong RT.3 RW.14,Cinengah,NEGERI,https://referensi.data.kemendikdasmen.go.id/pendidikan/npsn/20207621
Kabupaten Bandung Barat,Rongga,dikdas,20207724,SD NEGERI GAPURAWINAYA,Kp. Citunagan RT 2 RW 8 Desa Sukamanah Rongga,Sukamanah,NEGERI,https://referensi.data.kemendikdasmen.go.id/pendidikan/npsn/20207724
Kabupaten Bandung Barat,Rongga,dikdas,20207703,SD NEGERI GENTRAMUKTI,Kp. Cimahpar RT.1 RW.11,Cicadas,NEGERI,https://referensi.data.kemendikdasmen.go.id/pendidikan/npsn/20207703
Kabupaten Bandung Barat,Rongga,dikdas,20207701,SD NEGERI GIRIMUKTI,Kp. Lembur Sawah RT.1 RW.1,Sukaresmi,NEGERI,https://referensi.data.kemendikdasmen.go.id/pendidikan/npsn/20207701
Kabupaten Bandung Barat,Rongga,dikdas,20207681,SD NEGERI GIRISARI,Kp. Rasamala RT.4 RW.9,Bojongsalam,NEGERI,https://referensi.data.kemendikdasmen.go.id/pendidikan/npsn/20207681
Kabupaten Bandung Barat,Rongga,dikdas,20207680,SD NEGERI GIRIWANGI,Kp. Cirumamis RT..02 RW.09,Cinengah,NEGERI,https://referensi.data.kemendikdasmen.go.id/pendidikan/npsn/20207680
Kabupaten Bandung Barat,Rongga,dikdas,20205523,SD NEGERI HEGARMANAH,Kp. Cageundang RT.4 RW.1,Cinengah,NEGERI,https://referensi.data.kemendikdasmen.go.id/pendidikan/npsn/20205523
Kabupaten Bandung Barat,Rongga,dikdas,20205739,SD NEGERI KUBANGSARI,KP. Cicalengka RT.2 RW.1,Cicadas,NEGERI,https://referensi.data.kemendikdasmen.go.id/pendidikan/npsn/20205739
Kabupaten Bandung Barat,Rongga,dikdas,20205831,SD NEGERI LANGENSARI,Jl. Raya Cibedug Kp. Lebaksaat,Cibedug,NEGERI,https://referensi.data.kemendikdasmen.go.id/pendidikan/npsn/20205831
Kabupaten Bandung Barat,Rongga,dikdas,20227547,SD NEGERI NURUL SALAM,Kp. Kawung Luwuk RT.1 RW.1,Sukamanah,NEGERI,https://referensi.data.kemendikdasmen.go.id/pendidikan/npsn/20227547
Kabupaten Bandung Barat,Rongga,dikdas,20205342,SD NEGERI PALASARI,Kp. Palasari RT/RW. 01/07,Sukamanah,NEGERI,https://referensi.data.kemendikdasmen.go.id/pendidikan/npsn/20205342
Kabupaten Bandung Barat,Rongga,dikdas,20206380,SD NEGERI PUSPAINDAH,Kp. Lebakmuncang RT.2 RW.3,Sukamanah,NEGERI,https://referensi.data.kemendikdasmen.go.id/pendidikan/npsn/20206380
Kabupaten Bandung Barat,Rongga,dikdas,20206597,SD NEGERI SINDANGSARI,Kp. Sindangpalay RT.2 RW.12,Bojong,NEGERI,https://referensi.data.kemendikdasmen.go.id/pendidikan/npsn/20206597
Kabupaten Bandung Barat,Rongga,dikdas,20206493,SD NEGERI SUKAMANAH,KP. Cikawung RT.4 RW.10,Sukamanah,NEGERI,https://referensi.data.kemendikdasmen.go.id/pendidikan/npsn/20206493
Kabupaten Bandung Barat,Rongga,dikdas,20205861,SD NEGERI TAMANSARI,Kp. Pamoyanan RT.1 RW.5,Sukaresmi,NEGERI,https://referensi.data.kemendikdasmen.go.id/pendidikan/npsn/20205861
Kabupaten Bandung Barat,Rongga,dikdas,20205930,SD NEGERI TONJONG,Kp. Tonjong,Cibitung,NEGERI,https://referensi.data.kemendikdasmen.go.id/pendidikan/npsn/20205930
Kabupaten Bandung Barat,Rongga,dikdas,20252493,SMP HARAPAN CIBITUNG RONGGA,Kp. Bojonglame Rt.02/ Rw.03 Cibitung,Cibitung,SWASTA,https://referensi.data.kemendikdasmen.go.id/pendidikan/npsn/20252493
Kabupaten Bandung Barat,Rongga,dikdas,69989081,SMP IT AL FATIH RONGGA,Kp. Kubang RT 03 RW 18,Sukaresmi,SWASTA,https://referensi.data.kemendikdasmen.go.id/pendidikan/npsn/69989081
Kabupaten Bandung Barat,Rongga,dikdas,20227703,SMP MUSLIMIN RONGGA,Kp. Genggong Rt.01 Rw.16,Cinengah,SWASTA,https://referensi.data.kemendikdasmen.go.id/pendidikan/npsn/20227703
Kabupaten Bandung Barat,Rongga,dikdas,69949928,SMP NAZWA,KP. CIKAWUNG RT.04 RW.10,Sukamanah,SWASTA,https://referensi.data.kemendikdasmen.go.id/pendidikan/npsn/69949928
Kabupaten Bandung Barat,Rongga,dikdas,20253569,SMP NEGERI 1 RONGGA,Jl. Sindangpalay,Bojong,NEGERI,https://referensi.data.kemendikdasmen.go.id/pendidikan/npsn/20253569
Kabupaten Bandung Barat,Rongga,dikdas,20267630,SMP NEGERI 2 RONGGA,KP. RASAMALA,Bojongsalam,NEGERI,https://referensi.data.kemendikdasmen.go.id/pendidikan/npsn/20267630
Kabupaten Bandung Barat,Rongga,dikdas,20267629,SMP NEGERI 3 RONGGA,JL.MALELA,Cicadas,NEGERI,https://referensi.data.kemendikdasmen.go.id/pendidikan/npsn/20267629
Kabupaten Bandung Barat,Rongga,dikdas,20279909,SMP NEGERI SATU ATAP CIMAREL,Kp. Cimarel,Sukaresmi,NEGERI,https://referensi.data.kemendikdasmen.go.id/pendidikan/npsn/20279909
Kabupaten Bandung Barat,Rongga,dikdas,20279904,SMP PASUNDAN RONGGA,KP. TONJONG,Cibitung,SWASTA,https://referensi.data.kemendikdasmen.go.id/pendidikan/npsn/20279904
Kabupaten Bandung Barat,Gununghalu,dikdas,60709548,MIS AL-BADAR,Kp. Cintangkorek Rt 02 Rw 15,Tamanjaya,SWASTA,https://referensi.data.kemendikdasmen.go.id/pendidikan/npsn/60709548
Kabupaten Bandung Barat,Gununghalu,dikdas,60709570,MIS AL-FAUZIAH,KP. CIBURIAL RT 02/06 DESA CELAK,Celak,SWASTA,https://referensi.data.kemendikdasmen.go.id/pendidikan/npsn/60709570
Kabupaten Bandung Barat,Gununghalu,dikdas,60709572,MIS AL-IKHLAS,Kp. Ciharendong RT 02 RW 04,Cilangari,SWASTA,https://referensi.data.kemendikdasmen.go.id/pendidikan/npsn/60709572
Kabupaten Bandung Barat,Gununghalu,dikdas,60709571,MIS AL-INABAH,Kp.Ciranjang RT.04/14,Cilangari,SWASTA,https://referensi.data.kemendikdasmen.go.id/pendidikan/npsn/60709571
Kabupaten Bandung Barat,Gununghalu,dikdas,60709549,MIS BOJONGSALAM,Kp. Bojongsalam RT 01/03,Celak,SWASTA,https://referensi.data.kemendikdasmen.go.id/pendidikan/npsn/60709549
Kabupaten Bandung Barat,Gununghalu,dikdas,60709550,MIS CELAK I,Kp. Majelis RT 02/13,Celak,SWASTA,https://referensi.data.kemendikdasmen.go.id/pendidikan/npsn/60709550
Kabupaten Bandung Barat,Gununghalu,dikdas,60709551,MIS CELAK II,Kp. Tegalaja RT 03/10,Celak,SWASTA,https://referensi.data.kemendikdasmen.go.id/pendidikan/npsn/60709551
Kabupaten Bandung Barat,Gununghalu,dikdas,60709553,MIS CIHIDEUNG,Kp. Cihideung RT 01/09,Kec. Gununghalu,SWASTA,https://referensi.data.kemendikdasmen.go.id/pendidikan/npsn/60709553
Kabupaten Bandung Barat,Gununghalu,dikdas,60709554,MIS CIKARUNDUNG,Kp. Cikarundung RT 01/08,Cilangari,SWASTA,https://referensi.data.kemendikdasmen.go.id/pendidikan/npsn/60709554
Kabupaten Bandung Barat,Gununghalu,dikdas,60709555,MIS CILANANG,Kp. SAWAHLEGA RT.02 RW.11,Wargasaluyu,SWASTA,https://referensi.data.kemendikdasmen.go.id/pendidikan/npsn/60709555
Kabupaten Bandung Barat,Gununghalu,dikdas,60709556,MIS CILANGARI,Kp. Cilangari Rt 01/ 11,Cilangari,SWASTA,https://referensi.data.kemendikdasmen.go.id/pendidikan/npsn/60709556
Kabupaten Bandung Barat,Gununghalu,dikdas,60709557,MIS CIPAKU,Kp. Cipaku RT 02/10 Gununghalu,Kec. Gununghalu,SWASTA,https://referensi.data.kemendikdasmen.go.id/pendidikan/npsn/60709557
Kabupaten Bandung Barat,Gununghalu,dikdas,60709559,MIS GUNUNGHALU,KP.BATUKORSI RT 02/26,Gununghalu,SWASTA,https://referensi.data.kemendikdasmen.go.id/pendidikan/npsn/60709559
Kabupaten Bandung Barat,Gununghalu,dikdas,60709560,MIS KUBANG,Kp. Kubang RT 01/17,Cilangari,SWASTA,https://referensi.data.kemendikdasmen.go.id/pendidikan/npsn/60709560
Kabupaten Bandung Barat,Gununghalu,dikdas,60709552,MIS MUSLIMIN CIBODAS,Kp. Cibodas RT 01/14,Kec. Gununghalu,SWASTA,https://referensi.data.kemendikdasmen.go.id/pendidikan/npsn/60709552
Kabupaten Bandung Barat,Gununghalu,dikdas,60709561,MIS MUSLIMIN CISURU,Kp. Pasirpeundeuy RT 01/02,Sukasari,SWASTA,https://referensi.data.kemendikdasmen.go.id/pendidikan/npsn/60709561
Kabupaten Bandung Barat,Gununghalu,dikdas,60709558,MIS MUSLIMIN CISUTA,Kp. Cisuta RT 01/10,Cilangari,SWASTA,https://referensi.data.kemendikdasmen.go.id/pendidikan/npsn/60709558
Kabupaten Bandung Barat,Gununghalu,dikdas,60709562,MIS NAGROG,Kp. Nagrog RT 01/03,Kec. Gununghalu,SWASTA,https://referensi.data.kemendikdasmen.go.id/pendidikan/npsn/60709562
Kabupaten Bandung Barat,Gununghalu,dikdas,60709563,MIS NEGLASARI,Kp.Neglasari Rt.02 Rw.01,Bunijaya,SWASTA,https://referensi.data.kemendikdasmen.go.id/pendidikan/npsn/60709563
Kabupaten Bandung Barat,Gununghalu,dikdas,60709564,MIS NURUL HIKMAH,KP.LAMPEGAN RT 05-01,Wargasaluyu,SWASTA,https://referensi.data.kemendikdasmen.go.id/pendidikan/npsn/60709564
Kabupaten Bandung Barat,Gununghalu,dikdas,60709574,MIS NURUL IKHLAS,Kp. Cirawa Rt 01/05,Sirnajaya,SWASTA,https://referensi.data.kemendikdasmen.go.id/pendidikan/npsn/60709574
Kabupaten Bandung Barat,Gununghalu,dikdas,60709573,MIS NURUL QOLBI,KP. KUBANGPARI RT.03/08,Cilangari,SWASTA,https://referensi.data.kemendikdasmen.go.id/pendidikan/npsn/60709573
Kabupaten Bandung Barat,Gununghalu,dikdas,60709565,MIS SELAJAMBE,Kp. Selajambe RT 03/16,Sukasari,SWASTA,https://referensi.data.kemendikdasmen.go.id/pendidikan/npsn/60709565
Kabupaten Bandung Barat,Gununghalu,dikdas,60709566,MIS SINDANGSALAM,Kp. Sindangsalam RT 01/06 Desa Sirnajaya,Sirnajaya,SWASTA,https://referensi.data.kemendikdasmen.go.id/pendidikan/npsn/60709566
Kabupaten Bandung Barat,Gununghalu,dikdas,60709567,MIS SINDANGSARI 1,Kp. Sindangsari RT 01 RW 03,Cilangari,SWASTA,https://referensi.data.kemendikdasmen.go.id/pendidikan/npsn/60709567
Kabupaten Bandung Barat,Gununghalu,dikdas,60709568,MIS SINDANGSARI II,Kp. Pasir Puspa RT 04/02,Sukasari,SWASTA,https://referensi.data.kemendikdasmen.go.id/pendidikan/npsn/60709568
Kabupaten Bandung Barat,Gununghalu,dikdas,60709569,MIS SODONG,Kp. Sodong RT 01/06,Sukasari,SWASTA,https://referensi.data.kemendikdasmen.go.id/pendidikan/npsn/60709569
Kabupaten Bandung Barat,Gununghalu,dikdas,20279461,MTsN 3 Bandung Barat,Jl. Raya Gununghalu Km 47,Celak,NEGERI,https://referensi.data.kemendikdasmen.go.id/pendidikan/npsn/20279461
Kabupaten Bandung Barat,Gununghalu,dikdas,20279462,MTSS AL QOMARIAH,Kp. Cikabodas Rt 01 Rw 01,Tamanjaya,SWASTA,https://referensi.data.kemendikdasmen.go.id/pendidikan/npsn/20279462
Kabupaten Bandung Barat,Gununghalu,dikdas,20279466,MTSS AL-BADAR,Kp. Pasir Satu RT.02/07,Tamanjaya,SWASTA,https://referensi.data.kemendikdasmen.go.id/pendidikan/npsn/20279466
Kabupaten Bandung Barat,Gununghalu,dikdas,60727384,MTSS AL-INAYAH,Kp. Sindangsari Rt 02 Rw 03,Cilangari,SWASTA,https://referensi.data.kemendikdasmen.go.id/pendidikan/npsn/60727384
Kabupaten Bandung Barat,Gununghalu,dikdas,69927376,MTsS Assa`adah,Kp. Taman Mulya Rt 01 Rw 14,Celak,SWASTA,https://referensi.data.kemendikdasmen.go.id/pendidikan/npsn/69927376
Kabupaten Bandung Barat,Gununghalu,dikdas,20279468,MTSS ASSYAFI IYAH,Kp. Tegalaja Rt 03 Rw 10,Celak,SWASTA,https://referensi.data.kemendikdasmen.go.id/pendidikan/npsn/20279468
Kabupaten Bandung Barat,Gununghalu,dikdas,20279467,MTSS AT- THALIB,Kp. Cipaku Rt 02 Rw 10,Kec. Gununghalu,SWASTA,https://referensi.data.kemendikdasmen.go.id/pendidikan/npsn/20279467
Kabupaten Bandung Barat,Gununghalu,dikdas,20279463,MTSS BUNIJAYA,Jl. Raya Bunijaya Kp Babakan Rt 03 Rw 05,Bunijaya,SWASTA,https://referensi.data.kemendikdasmen.go.id/pendidikan/npsn/20279463
Kabupaten Bandung Barat,Gununghalu,dikdas,20279465,MTSS MIFTAHUL ULUM SINDANGSALAM,Kp. Sindangsalam Rt 01 Rw 06,Sindangjaya,SWASTA,https://referensi.data.kemendikdasmen.go.id/pendidikan/npsn/20279465
Kabupaten Bandung Barat,Gununghalu,dikdas,20279464,MTSS NURUL HIKMAH,Kp. Lampegan Rt 05 Rw 01,Wargasaluyu,SWASTA,https://referensi.data.kemendikdasmen.go.id/pendidikan/npsn/20279464
Kabupaten Bandung Barat,Gununghalu,dikdas,69927378,MTsS Riyadlussalam,Kp. Sasakluhur Rt 01 Rw 06,Wargasaluyu,SWASTA,https://referensi.data.kemendikdasmen.go.id/pendidikan/npsn/69927378
Kabupaten Bandung Barat,Gununghalu,dikdas,69976304,NURUL HUDA GUNUNGHALU,Kp. Bungur RT 03/07,Sukasari,SWASTA,https://referensi.data.kemendikdasmen.go.id/pendidikan/npsn/69976304
Kabupaten Bandung Barat,Gununghalu,dikdas,20207989,SD NEGERI 1 BUNIJAYA,Jl. Raya Bunijaya RT.02 RW.03,Bunijaya,NEGERI,https://referensi.data.kemendikdasmen.go.id/pendidikan/npsn/20207989
Kabupaten Bandung Barat,Gununghalu,dikdas,20208027,SD NEGERI 1 CELAK,Kp. Jambuhala RT.01 RW.02,Celak,NEGERI,https://referensi.data.kemendikdasmen.go.id/pendidikan/npsn/20208027
Kabupaten Bandung Barat,Gununghalu,dikdas,20208103,SD NEGERI 1 CILANGARI,Kp. Tegalega RT.002 RW.008,Cilangari,NEGERI,https://referensi.data.kemendikdasmen.go.id/pendidikan/npsn/20208103
Kabupaten Bandung Barat,Gununghalu,dikdas,20205546,SD NEGERI 1 GUNUNGHALU,Jl. Raya Gununghalu No. 635 RT.02 RW.02,Sirnajaya,NEGERI,https://referensi.data.kemendikdasmen.go.id/pendidikan/npsn/20205546
Kabupaten Bandung Barat,Gununghalu,dikdas,20206473,SD NEGERI 1 SODONG,Kp. Cikabodas RT.02 RW.01,Tamanjaya,NEGERI,https://referensi.data.kemendikdasmen.go.id/pendidikan/npsn/20206473
Kabupaten Bandung Barat,Gununghalu,dikdas,20207976,SD NEGERI 2 BUNIJAYA,Kp. Warungkupa RT.04 RW.07,Bunijaya,NEGERI,https://referensi.data.kemendikdasmen.go.id/pendidikan/npsn/20207976
Kabupaten Bandung Barat,Gununghalu,dikdas,20208026,SD NEGERI 2 CELAK,Kp. Jambuhala RT. 01 RW.02,Celak,NEGERI,https://referensi.data.kemendikdasmen.go.id/pendidikan/npsn/20208026
Kabupaten Bandung Barat,Gununghalu,dikdas,20208102,SD NEGERI 2 CILANGARI,Kp. Neglasari RT.02 RW.13,Cilangari,NEGERI,https://referensi.data.kemendikdasmen.go.id/pendidikan/npsn/20208102
Kabupaten Bandung Barat,Gununghalu,dikdas,20205565,SD NEGERI 2 GUNUNGHALU,Kp. Pasir Jaya RT.03 RW.17,Gununghalu,NEGERI,https://referensi.data.kemendikdasmen.go.id/pendidikan/npsn/20205565
Kabupaten Bandung Barat,Gununghalu,dikdas,20206472,SD NEGERI 2 SODONG,Kp. Nagrak RT. 01 RW. 13,Tamanjaya,NEGERI,https://referensi.data.kemendikdasmen.go.id/pendidikan/npsn/20206472
Kabupaten Bandung Barat,Gununghalu,dikdas,20205577,SD NEGERI 3 GUNUNGHALU,Kp. Legok Kondang RT.01 RW.22,Sirnajaya,NEGERI,https://referensi.data.kemendikdasmen.go.id/pendidikan/npsn/20205577
Kabupaten Bandung Barat,Gununghalu,dikdas,20206693,SD NEGERI BABAKAN SIRNA,Kp. Leuwi Panto RT.01 RW.06,Cilangari,NEGERI,https://referensi.data.kemendikdasmen.go.id/pendidikan/npsn/20206693
Kabupaten Bandung Barat,Gununghalu,dikdas,20206984,SD NEGERI BAKTIMULYA,Kp. Pasirpeusing RT.03 RW.12,Sirnajaya,NEGERI,https://referensi.data.kemendikdasmen.go.id/pendidikan/npsn/20206984
Kabupaten Bandung Barat,Gununghalu,dikdas,20207941,SD NEGERI CIBEUREUM,Kp. Cibeureum RT.04 RW.07,Wargasaluyu,NEGERI,https://referensi.data.kemendikdasmen.go.id/pendidikan/npsn/20207941
Kabupaten Bandung Barat,Gununghalu,dikdas,20207921,SD NEGERI CIBULUH,Kp. Cicurug RT.01 RW.17,Sirnajaya,NEGERI,https://referensi.data.kemendikdasmen.go.id/pendidikan/npsn/20207921
Kabupaten Bandung Barat,Gununghalu,dikdas,20208216,SD NEGERI CIHARENDONG,Kp. Cinangka RT.01 RW.18,Bunijaya,NEGERI,https://referensi.data.kemendikdasmen.go.id/pendidikan/npsn/20208216
Kabupaten Bandung Barat,Gununghalu,dikdas,20208054,SD NEGERI CIKAWUNG,Kp. Cikawung RT.01 RW.18,Tamanjaya,NEGERI,https://referensi.data.kemendikdasmen.go.id/pendidikan/npsn/20208054
Kabupaten Bandung Barat,Gununghalu,dikdas,20207461,SD NEGERI CIPAKU,Kp. Pasir Ongret RT.04 RW.24,Gununghalu,NEGERI,https://referensi.data.kemendikdasmen.go.id/pendidikan/npsn/20207461
Kabupaten Bandung Barat,Gununghalu,dikdas,20207450,SD NEGERI CIPAYUNG,Kp. Pasirceuri RT.01 RW.22,Gununghalu,NEGERI,https://referensi.data.kemendikdasmen.go.id/pendidikan/npsn/20207450
Kabupaten Bandung Barat,Gununghalu,dikdas,20207489,SD NEGERI CIPTALAKSANA,Kp. Pasir Waru RT.01 RW.13,Celak,NEGERI,https://referensi.data.kemendikdasmen.go.id/pendidikan/npsn/20207489
Kabupaten Bandung Barat,Gununghalu,dikdas,20207769,SD NEGERI CISITU,Kp. Cisitu RT.04 RW.02,Sindangjaya,NEGERI,https://referensi.data.kemendikdasmen.go.id/pendidikan/npsn/20207769
Kabupaten Bandung Barat,Gununghalu,dikdas,20205104,SD NEGERI NEGLASARI,Jl. Raya Gununghalu No.610 RT.03 RW.16,Gununghalu,NEGERI,https://referensi.data.kemendikdasmen.go.id/pendidikan/npsn/20205104
Kabupaten Bandung Barat,Gununghalu,dikdas,20205236,SD NEGERI PARATAG,Kp. Paratag RT.01 RW.21,Gununghalu,NEGERI,https://referensi.data.kemendikdasmen.go.id/pendidikan/npsn/20205236
Kabupaten Bandung Barat,Gununghalu,dikdas,20206374,SD NEGERI PASIRLEMU,Kp. Pasirlemu RT.01 RW.01,Gununghalu,NEGERI,https://referensi.data.kemendikdasmen.go.id/pendidikan/npsn/20206374
Kabupaten Bandung Barat,Gununghalu,dikdas,20206379,SD NEGERI PUSPAENDAH,Kp. Angkum RT.03/RW.07,Sirnajaya,NEGERI,https://referensi.data.kemendikdasmen.go.id/pendidikan/npsn/20206379
Kabupaten Bandung Barat,Gununghalu,dikdas,20206613,SD NEGERI SINDANGPALAY,Kp. Sindangpalay RT.03 RW.01,Cilangari,NEGERI,https://referensi.data.kemendikdasmen.go.id/pendidikan/npsn/20206613
Kabupaten Bandung Barat,Gununghalu,dikdas,20206457,SD NEGERI SIRNASARI,KP. Sirnasari RT.04 RW.02,Bunijaya,NEGERI,https://referensi.data.kemendikdasmen.go.id/pendidikan/npsn/20206457
Kabupaten Bandung Barat,Gununghalu,dikdas,20206428,SD NEGERI SUDIMAMPIR,Kp. Pasir Tugu RT.04 RW.02,Wargasaluyu,NEGERI,https://referensi.data.kemendikdasmen.go.id/pendidikan/npsn/20206428
Kabupaten Bandung Barat,Gununghalu,dikdas,20206015,SD NEGERI SUKASARI,KP. Pasirpitak RT.02 RW.13,Sukasari,NEGERI,https://referensi.data.kemendikdasmen.go.id/pendidikan/npsn/20206015
Kabupaten Bandung Barat,Gununghalu,dikdas,20205988,SD NEGERI SUMBERARUM,Kp. Cicariu RT.02 RW.14,Sirnajaya,NEGERI,https://referensi.data.kemendikdasmen.go.id/pendidikan/npsn/20205988
Kabupaten Bandung Barat,Gununghalu,dikdas,20205863,SD NEGERI TAMANJAYA,Kp. Tamanjaya RT.02 RW.20,Sirnajaya,NEGERI,https://referensi.data.kemendikdasmen.go.id/pendidikan/npsn/20205863
Kabupaten Bandung Barat,Gununghalu,dikdas,20205879,SD NEGERI TANGKIL,Kp. Tangkil RT. 02 RW.11,Sukasari,NEGERI,https://referensi.data.kemendikdasmen.go.id/pendidikan/npsn/20205879
Kabupaten Bandung Barat,Gununghalu,dikdas,20205877,SD NEGERI TANGSI JAYA,Kp. Tangsi RT. 01 RW.20,Gununghalu,NEGERI,https://referensi.data.kemendikdasmen.go.id/pendidikan/npsn/20205877
Kabupaten Bandung Barat,Gununghalu,dikdas,20205927,SD NEGERI TRESNABUDI,Kp. Cikawung RT.03 RW.06,Sindangjaya,NEGERI,https://referensi.data.kemendikdasmen.go.id/pendidikan/npsn/20205927
Kabupaten Bandung Barat,Gununghalu,dikdas,20206157,SD NEGERI WINAYAMUKTI,Kp. Dano RT.02 RW.17,Tamanjaya,NEGERI,https://referensi.data.kemendikdasmen.go.id/pendidikan/npsn/20206157
Kabupaten Bandung Barat,Gununghalu,dikdas,20252480,SMP AL -FATAH GUNUNG HALU,Komplek Pesantren Al-Fatah Rt. 05 Rw. 03,Gununghalu,SWASTA,https://referensi.data.kemendikdasmen.go.id/pendidikan/npsn/20252480
Kabupaten Bandung Barat,Gununghalu,dikdas,41880357,SMP IT AL-QOHHARIYYAH GUNUNGHALU,JL. CIBODAS RT.01/14,Bunijaya,SWASTA,https://referensi.data.kemendikdasmen.go.id/pendidikan/npsn/41880357
Kabupaten Bandung Barat,Gununghalu,dikdas,69989082,SMP IT BAITURAHMAN GUNUNGHALU,Kp. Jajaway RT.03 RW.01 Gununghalu,Sirnajaya,SWASTA,https://referensi.data.kemendikdasmen.go.id/pendidikan/npsn/69989082
Kabupaten Bandung Barat,Gununghalu,dikdas,69819341,SMP MADANI BOARDING SCHOOL,"Kp. Majlis Rt 03/13 KM 39,6 Desa Celak kec. Gununghalu Kab. Bandung Barat",Celak,SWASTA,https://referensi.data.kemendikdasmen.go.id/pendidikan/npsn/69819341
Kabupaten Bandung Barat,Gununghalu,dikdas,20206033,SMP NEGERI 1 GUNUNGHALU,Jl. Raya Bunijaya-Gununghalu,Bunijaya,NEGERI,https://referensi.data.kemendikdasmen.go.id/pendidikan/npsn/20206033
Kabupaten Bandung Barat,Gununghalu,dikdas,20206086,SMP NEGERI 2 GUNUNGHALU,Jl. Simpang No 112,Sirnajaya,NEGERI,https://referensi.data.kemendikdasmen.go.id/pendidikan/npsn/20206086
Kabupaten Bandung Barat,Gununghalu,dikdas,20267627,SMP NEGERI 3 GUNUNGHALU,JL. KUBANGPARI NO.5,Sukasari,NEGERI,https://referensi.data.kemendikdasmen.go.id/pendidikan/npsn/20267627
Kabupaten Bandung Barat,Gununghalu,dikdas,20267628,SMP NEGERI 4 GUNUNGHALU,Kp. Pasirjengjen Rt 01/07,Cilangari,NEGERI,https://referensi.data.kemendikdasmen.go.id/pendidikan/npsn/20267628
Kabupaten Bandung Barat,Gununghalu,dikdas,20279907,SMP NEGERI 5 GUNUNGHALU,Jln Sasakluhur No 02,Wargasaluyu,NEGERI,https://referensi.data.kemendikdasmen.go.id/pendidikan/npsn/20279907
Kabupaten Bandung Barat,Gununghalu,dikdas,69786655,SMP PGRI GUNUNGHALU,Kp Cicariu Desa Sirnajaya,Sirnajaya,SWASTA,https://referensi.data.kemendikdasmen.go.id/pendidikan/npsn/69786655
Kabupaten Bandung Barat,Gununghalu,dikdas,20267618,SMP TERPADU AL JIHAD,PASANGGRAHAN,Sirnajaya,SWASTA,https://referensi.data.kemendikdasmen.go.id/pendidikan/npsn/20267618
Kabupaten Bandung Barat,Gununghalu,dikdas,69943324,SMP TERPADU AS-SYAMSUDIYAH,Kp. LEGOKGOMBONG RT.01 RW..20,Tamanjaya,SWASTA,https://referensi.data.kemendikdasmen.go.id/pendidikan/npsn/69943324
Kabupaten Bandung Barat,Sindangkerta,dikdas,60709611,MIS CICANGKANGGIRANG,Kp. Cicangkang N0.69 RT.001/004,Cicangkang Girang,SWASTA,https://referensi.data.kemendikdasmen.go.id/pendidikan/npsn/60709611
Kabupaten Bandung Barat,Sindangkerta,dikdas,70006226,MIS DARUSSYIFA AL-MUSRI` 1,Kp. Kubang RT 03 RW 06,Puncaksari,SWASTA,https://referensi.data.kemendikdasmen.go.id/pendidikan/npsn/70006226
Kabupaten Bandung Barat,Sindangkerta,dikdas,60709613,MIS MUSLIMIN CIKADU,Kp. Nanggewer Rt. 01/11,Weninggalih,SWASTA,https://referensi.data.kemendikdasmen.go.id/pendidikan/npsn/60709613
Kabupaten Bandung Barat,Sindangkerta,dikdas,60709612,MIS MUSLIMIN SINDANGKERTA,Kp. Sindangkerta RT/RW. 002/002,Cintakarya,SWASTA,https://referensi.data.kemendikdasmen.go.id/pendidikan/npsn/60709612
Kabupaten Bandung Barat,Sindangkerta,dikdas,60709614,MIS PASIRPOGOR I,Kp. Sukalilah Rt/w 02/11 Desa Pasirpogor,Kec. Sindangkerta,SWASTA,https://referensi.data.kemendikdasmen.go.id/pendidikan/npsn/60709614
Kabupaten Bandung Barat,Sindangkerta,dikdas,60709615,MIS PASIRPOGOR II,Kp. Cipetir Rt. 2/5,Pasirpogor,SWASTA,https://referensi.data.kemendikdasmen.go.id/pendidikan/npsn/60709615
Kabupaten Bandung Barat,Sindangkerta,dikdas,60709616,MIS PASIRWARU,Kp. Pasirpeso RT.003 RW.005,Puncaksari,SWASTA,https://referensi.data.kemendikdasmen.go.id/pendidikan/npsn/60709616
Kabupaten Bandung Barat,Sindangkerta,dikdas,60709617,MIS PEUSINGGIRANG,Kp. Peusinggirang Rt. 5/2,Sindangkerta,SWASTA,https://referensi.data.kemendikdasmen.go.id/pendidikan/npsn/60709617
Kabupaten Bandung Barat,Sindangkerta,dikdas,60709618,MIS RANCASAMPIH,Kp. Rancasampih,Puncaksari,SWASTA,https://referensi.data.kemendikdasmen.go.id/pendidikan/npsn/60709618
Kabupaten Bandung Barat,Sindangkerta,dikdas,60709619,MIS RANCASENGGANG,Kp. Nagrog Rt. 4/2,Pasirpogor,SWASTA,https://referensi.data.kemendikdasmen.go.id/pendidikan/npsn/60709619
Kabupaten Bandung Barat,Sindangkerta,dikdas,60709620,MIS TEGALKONENG,Kp. Tegalkoneng Rt. 04/04,Kec. Sindangkerta,SWASTA,https://referensi.data.kemendikdasmen.go.id/pendidikan/npsn/60709620
Kabupaten Bandung Barat,Sindangkerta,dikdas,60709621,MIS WANGUN,Kp. Panyusunan RT 05/03,Weninggalih,SWASTA,https://referensi.data.kemendikdasmen.go.id/pendidikan/npsn/60709621
Kabupaten Bandung Barat,Sindangkerta,dikdas,69993949,MTs KARYA PERJUANGAN MANDIRI,Kp. Cibodas Condong RT 03 RW 10,Sindangkerta,SWASTA,https://referensi.data.kemendikdasmen.go.id/pendidikan/npsn/69993949
Kabupaten Bandung Barat,Sindangkerta,dikdas,69993947,MTs RIYADHUL BALAGHOH TANJUNGSARI,Kp. Cipetir RT 01 RW 05,Pasirpogor,SWASTA,https://referensi.data.kemendikdasmen.go.id/pendidikan/npsn/69993947
Kabupaten Bandung Barat,Sindangkerta,dikdas,20279487,MTSS AL-MUBAROK,Kp. Nanggewer Rt 02 Rw 11,Wangunsari,SWASTA,https://referensi.data.kemendikdasmen.go.id/pendidikan/npsn/20279487
Kabupaten Bandung Barat,Sindangkerta,dikdas,20279494,MTSS ATSAURI SINDANGKERTA,Jl. Raya Puncaksari Rt 03 Rw 01,Puncaksari,SWASTA,https://referensi.data.kemendikdasmen.go.id/pendidikan/npsn/20279494
Kabupaten Bandung Barat,Sindangkerta,dikdas,20279492,MTSS DARUL MUBAROKAH,Kp. Sawah Jeruk Rt 01 Rw 10,Wangunsari,SWASTA,https://referensi.data.kemendikdasmen.go.id/pendidikan/npsn/20279492
Kabupaten Bandung Barat,Sindangkerta,dikdas,20279488,MTSS MUSLIMIN CICANGKANGGIRANG,Kp. Cicangkang No. 51 Rt 03 Rw 04,Cicangkang Girang,SWASTA,https://referensi.data.kemendikdasmen.go.id/pendidikan/npsn/20279488
Kabupaten Bandung Barat,Sindangkerta,dikdas,20279489,MTSS MUSLIMIN PEUSING,Kp. Peusing Tengah Rt 04 Rw 03,Weninggalih,SWASTA,https://referensi.data.kemendikdasmen.go.id/pendidikan/npsn/20279489
Kabupaten Bandung Barat,Sindangkerta,dikdas,20279490,MTSS NURHANIFAH BUNINAGARA,Kp. Pasir Jaya Rt 01 Rw 03,Cintakarya,SWASTA,https://referensi.data.kemendikdasmen.go.id/pendidikan/npsn/20279490
Kabupaten Bandung Barat,Sindangkerta,dikdas,20279491,MTSS NURUL IMAN,Kp. Bangong Rt 02 Rw 01,Wangunsari,SWASTA,https://referensi.data.kemendikdasmen.go.id/pendidikan/npsn/20279491
Kabupaten Bandung Barat,Sindangkerta,dikdas,20279493,MTSS NURUL MUKHTARIYAH,Kp. Peusinggirang Rt 05 Rw 02,Sindangkerta,SWASTA,https://referensi.data.kemendikdasmen.go.id/pendidikan/npsn/20279493
Kabupaten Bandung Barat,Sindangkerta,dikdas,69927377,MTsS Qodarussalam,Kp. Margamulya Rt 05 Rw 07,Mekarwangi,SWASTA,https://referensi.data.kemendikdasmen.go.id/pendidikan/npsn/69927377
Kabupaten Bandung Barat,Sindangkerta,dikdas,69995779,SD ASSALAM,Kp. Cidadap RT.05 RW.05,Mekarwangi,SWASTA,https://referensi.data.kemendikdasmen.go.id/pendidikan/npsn/69995779
Kabupaten Bandung Barat,Sindangkerta,dikdas,20270308,SD MUSLIMIN PEUSING,KP. PEUSING TENGAH RT.004 RW.003,Sindangkerta,SWASTA,https://referensi.data.kemendikdasmen.go.id/pendidikan/npsn/20270308
Kabupaten Bandung Barat,Sindangkerta,dikdas,20207907,SD NEGERI 1 CICANGKANGGIRANG,Kp. Sukasari,Cicangkang Girang,NEGERI,https://referensi.data.kemendikdasmen.go.id/pendidikan/npsn/20207907
Kabupaten Bandung Barat,Sindangkerta,dikdas,20207759,SD NEGERI 1 CISANDAWUT,Kp. Malaka,Sindangkerta,NEGERI,https://referensi.data.kemendikdasmen.go.id/pendidikan/npsn/20207759
Kabupaten Bandung Barat,Sindangkerta,dikdas,20206332,SD NEGERI 1 PASIRPOGOR,Kp. Bojongloa,Pasirpogor,NEGERI,https://referensi.data.kemendikdasmen.go.id/pendidikan/npsn/20206332
Kabupaten Bandung Barat,Sindangkerta,dikdas,20205906,SD NEGERI 1 WANGUN,Kp. Pasirbuleud,Wangunsari,NEGERI,https://referensi.data.kemendikdasmen.go.id/pendidikan/npsn/20205906
Kabupaten Bandung Barat,Sindangkerta,dikdas,20207758,SD NEGERI 2 CISANDAWUT,Jl. Raya Sindangkerta,Sindangkerta,NEGERI,https://referensi.data.kemendikdasmen.go.id/pendidikan/npsn/20207758
Kabupaten Bandung Barat,Sindangkerta,dikdas,20206331,SD NEGERI 2 PASIRPOGOR,Kp. Cigandu RT.04 RW.02,Pasirpogor,NEGERI,https://referensi.data.kemendikdasmen.go.id/pendidikan/npsn/20206331
Kabupaten Bandung Barat,Sindangkerta,dikdas,20205905,SD NEGERI 2 WANGUN,Kp. Bojongasih,Wangunsari,NEGERI,https://referensi.data.kemendikdasmen.go.id/pendidikan/npsn/20205905
Kabupaten Bandung Barat,Sindangkerta,dikdas,20206695,SD NEGERI BAKTIMULYA,KP. BAKTIMULYA,Wangunsari,NEGERI,https://referensi.data.kemendikdasmen.go.id/pendidikan/npsn/20206695
Kabupaten Bandung Barat,Sindangkerta,dikdas,20206893,SD NEGERI BUDIRAHAYU,Kp. Budiharti,Ranca Senggang,NEGERI,https://referensi.data.kemendikdasmen.go.id/pendidikan/npsn/20206893
Kabupaten Bandung Barat,Sindangkerta,dikdas,20206903,SD NEGERI BUNGURENDAH,"Kp. Pasirbungur, RT 02 RW 05",Ranca Senggang,NEGERI,https://referensi.data.kemendikdasmen.go.id/pendidikan/npsn/20206903
Kabupaten Bandung Barat,Sindangkerta,dikdas,20207974,SD NEGERI BUNINAGARA,Kp. Saar RT.03/RW.01,Buninagara,NEGERI,https://referensi.data.kemendikdasmen.go.id/pendidikan/npsn/20207974
Kabupaten Bandung Barat,Sindangkerta,dikdas,20207997,SD NEGERI CIBEBER,Jl.Harim No.4 Kp. Cibeber,Mekarwangi,NEGERI,https://referensi.data.kemendikdasmen.go.id/pendidikan/npsn/20207997
Kabupaten Bandung Barat,Sindangkerta,dikdas,20207932,SD NEGERI CIBURUY,Kp. Ciburuy,Cintakarya,NEGERI,https://referensi.data.kemendikdasmen.go.id/pendidikan/npsn/20207932
Kabupaten Bandung Barat,Sindangkerta,dikdas,20208072,SD NEGERI CIKADU,Kp Cikadu,Cikadu,NEGERI,https://referensi.data.kemendikdasmen.go.id/pendidikan/npsn/20208072
Kabupaten Bandung Barat,Sindangkerta,dikdas,20207605,SD NEGERI CINANGGA,Kp. Cinangga,Pasirpogor,NEGERI,https://referensi.data.kemendikdasmen.go.id/pendidikan/npsn/20207605
Kabupaten Bandung Barat,Sindangkerta,dikdas,20207515,SD NEGERI CIPICUNG,Kp. Cipicung,Buninagara,NEGERI,https://referensi.data.kemendikdasmen.go.id/pendidikan/npsn/20207515
Kabupaten Bandung Barat,Sindangkerta,dikdas,20207744,SD NEGERI CITAWA,Kp. Citawa,Cikadu,NEGERI,https://referensi.data.kemendikdasmen.go.id/pendidikan/npsn/20207744
Kabupaten Bandung Barat,Sindangkerta,dikdas,20207667,SD NEGERI EKAPRASETIA,Kp. Sukajadi,Weninggalih,NEGERI,https://referensi.data.kemendikdasmen.go.id/pendidikan/npsn/20207667
Kabupaten Bandung Barat,Sindangkerta,dikdas,20207649,SD NEGERI GANDAMEKAR,Kp. Pasirkaramat,Cintakarya,NEGERI,https://referensi.data.kemendikdasmen.go.id/pendidikan/npsn/20207649
Kabupaten Bandung Barat,Sindangkerta,dikdas,20207646,SD NEGERI GANDASARI,Kp. Bojongmareme,Sindangkerta,NEGERI,https://referensi.data.kemendikdasmen.go.id/pendidikan/npsn/20207646
Kabupaten Bandung Barat,Sindangkerta,dikdas,20207711,SD NEGERI GAPURAWINAYA,Kp. Gandok RT.01 RW.09,Cikadu,NEGERI,https://referensi.data.kemendikdasmen.go.id/pendidikan/npsn/20207711
Kabupaten Bandung Barat,Sindangkerta,dikdas,20207687,SD NEGERI GIRIMUKTI,Kp. Citunjang,Mekarwangi,NEGERI,https://referensi.data.kemendikdasmen.go.id/pendidikan/npsn/20207687
Kabupaten Bandung Barat,Sindangkerta,dikdas,20207683,SD NEGERI GIRIMULYA,MARGAMULYA,Mekarwangi,NEGERI,https://referensi.data.kemendikdasmen.go.id/pendidikan/npsn/20207683
Kabupaten Bandung Barat,Sindangkerta,dikdas,20205549,SD NEGERI GUNUNGPUTRI,Kp. Nangela,Weninggalih,NEGERI,https://referensi.data.kemendikdasmen.go.id/pendidikan/npsn/20205549
Kabupaten Bandung Barat,Sindangkerta,dikdas,20205572,SD NEGERI HARAPAN,Kp. Pasirkerak,Ranca Senggang,NEGERI,https://referensi.data.kemendikdasmen.go.id/pendidikan/npsn/20205572
Kabupaten Bandung Barat,Sindangkerta,dikdas,20205522,SD NEGERI HEGARMANAH,Kp. Hegarmanah,Weninggalih,NEGERI,https://referensi.data.kemendikdasmen.go.id/pendidikan/npsn/20205522
Kabupaten Bandung Barat,Sindangkerta,dikdas,20205169,SD NEGERI MARGAHURIP,Kp. Pamipiran,Buninagara,NEGERI,https://referensi.data.kemendikdasmen.go.id/pendidikan/npsn/20205169
Kabupaten Bandung Barat,Sindangkerta,dikdas,20205131,SD NEGERI MARGAMULYA,Kp. Pareang RT.01 RW.11,Wangunsari,NEGERI,https://referensi.data.kemendikdasmen.go.id/pendidikan/npsn/20205131
Kabupaten Bandung Barat,Sindangkerta,dikdas,20205037,SD NEGERI NANGELA,Kp. Weninggalih,Weninggalih,NEGERI,https://referensi.data.kemendikdasmen.go.id/pendidikan/npsn/20205037
Kabupaten Bandung Barat,Sindangkerta,dikdas,20205404,SD NEGERI PAMEDARHARTI,Kp. Pasirmuncang,Cicangkang Girang,NEGERI,https://referensi.data.kemendikdasmen.go.id/pendidikan/npsn/20205404
Kabupaten Bandung Barat,Sindangkerta,dikdas,20227549,SD NEGERI PANGGELARBUDI,Kp. Ciwidara,Wangunsari,NEGERI,https://referensi.data.kemendikdasmen.go.id/pendidikan/npsn/20227549
Kabupaten Bandung Barat,Sindangkerta,dikdas,20206359,SD NEGERI PASIRKALIKI,Kp. Pasirkaliki,Ranca Senggang,NEGERI,https://referensi.data.kemendikdasmen.go.id/pendidikan/npsn/20206359
Kabupaten Bandung Barat,Sindangkerta,dikdas,20206400,SD NEGERI PUNCAKSARI,Jl. Raya Puncaksari,Puncaksari,NEGERI,https://referensi.data.kemendikdasmen.go.id/pendidikan/npsn/20206400
Kabupaten Bandung Barat,Sindangkerta,dikdas,20206322,SD NEGERI RANCASENGGANG,Kp. Rancasenggang,Ranca Senggang,NEGERI,https://referensi.data.kemendikdasmen.go.id/pendidikan/npsn/20206322
Kabupaten Bandung Barat,Sindangkerta,dikdas,20206574,SD NEGERI SIRNAGALIH,Kp.sinargalih RT.01/06,Wangunsari,NEGERI,https://referensi.data.kemendikdasmen.go.id/pendidikan/npsn/20206574
Kabupaten Bandung Barat,Sindangkerta,dikdas,20206511,SD NEGERI SUKAJADI,Kp. Sukajadi,Cicangkang Girang,NEGERI,https://referensi.data.kemendikdasmen.go.id/pendidikan/npsn/20206511
Kabupaten Bandung Barat,Sindangkerta,dikdas,20206492,SD NEGERI SUKAMANAH,Kp. Sukamanah,Cicangkang Girang,NEGERI,https://referensi.data.kemendikdasmen.go.id/pendidikan/npsn/20206492
Kabupaten Bandung Barat,Sindangkerta,dikdas,20205987,SD NEGERI SUMBERARUM,KP. PASIRLAME,Cikadu,NEGERI,https://referensi.data.kemendikdasmen.go.id/pendidikan/npsn/20205987
Kabupaten Bandung Barat,Sindangkerta,dikdas,20205902,SD NEGERI WANGUNSARI,Kp. Puncakjambu,Wangunsari,NEGERI,https://referensi.data.kemendikdasmen.go.id/pendidikan/npsn/20205902
Kabupaten Bandung Barat,Sindangkerta,dikdas,69950749,SMP AL BAROKAH SINDANGKERTA,KP. PASIRNANGKA RT.04 RW.04,Cikadu,SWASTA,https://referensi.data.kemendikdasmen.go.id/pendidikan/npsn/69950749
Kabupaten Bandung Barat,Sindangkerta,dikdas,70056512,SMP IT Assholahuddin,Kp. Bojongtangkalak RT. 003 RW. 003,Sindangkerta,SWASTA,https://referensi.data.kemendikdasmen.go.id/pendidikan/npsn/70056512
Kabupaten Bandung Barat,Sindangkerta,dikdas,70053683,SMP IT BUSTANUL ARIFIN,Kp. Sukamanah RT. 001 RW. 003,Cicangkang Girang,SWASTA,https://referensi.data.kemendikdasmen.go.id/pendidikan/npsn/70053683
Kabupaten Bandung Barat,Sindangkerta,dikdas,20279905,SMP LGBP SINDANGKERTA,JLN.PONDOK PESANTREN PALAHAN KM.1 RT.03 RW.08,Pasirpogor,SWASTA,https://referensi.data.kemendikdasmen.go.id/pendidikan/npsn/20279905
Kabupaten Bandung Barat,Sindangkerta,dikdas,20227700,SMP MUSLIMIN SINDANGKERTA,Kp. Sindangkerta,Cintakarya,SWASTA,https://referensi.data.kemendikdasmen.go.id/pendidikan/npsn/20227700
Kabupaten Bandung Barat,Sindangkerta,dikdas,20206108,SMP NEGERI 1 SINDANGKERTA,SINDANGKERTA,Sindangkerta,NEGERI,https://referensi.data.kemendikdasmen.go.id/pendidikan/npsn/20206108
Kabupaten Bandung Barat,Sindangkerta,dikdas,20206100,SMP NEGERI 2 SINDANGKERTA,Jalan E. Sutarman,Wangunsari,NEGERI,https://referensi.data.kemendikdasmen.go.id/pendidikan/npsn/20206100
Kabupaten Bandung Barat,Sindangkerta,dikdas,20206093,SMP NEGERI 3 SINDANGKERTA,Jl. Pasir Angin,Ranca Senggang,NEGERI,https://referensi.data.kemendikdasmen.go.id/pendidikan/npsn/20206093
Kabupaten Bandung Barat,Sindangkerta,dikdas,20279862,SMP NEGERI 4 SINDANGKERTA,JL. DESA MEKARWANGI,Mekarwangi,NEGERI,https://referensi.data.kemendikdasmen.go.id/pendidikan/npsn/20279862
Kabupaten Bandung Barat,Sindangkerta,dikdas,20227733,SMP PGRI SINDANGKERTA,Jl Raya Sindangkerta,Sindangkerta,SWASTA,https://referensi.data.kemendikdasmen.go.id/pendidikan/npsn/20227733
Kabupaten Bandung Barat,Sindangkerta,dikdas,20227768,SMP YAS SINDANGKERTA,Jl. Balong Rt. 02 Rw.07,Cicangkang Girang,SWASTA,https://referensi.data.kemendikdasmen.go.id/pendidikan/npsn/20227768
Kabupaten Bandung Barat,Cililin,dikdas,69976249,AMANAH MA`MUN,Jl. Raya Cililin Barat No. 116,Cililin,SWASTA,https://referensi.data.kemendikdasmen.go.id/pendidikan/npsn/69976249
Kabupaten Bandung Barat,Cililin,dikdas,60709477,MIS AL-IKHWAN,Kp. Cibaregbeg RT. 01/15,Karangtanjung,SWASTA,https://referensi.data.kemendikdasmen.go.id/pendidikan/npsn/60709477
Kabupaten Bandung Barat,Cililin,dikdas,60709478,MIS BONGAS I,Kp. Bongas RT 02/03,Bongas,SWASTA,https://referensi.data.kemendikdasmen.go.id/pendidikan/npsn/60709478
Kabupaten Bandung Barat,Cililin,dikdas,60709479,MIS BONGAS II,Jl. PLTA Saguling Warung Awi,Bongas,SWASTA,https://referensi.data.kemendikdasmen.go.id/pendidikan/npsn/60709479
Kabupaten Bandung Barat,Cililin,dikdas,60709480,MIS BONGAS III,Jl. PLTA Saguling Kp. Warung Awi RT. 01/07,Nanggerang,SWASTA,https://referensi.data.kemendikdasmen.go.id/pendidikan/npsn/60709480
Kabupaten Bandung Barat,Cililin,dikdas,60709481,MIS BONGAS IV,Kp. Bojongmenteng RT 02 RW 12,Bongas,SWASTA,https://referensi.data.kemendikdasmen.go.id/pendidikan/npsn/60709481
Kabupaten Bandung Barat,Cililin,dikdas,60709482,MIS Cijeruk,Kp. Cijeruk RT. 02/08,Karyamukti,SWASTA,https://referensi.data.kemendikdasmen.go.id/pendidikan/npsn/60709482
Kabupaten Bandung Barat,Cililin,dikdas,60709483,MIS CIMALIK,Kp. Cimalik RT 04/03,Karanganyar,SWASTA,https://referensi.data.kemendikdasmen.go.id/pendidikan/npsn/60709483
Kabupaten Bandung Barat,Cililin,dikdas,60709484,MIS GOMBONG,Kp. Gombong RT 03/03,Budiharja,SWASTA,https://referensi.data.kemendikdasmen.go.id/pendidikan/npsn/60709484
Kabupaten Bandung Barat,Cililin,dikdas,60709485,MIS KANDANGSAPI,Kp. Kandangsapi Rt 02/01,Bongas,SWASTA,https://referensi.data.kemendikdasmen.go.id/pendidikan/npsn/60709485
Kabupaten Bandung Barat,Cililin,dikdas,60709486,MIS KARANGANYAR,Kp. Cibolang RT 04/05 desa karanganyar,Karanganyar,SWASTA,https://referensi.data.kemendikdasmen.go.id/pendidikan/npsn/60709486
Kabupaten Bandung Barat,Cililin,dikdas,60709487,MIS MUSLIMIN CIRIRIP,Kp. Ciririp RT. 002 RW 001,Mukapayung,SWASTA,https://referensi.data.kemendikdasmen.go.id/pendidikan/npsn/60709487
Kabupaten Bandung Barat,Cililin,dikdas,60709488,MIS PASIRGEPENG,Kp. Pasirgepeng RT. 03/01,Karangtanjung,SWASTA,https://referensi.data.kemendikdasmen.go.id/pendidikan/npsn/60709488
Kabupaten Bandung Barat,Cililin,dikdas,60709489,MIS PERLAS,Kp. Perlas RT 02 RW 07,Budiharja,SWASTA,https://referensi.data.kemendikdasmen.go.id/pendidikan/npsn/60709489
Kabupaten Bandung Barat,Cililin,dikdas,60709490,MIS RANCAUCIT,Jl. Raya Rancapanggung Ds Rancapanggung,Rancapanggung,SWASTA,https://referensi.data.kemendikdasmen.go.id/pendidikan/npsn/60709490
Kabupaten Bandung Barat,Cililin,dikdas,60709491,MIS SAAR I,Jl. Saar Mutiara RT 02/07,Karangtanjung,SWASTA,https://referensi.data.kemendikdasmen.go.id/pendidikan/npsn/60709491
Kabupaten Bandung Barat,Cililin,dikdas,70006227,MIS SABILILMUTTAQIN,Kp. Sumur Bandung RT 01 RW 02,Cililin,SWASTA,https://referensi.data.kemendikdasmen.go.id/pendidikan/npsn/70006227
Kabupaten Bandung Barat,Cililin,dikdas,69993957,MTs AL MAHMUDIYYAH,Kp. Citiis RT 02 RW 08,Batulayang,SWASTA,https://referensi.data.kemendikdasmen.go.id/pendidikan/npsn/69993957
Kabupaten Bandung Barat,Cililin,dikdas,20279417,MTsN 2 Bandung Barat,Jl. Raya Cililin Km.1 Lambong,Batulayang,NEGERI,https://referensi.data.kemendikdasmen.go.id/pendidikan/npsn/20279417
Kabupaten Bandung Barat,Cililin,dikdas,20279418,MTSS AL-IKHWAN,Kp. Cibaregbeg Rt 01 Rw 15,Karangtanjung,SWASTA,https://referensi.data.kemendikdasmen.go.id/pendidikan/npsn/20279418
Kabupaten Bandung Barat,Cililin,dikdas,20279419,MTSS AL-LUTHFAH,Kp. Sindangsari Rt 02 Rw 03,Karanganyar,SWASTA,https://referensi.data.kemendikdasmen.go.id/pendidikan/npsn/20279419
Kabupaten Bandung Barat,Cililin,dikdas,20279420,MTSS AS-SHIDDIQ,Jl. Raya Bobojong Kp. Pojok Rt 05 Rw 02,Mukapayung,SWASTA,https://referensi.data.kemendikdasmen.go.id/pendidikan/npsn/20279420
Kabupaten Bandung Barat,Cililin,dikdas,20279426,MTSS BHAKTI PERTIWI,Kp. Walahir Rt 05 Rw 03,Karyamukti,SWASTA,https://referensi.data.kemendikdasmen.go.id/pendidikan/npsn/20279426
Kabupaten Bandung Barat,Cililin,dikdas,69927374,MTsS Bongas,Kp. Bongas Rt 01 Rw 03,Bongas,SWASTA,https://referensi.data.kemendikdasmen.go.id/pendidikan/npsn/69927374
Kabupaten Bandung Barat,Cililin,dikdas,20279424,MTSS DAARU SYIFA,Kp. Pasir Gepeng Rt 03 Rw 01,Karangtanjung,SWASTA,https://referensi.data.kemendikdasmen.go.id/pendidikan/npsn/20279424
Kabupaten Bandung Barat,Cililin,dikdas,20279421,MTSS NURUL FALAH,Jl. Saar Mutiara Rt 02 Rw 07,Karangtanjung,SWASTA,https://referensi.data.kemendikdasmen.go.id/pendidikan/npsn/20279421
Kabupaten Bandung Barat,Cililin,dikdas,20279422,MTSS NURUL HUDA KARANGANYAR,Jl. Desa Karanganyar Rt 03 Rw 05,Karanganyar,SWASTA,https://referensi.data.kemendikdasmen.go.id/pendidikan/npsn/20279422
Kabupaten Bandung Barat,Cililin,dikdas,20279423,MTSS SUMUR BANDUNG,Jl. Raya Cililin Utara No. 52,Cililin,SWASTA,https://referensi.data.kemendikdasmen.go.id/pendidikan/npsn/20279423
Kabupaten Bandung Barat,Cililin,dikdas,20279425,MTSS TERPADU AL-HUDA,Jl. Radio Cililin No. 272 Rt 04 Rw 01,Cililin,SWASTA,https://referensi.data.kemendikdasmen.go.id/pendidikan/npsn/20279425
Kabupaten Bandung Barat,Cililin,dikdas,70024090,PDF WUSTHA MIFTAHUL HASANAH AL MUSRI 1,JL. WARUNG AWI KP. PERELAS,Bongas,SWASTA,https://referensi.data.kemendikdasmen.go.id/pendidikan/npsn/70024090
Kabupaten Bandung Barat,Cililin,dikdas,70051139,PDF Wustha MIFTAHUL HUDA AN-NAJAH AL-MUKTAFI,KP. WARUNG AWI RT 04 RW 07,Kec. Cililin,SWASTA,https://referensi.data.kemendikdasmen.go.id/pendidikan/npsn/70051139
Kabupaten Bandung Barat,Cililin,dikdas,20206672,SD ARAFAH,Kp. Pasirjati,Mukapayung,SWASTA,https://referensi.data.kemendikdasmen.go.id/pendidikan/npsn/20206672
Kabupaten Bandung Barat,Cililin,dikdas,70012085,SD IT AT-TOYYIBAH,Kp. Ciempo RT 02 RW 08,Karanganyar,SWASTA,https://referensi.data.kemendikdasmen.go.id/pendidikan/npsn/70012085
Kabupaten Bandung Barat,Cililin,dikdas,20206314,SD N 3 RANCAPANGGUNG,Jln. Terusan PLTA Saguling Cijenuk Kp. Pasirpanjang,Rancapanggung,NEGERI,https://referensi.data.kemendikdasmen.go.id/pendidikan/npsn/20206314
Kabupaten Bandung Barat,Cililin,dikdas,20206919,SD N BOJONGWANGI,Kp. Situhiang,Mukapayung,NEGERI,https://referensi.data.kemendikdasmen.go.id/pendidikan/npsn/20206919
Kabupaten Bandung Barat,Cililin,dikdas,20207576,SD NEGERI 1 CILILIN,Jalan Raya Alun-Alun Timur No. 1,Cililin,NEGERI,https://referensi.data.kemendikdasmen.go.id/pendidikan/npsn/20207576
Kabupaten Bandung Barat,Cililin,dikdas,20205438,SD NEGERI 1 KARANGTANJUNG,Jl. Raya Karangtanjung,Karangtanjung,NEGERI,https://referensi.data.kemendikdasmen.go.id/pendidikan/npsn/20205438
Kabupaten Bandung Barat,Cililin,dikdas,20206303,SD NEGERI 1 RANCAPANGGUNG,Kp.Rancapanggung,Rancapanggung,NEGERI,https://referensi.data.kemendikdasmen.go.id/pendidikan/npsn/20206303
Kabupaten Bandung Barat,Cililin,dikdas,20207575,SD NEGERI 2 CILILIN,Jln Pasar Lama RT.05 Rw.08,Cililin,NEGERI,https://referensi.data.kemendikdasmen.go.id/pendidikan/npsn/20207575
Kabupaten Bandung Barat,Cililin,dikdas,20206313,SD NEGERI 2 RANCAPANGGUNG,Jl Raya Rancapangung,Rancapanggung,NEGERI,https://referensi.data.kemendikdasmen.go.id/pendidikan/npsn/20206313
Kabupaten Bandung Barat,Cililin,dikdas,20207573,SD NEGERI 4 CILILIN,Jln Cililin Timur No.1,Cililin,NEGERI,https://referensi.data.kemendikdasmen.go.id/pendidikan/npsn/20207573
Kabupaten Bandung Barat,Cililin,dikdas,20207572,SD NEGERI 5 CILILIN,Jln Pasar Lama No 27,Cililin,NEGERI,https://referensi.data.kemendikdasmen.go.id/pendidikan/npsn/20207572
Kabupaten Bandung Barat,Cililin,dikdas,20206857,SD NEGERI BOJONGSALAM,Kp. Tegalkiara,Rancapanggung,NEGERI,https://referensi.data.kemendikdasmen.go.id/pendidikan/npsn/20206857
Kabupaten Bandung Barat,Cililin,dikdas,20228180,SD NEGERI BONGAS,Kp. Leuwinutug,Batulayang,NEGERI,https://referensi.data.kemendikdasmen.go.id/pendidikan/npsn/20228180
Kabupaten Bandung Barat,Cililin,dikdas,20206923,SD NEGERI BONJOT,Kp. Gembong RT 01/12,Rancapanggung,NEGERI,https://referensi.data.kemendikdasmen.go.id/pendidikan/npsn/20206923
Kabupaten Bandung Barat,Cililin,dikdas,20206930,SD NEGERI BUDIASIH,Kp. Gedugan,Kidangpananjung,NEGERI,https://referensi.data.kemendikdasmen.go.id/pendidikan/npsn/20206930
Kabupaten Bandung Barat,Cililin,dikdas,20206896,SD NEGERI BUDIHARJA,Kp. Gombong,Budiharja,NEGERI,https://referensi.data.kemendikdasmen.go.id/pendidikan/npsn/20206896
Kabupaten Bandung Barat,Cililin,dikdas,20206929,SD NEGERI BUDIKARYA,Kp. Bangsaya,Nanggerang,NEGERI,https://referensi.data.kemendikdasmen.go.id/pendidikan/npsn/20206929
Kabupaten Bandung Barat,Cililin,dikdas,20206892,SD NEGERI BUDISARI,Kp. Jaladri Rt. 01/09,Karangtanjung,NEGERI,https://referensi.data.kemendikdasmen.go.id/pendidikan/npsn/20206892
Kabupaten Bandung Barat,Cililin,dikdas,20206891,SD NEGERI BUDIWALUYA,Kp. Cikoneng,Mukapayung,NEGERI,https://referensi.data.kemendikdasmen.go.id/pendidikan/npsn/20206891
Kabupaten Bandung Barat,Cililin,dikdas,20207574,SD NEGERI CILILIN 3,Jln Raya Cililin,Cililin,NEGERI,https://referensi.data.kemendikdasmen.go.id/pendidikan/npsn/20207574
Kabupaten Bandung Barat,Cililin,dikdas,20207530,SD NEGERI CIMANONG,Kp. Cimanong,Karyamukti,NEGERI,https://referensi.data.kemendikdasmen.go.id/pendidikan/npsn/20207530
Kabupaten Bandung Barat,Cililin,dikdas,20207657,SD NEGERI DAYEUHLUHUR,Kp. Dayeuhluhur,Batulayang,NEGERI,https://referensi.data.kemendikdasmen.go.id/pendidikan/npsn/20207657
Kabupaten Bandung Barat,Cililin,dikdas,20207656,SD NEGERI DERMALITA,Kp.Cipangkalan,Karyamukti,NEGERI,https://referensi.data.kemendikdasmen.go.id/pendidikan/npsn/20207656
Kabupaten Bandung Barat,Cililin,dikdas,20207648,SD NEGERI GANDASARI,"KP BONJOT RT 02 RW 13 Desa Rancapanggung, Kec. Cililin, Kab. Bandung Barat",Rancapanggung,NEGERI,https://referensi.data.kemendikdasmen.go.id/pendidikan/npsn/20207648
Kabupaten Bandung Barat,Cililin,dikdas,20207723,SD NEGERI GIRIASIH,Kp. Gabus Girang,Karangtanjung,NEGERI,https://referensi.data.kemendikdasmen.go.id/pendidikan/npsn/20207723
Kabupaten Bandung Barat,Cililin,dikdas,20207699,SD NEGERI GROGOL,Jl. PLTA Saguling Kp. Warung Awi,Bongas,NEGERI,https://referensi.data.kemendikdasmen.go.id/pendidikan/npsn/20207699
Kabupaten Bandung Barat,Cililin,dikdas,20205524,SD NEGERI HEGARMANAH,KP.TEGALLEGA,Batulayang,NEGERI,https://referensi.data.kemendikdasmen.go.id/pendidikan/npsn/20205524
Kabupaten Bandung Barat,Cililin,dikdas,20205442,SD NEGERI KARANGANYAR,Jl. Desa Karanganyar,Karanganyar,NEGERI,https://referensi.data.kemendikdasmen.go.id/pendidikan/npsn/20205442
Kabupaten Bandung Barat,Cililin,dikdas,20205437,SD NEGERI KARANGTANJUNG 2,Kp. Saar Mutiara,Karangtanjung,NEGERI,https://referensi.data.kemendikdasmen.go.id/pendidikan/npsn/20205437
Kabupaten Bandung Barat,Cililin,dikdas,20205803,SD NEGERI LEMBANG,Kp. Poponcol Rt.01 Rw.07,Mukapayung,NEGERI,https://referensi.data.kemendikdasmen.go.id/pendidikan/npsn/20205803
Kabupaten Bandung Barat,Cililin,dikdas,20205630,SD NEGERI LITASEMBADA,Jl.raya Sukatani No.3,Cililin,NEGERI,https://referensi.data.kemendikdasmen.go.id/pendidikan/npsn/20205630
Kabupaten Bandung Barat,Cililin,dikdas,20205032,SD NEGERI NANGGERANG,Kp.Nanggerang,Nanggerang,NEGERI,https://referensi.data.kemendikdasmen.go.id/pendidikan/npsn/20205032
Kabupaten Bandung Barat,Cililin,dikdas,20205356,SD NEGERI PADAMEKAR,Kp. Gunung Gadung RT.03/06,Nanggerang,NEGERI,https://referensi.data.kemendikdasmen.go.id/pendidikan/npsn/20205356
Kabupaten Bandung Barat,Cililin,dikdas,20205381,SD NEGERI PANARUBAN,KP. Cangkuang Rt 04 Rw 02,Karanganyar,NEGERI,https://referensi.data.kemendikdasmen.go.id/pendidikan/npsn/20205381
Kabupaten Bandung Barat,Cililin,dikdas,20206353,SD NEGERI PASIRPANJANG,Jl.raya Pasirpanjang RT.06 RW.01,Rancapanggung,NEGERI,https://referensi.data.kemendikdasmen.go.id/pendidikan/npsn/20206353
Kabupaten Bandung Barat,Cililin,dikdas,20206339,SD NEGERI PASIRSEREH,Kp. Pasirsereh,Mukapayung,NEGERI,https://referensi.data.kemendikdasmen.go.id/pendidikan/npsn/20206339
Kabupaten Bandung Barat,Cililin,dikdas,20206587,SD NEGERI SIRNAGALIH,Kp. Balong RT.02 RW.04 Desa Bongas,Bongas,NEGERI,https://referensi.data.kemendikdasmen.go.id/pendidikan/npsn/20206587
Kabupaten Bandung Barat,Cililin,dikdas,20206436,SD NEGERI SUGIHARTI,Kp. Cibadak,Nanggerang,NEGERI,https://referensi.data.kemendikdasmen.go.id/pendidikan/npsn/20206436
Kabupaten Bandung Barat,Cililin,dikdas,20206497,SD NEGERI SUKAMANAH,Kp. Pasirkadu Rt. 01 Rw. 08,Mukapayung,NEGERI,https://referensi.data.kemendikdasmen.go.id/pendidikan/npsn/20206497
Kabupaten Bandung Barat,Cililin,dikdas,20205891,SD NEGERI WALAHIR,Kmp. Walahir,Kidangpananjung,NEGERI,https://referensi.data.kemendikdasmen.go.id/pendidikan/npsn/20205891
Kabupaten Bandung Barat,Cililin,dikdas,20228191,SD S SUMUR BANDUNG,Jl. Raya Cililin Utara No. 73,Cililin,SWASTA,https://referensi.data.kemendikdasmen.go.id/pendidikan/npsn/20228191
Kabupaten Bandung Barat,Cililin,dikdas,70038143,SDIT AL-KAROMAH,Kp. Manapa RT.01 RW.04,Karangtanjung,SWASTA,https://referensi.data.kemendikdasmen.go.id/pendidikan/npsn/70038143
Kabupaten Bandung Barat,Cililin,dikdas,70042703,SDIT MAHABBAH IBNU HAMDAN,Kp. Saar Hilir,Karangtanjung,SWASTA,https://referensi.data.kemendikdasmen.go.id/pendidikan/npsn/70042703
Kabupaten Bandung Barat,Cililin,dikdas,20227623,SMP AL-MAHMUD,Kp. Gombong,Budiharja,SWASTA,https://referensi.data.kemendikdasmen.go.id/pendidikan/npsn/20227623
Kabupaten Bandung Barat,Cililin,dikdas,69973545,SMP BINGKAI CENDIKIA CILILIN,KP. GEMBONG RT.04 RW.12,Rancapanggung,SWASTA,https://referensi.data.kemendikdasmen.go.id/pendidikan/npsn/69973545
Kabupaten Bandung Barat,Cililin,dikdas,20227664,SMP ISTIQOMAH CILILIN,Jl. Rancapanggung No 1 Rt 2 Rw 8,Rancapanggung,SWASTA,https://referensi.data.kemendikdasmen.go.id/pendidikan/npsn/20227664
Kabupaten Bandung Barat,Cililin,dikdas,70039573,SMP IT ROJAUL HUDA,Kp. Tegalega RT. 002 RW. 016,Batulayang,SWASTA,https://referensi.data.kemendikdasmen.go.id/pendidikan/npsn/70039573
Kabupaten Bandung Barat,Cililin,dikdas,20267619,SMP MADYA BAKTI,KP. KUBANG RT.01 RW.05 NANGGERANG,Nanggerang,SWASTA,https://referensi.data.kemendikdasmen.go.id/pendidikan/npsn/20267619
Kabupaten Bandung Barat,Cililin,dikdas,20227701,SMP MUSLIMIN CILILIN,JL. RAYA WARUNGAWI,Bongas,SWASTA,https://referensi.data.kemendikdasmen.go.id/pendidikan/npsn/20227701
Kabupaten Bandung Barat,Cililin,dikdas,20206042,SMP NEGERI 1 CILILIN,Jl. Raya Cililin No.59,Cililin,NEGERI,https://referensi.data.kemendikdasmen.go.id/pendidikan/npsn/20206042
Kabupaten Bandung Barat,Cililin,dikdas,20267625,SMP NEGERI 2 CILILIN,Jl. Cililin - SindangKerta Kp. Bojongkerta,Rancapanggung,NEGERI,https://referensi.data.kemendikdasmen.go.id/pendidikan/npsn/20267625
Kabupaten Bandung Barat,Cililin,dikdas,20271391,SMP NEGERI 3 CILILIN,KP CILEUTIK RT.02/07,Karyamukti,NEGERI,https://referensi.data.kemendikdasmen.go.id/pendidikan/npsn/20271391
Kabupaten Bandung Barat,Cililin,dikdas,60726182,SMP NEGERI SATU ATAP LEMBANG CILILIN,KP. LEMBANG RT.01/ RW.09,Mukapayung,NEGERI,https://referensi.data.kemendikdasmen.go.id/pendidikan/npsn/60726182
Kabupaten Bandung Barat,Cililin,dikdas,20206130,SMP PGRI CILILIN,Jln. Raya Cililin Utara No.121,Cililin,SWASTA,https://referensi.data.kemendikdasmen.go.id/pendidikan/npsn/20206130
Kabupaten Bandung Barat,Cililin,dikdas,20227746,SMP PLUS ARAFAH,Jl. Raya Cililin - Sindangkerta,Mukapayung,SWASTA,https://referensi.data.kemendikdasmen.go.id/pendidikan/npsn/20227746
Kabupaten Bandung Barat,Cililin,dikdas,70049647,SMP PLUS NURUL HIDAYAH,Kp. Sukatengah RT. 003 RW. 005,Batulayang,SWASTA,https://referensi.data.kemendikdasmen.go.id/pendidikan/npsn/70049647
Kabupaten Bandung Barat,Cililin,dikdas,70037093,SMP PLUS RIYADUSSYIFA,Kp. Pasirnangka RT.002 RW.015,Batulayang,SWASTA,https://referensi.data.kemendikdasmen.go.id/pendidikan/npsn/70037093
Kabupaten Bandung Barat,Cililin,dikdas,70040018,SMP SIROJUL HUDA,Kp. Lebak Sumur Rt.004 Rw. 007,Rancapanggung,SWASTA,https://referensi.data.kemendikdasmen.go.id/pendidikan/npsn/70040018
Kabupaten Bandung Barat,Cililin,dikdas,20206059,SMP SUMUR BANDUNG,Jl. Raya Cililin Utara No.52,Cililin,SWASTA,https://referensi.data.kemendikdasmen.go.id/pendidikan/npsn/20206059
Kabupaten Bandung Barat,Cililin,dikdas,20227786,SMP YPII CILILIN,Kp Ciririp RT 02 RW 01,Mukapayung,SWASTA,https://referensi.data.kemendikdasmen.go.id/pendidikan/npsn/20227786
Kabupaten Bandung Barat,Cihampelas,dikdas,70042707,MI AT-TAQWA,Jl Pajagalan No 42,Mekarmukti,SWASTA,https://referensi.data.kemendikdasmen.go.id/pendidikan/npsn/70042707
Kabupaten Bandung Barat,Cihampelas,dikdas,60709470,MIS AL-JANNAH,Jl. Raya Pembangunan Kp. Rongga RT 01 RW 06,Cihampelas,SWASTA,https://referensi.data.kemendikdasmen.go.id/pendidikan/npsn/60709470
Kabupaten Bandung Barat,Cihampelas,dikdas,60709454,MIS CIHURANG,Kp. Cihurang RT 01/04,Singajaya,SWASTA,https://referensi.data.kemendikdasmen.go.id/pendidikan/npsn/60709454
Kabupaten Bandung Barat,Cihampelas,dikdas,60709455,MIS CILAMBUUH,Kp. Cilambuuh RT 05/11,Mekarmukti,SWASTA,https://referensi.data.kemendikdasmen.go.id/pendidikan/npsn/60709455
Kabupaten Bandung Barat,Cihampelas,dikdas,60709457,MIS CISALAK II,Kp. Cibunar,Citapen,SWASTA,https://referensi.data.kemendikdasmen.go.id/pendidikan/npsn/60709457
Kabupaten Bandung Barat,Cihampelas,dikdas,60709458,MIS CISALAK III,Kp. Cisalak rt/rw 02/02 Desa Tanjung Wangi,Citapen,SWASTA,https://referensi.data.kemendikdasmen.go.id/pendidikan/npsn/60709458
Kabupaten Bandung Barat,Cihampelas,dikdas,69819529,MIS Daarul Hikmah Al-Qorni,Kp. Buni sari no 2 Rt 02 Rw 10 Ds. Pataruman,Cihampelas,SWASTA,https://referensi.data.kemendikdasmen.go.id/pendidikan/npsn/69819529
Kabupaten Bandung Barat,Cihampelas,dikdas,60709459,MIS MUSLIMIN AWILARANGAN,Kp. Awilarangan RT 03/08,Mekarmukti,SWASTA,https://referensi.data.kemendikdasmen.go.id/pendidikan/npsn/60709459
Kabupaten Bandung Barat,Cihampelas,dikdas,60709460,MIS MUSLIMIN BUNDER,Kp. Nagrak Desa Tanjungjaya,Pataruman,SWASTA,https://referensi.data.kemendikdasmen.go.id/pendidikan/npsn/60709460
Kabupaten Bandung Barat,Cihampelas,dikdas,60709456,MIS MUSLIMIN CISALAK I,Kp. Cisalak Rt.01/Rw.03,Kec. Cihampelas,SWASTA,https://referensi.data.kemendikdasmen.go.id/pendidikan/npsn/60709456
Kabupaten Bandung Barat,Cihampelas,dikdas,60709461,MIS MUSLIMIN CITAPEN,Kp. Sukalilah Rt.04/Rw.07,Citapen,SWASTA,https://referensi.data.kemendikdasmen.go.id/pendidikan/npsn/60709461
Kabupaten Bandung Barat,Cihampelas,dikdas,60709462,MIS MUSLIMIN GOLEWANG,Kp. Golewang RT 04/11,Kec. Cihampelas,SWASTA,https://referensi.data.kemendikdasmen.go.id/pendidikan/npsn/60709462
Kabupaten Bandung Barat,Cihampelas,dikdas,60709463,MIS MUSLIMIN MANDE,Kp. Mande RT. 02 RW. 05,Citapen,SWASTA,https://referensi.data.kemendikdasmen.go.id/pendidikan/npsn/60709463
Kabupaten Bandung Barat,Cihampelas,dikdas,60709464,MIS MUSLIMIN SAAR II,Kp. Cilutung RT. 05/RW. 02 Desa. Singajaya,Kec. Cihampelas,SWASTA,https://referensi.data.kemendikdasmen.go.id/pendidikan/npsn/60709464
Kabupaten Bandung Barat,Cihampelas,dikdas,60709468,MIS MUSLIMIN SUKATENGAH,Kp. Sukatengah Rt. 02/03 Desa Tanjungjaya,Tanjungjaya,SWASTA,https://referensi.data.kemendikdasmen.go.id/pendidikan/npsn/60709468
Kabupaten Bandung Barat,Cihampelas,dikdas,60709465,MIS SELAKOPI,Kp. Selakopi No. 26 RT 02/10,Kec. Cihampelas,SWASTA,https://referensi.data.kemendikdasmen.go.id/pendidikan/npsn/60709465
Kabupaten Bandung Barat,Cihampelas,dikdas,60709466,MIS SUKAGUNA I,Kp. Sukaguna Rt. 02 Rw. 07 Ds. Mekarjaya,Kec. Cihampelas,SWASTA,https://referensi.data.kemendikdasmen.go.id/pendidikan/npsn/60709466
Kabupaten Bandung Barat,Cihampelas,dikdas,60709467,MIS SUKAGUNA II,Kp. Sukaguna Rt.02/07,Kec. Cihampelas,SWASTA,https://referensi.data.kemendikdasmen.go.id/pendidikan/npsn/60709467
Kabupaten Bandung Barat,Cihampelas,dikdas,60709469,MIS TEMBONGSARI,Kp. Babakan Cianjur RT 04/03 Desa.Cihampelas,Pataruman,SWASTA,https://referensi.data.kemendikdasmen.go.id/pendidikan/npsn/60709469
Kabupaten Bandung Barat,Cihampelas,dikdas,70037025,MTs GUNA BAKTI,Kp. Hegarmanah RT 01 RW 07,Situwangi,SWASTA,https://referensi.data.kemendikdasmen.go.id/pendidikan/npsn/70037025
Kabupaten Bandung Barat,Cihampelas,dikdas,20279400,MTsN 1 Bandung Barat,Jl. Pembangunan No.185 Rongga,Cihampelas,NEGERI,https://referensi.data.kemendikdasmen.go.id/pendidikan/npsn/20279400
Kabupaten Bandung Barat,Cihampelas,dikdas,20279401,MTSS AL-MUKHTARIYAH MANDE,Jl. Pesantren Mande Rt 02 Rw 05 No. 12,Cihampelas,SWASTA,https://referensi.data.kemendikdasmen.go.id/pendidikan/npsn/20279401
Kabupaten Bandung Barat,Cihampelas,dikdas,20279402,MTSS AT-TAQWA,Jl. Pajagalan No. 05 Rt 02 Rw 02,Mekarmukti,SWASTA,https://referensi.data.kemendikdasmen.go.id/pendidikan/npsn/20279402
Kabupaten Bandung Barat,Cihampelas,dikdas,20279407,MTSS DAARUL HIKMAH,Kp. Bunisari No. 23 Rt 02 Rw 10,Kec. Cihampelas,SWASTA,https://referensi.data.kemendikdasmen.go.id/pendidikan/npsn/20279407
Kabupaten Bandung Barat,Cihampelas,dikdas,20279403,MTSS MATHLAUL ANWAR SUKAGUNA,Kp. Sukaguna Rt 02 Rw 07,Mekarjaya,SWASTA,https://referensi.data.kemendikdasmen.go.id/pendidikan/npsn/20279403
Kabupaten Bandung Barat,Cihampelas,dikdas,20279404,MTSS MUSLIMIN CITAPEN,Kp. Sukalilah Rt 04 Rw 07,Cipatik,SWASTA,https://referensi.data.kemendikdasmen.go.id/pendidikan/npsn/20279404
Kabupaten Bandung Barat,Cihampelas,dikdas,20279405,MTSS MUSLIMIN TANJUNGWANGI,Kp. Cisalak Rt 01 Rw 03,Tanjungwangi,SWASTA,https://referensi.data.kemendikdasmen.go.id/pendidikan/npsn/20279405
Kabupaten Bandung Barat,Cihampelas,dikdas,20279406,MTSS YAHISHA,Jl. Desa Mekarjaya Rt 01 Rw 04,Mekarjaya,SWASTA,https://referensi.data.kemendikdasmen.go.id/pendidikan/npsn/20279406
Kabupaten Bandung Barat,Cihampelas,dikdas,70050786,SD ALAM SACITA,Jl. Rancakuda RT. 004 RW. 002,Citapen,SWASTA,https://referensi.data.kemendikdasmen.go.id/pendidikan/npsn/70050786
Kabupaten Bandung Barat,Cihampelas,dikdas,70038956,SD IT HIDAYATUL MUSTOFA,Kp. Tambakan Rt.001 Rw.004,Cipatik,SWASTA,https://referensi.data.kemendikdasmen.go.id/pendidikan/npsn/70038956
Kabupaten Bandung Barat,Cihampelas,dikdas,20208143,SD NEGERI 1 CIHAMPELAS,Jl. Raya Cihampelas No 29,Mekarmukti,NEGERI,https://referensi.data.kemendikdasmen.go.id/pendidikan/npsn/20208143
Kabupaten Bandung Barat,Cihampelas,dikdas,20207453,SD NEGERI 1 CIPATIK,Jl.raya Cipatik (BBS),Cipatik,NEGERI,https://referensi.data.kemendikdasmen.go.id/pendidikan/npsn/20207453
Kabupaten Bandung Barat,Cihampelas,dikdas,20206235,SD NEGERI 1 RANCAIRUNG,Kp.cilimus,Tanjungjaya,NEGERI,https://referensi.data.kemendikdasmen.go.id/pendidikan/npsn/20206235
Kabupaten Bandung Barat,Cihampelas,dikdas,20206233,SD NEGERI 3 RANCAIRUNG,Kp.rancaririp,Tanjungjaya,NEGERI,https://referensi.data.kemendikdasmen.go.id/pendidikan/npsn/20206233
Kabupaten Bandung Barat,Cihampelas,dikdas,20206727,SD NEGERI AWILARANGAN,KP. AWILARANGAN,Mekarmukti,NEGERI,https://referensi.data.kemendikdasmen.go.id/pendidikan/npsn/20206727
Kabupaten Bandung Barat,Cihampelas,dikdas,20206720,SD NEGERI BABAKANCIANJUR,Kp. Babakan Cianjur RT.03 RW.04,Cihampelas,NEGERI,https://referensi.data.kemendikdasmen.go.id/pendidikan/npsn/20206720
Kabupaten Bandung Barat,Cihampelas,dikdas,20206684,SD NEGERI BABAKANSARI,Kp. Babakan RT.01 RW.07,Cipatik,NEGERI,https://referensi.data.kemendikdasmen.go.id/pendidikan/npsn/20206684
Kabupaten Bandung Barat,Cihampelas,dikdas,20206960,SD NEGERI BANYURESMI,Kp. Peer /cisalak Desa Tanjungwangi Kecamatan Cihampelas,Tanjungwangi,NEGERI,https://referensi.data.kemendikdasmen.go.id/pendidikan/npsn/20206960
Kabupaten Bandung Barat,Cihampelas,dikdas,20207015,SD NEGERI BATULAYANG,Kp.balakasap,Pataruman,NEGERI,https://referensi.data.kemendikdasmen.go.id/pendidikan/npsn/20207015
Kabupaten Bandung Barat,Cihampelas,dikdas,20206912,SD NEGERI BUDIGALIH,Kp. Budigalih RT 02 RW 05,Tanjungjaya,NEGERI,https://referensi.data.kemendikdasmen.go.id/pendidikan/npsn/20206912
Kabupaten Bandung Barat,Cihampelas,dikdas,20206889,SD NEGERI BUDIWANGI,Kp.Bahubang,Situwangi,NEGERI,https://referensi.data.kemendikdasmen.go.id/pendidikan/npsn/20206889
Kabupaten Bandung Barat,Cihampelas,dikdas,20208142,SD NEGERI CIHAMPELAS 2,Kp. Cicalengka RT.04 RW.04,Mekarmukti,NEGERI,https://referensi.data.kemendikdasmen.go.id/pendidikan/npsn/20208142
Kabupaten Bandung Barat,Cihampelas,dikdas,20207452,SD NEGERI CIPATIK 2,Kp. Babakan Sari RT 01 RW 09 Desa Cipatik Kec. Cihampelas Kab. Bandung Barat,Cipatik,NEGERI,https://referensi.data.kemendikdasmen.go.id/pendidikan/npsn/20207452
Kabupaten Bandung Barat,Cihampelas,dikdas,20207756,SD NEGERI CISARONGGE,Kp.Cisarongge,Mekarmukti,NEGERI,https://referensi.data.kemendikdasmen.go.id/pendidikan/npsn/20207756
Kabupaten Bandung Barat,Cihampelas,dikdas,20207727,SD NEGERI CITAPEN,Jl.raya Citapen no.70,Citapen,NEGERI,https://referensi.data.kemendikdasmen.go.id/pendidikan/npsn/20207727
Kabupaten Bandung Barat,Cihampelas,dikdas,20207807,SD NEGERI DARMAJAYA,Kp. Koreh Kotok,Pataruman,NEGERI,https://referensi.data.kemendikdasmen.go.id/pendidikan/npsn/20207807
Kabupaten Bandung Barat,Cihampelas,dikdas,20205591,SD NEGERI JATISARI,Kp.Cangkuang,Cipatik,NEGERI,https://referensi.data.kemendikdasmen.go.id/pendidikan/npsn/20205591
Kabupaten Bandung Barat,Cihampelas,dikdas,20205519,SD NEGERI JEMBATANBARU,Jl. Nyalindung No.01 RT.001 RW.001,Singajaya,NEGERI,https://referensi.data.kemendikdasmen.go.id/pendidikan/npsn/20205519
Kabupaten Bandung Barat,Cihampelas,dikdas,20205812,SD NEGERI LAMPINGSARI,Kp. Lamping rt. 03/04,Singajaya,NEGERI,https://referensi.data.kemendikdasmen.go.id/pendidikan/npsn/20205812
Kabupaten Bandung Barat,Cihampelas,dikdas,20205804,SD NEGERI LEMAHSARI,Kp.cipadung,Singajaya,NEGERI,https://referensi.data.kemendikdasmen.go.id/pendidikan/npsn/20205804
Kabupaten Bandung Barat,Cihampelas,dikdas,20205662,SD NEGERI LEMBURSAWAH,Kp.cilambuuh,Mekarjaya,NEGERI,https://referensi.data.kemendikdasmen.go.id/pendidikan/npsn/20205662
Kabupaten Bandung Barat,Cihampelas,dikdas,20205633,SD NEGERI LITAJAYA,Kp.cipanji,Cihampelas,NEGERI,https://referensi.data.kemendikdasmen.go.id/pendidikan/npsn/20205633
Kabupaten Bandung Barat,Cihampelas,dikdas,20205134,SD NEGERI MARGAMEKAR,Kp.Cihamirung,Mekarjaya,NEGERI,https://referensi.data.kemendikdasmen.go.id/pendidikan/npsn/20205134
Kabupaten Bandung Barat,Cihampelas,dikdas,20205147,SD NEGERI MAROKO,Kp.Maroko,Mekarjaya,NEGERI,https://referensi.data.kemendikdasmen.go.id/pendidikan/npsn/20205147
Kabupaten Bandung Barat,Cihampelas,dikdas,20205201,SD NEGERI MEKARASIH,Kp.Sareuni,Mekarjaya,NEGERI,https://referensi.data.kemendikdasmen.go.id/pendidikan/npsn/20205201
Kabupaten Bandung Barat,Cihampelas,dikdas,20205232,SD NEGERI PAOJANSARI,Kp.leuweunggede,Situwangi,NEGERI,https://referensi.data.kemendikdasmen.go.id/pendidikan/npsn/20205232
Kabupaten Bandung Barat,Cihampelas,dikdas,20206360,SD NEGERI PASIRKALAPA,Kp.Pasirkalapa,Situwangi,NEGERI,https://referensi.data.kemendikdasmen.go.id/pendidikan/npsn/20206360
Kabupaten Bandung Barat,Cihampelas,dikdas,20206231,SD NEGERI RANCAIRUNG 4,Kp. Sukaguna,Mekarjaya,NEGERI,https://referensi.data.kemendikdasmen.go.id/pendidikan/npsn/20206231
Kabupaten Bandung Barat,Cihampelas,dikdas,20206230,SD NEGERI RANCAIRUNG 5,Kp.Ciajag,Tanjungjaya,NEGERI,https://referensi.data.kemendikdasmen.go.id/pendidikan/npsn/20206230
Kabupaten Bandung Barat,Cihampelas,dikdas,20206299,SD NEGERI RONGGA.,Jl.pembangunan,Cihampelas,NEGERI,https://referensi.data.kemendikdasmen.go.id/pendidikan/npsn/20206299
Kabupaten Bandung Barat,Cihampelas,dikdas,20206296,SD NEGERI SAAPAN,Jl.Raya Cipatik,Cipatik,NEGERI,https://referensi.data.kemendikdasmen.go.id/pendidikan/npsn/20206296
Kabupaten Bandung Barat,Cihampelas,dikdas,20206294,SD NEGERI SADARGALIH,Kp.cintakarya,Citapen,NEGERI,https://referensi.data.kemendikdasmen.go.id/pendidikan/npsn/20206294
Kabupaten Bandung Barat,Cihampelas,dikdas,20206538,SD NEGERI SELAKOPI,Kp. Selakopi,Cihampelas,NEGERI,https://referensi.data.kemendikdasmen.go.id/pendidikan/npsn/20206538
Kabupaten Bandung Barat,Cihampelas,dikdas,20206462,SD NEGERI SITUWANGI,Kp.situwangi,Situwangi,NEGERI,https://referensi.data.kemendikdasmen.go.id/pendidikan/npsn/20206462
Kabupaten Bandung Barat,Cihampelas,dikdas,20206018,SD NEGERI SUKASARI,JL. CIPEUTI,Tanjungwangi,NEGERI,https://referensi.data.kemendikdasmen.go.id/pendidikan/npsn/20206018
Kabupaten Bandung Barat,Cihampelas,dikdas,20228181,SD NEGERI TANJUNGJAYA,Kp.Rancaeceng RT 001 RW 015,Mekarjaya,NEGERI,https://referensi.data.kemendikdasmen.go.id/pendidikan/npsn/20228181
Kabupaten Bandung Barat,Cihampelas,dikdas,20205842,SD NEGERI TANJUNGWANGI,Kp.pojok No.12,Tanjungwangi,NEGERI,https://referensi.data.kemendikdasmen.go.id/pendidikan/npsn/20205842
Kabupaten Bandung Barat,Cihampelas,dikdas,20205914,SD NEGERI TERANG,KP. PATROL,Pataruman,NEGERI,https://referensi.data.kemendikdasmen.go.id/pendidikan/npsn/20205914
Kabupaten Bandung Barat,Cihampelas,dikdas,20205911,SD NEGERI TIRTAJAYA,Kp. Jl.Cagak Citapen,Citapen,NEGERI,https://referensi.data.kemendikdasmen.go.id/pendidikan/npsn/20205911
Kabupaten Bandung Barat,Cihampelas,dikdas,20267605,SD PLUS DAARUL HIKMAH,Kp. Balakasap,Pataruman,SWASTA,https://referensi.data.kemendikdasmen.go.id/pendidikan/npsn/20267605
Kabupaten Bandung Barat,Cihampelas,dikdas,70063918,SDIT AL AMIIN ISLAMIC SCHOOL,"Perumahan Bumi Citra Indah 2, Ruko Blok Flaminggo 2 Blok F No. 15 RT. 008 RW. 01",Kec. Cihampelas,SWASTA,https://referensi.data.kemendikdasmen.go.id/pendidikan/npsn/70063918
Kabupaten Bandung Barat,Cihampelas,dikdas,70062171,SDIT ARROHMAH CITAPEN,Jl. Azalea Raya No. 2 RT. 008 RW. 012,Citapen,SWASTA,https://referensi.data.kemendikdasmen.go.id/pendidikan/npsn/70062171
Kabupaten Bandung Barat,Cihampelas,dikdas,70037541,SDIT CAHAYA QURANI,KP BABAKAN TAROGONG RT 001 RW 006,Citapen,SWASTA,https://referensi.data.kemendikdasmen.go.id/pendidikan/npsn/70037541
Kabupaten Bandung Barat,Cihampelas,dikdas,20228196,SDS AT-TAQWA,Jl. Pajagalan,Mekarmukti,SWASTA,https://referensi.data.kemendikdasmen.go.id/pendidikan/npsn/20228196
Kabupaten Bandung Barat,Cihampelas,dikdas,69976248,SIRNA GALIH,KP. PASIR PANJANG RT 01/07,Singajaya,SWASTA,https://referensi.data.kemendikdasmen.go.id/pendidikan/npsn/69976248
Kabupaten Bandung Barat,Cihampelas,dikdas,20227651,SMP DARUL FALAH,Jl. Raya Cihampelas No. 45,Cihampelas,SWASTA,https://referensi.data.kemendikdasmen.go.id/pendidikan/npsn/20227651
Kabupaten Bandung Barat,Cihampelas,dikdas,69851419,SMP DARUL FALAH 2,JL. RAYA CIHAMPELAS-CILILIN NO. 99,Cihampelas,SWASTA,https://referensi.data.kemendikdasmen.go.id/pendidikan/npsn/69851419
Kabupaten Bandung Barat,Cihampelas,dikdas,20252886,SMP HARAPAN BANGSA,Jl. Raya Cililin No 1 Nyalindung,Singajaya,SWASTA,https://referensi.data.kemendikdasmen.go.id/pendidikan/npsn/20252886
Kabupaten Bandung Barat,Cihampelas,dikdas,70042458,SMP IT HIDAYATUL MUSTOFA,Kp. Tambakan RT. 004 RW. 004,Cihampelas,SWASTA,https://referensi.data.kemendikdasmen.go.id/pendidikan/npsn/70042458
Kabupaten Bandung Barat,Cihampelas,dikdas,20227687,SMP MADANI,Jl Nyalindung Kp. Cihurang Rt. 01 Rw. 04,Singajaya,SWASTA,https://referensi.data.kemendikdasmen.go.id/pendidikan/npsn/20227687
Kabupaten Bandung Barat,Cihampelas,dikdas,20206072,SMP NEGERI 1 CIHAMPELAS,Jl. Desa Cihampelas No. 177,Cihampelas,NEGERI,https://referensi.data.kemendikdasmen.go.id/pendidikan/npsn/20206072
Kabupaten Bandung Barat,Cihampelas,dikdas,20206121,SMP NEGERI 2 CIHAMPELAS,Jalan Terusan Ciraden Bojong,Tanjungwangi,NEGERI,https://referensi.data.kemendikdasmen.go.id/pendidikan/npsn/20206121
Kabupaten Bandung Barat,Cihampelas,dikdas,20279903,SMP NEGERI 3 CIHAMPELAS,Kp. Sukawangi Rt 02 Rw 09 Desa Situwangi Kecamatan Cihampelas,Situwangi,NEGERI,https://referensi.data.kemendikdasmen.go.id/pendidikan/npsn/20279903
Kabupaten Bandung Barat,Cihampelas,dikdas,20252887,SMP PATARUMAN,Jalan Raya Cipatik-Soreang KM.02,Pataruman,SWASTA,https://referensi.data.kemendikdasmen.go.id/pendidikan/npsn/20252887
Kabupaten Bandung Barat,Cihampelas,dikdas,70009468,SMP PLUS MANBAUL FALAH,Kp. Tambakan RT.04/RW.04 No.01,Cipatik,SWASTA,https://referensi.data.kemendikdasmen.go.id/pendidikan/npsn/70009468
Kabupaten Bandung Barat,Cihampelas,dikdas,20227751,SMP RAKSANAGARA,Jalan Desa Tanjungjaya,Tanjungjaya,SWASTA,https://referensi.data.kemendikdasmen.go.id/pendidikan/npsn/20227751
Kabupaten Bandung Barat,Cihampelas,dikdas,20227765,SMP UMMUL QURO,Jln Pembangunan No 157,Cihampelas,SWASTA,https://referensi.data.kemendikdasmen.go.id/pendidikan/npsn/20227765
Kabupaten Bandung Barat,Cipongkor,dikdas,69819531,MIS Al-Azzam Terpadu,Kp. Cibuni RT 04/05 Desa Girimukti,Cicangkang Hilir,SWASTA,https://referensi.data.kemendikdasmen.go.id/pendidikan/npsn/69819531
Kabupaten Bandung Barat,Cipongkor,dikdas,60709540,MIS AL-KANDIYAS BARAHMA,KP. BARAHMA CIBENDA,Karangsari,SWASTA,https://referensi.data.kemendikdasmen.go.id/pendidikan/npsn/60709540
Kabupaten Bandung Barat,Cipongkor,dikdas,60709514,MIS AL-MUBAROK,Kp. Pasir Gombong RT 02/06,Karangsari,SWASTA,https://referensi.data.kemendikdasmen.go.id/pendidikan/npsn/60709514
Kabupaten Bandung Barat,Cipongkor,dikdas,60709515,MIS AT-TARBIYAH BABAKAN,Jl. PLN Gunung Karang No.12,Sarinagen,SWASTA,https://referensi.data.kemendikdasmen.go.id/pendidikan/npsn/60709515
Kabupaten Bandung Barat,Cipongkor,dikdas,60709516,MIS BABAKAN SIRNAGALIH,Kp. Babakan Gempol RT 03/01,Karangsari,SWASTA,https://referensi.data.kemendikdasmen.go.id/pendidikan/npsn/60709516
Kabupaten Bandung Barat,Cipongkor,dikdas,60709517,MIS BOJONGLOA,KP. CIKANCANA,Cibenda,SWASTA,https://referensi.data.kemendikdasmen.go.id/pendidikan/npsn/60709517
Kabupaten Bandung Barat,Cipongkor,dikdas,60709518,MIS BOJONGRANCA,Kp. Bojongranca Rt. 05/01,Karangsari,SWASTA,https://referensi.data.kemendikdasmen.go.id/pendidikan/npsn/60709518
Kabupaten Bandung Barat,Cipongkor,dikdas,60709519,MIS CIBULUH,KP. CIBULUH RT. 01/06,Cijambu,SWASTA,https://referensi.data.kemendikdasmen.go.id/pendidikan/npsn/60709519
Kabupaten Bandung Barat,Cipongkor,dikdas,60709520,MIS CICANGKANGHILIR I,Kp. Cicangkang Rt. 1/3,Karangsari,SWASTA,https://referensi.data.kemendikdasmen.go.id/pendidikan/npsn/60709520
Kabupaten Bandung Barat,Cipongkor,dikdas,60709521,MIS CICANGKANGHILIR II,Jl. Cijambe RT/RW : 02/01,Cicangkang Hilir,SWASTA,https://referensi.data.kemendikdasmen.go.id/pendidikan/npsn/60709521
Kabupaten Bandung Barat,Cipongkor,dikdas,60709522,MIS CIJAWA,KP. CIJAWA RT 03/07,Cintaasih,SWASTA,https://referensi.data.kemendikdasmen.go.id/pendidikan/npsn/60709522
Kabupaten Bandung Barat,Cipongkor,dikdas,60709524,MIS CIKADU,Kp. Cikadu RT 01 RW 06,Karangsari,SWASTA,https://referensi.data.kemendikdasmen.go.id/pendidikan/npsn/60709524
Kabupaten Bandung Barat,Cipongkor,dikdas,60709525,MIS CILIMUS,Kp. Cilimus RT 03 RW 01,Sarinagen,SWASTA,https://referensi.data.kemendikdasmen.go.id/pendidikan/npsn/60709525
Kabupaten Bandung Barat,Cipongkor,dikdas,60726905,MIS CIMAJA,Kampung Ciceuri Rt 02/07,Baranangsiang,SWASTA,https://referensi.data.kemendikdasmen.go.id/pendidikan/npsn/60726905
Kabupaten Bandung Barat,Cipongkor,dikdas,60709526,MIS CIPONGKOR I,Kp. Cipongkor Desa Mekarsari Kecamatan Cipongkor Kabupaten Bandung Barat,Mekarsari,SWASTA,https://referensi.data.kemendikdasmen.go.id/pendidikan/npsn/60709526
Kabupaten Bandung Barat,Cipongkor,dikdas,60709527,MIS CIPONGKOR II,Kp. Cimega RT. 01/06,Citalem,SWASTA,https://referensi.data.kemendikdasmen.go.id/pendidikan/npsn/60709527
Kabupaten Bandung Barat,Cipongkor,dikdas,60709528,MIS CIPONGKOR III,Kp. Cinagen RT. 04/01,Karangsari,SWASTA,https://referensi.data.kemendikdasmen.go.id/pendidikan/npsn/60709528
Kabupaten Bandung Barat,Cipongkor,dikdas,60709529,MIS CISELANG,Kp. Ciselang RT 02/09,Karangsari,SWASTA,https://referensi.data.kemendikdasmen.go.id/pendidikan/npsn/60709529
Kabupaten Bandung Barat,Cipongkor,dikdas,60709539,MIS DAARUL AHKAAM,Kp. Cibangban Rt. 03 Rw. 04,Citalem,SWASTA,https://referensi.data.kemendikdasmen.go.id/pendidikan/npsn/60709539
Kabupaten Bandung Barat,Cipongkor,dikdas,60709530,MIS JOGLO,Kp. Joglo RT. 03/02,Kec. Cipongkor,SWASTA,https://referensi.data.kemendikdasmen.go.id/pendidikan/npsn/60709530
Kabupaten Bandung Barat,Cipongkor,dikdas,69819528,MIS Khoerunni`mah,Kp. Cibanas RT 05 RW 03,Mekarsari,SWASTA,https://referensi.data.kemendikdasmen.go.id/pendidikan/npsn/69819528
Kabupaten Bandung Barat,Cipongkor,dikdas,60709531,MIS MULYADARMA,Kp. Sarongge RT/RW 02/06,Karangsari,SWASTA,https://referensi.data.kemendikdasmen.go.id/pendidikan/npsn/60709531
Kabupaten Bandung Barat,Cipongkor,dikdas,60709532,MIS MUSLIMIN CIBENDA,Kp. Tipar Desa Cibenda,Mekarsari,SWASTA,https://referensi.data.kemendikdasmen.go.id/pendidikan/npsn/60709532
Kabupaten Bandung Barat,Cipongkor,dikdas,60709523,MIS MUSLIMIN CIJENUK,Kp. Langkob Rt 03/04,Cijenuk,SWASTA,https://referensi.data.kemendikdasmen.go.id/pendidikan/npsn/60709523
Kabupaten Bandung Barat,Cipongkor,dikdas,60709533,MIS PANGKALAN,KP. SIRNAHURIP RT 01/04,Sirnagalih,SWASTA,https://referensi.data.kemendikdasmen.go.id/pendidikan/npsn/60709533
Kabupaten Bandung Barat,Cipongkor,dikdas,60709534,MIS PAOZAN,KP. CIDADAP RT 01 / RW 02,Cijenuk,SWASTA,https://referensi.data.kemendikdasmen.go.id/pendidikan/npsn/60709534
Kabupaten Bandung Barat,Cipongkor,dikdas,60709541,MIS PASIR MUNCANG,Kp. Pasir Muncang No. 11 RT 02 RW 05,Cijenuk,SWASTA,https://referensi.data.kemendikdasmen.go.id/pendidikan/npsn/60709541
Kabupaten Bandung Barat,Cipongkor,dikdas,60709536,MIS SUKAMANAH,KP. PASIR MINDI,Baranangsiang,SWASTA,https://referensi.data.kemendikdasmen.go.id/pendidikan/npsn/60709536
Kabupaten Bandung Barat,Cipongkor,dikdas,60709538,MIS SYARIF HIDAYATULLOH,KP. PASIR PANJANG RT.02/03,Karangsari,SWASTA,https://referensi.data.kemendikdasmen.go.id/pendidikan/npsn/60709538
Kabupaten Bandung Barat,Cipongkor,dikdas,60709537,MIS TERPADU FATHUL MA ARIF,Kp. Kaum RT. 03/01,Kec. Cipongkor,SWASTA,https://referensi.data.kemendikdasmen.go.id/pendidikan/npsn/60709537
Kabupaten Bandung Barat,Cipongkor,dikdas,70037021,MTs Al Qur`an Ar Ridho,Kp Babakan Citalem Rt 02 Rw 04,Cijenuk,SWASTA,https://referensi.data.kemendikdasmen.go.id/pendidikan/npsn/70037021
Kabupaten Bandung Barat,Cipongkor,dikdas,20279441,MTSS ANWARURROHMAN,Kp. Cikadu Rt 03 Rw 07,Karangsari,SWASTA,https://referensi.data.kemendikdasmen.go.id/pendidikan/npsn/20279441
Kabupaten Bandung Barat,Cipongkor,dikdas,20279450,MTSS BAITUL MUQODDAS,Kp. Cibenda Rt 01 Rw 05,Cibenda,SWASTA,https://referensi.data.kemendikdasmen.go.id/pendidikan/npsn/20279450
Kabupaten Bandung Barat,Cipongkor,dikdas,60727383,MTSS BINAYAH,Jl. Citapos Kp. Cimarel Rt 02 Rw 04,Karangsari,SWASTA,https://referensi.data.kemendikdasmen.go.id/pendidikan/npsn/60727383
Kabupaten Bandung Barat,Cipongkor,dikdas,20279442,MTSS CICANGKANGHILIR,Jl. Plta Saguling No. 346,Sukamulya,SWASTA,https://referensi.data.kemendikdasmen.go.id/pendidikan/npsn/20279442
Kabupaten Bandung Barat,Cipongkor,dikdas,20276197,MTSS DAARUL AHKAAM,Kp. Cibangban Rt 03 Rw 04,Citalem,SWASTA,https://referensi.data.kemendikdasmen.go.id/pendidikan/npsn/20276197
Kabupaten Bandung Barat,Cipongkor,dikdas,20279443,MTSS DARUL FIKRI,Jl. Pasar Rebo,Cijambu,SWASTA,https://referensi.data.kemendikdasmen.go.id/pendidikan/npsn/20279443
Kabupaten Bandung Barat,Cipongkor,dikdas,69955953,MTsS Darul Fitri Al-Wasi Cipongkor,Kp. Pasar Joglo Rt 02 Rw 03,Sirnagalih,SWASTA,https://referensi.data.kemendikdasmen.go.id/pendidikan/npsn/69955953
Kabupaten Bandung Barat,Cipongkor,dikdas,69895100,MTSS DARUNADWAH,Kp. Peundeuy RT 02 RW 07,Girimukti,SWASTA,https://referensi.data.kemendikdasmen.go.id/pendidikan/npsn/69895100
Kabupaten Bandung Barat,Cipongkor,dikdas,20279449,MTSS MANAARUL HUDA,Kp. Ciparay Rt 02 Rw 05,Sarinagen,SWASTA,https://referensi.data.kemendikdasmen.go.id/pendidikan/npsn/20279449
Kabupaten Bandung Barat,Cipongkor,dikdas,20279444,MTSS MUSLIMIN CIJENUK,Jl PLTASaguling NO 02,Citalem,SWASTA,https://referensi.data.kemendikdasmen.go.id/pendidikan/npsn/20279444
Kabupaten Bandung Barat,Cipongkor,dikdas,20279445,MTSS MUSLIMIN CIPONGKOR,Jl. Pln Gunung Karang No.12,Sarinagen,SWASTA,https://referensi.data.kemendikdasmen.go.id/pendidikan/npsn/20279445
Kabupaten Bandung Barat,Cipongkor,dikdas,20279451,MTSS NURUL FALAH AL-BISRIYAH,Kp. Cikancana Rt 03 Rw 08,Cibenda,SWASTA,https://referensi.data.kemendikdasmen.go.id/pendidikan/npsn/20279451
Kabupaten Bandung Barat,Cipongkor,dikdas,20279446,MTSS NURUSA ADAH,Kp. Ciakar Rt 02 Rw 07,Karangsari,SWASTA,https://referensi.data.kemendikdasmen.go.id/pendidikan/npsn/20279446
Kabupaten Bandung Barat,Cipongkor,dikdas,20279448,MTsS SYARIF HIDAYATULLOH,Jl. PLTA Saguling Kp. Cibanas RT 04 RW 03,Neglasari,SWASTA,https://referensi.data.kemendikdasmen.go.id/pendidikan/npsn/20279448
Kabupaten Bandung Barat,Cipongkor,dikdas,69787294,MTsS SYIFAAUL HIKMAH,Kp. Cibuluh Rt 01 Rw 06,Baranangsiang,SWASTA,https://referensi.data.kemendikdasmen.go.id/pendidikan/npsn/69787294
Kabupaten Bandung Barat,Cipongkor,dikdas,20279452,MTSS THARIQUL FALIHIN,Kp. Cinagen Rt 02 Rw 04,Cintaasih,SWASTA,https://referensi.data.kemendikdasmen.go.id/pendidikan/npsn/20279452
Kabupaten Bandung Barat,Cipongkor,dikdas,20276201,MTSS ULUL ALBAB,Jl. Plta Saguling Kp. Bebedahan Rt 01 Rw 01,Neglasari,SWASTA,https://referensi.data.kemendikdasmen.go.id/pendidikan/npsn/20276201
Kabupaten Bandung Barat,Cipongkor,dikdas,20279447,MTSS YUSUFIYAH GIRIMUKTI,Kp. Babakan Sirnagalih Rt 03 Rw 01,Girimukti,SWASTA,https://referensi.data.kemendikdasmen.go.id/pendidikan/npsn/20279447
Kabupaten Bandung Barat,Cipongkor,dikdas,70046494,SD ALAM QURANI,KP.CIKAWUNG RT.03 RW.08,Sukamulya,SWASTA,https://referensi.data.kemendikdasmen.go.id/pendidikan/npsn/70046494
Kabupaten Bandung Barat,Cipongkor,dikdas,69995876,SD IT AL ISTIQOMAH,Kp. Babakan RT 04 RW 05,Cijambu,SWASTA,https://referensi.data.kemendikdasmen.go.id/pendidikan/npsn/69995876
Kabupaten Bandung Barat,Cipongkor,dikdas,69964837,SD IT SIRNAGALIH,KP. PAPASIRAN RT.04 RW.03,Sirnagalih,SWASTA,https://referensi.data.kemendikdasmen.go.id/pendidikan/npsn/69964837
Kabupaten Bandung Barat,Cipongkor,dikdas,20208003,SD NEGERI 1 CIBENDA,Jl.AMD No. 50 Kp. Petir RT.02 RW.05,Cibenda,NEGERI,https://referensi.data.kemendikdasmen.go.id/pendidikan/npsn/20208003
Kabupaten Bandung Barat,Cipongkor,dikdas,20207882,SD NEGERI 1 CICANGKANGHILIR,"Jl. PLTA Saguling, Kp Wareng RT. 004/ RW. 004",Sukamulya,NEGERI,https://referensi.data.kemendikdasmen.go.id/pendidikan/npsn/20207882
Kabupaten Bandung Barat,Cipongkor,dikdas,20208188,SD NEGERI 1 CIJENUK,Kp.Cijenuk,Cijenuk,NEGERI,https://referensi.data.kemendikdasmen.go.id/pendidikan/npsn/20208188
Kabupaten Bandung Barat,Cipongkor,dikdas,20207524,SD NEGERI 1 CIPONGKOR,Jl PLTA Saguling No.586 RT.01 RW.03,Mekarsari,NEGERI,https://referensi.data.kemendikdasmen.go.id/pendidikan/npsn/20207524
Kabupaten Bandung Barat,Cipongkor,dikdas,20207677,SD NEGERI 1 GIRIWANGI,Kp.pasirteureup,Cijenuk,NEGERI,https://referensi.data.kemendikdasmen.go.id/pendidikan/npsn/20207677
Kabupaten Bandung Barat,Cipongkor,dikdas,20208004,SD NEGERI 2 CIBENDA,Jl. AMD Manunggal No.50 Kp. Pasirhuni RT.04 RW.02,Cintaasih,NEGERI,https://referensi.data.kemendikdasmen.go.id/pendidikan/npsn/20208004
Kabupaten Bandung Barat,Cipongkor,dikdas,20208187,SD NEGERI 2 CICANGKANGHILIR,Kp. Pasarlama RT.01 RW.05,Sukamulya,NEGERI,https://referensi.data.kemendikdasmen.go.id/pendidikan/npsn/20208187
Kabupaten Bandung Barat,Cipongkor,dikdas,20207523,SD NEGERI 2 CIPONGKOR,Kp.Pasirsaji RT.02 RW.02,Neglasari,NEGERI,https://referensi.data.kemendikdasmen.go.id/pendidikan/npsn/20207523
Kabupaten Bandung Barat,Cipongkor,dikdas,20207688,SD NEGERI 2 GIRIWANGI,Kp.pasirteureup,Cijenuk,NEGERI,https://referensi.data.kemendikdasmen.go.id/pendidikan/npsn/20207688
Kabupaten Bandung Barat,Cipongkor,dikdas,20208015,SD NEGERI 3 CIBENDA,Kp. Gading RT.02/01,Cibenda,NEGERI,https://referensi.data.kemendikdasmen.go.id/pendidikan/npsn/20208015
Kabupaten Bandung Barat,Cipongkor,dikdas,20207522,SD NEGERI 3 CIPONGKOR,Jl. Pasirsaji Kp. Ciporang RT.02 RW.05,Neglasari,NEGERI,https://referensi.data.kemendikdasmen.go.id/pendidikan/npsn/20207522
Kabupaten Bandung Barat,Cipongkor,dikdas,20207521,SD NEGERI 4 CIPONGKOR,Kp.Ciakar RT.03 RW.07,Sarinagen,NEGERI,https://referensi.data.kemendikdasmen.go.id/pendidikan/npsn/20207521
Kabupaten Bandung Barat,Cipongkor,dikdas,20206947,SD NEGERI BARANANGSIANG,JL. Dusun Sindangsari Desa Baranangsiang,Baranangsiang,NEGERI,https://referensi.data.kemendikdasmen.go.id/pendidikan/npsn/20206947
Kabupaten Bandung Barat,Cipongkor,dikdas,20206992,SD NEGERI BINAWARGA,Jl.Cijambe RT.01 RW.02,Cicangkang Hilir,NEGERI,https://referensi.data.kemendikdasmen.go.id/pendidikan/npsn/20206992
Kabupaten Bandung Barat,Cipongkor,dikdas,20207971,SD NEGERI CACABAN,Kp.Jalan Cagak RT.04 RW.04,Baranangsiang,NEGERI,https://referensi.data.kemendikdasmen.go.id/pendidikan/npsn/20207971
Kabupaten Bandung Barat,Cipongkor,dikdas,20207942,SD NEGERI CANTRAWAYANG,KP. CANTRAWAYANG RT.02 RW.03,Karangsari,NEGERI,https://referensi.data.kemendikdasmen.go.id/pendidikan/npsn/20207942
Kabupaten Bandung Barat,Cipongkor,dikdas,20208030,SD NEGERI CIBANGBAN,Kp. Cibogo,Citalem,NEGERI,https://referensi.data.kemendikdasmen.go.id/pendidikan/npsn/20208030
Kabupaten Bandung Barat,Cipongkor,dikdas,20207881,SD NEGERI CIBEUREUM,JL. PASIRKOLOTOK Kp. CINAGROG,Citalem,NEGERI,https://referensi.data.kemendikdasmen.go.id/pendidikan/npsn/20207881
Kabupaten Bandung Barat,Cipongkor,dikdas,20207933,SD NEGERI CIBURUY,Kp. Ciburuy,Citalem,NEGERI,https://referensi.data.kemendikdasmen.go.id/pendidikan/npsn/20207933
Kabupaten Bandung Barat,Cipongkor,dikdas,20208209,SD NEGERI CIJAMBU,Kp.tegalpanjang,Cijambu,NEGERI,https://referensi.data.kemendikdasmen.go.id/pendidikan/npsn/20208209
Kabupaten Bandung Barat,Cipongkor,dikdas,20208041,SD NEGERI CIKAWUNG,Kp. Cipatra RT.01 RW.04,Cijenuk,NEGERI,https://referensi.data.kemendikdasmen.go.id/pendidikan/npsn/20208041
Kabupaten Bandung Barat,Cipongkor,dikdas,20208122,SD NEGERI CIKETA,Kp. Ciketa,Cijambu,NEGERI,https://referensi.data.kemendikdasmen.go.id/pendidikan/npsn/20208122
Kabupaten Bandung Barat,Cipongkor,dikdas,20207542,SD NEGERI CIMEGA,Kp.Bojongloa RT.03 RT.03,Sarinagen,NEGERI,https://referensi.data.kemendikdasmen.go.id/pendidikan/npsn/20207542
Kabupaten Bandung Barat,Cipongkor,dikdas,20207616,SD NEGERI CINTAASIH,KP. Cilame RT.03 RW.05,Cintaasih,NEGERI,https://referensi.data.kemendikdasmen.go.id/pendidikan/npsn/20207616
Kabupaten Bandung Barat,Cipongkor,dikdas,20207434,SD NEGERI CIPARI,Kp. Sandayang RT 01 RW 01,Cijambu,NEGERI,https://referensi.data.kemendikdasmen.go.id/pendidikan/npsn/20207434
Kabupaten Bandung Barat,Cipongkor,dikdas,20207499,SD NEGERI CIRIRIP,Jl.Tegalpanjang RT.05 RW.04,Cijambu,NEGERI,https://referensi.data.kemendikdasmen.go.id/pendidikan/npsn/20207499
Kabupaten Bandung Barat,Cipongkor,dikdas,20207729,SD NEGERI CITALEM,Jl.PLTA Saguling No.148 RT.03 RW.01,Citalem,NEGERI,https://referensi.data.kemendikdasmen.go.id/pendidikan/npsn/20207729
Kabupaten Bandung Barat,Cipongkor,dikdas,20207700,SD NEGERI GIRIMUKTI,KP. Girimukti,Girimukti,NEGERI,https://referensi.data.kemendikdasmen.go.id/pendidikan/npsn/20207700
Kabupaten Bandung Barat,Cipongkor,dikdas,20205543,SD NEGERI HARAPANJAYA,Kp. Sempurbajeg RT.01 RW.03,Cicangkang Hilir,NEGERI,https://referensi.data.kemendikdasmen.go.id/pendidikan/npsn/20205543
Kabupaten Bandung Barat,Cipongkor,dikdas,20205186,SD NEGERI MEKARSARI,Kp. Cigarung RT.01 RW.01,Mekarsari,NEGERI,https://referensi.data.kemendikdasmen.go.id/pendidikan/npsn/20205186
Kabupaten Bandung Barat,Cipongkor,dikdas,20205043,SD NEGERI NEGLASARI,KP. KATULAMPA RT.04 RW.08,Baranangsiang,NEGERI,https://referensi.data.kemendikdasmen.go.id/pendidikan/npsn/20205043
Kabupaten Bandung Barat,Cipongkor,dikdas,20205090,SD NEGERI PADAKATI,Jl. AMD Manunggal 50 No.85A,Cibenda,NEGERI,https://referensi.data.kemendikdasmen.go.id/pendidikan/npsn/20205090
Kabupaten Bandung Barat,Cipongkor,dikdas,20205341,SD NEGERI PALASARI,Kp.Palasari RT.01 RW.07,Cintaasih,NEGERI,https://referensi.data.kemendikdasmen.go.id/pendidikan/npsn/20205341
Kabupaten Bandung Barat,Cipongkor,dikdas,20205277,SD NEGERI PASIRAJAG,Kp Sempurbajeg RT.01 RW.03,Cicangkang Hilir,NEGERI,https://referensi.data.kemendikdasmen.go.id/pendidikan/npsn/20205277
Kabupaten Bandung Barat,Cipongkor,dikdas,20205274,SD NEGERI PASIRBANTENG,Kp. Cibanteng RT.01 RW.05,Citalem,NEGERI,https://referensi.data.kemendikdasmen.go.id/pendidikan/npsn/20205274
Kabupaten Bandung Barat,Cipongkor,dikdas,20205294,SD NEGERI PASIRDADALI,Kp Cihuni RT.03 RW.06,Citalem,NEGERI,https://referensi.data.kemendikdasmen.go.id/pendidikan/npsn/20205294
Kabupaten Bandung Barat,Cipongkor,dikdas,20206340,SD NEGERI PASIRTARASI,Jl. Cikaracak RT.02 RW.03,Cijambu,NEGERI,https://referensi.data.kemendikdasmen.go.id/pendidikan/npsn/20206340
Kabupaten Bandung Barat,Cipongkor,dikdas,20206548,SD NEGERI SARINAGEN,Kp Ciakar RT.02 RW.07,Sarinagen,NEGERI,https://referensi.data.kemendikdasmen.go.id/pendidikan/npsn/20206548
Kabupaten Bandung Barat,Cipongkor,dikdas,20206616,SD NEGERI SINDANGLAYA,Kp. Jajaway RT.01 RW.05,Mekarsari,NEGERI,https://referensi.data.kemendikdasmen.go.id/pendidikan/npsn/20206616
Kabupaten Bandung Barat,Cipongkor,dikdas,20206609,SD NEGERI SIRNAGALIH,Kp. Cicau RT.03 RW.06 Desa Sirnagalih,Sirnagalih,NEGERI,https://referensi.data.kemendikdasmen.go.id/pendidikan/npsn/20206609
Kabupaten Bandung Barat,Cipongkor,dikdas,20206455,SD NEGERI SIRNASARI,Kp. Bunder RT.01 RW.04,Karangsari,NEGERI,https://referensi.data.kemendikdasmen.go.id/pendidikan/npsn/20206455
Kabupaten Bandung Barat,Cipongkor,dikdas,20206005,SD NEGERI SURAMANGGALA,Kp. Suramanggala RT.01 RW.01,Baranangsiang,NEGERI,https://referensi.data.kemendikdasmen.go.id/pendidikan/npsn/20206005
Kabupaten Bandung Barat,Cipongkor,dikdas,20206160,SD NEGERI WARUNGTILU,Kp. Cigagak RT.04 RW.05,Baranangsiang,NEGERI,https://referensi.data.kemendikdasmen.go.id/pendidikan/npsn/20206160
Kabupaten Bandung Barat,Cipongkor,dikdas,70042455,SMP 45 CIPONGKOR,Jl. Sirnagalih No. 45,Sirnagalih,SWASTA,https://referensi.data.kemendikdasmen.go.id/pendidikan/npsn/70042455
Kabupaten Bandung Barat,Cipongkor,dikdas,70054196,SMP AL IJAZIE,Kp. Dawuan RT. 004 RW. 005,Cijenuk,SWASTA,https://referensi.data.kemendikdasmen.go.id/pendidikan/npsn/70054196
Kabupaten Bandung Barat,Cipongkor,dikdas,70031422,SMP IT AL-ISTIQOMAH,Kp. Babakan RT.004 RW.005,Cijambu,SWASTA,https://referensi.data.kemendikdasmen.go.id/pendidikan/npsn/70031422
Kabupaten Bandung Barat,Cipongkor,dikdas,70041639,SMP IT AL-MASHDUQIYAH,Kp. Cibalok RT. 001 RW. 004,Citalem,SWASTA,https://referensi.data.kemendikdasmen.go.id/pendidikan/npsn/70041639
Kabupaten Bandung Barat,Cipongkor,dikdas,69973598,SMP IT BUSTANUL MAARIF,JL AMD MANUNGGAL 50 KP PASIRMUNCANG RT.02 RW.01,Cintaasih,SWASTA,https://referensi.data.kemendikdasmen.go.id/pendidikan/npsn/69973598
Kabupaten Bandung Barat,Cipongkor,dikdas,20252881,SMP KP 1 CIPONGKOR,Jl. PLTA Saguling No 22,Mekarsari,SWASTA,https://referensi.data.kemendikdasmen.go.id/pendidikan/npsn/20252881
Kabupaten Bandung Barat,Cipongkor,dikdas,20252579,SMP KP 2 CIPONGKOR,Jl.desa Idt No 50,Cibenda,SWASTA,https://referensi.data.kemendikdasmen.go.id/pendidikan/npsn/20252579
Kabupaten Bandung Barat,Cipongkor,dikdas,20227702,SMP MUSLIMIN CIPONGKOR,Jl. Plta Saguling,Baranangsiang,SWASTA,https://referensi.data.kemendikdasmen.go.id/pendidikan/npsn/20227702
Kabupaten Bandung Barat,Cipongkor,dikdas,20206089,SMP NEGERI 2 CIPONGKOR,Jl. Desa Neglasari No. 2,Neglasari,NEGERI,https://referensi.data.kemendikdasmen.go.id/pendidikan/npsn/20206089
Kabupaten Bandung Barat,Cipongkor,dikdas,20206037,SMP NEGERI 1 CIPONGKOR,Jl Desa Cijenuk No 25,Cijenuk,NEGERI,https://referensi.data.kemendikdasmen.go.id/pendidikan/npsn/20206037
Kabupaten Bandung Barat,Cipongkor,dikdas,20267626,SMP NEGERI 3 CIPONGKOR,Jl. Desa Sirnagalih,Sirnagalih,NEGERI,https://referensi.data.kemendikdasmen.go.id/pendidikan/npsn/20267626
Kabupaten Bandung Barat,Cipongkor,dikdas,20279908,SMP NEGERI 4 CIPONGKOR,JL. AMD NO 50,Cintaasih,NEGERI,https://referensi.data.kemendikdasmen.go.id/pendidikan/npsn/20279908
Kabupaten Bandung Barat,Cipongkor,dikdas,20267623,SMP NEGERI 5 CIPONGKOR,Jln. CIGAGAK RT.04 RW.05,Baranangsiang,NEGERI,https://referensi.data.kemendikdasmen.go.id/pendidikan/npsn/20267623
Kabupaten Bandung Barat,Cipongkor,dikdas,69971800,SMP Plus HARAPAN CIPONGKOR,JL. PLTA SAGULING NO.3,Citalem,SWASTA,https://referensi.data.kemendikdasmen.go.id/pendidikan/npsn/69971800
Kabupaten Bandung Barat,Batujajar,dikdas,70037022,MI Terpadu Ar-Raudhah,Jl. Citunjung No. 69 RT 04 RW 03,Batujajar Timur,SWASTA,https://referensi.data.kemendikdasmen.go.id/pendidikan/npsn/70037022
Kabupaten Bandung Barat,Batujajar,dikdas,70029175,MI TERPADU TAUHIDUL IFKAR,KP. SUKAMANAH RT 03 RW 02,Pangauban,SWASTA,https://referensi.data.kemendikdasmen.go.id/pendidikan/npsn/70029175
Kabupaten Bandung Barat,Batujajar,dikdas,20276192,MIS AL ISHLAH,KP. NEGLASARI RT 02/13,Galanggang,SWASTA,https://referensi.data.kemendikdasmen.go.id/pendidikan/npsn/20276192
Kabupaten Bandung Barat,Batujajar,dikdas,60709451,MIS AL KHOIRIYAH BANI YUSUF,KP. SINAR MUKTI RT 03 RW 04,Selacau,SWASTA,https://referensi.data.kemendikdasmen.go.id/pendidikan/npsn/60709451
Kabupaten Bandung Barat,Batujajar,dikdas,60709453,MIS AL-MUBAROKAH,KP. CIPANGGULAAN NO. 17 RT 01 RW 06,Pangauban,SWASTA,https://referensi.data.kemendikdasmen.go.id/pendidikan/npsn/60709453
Kabupaten Bandung Barat,Batujajar,dikdas,60709439,MIS AS-SALAFIYAH,BLOK PESANTREN NO.7 RT 01/07 BATUJAJAR,Kec. Batujajar,SWASTA,https://referensi.data.kemendikdasmen.go.id/pendidikan/npsn/60709439
Kabupaten Bandung Barat,Batujajar,dikdas,60709440,MIS ASSULAEMANIYAH,KP. CANGKORAH RT 02 RW 01 DS. CANGKORAH,Selacau,SWASTA,https://referensi.data.kemendikdasmen.go.id/pendidikan/npsn/60709440
Kabupaten Bandung Barat,Batujajar,dikdas,69819530,MIS Az-Zahra,Jl. Raya Selacau No. 50 RT 01/04 Desa Selacau,Selacau,SWASTA,https://referensi.data.kemendikdasmen.go.id/pendidikan/npsn/69819530
Kabupaten Bandung Barat,Batujajar,dikdas,60709441,MIS BANURAJA,KP.BANURAJA RT 03/09 DS PANGAUBAN KECAMATAN BATUJAJAR,Batujajar Barat,SWASTA,https://referensi.data.kemendikdasmen.go.id/pendidikan/npsn/60709441
Kabupaten Bandung Barat,Batujajar,dikdas,60709442,MIS BIDAYATUL MUTA ALIMIN,KP. SEKE BANGBARA RT 02/12,Cangkorah,SWASTA,https://referensi.data.kemendikdasmen.go.id/pendidikan/npsn/60709442
Kabupaten Bandung Barat,Batujajar,dikdas,60709448,MIS JAUHARUL HUDA,DS.PANGAUBAN RT.03/05 BATUJAJAR,Pangauban,SWASTA,https://referensi.data.kemendikdasmen.go.id/pendidikan/npsn/60709448
Kabupaten Bandung Barat,Batujajar,dikdas,60709449,MIS KANDANGSAPI,KP CIHURIP RT 03/11 DS PANGAUBAN,Pangauban,SWASTA,https://referensi.data.kemendikdasmen.go.id/pendidikan/npsn/60709449
Kabupaten Bandung Barat,Batujajar,dikdas,60709450,MIS ROUDOTUTTALIM,JL. RAYA BARAT NO.363 DESA BATUJAJAR BARAT,Batujajar Barat,SWASTA,https://referensi.data.kemendikdasmen.go.id/pendidikan/npsn/60709450
Kabupaten Bandung Barat,Batujajar,dikdas,70037020,MTs TERPADU TAUHIDUL IFKAR,KP. SUKAMANAH RT 03 RW 02,Pangauban,SWASTA,https://referensi.data.kemendikdasmen.go.id/pendidikan/npsn/70037020
Kabupaten Bandung Barat,Batujajar,dikdas,20279399,MTSS AL GHIFARY,KP. PANGAUBAN RT 05 RW 05 DESA PANGAUBAN,Pangauban,SWASTA,https://referensi.data.kemendikdasmen.go.id/pendidikan/npsn/20279399
Kabupaten Bandung Barat,Batujajar,dikdas,20279385,MTSS AL-BIDAYAH,JL. H. SIDIQ NO. 29A,Giriasih,SWASTA,https://referensi.data.kemendikdasmen.go.id/pendidikan/npsn/20279385
Kabupaten Bandung Barat,Batujajar,dikdas,20279386,MTSS AL-IHSAN,JL. GALANGGANG NO. 69 RT 02 RW 18.,Galanggang,SWASTA,https://referensi.data.kemendikdasmen.go.id/pendidikan/npsn/20279386
Kabupaten Bandung Barat,Batujajar,dikdas,20279387,MTSS AL-MUBAROKAH,JL. CANGKORAH NO. 23 KP. CIPANGGULAAN RT. 01/06,Giriasih,SWASTA,https://referensi.data.kemendikdasmen.go.id/pendidikan/npsn/20279387
Kabupaten Bandung Barat,Batujajar,dikdas,20279388,MTSS ARRUKHSHATUL ULUM,KP. SAMPIH MANGGU RT. 03/11,Cangkorah,SWASTA,https://referensi.data.kemendikdasmen.go.id/pendidikan/npsn/20279388
Kabupaten Bandung Barat,Batujajar,dikdas,20279389,MTSS AZ-ZAHRA SELACAU,JL. SELACAU,Selacau,SWASTA,https://referensi.data.kemendikdasmen.go.id/pendidikan/npsn/20279389
Kabupaten Bandung Barat,Batujajar,dikdas,20279390,MTSS BANURAJA,PANGAUBAN RT 03/09,Pangauban,SWASTA,https://referensi.data.kemendikdasmen.go.id/pendidikan/npsn/20279390
Kabupaten Bandung Barat,Batujajar,dikdas,69725104,MTSS DAARUL RAHMAN,JL. PANGAUBAN KP. SUKAMANAH RT 03 RW 02,Pangauban,SWASTA,https://referensi.data.kemendikdasmen.go.id/pendidikan/npsn/69725104
Kabupaten Bandung Barat,Batujajar,dikdas,20279393,MTSS NURUL FALAH,KP. SEKELOA RT.02 RW.09,Cangkorah,SWASTA,https://referensi.data.kemendikdasmen.go.id/pendidikan/npsn/20279393
Kabupaten Bandung Barat,Batujajar,dikdas,20279397,MTSS NURUL HIDAYAH,BLOK SUKAMAJURT O4 / 13,Batujajar Barat,SWASTA,https://referensi.data.kemendikdasmen.go.id/pendidikan/npsn/20279397
Kabupaten Bandung Barat,Batujajar,dikdas,20279394,MTSS PERSIS (AL-ITTIHAD),KP. PAJAJARAN RT.01/03,Pangauban,SWASTA,https://referensi.data.kemendikdasmen.go.id/pendidikan/npsn/20279394
Kabupaten Bandung Barat,Batujajar,dikdas,20279396,MTsS TERPADU AL BIDAYAH CANGKORAH,JL. RAYA BATUJAJAR,Batujajar Barat,SWASTA,https://referensi.data.kemendikdasmen.go.id/pendidikan/npsn/20279396
Kabupaten Bandung Barat,Batujajar,dikdas,20206687,SD NEGERI BABAKAN PARI,Jl. Aster 1 Perum Batujajar Indah,Batujajar Timur,NEGERI,https://referensi.data.kemendikdasmen.go.id/pendidikan/npsn/20206687
Kabupaten Bandung Barat,Batujajar,dikdas,20206955,SD NEGERI BATUJAJAR 1,Jl. Raya Batujajar No 225,Batujajar Timur,NEGERI,https://referensi.data.kemendikdasmen.go.id/pendidikan/npsn/20206955
Kabupaten Bandung Barat,Batujajar,dikdas,20206954,SD NEGERI BATUJAJAR 2,Jl. Haur Ngambang No 4,Batujajar Timur,NEGERI,https://referensi.data.kemendikdasmen.go.id/pendidikan/npsn/20206954
Kabupaten Bandung Barat,Batujajar,dikdas,20206953,SD NEGERI BATUJAJAR 3,Jl. Raya Batujajar No. 225,Batujajar Timur,NEGERI,https://referensi.data.kemendikdasmen.go.id/pendidikan/npsn/20206953
Kabupaten Bandung Barat,Batujajar,dikdas,20206952,SD NEGERI BATUJAJAR 4,Jln. Sukamaju,Batujajar Barat,NEGERI,https://referensi.data.kemendikdasmen.go.id/pendidikan/npsn/20206952
Kabupaten Bandung Barat,Batujajar,dikdas,20206926,SD NEGERI BUDI ASIH,KP. cibeber hilir RT 02 RW 04,Giriasih,NEGERI,https://referensi.data.kemendikdasmen.go.id/pendidikan/npsn/20206926
Kabupaten Bandung Barat,Batujajar,dikdas,20207988,SD NEGERI CANGKORAH,Jln. Leuwigajah No 48,Giriasih,NEGERI,https://referensi.data.kemendikdasmen.go.id/pendidikan/npsn/20207988
Kabupaten Bandung Barat,Batujajar,dikdas,20207998,SD NEGERI CIBEBERHILIR,Kp. CibeberHilir,Giriasih,NEGERI,https://referensi.data.kemendikdasmen.go.id/pendidikan/npsn/20207998
Kabupaten Bandung Barat,Batujajar,dikdas,20207857,SD NEGERI CIBODAS 1,Kp. Cibodas RT 001 RW 008,Pangauban,NEGERI,https://referensi.data.kemendikdasmen.go.id/pendidikan/npsn/20207857
Kabupaten Bandung Barat,Batujajar,dikdas,20207837,SD NEGERI CIBODAS 3,Kp. Cibodas,Pangauban,NEGERI,https://referensi.data.kemendikdasmen.go.id/pendidikan/npsn/20207837
Kabupaten Bandung Barat,Batujajar,dikdas,20207918,SD NEGERI CIBUNGUR 1,Kp Cibungur Rt 01 Rw 10,Batujajar Timur,NEGERI,https://referensi.data.kemendikdasmen.go.id/pendidikan/npsn/20207918
Kabupaten Bandung Barat,Batujajar,dikdas,20207928,SD NEGERI CIBUNGUR 2,Kp. Cibungur Rt 02/11,Batujajar Timur,NEGERI,https://referensi.data.kemendikdasmen.go.id/pendidikan/npsn/20207928
Kabupaten Bandung Barat,Batujajar,dikdas,20207531,SD NEGERI CIMANGLID,Jl. Cimanglid,Cangkorah,NEGERI,https://referensi.data.kemendikdasmen.go.id/pendidikan/npsn/20207531
Kabupaten Bandung Barat,Batujajar,dikdas,20207637,SD NEGERI GALANGGANG 1,Jl. Raya Pangauban No.83,Pangauban,NEGERI,https://referensi.data.kemendikdasmen.go.id/pendidikan/npsn/20207637
Kabupaten Bandung Barat,Batujajar,dikdas,20207636,SD NEGERI GALANGGANG 2,Kp. Dunguspurna RT 1 RW 18,Galanggang,NEGERI,https://referensi.data.kemendikdasmen.go.id/pendidikan/npsn/20207636
Kabupaten Bandung Barat,Batujajar,dikdas,20207635,SD NEGERI GALANGGANG 3,Jl. Raya Batu Jajar No 260,Galanggang,NEGERI,https://referensi.data.kemendikdasmen.go.id/pendidikan/npsn/20207635
Kabupaten Bandung Barat,Batujajar,dikdas,20207633,SD NEGERI GALANGGANG 5,Jl. Warung Pulus,Galanggang,NEGERI,https://referensi.data.kemendikdasmen.go.id/pendidikan/npsn/20207633
Kabupaten Bandung Barat,Batujajar,dikdas,20207713,SD NEGERI GIRIASIH,Jl. Raya Cangkorah-Leuwigajah Cimahi No. 49,Giriasih,NEGERI,https://referensi.data.kemendikdasmen.go.id/pendidikan/npsn/20207713
Kabupaten Bandung Barat,Batujajar,dikdas,20207679,SD NEGERI GIRIWANGI,Kp. Giriwangi RT.02 RW.10,Selacau,NEGERI,https://referensi.data.kemendikdasmen.go.id/pendidikan/npsn/20207679
Kabupaten Bandung Barat,Batujajar,dikdas,20205521,SD NEGERI HEGARMANAH,Blok Komando,Galanggang,NEGERI,https://referensi.data.kemendikdasmen.go.id/pendidikan/npsn/20205521
Kabupaten Bandung Barat,Batujajar,dikdas,20205609,SD NEGERI JALANTIR,Kp Jalantir Rt 02 Rw 13,Selacau,NEGERI,https://referensi.data.kemendikdasmen.go.id/pendidikan/npsn/20205609
Kabupaten Bandung Barat,Batujajar,dikdas,20205213,SD NEGERI MEKARJAYA,Kp. Seketando RT. 02 RW. 14,Cangkorah,NEGERI,https://referensi.data.kemendikdasmen.go.id/pendidikan/npsn/20205213
Kabupaten Bandung Barat,Batujajar,dikdas,20205195,SD NEGERI MEKARSARI,PASIRASTANA RT 02/03,Cangkorah,NEGERI,https://referensi.data.kemendikdasmen.go.id/pendidikan/npsn/20205195
Kabupaten Bandung Barat,Batujajar,dikdas,20205101,SD NEGERI NEGLASARI,Kp. Cicangkuang Rt 03 / 08,Giriasih,NEGERI,https://referensi.data.kemendikdasmen.go.id/pendidikan/npsn/20205101
Kabupaten Bandung Barat,Batujajar,dikdas,20206554,SD NEGERI SAMPIHMANGGU,Kp. Sampihmanggu,Cangkorah,NEGERI,https://referensi.data.kemendikdasmen.go.id/pendidikan/npsn/20206554
Kabupaten Bandung Barat,Batujajar,dikdas,20206539,SD NEGERI SELACAU,Kp. Selacau RT 01 Rw 06,Selacau,NEGERI,https://referensi.data.kemendikdasmen.go.id/pendidikan/npsn/20206539
Kabupaten Bandung Barat,Batujajar,dikdas,20206610,SD NEGERI SINARJAYA,Blok Sinarjaya RT/RW. 03/15,Batujajar Barat,NEGERI,https://referensi.data.kemendikdasmen.go.id/pendidikan/npsn/20206610
Kabupaten Bandung Barat,Batujajar,dikdas,20206485,SD NEGERI SUKAMAJU,Blok Sukamaju,Batujajar Barat,NEGERI,https://referensi.data.kemendikdasmen.go.id/pendidikan/npsn/20206485
Kabupaten Bandung Barat,Batujajar,dikdas,20206008,SD NEGERI SUKASARI,Sukasari,Galanggang,NEGERI,https://referensi.data.kemendikdasmen.go.id/pendidikan/npsn/20206008
Kabupaten Bandung Barat,Batujajar,dikdas,69971326,SDI DAAR AL IMAN,KOMP. PUSPA REGENSI BLOK D NO.27,Batujajar Timur,SWASTA,https://referensi.data.kemendikdasmen.go.id/pendidikan/npsn/69971326
Kabupaten Bandung Barat,Batujajar,dikdas,69990124,SDIT AL FATH,JL. GALANGGANG RT 03 RW 18,Galanggang,SWASTA,https://referensi.data.kemendikdasmen.go.id/pendidikan/npsn/69990124
Kabupaten Bandung Barat,Batujajar,dikdas,69971325,SDIT ANAK KREATIF,Jl. Raya Batujajar No.138 RT.02 RW.12,Giriasih,SWASTA,https://referensi.data.kemendikdasmen.go.id/pendidikan/npsn/69971325
Kabupaten Bandung Barat,Batujajar,dikdas,70043350,SDIT AT-TAQWA PANGAUBAN,Kp. Pangauban RT.01 RW.05,Pangauban,SWASTA,https://referensi.data.kemendikdasmen.go.id/pendidikan/npsn/70043350
Kabupaten Bandung Barat,Batujajar,dikdas,70036465,SMP AL FAJRI BATUJAJAR,Jl. Seketando RT 002 RW 013,Cangkorah,SWASTA,https://referensi.data.kemendikdasmen.go.id/pendidikan/npsn/70036465
Kabupaten Bandung Barat,Batujajar,dikdas,20206216,SMP BHAKTI MULYA,Jl. Bhakti Mulya Blok Babakan Sari,Batujajar Barat,SWASTA,https://referensi.data.kemendikdasmen.go.id/pendidikan/npsn/20206216
Kabupaten Bandung Barat,Batujajar,dikdas,70063915,SMP ISLAM INFORMATIKA DAAR AL IMAN,Jl. Raya Batujajar Puspa Regency Blok C No. 91 RT. 003 RW. 009,Kec. Batujajar,SWASTA,https://referensi.data.kemendikdasmen.go.id/pendidikan/npsn/70063915
Kabupaten Bandung Barat,Batujajar,dikdas,70042459,SMP ISLAM TERPADU GENERASI KREATIF,Jl. Al-Falah No. 20 RT. 007 RW. 016,Batujajar Barat,SWASTA,https://referensi.data.kemendikdasmen.go.id/pendidikan/npsn/70042459
Kabupaten Bandung Barat,Batujajar,dikdas,70057251,SMP IT AL-MUBAROK PANGAUBAN,Kp. Cibodas Rt 01/08,Pangauban,SWASTA,https://referensi.data.kemendikdasmen.go.id/pendidikan/npsn/70057251
Kabupaten Bandung Barat,Batujajar,dikdas,70057664,SMP IT GLOBAL SOLUSI INDONESIA,Jl. Raya Batujajar No. 180 RT. 001 RW. 001,Selacau,SWASTA,https://referensi.data.kemendikdasmen.go.id/pendidikan/npsn/70057664
Kabupaten Bandung Barat,Batujajar,dikdas,69978349,SMP LUHUR BALADIKA BATUJAJAR,JL. SELACAU NO. 34,Selacau,SWASTA,https://referensi.data.kemendikdasmen.go.id/pendidikan/npsn/69978349
Kabupaten Bandung Barat,Batujajar,dikdas,20227688,SMP MAHARDHIKA,Jl. Raya Batujajar No. 30 Cangkorah,Giriasih,SWASTA,https://referensi.data.kemendikdasmen.go.id/pendidikan/npsn/20227688
Kabupaten Bandung Barat,Batujajar,dikdas,20252475,SMP NEGERI 1 BATUJAJAR,Jl. SMP No.12 Batujajar RT.01 rw.03,Batujajar Barat,NEGERI,https://referensi.data.kemendikdasmen.go.id/pendidikan/npsn/20252475
Kabupaten Bandung Barat,Batujajar,dikdas,20206124,SMP NEGERI 2 BATUJAJAR,Jl. Pangauban No 184 a,Pangauban,NEGERI,https://referensi.data.kemendikdasmen.go.id/pendidikan/npsn/20206124
Kabupaten Bandung Barat,Batujajar,dikdas,60728853,SMP NEGERI 3 BATUJAJAR,JL. HAURNGAMBANG RT.02 RW.05,Batujajar Timur,NEGERI,https://referensi.data.kemendikdasmen.go.id/pendidikan/npsn/60728853
Kabupaten Bandung Barat,Batujajar,dikdas,70049118,SMP TERPADU ASSALAFIYYAH BATUJAJAR,Blok Pesantren RT. 001 RW. 007,Batujajar Barat,SWASTA,https://referensi.data.kemendikdasmen.go.id/pendidikan/npsn/70049118
Kabupaten Bandung Barat,Cipatat,dikdas,70053687,MI AL-FIRDAUS,Kp. Sakola RT 001 RW 011,Kec. Cipatat,SWASTA,https://referensi.data.kemendikdasmen.go.id/pendidikan/npsn/70053687
Kabupaten Bandung Barat,Cipatat,dikdas,70029076,MI AL-HUDA,Kp. Sirnasari RT 01 RW 15,Kertamukti,SWASTA,https://referensi.data.kemendikdasmen.go.id/pendidikan/npsn/70029076
Kabupaten Bandung Barat,Cipatat,dikdas,60709492,MIS AL-HIKMAH,KP. MEKARWANGI RT/RW.01/12 DESA GUNUNGMASIGIT,Kertamukti,SWASTA,https://referensi.data.kemendikdasmen.go.id/pendidikan/npsn/60709492
Kabupaten Bandung Barat,Cipatat,dikdas,60709501,MIS AN-NUR,KP. CISADANG RT 01/10,Cipatat,SWASTA,https://referensi.data.kemendikdasmen.go.id/pendidikan/npsn/60709501
Kabupaten Bandung Barat,Cipatat,dikdas,69819524,MIS Ar-Rahmat,Kp. Cisitu RT 01 RW 02 Desa Citatah,Cipatat,SWASTA,https://referensi.data.kemendikdasmen.go.id/pendidikan/npsn/69819524
Kabupaten Bandung Barat,Cipatat,dikdas,60709493,MIS AT-TAQWA,"JL. RAYA PURWAKARTA KM 8,9 KP. TONJONG RW 02",Rajamandala Kulon,SWASTA,https://referensi.data.kemendikdasmen.go.id/pendidikan/npsn/60709493
Kabupaten Bandung Barat,Cipatat,dikdas,60709494,MIS CIGINTUNG,KP. CIGINTUNG,Citatah,SWASTA,https://referensi.data.kemendikdasmen.go.id/pendidikan/npsn/60709494
Kabupaten Bandung Barat,Cipatat,dikdas,60709495,MIS CIREUNDEU,KP. PASIRJATI RT 01/18,Citatah,SWASTA,https://referensi.data.kemendikdasmen.go.id/pendidikan/npsn/60709495
Kabupaten Bandung Barat,Cipatat,dikdas,60709496,MIS IDZHARUL HUDA,KP. SIRNAGALIH RT 01/05,Cipatat,SWASTA,https://referensi.data.kemendikdasmen.go.id/pendidikan/npsn/60709496
Kabupaten Bandung Barat,Cipatat,dikdas,60709497,MIS KHOERUL HUDA,KP. CIRANJI RT 02/RW 03 DESA MANDALASARI KEC.CIPATAT KAB.BANDUNG BARAT,Mandalasari,SWASTA,https://referensi.data.kemendikdasmen.go.id/pendidikan/npsn/60709497
Kabupaten Bandung Barat,Cipatat,dikdas,60709498,MIS NURUL HUDA,KP. WARUNG JAMBE RT. 02/10 DS. RAJAMANDALA KULON,Kertamukti,SWASTA,https://referensi.data.kemendikdasmen.go.id/pendidikan/npsn/60709498
Kabupaten Bandung Barat,Cipatat,dikdas,60709622,MIS Qolbun Saliim,Kp. Bojong Honje RT 02 RW 15,Citatah,SWASTA,https://referensi.data.kemendikdasmen.go.id/pendidikan/npsn/60709622
Kabupaten Bandung Barat,Cipatat,dikdas,60709499,MIS SYAMSUDDIN,KP. CITAPEN RT. 02/18,Citatah,SWASTA,https://referensi.data.kemendikdasmen.go.id/pendidikan/npsn/60709499
Kabupaten Bandung Barat,Cipatat,dikdas,60709500,MIS YDPI,KP. PAMUCATAN NO. 5 RT 01/01,Kec. Cipatat,SWASTA,https://referensi.data.kemendikdasmen.go.id/pendidikan/npsn/60709500
Kabupaten Bandung Barat,Cipatat,dikdas,20279435,MTSS AL MUFTI CIREUNDEU,KP. PASIR JATI RT.01 RW.18,Sarimukti,SWASTA,https://referensi.data.kemendikdasmen.go.id/pendidikan/npsn/20279435
Kabupaten Bandung Barat,Cipatat,dikdas,20279432,MTSS AL MUKHTARIYAH 1 CIHALIMUN,KP. CIHALIMUN RT 01/05,Gunungmasigit,SWASTA,https://referensi.data.kemendikdasmen.go.id/pendidikan/npsn/20279432
Kabupaten Bandung Barat,Cipatat,dikdas,20279433,MTSS AL MUKHTARIYAH 2 CITATAH,KP. HEGARMANAH RT 04/04,Citatah,SWASTA,https://referensi.data.kemendikdasmen.go.id/pendidikan/npsn/20279433
Kabupaten Bandung Barat,Cipatat,dikdas,20279434,MTSS AL MUKHTARIYAH 3 CIPTAHARJA,KP CIJUHUNG DESA CIPTAHARJA,Ciptaharja,SWASTA,https://referensi.data.kemendikdasmen.go.id/pendidikan/npsn/20279434
Kabupaten Bandung Barat,Cipatat,dikdas,20279427,MTSS AL-FIRDAUS,KOMP. AL FIRDAUS KP. SAKOLA RT.01/04,Rajamandala Kulon,SWASTA,https://referensi.data.kemendikdasmen.go.id/pendidikan/npsn/20279427
Kabupaten Bandung Barat,Cipatat,dikdas,20279428,MTSS AL-IHSANIYAH SARIMUKTI,JL. SUKAMENAK KP. CURUG DOG-DOG RT 01/10 NO. 25,Sarimukti,SWASTA,https://referensi.data.kemendikdasmen.go.id/pendidikan/npsn/20279428
Kabupaten Bandung Barat,Cipatat,dikdas,69983141,MTSS AL-MUHAJIRIN MANDALASARI,Kp. Medalwangi RT 02 RW 13,Mandalasari,SWASTA,https://referensi.data.kemendikdasmen.go.id/pendidikan/npsn/69983141
Kabupaten Bandung Barat,Cipatat,dikdas,20279429,MTSS AL-MUKHTARIYAH RAJAMANDALA,JL. STASION RAJAMANDALA NO. 01,Rajamandala Kulon,SWASTA,https://referensi.data.kemendikdasmen.go.id/pendidikan/npsn/20279429
Kabupaten Bandung Barat,Cipatat,dikdas,20279430,MTSS ASY - SYIFA,JL. PASIR ANGIN RT. 01/11 DESA KERTAMUKTI,Kertamukti,SWASTA,https://referensi.data.kemendikdasmen.go.id/pendidikan/npsn/20279430
Kabupaten Bandung Barat,Cipatat,dikdas,20279431,MTSS MIFTAHUL ULUM,KP. BALEKAMBANG,Rajamandala Kulon,SWASTA,https://referensi.data.kemendikdasmen.go.id/pendidikan/npsn/20279431
Kabupaten Bandung Barat,Cipatat,dikdas,69955952,MTsS Nur Fauzan,Kp. Sukarame Rt 01 Rw 02,Ciptaharja,SWASTA,https://referensi.data.kemendikdasmen.go.id/pendidikan/npsn/69955952
Kabupaten Bandung Barat,Cipatat,dikdas,20205561,SD NEGERI 2 GUNUNGMASIGIT,Kp. Rancamoyan RT.03 RW.14,Gunungmasigit,NEGERI,https://referensi.data.kemendikdasmen.go.id/pendidikan/npsn/20205561
Kabupaten Bandung Barat,Cipatat,dikdas,20207431,SD NEGERI 1 CIPATAT,Jl. Raya Cipatat No.79 RT.01 RW.04,Ciptaharja,NEGERI,https://referensi.data.kemendikdasmen.go.id/pendidikan/npsn/20207431
Kabupaten Bandung Barat,Cipatat,dikdas,20205079,SD NEGERI 1 NYALINDUNG,Jl. Raya Purwakarta No.723,Nyalindung,NEGERI,https://referensi.data.kemendikdasmen.go.id/pendidikan/npsn/20205079
Kabupaten Bandung Barat,Cipatat,dikdas,20205087,SD NEGERI 1 NYOMPLONG,Kp. Nyomplong Rt.03 Rw.16,Rajamandala Kulon,NEGERI,https://referensi.data.kemendikdasmen.go.id/pendidikan/npsn/20205087
Kabupaten Bandung Barat,Cipatat,dikdas,20206377,SD NEGERI 1 RAJAMANDALAKULON,Jl. Raya Rajamandala Kulon No.494,Rajamandala Kulon,NEGERI,https://referensi.data.kemendikdasmen.go.id/pendidikan/npsn/20206377
Kabupaten Bandung Barat,Cipatat,dikdas,20205952,SD NEGERI 1 SUKARAME,Jl.Raya Cipatat Km.34 RT. 04 RW. 16,Cipatat,NEGERI,https://referensi.data.kemendikdasmen.go.id/pendidikan/npsn/20205952
Kabupaten Bandung Barat,Cipatat,dikdas,20205984,SD NEGERI 1 SUMURBANDUNG,Kp. Singapura RT.01 RW.11,Sumurbandung,NEGERI,https://referensi.data.kemendikdasmen.go.id/pendidikan/npsn/20205984
Kabupaten Bandung Barat,Cipatat,dikdas,20205950,SD NEGERI 2 CIPTAHARJA,Jl. Sukarame No.18 RT.01 RW.02,Ciptaharja,NEGERI,https://referensi.data.kemendikdasmen.go.id/pendidikan/npsn/20205950
Kabupaten Bandung Barat,Cipatat,dikdas,20207745,SD NEGERI 2 CITATAH,Kp. Bulan-Bulan RT 02 RW 16,Citatah,NEGERI,https://referensi.data.kemendikdasmen.go.id/pendidikan/npsn/20207745
Kabupaten Bandung Barat,Cipatat,dikdas,20205493,SD NEGERI 2 KERTAMUKTI,Kp. Baru RT.02 RW.18,Kertamukti,NEGERI,https://referensi.data.kemendikdasmen.go.id/pendidikan/npsn/20205493
Kabupaten Bandung Barat,Cipatat,dikdas,20205088,SD NEGERI 2 NYOMPLONG,Kp. Nyomplong RT 001 RW 015,Cipatat,NEGERI,https://referensi.data.kemendikdasmen.go.id/pendidikan/npsn/20205088
Kabupaten Bandung Barat,Cipatat,dikdas,20206326,SD NEGERI 2 RAJAMANDALAKULON,"Jl. Stasiun, No. 04, RT 01 / RW 13",Rajamandala Kulon,NEGERI,https://referensi.data.kemendikdasmen.go.id/pendidikan/npsn/20206326
Kabupaten Bandung Barat,Cipatat,dikdas,20207442,SD NEGERI 3 CIPATAT,Jl Raya Cipatat No.38 RT.01 RW.03,Cipatat,NEGERI,https://referensi.data.kemendikdasmen.go.id/pendidikan/npsn/20207442
Kabupaten Bandung Barat,Cipatat,dikdas,20206277,SD NEGERI 3 RAJAMANDALAKULON,Kp. Babakan Bandung RT.02 RW.03,Rajamandala Kulon,NEGERI,https://referensi.data.kemendikdasmen.go.id/pendidikan/npsn/20206277
Kabupaten Bandung Barat,Cipatat,dikdas,20228167,SD NEGERI 4 RAJAMANDALAKULON,Komp. PTPN VIII Rajamandala Kulon RT.01 RW.02,Rajamandala Kulon,NEGERI,https://referensi.data.kemendikdasmen.go.id/pendidikan/npsn/20228167
Kabupaten Bandung Barat,Cipatat,dikdas,20206966,SD NEGERI BALEKAMBANG,Kp Balekambang RT.02 RW.10,Cirawamekar,NEGERI,https://referensi.data.kemendikdasmen.go.id/pendidikan/npsn/20206966
Kabupaten Bandung Barat,Cipatat,dikdas,20208002,SD NEGERI CIBARENGKOK,Kp. Ciloa RT.02 RW.06,Nyalindung,NEGERI,https://referensi.data.kemendikdasmen.go.id/pendidikan/npsn/20208002
Kabupaten Bandung Barat,Cipatat,dikdas,20207901,SD NEGERI CICADAS,Kp Cicadas Rt.02 Rw.05,Sarimukti,NEGERI,https://referensi.data.kemendikdasmen.go.id/pendidikan/npsn/20207901
Kabupaten Bandung Barat,Cipatat,dikdas,20208170,SD NEGERI CIDEPONG,Kp. Cidepong RT.03 RW.07,Sumurbandung,NEGERI,https://referensi.data.kemendikdasmen.go.id/pendidikan/npsn/20208170
Kabupaten Bandung Barat,Cipatat,dikdas,20208149,SD NEGERI CIHALIMUN,Kp. Cihalimun Rt.01 Rw.19,Gunungmasigit,NEGERI,https://referensi.data.kemendikdasmen.go.id/pendidikan/npsn/20208149
Kabupaten Bandung Barat,Cipatat,dikdas,20208071,SD NEGERI CIKADU,KP. SUKAMAJU RT.02 RW.09,Mandalawangi,NEGERI,https://referensi.data.kemendikdasmen.go.id/pendidikan/npsn/20208071
Kabupaten Bandung Barat,Cipatat,dikdas,20208077,SD NEGERI CIKALAPA,Kp. Cikalapa RT.02 RW. 07,Rajamandala Kulon,NEGERI,https://referensi.data.kemendikdasmen.go.id/pendidikan/npsn/20208077
Kabupaten Bandung Barat,Cipatat,dikdas,20207611,SD NEGERI CIMERANG,KP. CIMERANG RT.03 RW.05,Cipatat,NEGERI,https://referensi.data.kemendikdasmen.go.id/pendidikan/npsn/20207611
Kabupaten Bandung Barat,Cipatat,dikdas,20207624,SD NEGERI CINANGSI,Kp. Cinangsi Rt.02 Rw.16,Sumurbandung,NEGERI,https://referensi.data.kemendikdasmen.go.id/pendidikan/npsn/20207624
Kabupaten Bandung Barat,Cipatat,dikdas,20207584,SD NEGERI CINTALAKSANA,Kp Nyalindung Rt.01 Rw.12,Cirawamekar,NEGERI,https://referensi.data.kemendikdasmen.go.id/pendidikan/npsn/20207584
Kabupaten Bandung Barat,Cipatat,dikdas,20207592,SD NEGERI CIPADASARI,Kp. Babakan RT.01 RW.10,Nyalindung,NEGERI,https://referensi.data.kemendikdasmen.go.id/pendidikan/npsn/20207592
Kabupaten Bandung Barat,Cipatat,dikdas,20207504,SD NEGERI CIPTAHARJA,Jl. Desa Ciptaharja No.118,Ciptaharja,NEGERI,https://referensi.data.kemendikdasmen.go.id/pendidikan/npsn/20207504
Kabupaten Bandung Barat,Cipatat,dikdas,20207482,SD NEGERI CIRAWA,Kp. Cirawa RT.02 RW.06,Cirawamekar,NEGERI,https://referensi.data.kemendikdasmen.go.id/pendidikan/npsn/20207482
Kabupaten Bandung Barat,Cipatat,dikdas,20207746,SD NEGERI CITATAH,Jl Raya Bandung Cianjur Km. 26 No. 292,Citatah,NEGERI,https://referensi.data.kemendikdasmen.go.id/pendidikan/npsn/20207746
Kabupaten Bandung Barat,Cipatat,dikdas,20207685,SD NEGERI GIRIMUKTI,Kp. Ciparang Rt.02 Rw.07,Cipatat,NEGERI,https://referensi.data.kemendikdasmen.go.id/pendidikan/npsn/20207685
Kabupaten Bandung Barat,Cipatat,dikdas,20207712,SD NEGERI GIRIMULYA,KP. Ciwalahir Rt 02 Rw 07,Gunungmasigit,NEGERI,https://referensi.data.kemendikdasmen.go.id/pendidikan/npsn/20207712
Kabupaten Bandung Barat,Cipatat,dikdas,20205562,SD NEGERI GUNUNGMASIGIT,Jl. Raya Bandung-Cianjur Km. 24,Gunungmasigit,NEGERI,https://referensi.data.kemendikdasmen.go.id/pendidikan/npsn/20205562
Kabupaten Bandung Barat,Cipatat,dikdas,20205623,SD NEGERI JATI,Kp. Sirnawati RT.02 RW.10,Sarimukti,NEGERI,https://referensi.data.kemendikdasmen.go.id/pendidikan/npsn/20205623
Kabupaten Bandung Barat,Cipatat,dikdas,20205433,SD NEGERI KARANGMULYA,Kp. Karangmulya Rt.02 Rw.01,Citatah,NEGERI,https://referensi.data.kemendikdasmen.go.id/pendidikan/npsn/20205433
Kabupaten Bandung Barat,Cipatat,dikdas,20205443,SD NEGERI KARANGPUTIH,Kp. Cinangsi RT.03 RW.04,Gunungmasigit,NEGERI,https://referensi.data.kemendikdasmen.go.id/pendidikan/npsn/20205443
Kabupaten Bandung Barat,Cipatat,dikdas,20205483,SD NEGERI KERTAMUKTI,KP. CIKONDANG RT. 01 RW. 14,Kertamukti,NEGERI,https://referensi.data.kemendikdasmen.go.id/pendidikan/npsn/20205483
Kabupaten Bandung Barat,Cipatat,dikdas,20205807,SD NEGERI LEGOKPEUNDEUY,Kp. Legokpeundeuy RT.01 RW.02,Sumurbandung,NEGERI,https://referensi.data.kemendikdasmen.go.id/pendidikan/npsn/20205807
Kabupaten Bandung Barat,Cipatat,dikdas,20205247,SD NEGERI MANDALASARI,Jl. Desa Mandalasari No.33,Mandalasari,NEGERI,https://referensi.data.kemendikdasmen.go.id/pendidikan/npsn/20205247
Kabupaten Bandung Barat,Cipatat,dikdas,20205697,SD NEGERI MANDALAWANGI,Kp Pabuaran RT.03 RW.13,Mandalawangi,NEGERI,https://referensi.data.kemendikdasmen.go.id/pendidikan/npsn/20205697
Kabupaten Bandung Barat,Cipatat,dikdas,20205708,SD NEGERI MANGGAH,Kp. Manggah RT.02 RW.07,Kertamukti,NEGERI,https://referensi.data.kemendikdasmen.go.id/pendidikan/npsn/20205708
Kabupaten Bandung Barat,Cipatat,dikdas,20205160,SD NEGERI MARGAASIH,Kp. Margaluyu RT.03 RW.10,Kertamukti,NEGERI,https://referensi.data.kemendikdasmen.go.id/pendidikan/npsn/20205160
Kabupaten Bandung Barat,Cipatat,dikdas,20205166,SD NEGERI MARGALAKSANA,Kp. Margalaksana RT.03 RW.03,Kertamukti,NEGERI,https://referensi.data.kemendikdasmen.go.id/pendidikan/npsn/20205166
Kabupaten Bandung Barat,Cipatat,dikdas,20205135,SD NEGERI MARGALUYU,Jl. Raya Citatah KM. 30,Citatah,NEGERI,https://referensi.data.kemendikdasmen.go.id/pendidikan/npsn/20205135
Kabupaten Bandung Barat,Cipatat,dikdas,20205176,SD NEGERI MEKARSARI,KP. SELAJAMBE RT.04 RW.13,Citatah,NEGERI,https://referensi.data.kemendikdasmen.go.id/pendidikan/npsn/20205176
Kabupaten Bandung Barat,Cipatat,dikdas,20205097,SD NEGERI PABUARAN,Kp. Pabuaran Rt.01 Rw.01,Mandalawangi,NEGERI,https://referensi.data.kemendikdasmen.go.id/pendidikan/npsn/20205097
Kabupaten Bandung Barat,Cipatat,dikdas,20205227,SD NEGERI PARAKANKOPO,Kp. Cikokosan RT 002 RW 002,Kertamukti,NEGERI,https://referensi.data.kemendikdasmen.go.id/pendidikan/npsn/20205227
Kabupaten Bandung Barat,Cipatat,dikdas,20205237,SD NEGERI PAREANGKOLOT,Jl. Desa Mandalasari No. 26,Mandalasari,NEGERI,https://referensi.data.kemendikdasmen.go.id/pendidikan/npsn/20205237
Kabupaten Bandung Barat,Cipatat,dikdas,20205316,SD NEGERI PASEGAN,Kp. Pasegan RT.03 RW.17,Cipatat,NEGERI,https://referensi.data.kemendikdasmen.go.id/pendidikan/npsn/20205316
Kabupaten Bandung Barat,Cipatat,dikdas,20206259,SD NEGERI RANCABENTANG,Kp. Rancabentang RT. 001 RW. 022,Rajamandala Kulon,NEGERI,https://referensi.data.kemendikdasmen.go.id/pendidikan/npsn/20206259
Kabupaten Bandung Barat,Cipatat,dikdas,20206566,SD NEGERI SARIMUKTI,Jl. Cirata KM.03 Kp. Jati RT.01 RW.01,Sarimukti,NEGERI,https://referensi.data.kemendikdasmen.go.id/pendidikan/npsn/20206566
Kabupaten Bandung Barat,Cipatat,dikdas,20206547,SD NEGERI SASAK SAAT,Jl. Raya Purwakarta Km 29,Sumurbandung,NEGERI,https://referensi.data.kemendikdasmen.go.id/pendidikan/npsn/20206547
Kabupaten Bandung Barat,Cipatat,dikdas,20206533,SD NEGERI SASAKSENG,Kp Cirawa RT.02 RW.14,Cirawamekar,NEGERI,https://referensi.data.kemendikdasmen.go.id/pendidikan/npsn/20206533
Kabupaten Bandung Barat,Cipatat,dikdas,20206583,SD NEGERI SINDANGSARI,Jl. Raya Bandung Cianjur Km 28,Citatah,NEGERI,https://referensi.data.kemendikdasmen.go.id/pendidikan/npsn/20206583
Kabupaten Bandung Barat,Cipatat,dikdas,20206014,SD NEGERI SUKASARI,Kp. Sukarame RT.06 RW.02,Ciptaharja,NEGERI,https://referensi.data.kemendikdasmen.go.id/pendidikan/npsn/20206014
Kabupaten Bandung Barat,Cipatat,dikdas,20206003,SD NEGERI TAGOG,Kp Tagog RT.01 RW.03,Mandalawangi,NEGERI,https://referensi.data.kemendikdasmen.go.id/pendidikan/npsn/20206003
Kabupaten Bandung Barat,Cipatat,dikdas,20205995,SD NEGERI TALUN,Kp.Talun RT.01 RW.08,Ciptaharja,NEGERI,https://referensi.data.kemendikdasmen.go.id/pendidikan/npsn/20205995
Kabupaten Bandung Barat,Cipatat,dikdas,20206174,SD NEGERI YUDHA BHAKTI,Jl. Sekip RT.03 RW.08,Cipatat,NEGERI,https://referensi.data.kemendikdasmen.go.id/pendidikan/npsn/20206174
Kabupaten Bandung Barat,Cipatat,dikdas,70061939,SDIT FITHRAH INSANI 8,Jl. Nasional III Mandalawangi No. 04 RT. 03 RW. 09,Mandalasari,SWASTA,https://referensi.data.kemendikdasmen.go.id/pendidikan/npsn/70061939
Kabupaten Bandung Barat,Cipatat,dikdas,70046009,SDIT HIDAYATUL ULUM,Kp. Cibihbul RT.03 RW.11,Gunungmasigit,SWASTA,https://referensi.data.kemendikdasmen.go.id/pendidikan/npsn/70046009
Kabupaten Bandung Barat,Cipatat,dikdas,20227622,SMP AL HIKMAH CIPATAT,"Jl. Raya Gunungmasigit Km 24,5 Rt.01/XI",Gunungmasigit,SWASTA,https://referensi.data.kemendikdasmen.go.id/pendidikan/npsn/20227622
Kabupaten Bandung Barat,Cipatat,dikdas,70039261,SMP AL-KAHFI BOARDING SCHOOL,Kp. Gunung Batu RT. 001 RW. 006,Ciptaharja,SWASTA,https://referensi.data.kemendikdasmen.go.id/pendidikan/npsn/70039261
Kabupaten Bandung Barat,Cipatat,dikdas,70048129,SMP BANDUNG BARAT FOUNDATION-1,Kp. Sindang Mekar RT.01 RW.11,Sumurbandung,SWASTA,https://referensi.data.kemendikdasmen.go.id/pendidikan/npsn/70048129
Kabupaten Bandung Barat,Cipatat,dikdas,70043396,SMP ISLAM TERPADU DARUL HIKAM,KAMPUNG CISURUPAN RT 002 RW 009,Sumurbandung,SWASTA,https://referensi.data.kemendikdasmen.go.id/pendidikan/npsn/70043396
Kabupaten Bandung Barat,Cipatat,dikdas,70036849,SMP IT AN-NAZMIN,Kp. Rancabentang No. 54 Rt. 02 Rw. 22,Rajamandala Kulon,SWASTA,https://referensi.data.kemendikdasmen.go.id/pendidikan/npsn/70036849
Kabupaten Bandung Barat,Cipatat,dikdas,70026772,SMP IT MADINATUL ULUM AL-FATAH,Kp. Kutalaksana Rt. 002 Rw. 002,Mandalawangi,SWASTA,https://referensi.data.kemendikdasmen.go.id/pendidikan/npsn/70026772
Kabupaten Bandung Barat,Cipatat,dikdas,20206039,SMP NEGERI 1 CIPATAT,Jl. Raya Cipatat No.439 RT.05 RW.11,Ciptaharja,NEGERI,https://referensi.data.kemendikdasmen.go.id/pendidikan/npsn/20206039
Kabupaten Bandung Barat,Cipatat,dikdas,20206103,SMP NEGERI 2 CIPATAT,Jalan Raya Purwakarta Km. 10,Nyalindung,NEGERI,https://referensi.data.kemendikdasmen.go.id/pendidikan/npsn/20206103
Kabupaten Bandung Barat,Cipatat,dikdas,20229811,SMP NEGERI 3 CIPATAT,Jl. Pabuaran RT.03 RW.01,Mandalawangi,NEGERI,https://referensi.data.kemendikdasmen.go.id/pendidikan/npsn/20229811
Kabupaten Bandung Barat,Cipatat,dikdas,20279860,SMP NEGERI 4 CIPATAT,Jl. Raya Bandung-Cianjur KM. 30,Citatah,NEGERI,https://referensi.data.kemendikdasmen.go.id/pendidikan/npsn/20279860
Kabupaten Bandung Barat,Cipatat,dikdas,20279911,SMP NEGERI SATU ATAP SASAKSENG,Jl. Cirawamekar,Cirawamekar,NEGERI,https://referensi.data.kemendikdasmen.go.id/pendidikan/npsn/20279911
Kabupaten Bandung Barat,Cipatat,dikdas,20227718,SMP PGRI 231 CIPATAT,Jl. Raya Cipatat No. 28 Rt.03/14,Ciptaharja,SWASTA,https://referensi.data.kemendikdasmen.go.id/pendidikan/npsn/20227718
Kabupaten Bandung Barat,Cipatat,dikdas,69933835,SMP PRIMA MANDALA,JL. RAJAMANDALA NO.416 RT.02 RW.14,Rajamandala Kulon,SWASTA,https://referensi.data.kemendikdasmen.go.id/pendidikan/npsn/69933835
Kabupaten Bandung Barat,Cipatat,dikdas,20268811,SMP Terpadu Cokro Aminoto,Jl. Raya Pamucatan No. 5 RT 01 / RW 01,Gunungmasigit,SWASTA,https://referensi.data.kemendikdasmen.go.id/pendidikan/npsn/20268811
Kabupaten Bandung Barat,Cipatat,dikdas,69895099,YAYASAN ISLAM RAJAMANDALA,Jln.Raya Rajamandala Kp.Pakemitan Rt 02 Rw 11,Rajamandala Kulon,SWASTA,https://referensi.data.kemendikdasmen.go.id/pendidikan/npsn/69895099
Kabupaten Bandung Barat,Padalarang,dikdas,60709583,MIS ABDUL MALIK,JL. CIBINGBIN RT 05/04,Laksanamekar,SWASTA,https://referensi.data.kemendikdasmen.go.id/pendidikan/npsn/60709583
Kabupaten Bandung Barat,Padalarang,dikdas,60709584,MIS AL-ADZKAR,JL. RAYA CIBURUY NO.722,Ciburuy,SWASTA,https://referensi.data.kemendikdasmen.go.id/pendidikan/npsn/60709584
Kabupaten Bandung Barat,Padalarang,dikdas,60709585,MIS AL-HIDAYAH,KP. KUTALUHUR RT. 02/08 DESA CIBURUY KEC. PADALARANG KAB. BANDUNG BARAT,Kertajaya,SWASTA,https://referensi.data.kemendikdasmen.go.id/pendidikan/npsn/60709585
Kabupaten Bandung Barat,Padalarang,dikdas,60709586,MIS AL-IHSAN I,KP. GANTUNGAN RT 01/12,Kertamulya,SWASTA,https://referensi.data.kemendikdasmen.go.id/pendidikan/npsn/60709586
Kabupaten Bandung Barat,Padalarang,dikdas,60709587,MIS AL-IHSAN II,KP. GANTUNGAN,Jayamekar,SWASTA,https://referensi.data.kemendikdasmen.go.id/pendidikan/npsn/60709587
Kabupaten Bandung Barat,Padalarang,dikdas,60709588,MIS AL-ISLAMIYYAH,JL. LETKOL GA. MANULANG NO. 9 PADALARANG,Kertajaya,SWASTA,https://referensi.data.kemendikdasmen.go.id/pendidikan/npsn/60709588
Kabupaten Bandung Barat,Padalarang,dikdas,60709589,MIS AL-JIHAD,KP. KEPUH RT 01/13,Kertajaya,SWASTA,https://referensi.data.kemendikdasmen.go.id/pendidikan/npsn/60709589
Kabupaten Bandung Barat,Padalarang,dikdas,60709590,MIS AL-MANAR,KP. BABAKAN LOA RT 02/07 PADALARANG,Laksanamekar,SWASTA,https://referensi.data.kemendikdasmen.go.id/pendidikan/npsn/60709590
Kabupaten Bandung Barat,Padalarang,dikdas,60709591,MIS AL-MUJTAHIDIN,KP. CIDADAP RT. 03/13 PADALARANG,Padalarang,SWASTA,https://referensi.data.kemendikdasmen.go.id/pendidikan/npsn/60709591
Kabupaten Bandung Barat,Padalarang,dikdas,60709592,MIS ANWARUSSALAM,JL. CIPADANGMANAH NO. 62 RT 02/16 PADALARANG,Jayamekar,SWASTA,https://referensi.data.kemendikdasmen.go.id/pendidikan/npsn/60709592
Kabupaten Bandung Barat,Padalarang,dikdas,60709593,MIS BAITURRAHIM,JL. PURWAKARTA GG. H. SUJAI NO.58,Kertamulya,SWASTA,https://referensi.data.kemendikdasmen.go.id/pendidikan/npsn/60709593
Kabupaten Bandung Barat,Padalarang,dikdas,60709594,MIS HIDAYATURROHMAN,JL. RAYA PURWAKARTA KP. ANDIR RT 3/2 DESA CAMPAKAMEKAR KEC. PADALARANG,Laksanamekar,SWASTA,https://referensi.data.kemendikdasmen.go.id/pendidikan/npsn/60709594
Kabupaten Bandung Barat,Padalarang,dikdas,60709595,MIS SABILIL HUDA,KP. ANDIR CIBURUY RT 04 RW 04,Ciburuy,SWASTA,https://referensi.data.kemendikdasmen.go.id/pendidikan/npsn/60709595
Kabupaten Bandung Barat,Padalarang,dikdas,20279478,MTSS DARUL ULUM,JL. LETKOL GA. MANULANG NO. 106 PADALARANG,Kertajaya,SWASTA,https://referensi.data.kemendikdasmen.go.id/pendidikan/npsn/20279478
Kabupaten Bandung Barat,Padalarang,dikdas,20206831,MTSS NURUL HIDAYAH,JL. NGAMPRAH KP. KEBON KALAPA RT.02/02,Kertajaya,SWASTA,https://referensi.data.kemendikdasmen.go.id/pendidikan/npsn/20206831
Kabupaten Bandung Barat,Padalarang,dikdas,20279480,MTSS PERSIS PADALARANG,JL. CIJEUNGJING NO.05,Kertamulya,SWASTA,https://referensi.data.kemendikdasmen.go.id/pendidikan/npsn/20279480
Kabupaten Bandung Barat,Padalarang,dikdas,20279481,MTSS USWATUN HASANAH,JL.GANTUNGAN NO.83 PURABAYA KEC.PADALARANG 40553,Jayamekar,SWASTA,https://referensi.data.kemendikdasmen.go.id/pendidikan/npsn/20279481
Kabupaten Bandung Barat,Padalarang,dikdas,20267597,SD AL-IRSYAD SATYA,"Jl. Raya Parahyangan KM 2,7 Kota Baru Parahyangan",Cipeundeuy,SWASTA,https://referensi.data.kemendikdasmen.go.id/pendidikan/npsn/20267597
Kabupaten Bandung Barat,Padalarang,dikdas,70042885,SD BINA PERSADA,Jl. Gelapnyawang 5A RT.03 RW.011,Cipeundeuy,SWASTA,https://referensi.data.kemendikdasmen.go.id/pendidikan/npsn/70042885
Kabupaten Bandung Barat,Padalarang,dikdas,20271925,SD CAHAYA BANGSA CLASSICAL SCHOOL,Jl. Bujangga Manik Kav. 1 Kota Baru Parahyangan,Cipeundeuy,SWASTA,https://referensi.data.kemendikdasmen.go.id/pendidikan/npsn/20271925
Kabupaten Bandung Barat,Padalarang,dikdas,69786291,SD DAMIAN SCHOOL,JL. Gurugantangan Kav.1 Blok A Kota Baru Parahyangan,Cipeundeuy,SWASTA,https://referensi.data.kemendikdasmen.go.id/pendidikan/npsn/69786291
Kabupaten Bandung Barat,Padalarang,dikdas,70007473,SD GLOBAL NUSANTARA,"Jl G.A Manulang, No.226",Jayamekar,SWASTA,https://referensi.data.kemendikdasmen.go.id/pendidikan/npsn/70007473
Kabupaten Bandung Barat,Padalarang,dikdas,69966324,SD IT DARUNNAJAH,Jl. ladar Kp. Ciptakarya RT.05 RW.07,Laksanamekar,SWASTA,https://referensi.data.kemendikdasmen.go.id/pendidikan/npsn/69966324
Kabupaten Bandung Barat,Padalarang,dikdas,70030309,SD KARAKTER SABILUL ILMY,Kp. Sukamulya RT.002 RW.025,Padalarang,SWASTA,https://referensi.data.kemendikdasmen.go.id/pendidikan/npsn/70030309
Kabupaten Bandung Barat,Padalarang,dikdas,20208037,SD NEGERI 1 CIBACANG,Kp Garunggang Rt 04 rw 10,Cipeundeuy,NEGERI,https://referensi.data.kemendikdasmen.go.id/pendidikan/npsn/20208037
Kabupaten Bandung Barat,Padalarang,dikdas,20207930,SD NEGERI 1 CIBURUY,Jl.Raya Ciburuy No.292,Ciburuy,NEGERI,https://referensi.data.kemendikdasmen.go.id/pendidikan/npsn/20207930
Kabupaten Bandung Barat,Padalarang,dikdas,20207610,SD NEGERI 1 CIMERANG,Jl. RAYA BATUJAJAR,Laksanamekar,NEGERI,https://referensi.data.kemendikdasmen.go.id/pendidikan/npsn/20207610
Kabupaten Bandung Barat,Padalarang,dikdas,20207594,SD NEGERI 1 CIPADANGMANAH,Kp. Cipadangmanah,Padalarang,NEGERI,https://referensi.data.kemendikdasmen.go.id/pendidikan/npsn/20207594
Kabupaten Bandung Barat,Padalarang,dikdas,20207443,SD NEGERI 1 CIPEUNDEUY,Jl. Tembokan No.7,Cipeundeuy,NEGERI,https://referensi.data.kemendikdasmen.go.id/pendidikan/npsn/20207443
Kabupaten Bandung Barat,Padalarang,dikdas,20207793,SD NEGERI 1 CURUG AGUNG,Kp. Curug Agung,Kertajaya,NEGERI,https://referensi.data.kemendikdasmen.go.id/pendidikan/npsn/20207793
Kabupaten Bandung Barat,Padalarang,dikdas,20207693,SD NEGERI 1 GUNUNG BENTANG,Kp. Gunung Bentang Rt. 03 Rw. 16,Jayamekar,NEGERI,https://referensi.data.kemendikdasmen.go.id/pendidikan/npsn/20207693
Kabupaten Bandung Barat,Padalarang,dikdas,20262460,SD NEGERI 1 KAMULYAN,Jalan Irigasi No.16 Situ Tengah,Ciburuy,NEGERI,https://referensi.data.kemendikdasmen.go.id/pendidikan/npsn/20262460
Kabupaten Bandung Barat,Padalarang,dikdas,20205476,SD NEGERI 1 KERTAJAYA,Jl. U Suryadi No .12,Kertajaya,NEGERI,https://referensi.data.kemendikdasmen.go.id/pendidikan/npsn/20205476
Kabupaten Bandung Barat,Padalarang,dikdas,20205492,SD NEGERI 1 KERTAMULYA,Jl.H.Dasuki,Kertamulya,NEGERI,https://referensi.data.kemendikdasmen.go.id/pendidikan/npsn/20205492
Kabupaten Bandung Barat,Padalarang,dikdas,20205744,SD NEGERI 1 KRIDA UTAMA,Jl. Gedong V Komplek Gedong X,Kertamulya,NEGERI,https://referensi.data.kemendikdasmen.go.id/pendidikan/npsn/20205744
Kabupaten Bandung Barat,Padalarang,dikdas,20205165,SD NEGERI 1 MARGALAKSANA,Kp. Cimerang,Cimerang,NEGERI,https://referensi.data.kemendikdasmen.go.id/pendidikan/npsn/20205165
Kabupaten Bandung Barat,Padalarang,dikdas,20205127,SD NEGERI 1 MEDALSIRNA,Jl. PTPN VIII Pangheotan Kp. Cilame RT 01 RW 19,Cempakamekar,NEGERI,https://referensi.data.kemendikdasmen.go.id/pendidikan/npsn/20205127
Kabupaten Bandung Barat,Padalarang,dikdas,20205089,SD NEGERI 1 PADALARANG,JL.Purwakarta Kp. Gembol Sari Gg H. Mamun RT 02 RW 05,Kertamulya,NEGERI,https://referensi.data.kemendikdasmen.go.id/pendidikan/npsn/20205089
Kabupaten Bandung Barat,Padalarang,dikdas,20205246,SD NEGERI 1 PARIGI,KP. Parigi RT 02 / 11,Tagogapu,NEGERI,https://referensi.data.kemendikdasmen.go.id/pendidikan/npsn/20205246
Kabupaten Bandung Barat,Padalarang,dikdas,20206427,SD NEGERI 1 SUDIMAMPIR,Jln. Letkol G.A Manulang No. 132,Padalarang,NEGERI,https://referensi.data.kemendikdasmen.go.id/pendidikan/npsn/20206427
Kabupaten Bandung Barat,Padalarang,dikdas,20206002,SD NEGERI 1 TAGOGAPU,Jl Raya Purwakarta No. 343,Tagogapu,NEGERI,https://referensi.data.kemendikdasmen.go.id/pendidikan/npsn/20206002
Kabupaten Bandung Barat,Padalarang,dikdas,20208036,SD NEGERI 2 CIBACANG,Kp. Cibacang Rt. 04/Rw.05,Cipeundeuy,NEGERI,https://referensi.data.kemendikdasmen.go.id/pendidikan/npsn/20208036
Kabupaten Bandung Barat,Padalarang,dikdas,20207917,SD NEGERI 2 CIBURUY,Jl. Raya Ciburuy No. 293,Ciburuy,NEGERI,https://referensi.data.kemendikdasmen.go.id/pendidikan/npsn/20207917
Kabupaten Bandung Barat,Padalarang,dikdas,20207609,SD NEGERI 2 CIMERANG,Jl. Raya Batujajar No.143,Laksanamekar,NEGERI,https://referensi.data.kemendikdasmen.go.id/pendidikan/npsn/20207609
Kabupaten Bandung Barat,Padalarang,dikdas,20207509,SD NEGERI 2 CIPEUNDEUY,Jalan Tembokan 35,Cipeundeuy,NEGERI,https://referensi.data.kemendikdasmen.go.id/pendidikan/npsn/20207509
Kabupaten Bandung Barat,Padalarang,dikdas,20207792,SD NEGERI 2 CURUGAGUNG,Kp. Curug Agung,Kertajaya,NEGERI,https://referensi.data.kemendikdasmen.go.id/pendidikan/npsn/20207792
Kabupaten Bandung Barat,Padalarang,dikdas,20207692,SD NEGERI 2 GUNUNG BENTANG,Jln. Gunung Bentang Rt 01 Rw 23,Jayamekar,NEGERI,https://referensi.data.kemendikdasmen.go.id/pendidikan/npsn/20207692
Kabupaten Bandung Barat,Padalarang,dikdas,20262546,SD NEGERI 2 KAMULYAN,Jl.Irigasi Kamulyan Rt 01 Rw 03,Ciburuy,NEGERI,https://referensi.data.kemendikdasmen.go.id/pendidikan/npsn/20262546
Kabupaten Bandung Barat,Padalarang,dikdas,20205491,SD NEGERI 2 KERTAMULYA,Jl. H. Dasuki No.44,Kertamulya,NEGERI,https://referensi.data.kemendikdasmen.go.id/pendidikan/npsn/20205491
Kabupaten Bandung Barat,Padalarang,dikdas,20205743,SD NEGERI 2 KRIDA UTAMA,Jl. Gedong 5 Komplek Gedong X RT 05 RW 09,Kertamulya,NEGERI,https://referensi.data.kemendikdasmen.go.id/pendidikan/npsn/20205743
Kabupaten Bandung Barat,Padalarang,dikdas,20205164,SD NEGERI 2 MARGALAKSANA,Kp. Cimerang Rt.02 Rw.05,Cimerang,NEGERI,https://referensi.data.kemendikdasmen.go.id/pendidikan/npsn/20205164
Kabupaten Bandung Barat,Padalarang,dikdas,20205223,SD NEGERI 2 MEDALSIRNA,Kp. Cilame RT. 01 RW. 19,Cempakamekar,NEGERI,https://referensi.data.kemendikdasmen.go.id/pendidikan/npsn/20205223
Kabupaten Bandung Barat,Padalarang,dikdas,20205076,SD NEGERI 2 PADALARANG,JL.Raya Purwakarta Padalarang No.89 Gang H. Mamun Kp. Gembol RT 02 RW 05,Kertamulya,NEGERI,https://referensi.data.kemendikdasmen.go.id/pendidikan/npsn/20205076
Kabupaten Bandung Barat,Padalarang,dikdas,20205245,SD NEGERI 2 PARIGI,Kp. Parigi RT.02 RW.11,Tagogapu,NEGERI,https://referensi.data.kemendikdasmen.go.id/pendidikan/npsn/20205245
Kabupaten Bandung Barat,Padalarang,dikdas,20206386,SD NEGERI 2 PURABAYA,Jl. Letkol Ga Manulang,Jayamekar,NEGERI,https://referensi.data.kemendikdasmen.go.id/pendidikan/npsn/20206386
Kabupaten Bandung Barat,Padalarang,dikdas,20206426,SD NEGERI 2 SUDIMAMPIR,Jl. Letkol GA. Manulang No. 132,Padalarang,NEGERI,https://referensi.data.kemendikdasmen.go.id/pendidikan/npsn/20206426
Kabupaten Bandung Barat,Padalarang,dikdas,20206001,SD NEGERI 2 TAGOGAPU,Jln. Raya Purwakarta No. 343 Kp. Cilio RT. 001/002,Tagogapu,NEGERI,https://referensi.data.kemendikdasmen.go.id/pendidikan/npsn/20206001
Kabupaten Bandung Barat,Padalarang,dikdas,20205473,SD NEGERI 3 KERTAJAYA,Jln U.Suryadi No. 39,Kertajaya,NEGERI,https://referensi.data.kemendikdasmen.go.id/pendidikan/npsn/20205473
Kabupaten Bandung Barat,Padalarang,dikdas,20205151,SD NEGERI 3 MARGALAKSANA,KP. Cimerang,Cimerang,NEGERI,https://referensi.data.kemendikdasmen.go.id/pendidikan/npsn/20205151
Kabupaten Bandung Barat,Padalarang,dikdas,20205371,SD NEGERI 3 PADALARANG,Pos Wetan,Kertamulya,NEGERI,https://referensi.data.kemendikdasmen.go.id/pendidikan/npsn/20205371
Kabupaten Bandung Barat,Padalarang,dikdas,20206385,SD NEGERI 3 PURABAYA,Jl. Letkol Ga. Manulang,Jayamekar,NEGERI,https://referensi.data.kemendikdasmen.go.id/pendidikan/npsn/20206385
Kabupaten Bandung Barat,Padalarang,dikdas,20206384,SD NEGERI 4 PURABAYA,PURABAYA RT 04 RW 02,Jayamekar,NEGERI,https://referensi.data.kemendikdasmen.go.id/pendidikan/npsn/20206384
Kabupaten Bandung Barat,Padalarang,dikdas,20205357,SD NEGERI 5 PADALARANG,Kp. Pos Wetan,Kertamulya,NEGERI,https://referensi.data.kemendikdasmen.go.id/pendidikan/npsn/20205357
Kabupaten Bandung Barat,Padalarang,dikdas,20206688,SD NEGERI BABAKAN LOA,Jl. Babakan Loa No. 108,Padalarang,NEGERI,https://referensi.data.kemendikdasmen.go.id/pendidikan/npsn/20206688
Kabupaten Bandung Barat,Padalarang,dikdas,20207010,SD NEGERI BINA BAKTI,Kampung Babakan Loa,Padalarang,NEGERI,https://referensi.data.kemendikdasmen.go.id/pendidikan/npsn/20207010
Kabupaten Bandung Barat,Padalarang,dikdas,20206898,SD NEGERI BUDHI ASIH,JL.CIBURUY NO. 21 RT 03 RW 18,Padalarang,NEGERI,https://referensi.data.kemendikdasmen.go.id/pendidikan/npsn/20206898
Kabupaten Bandung Barat,Padalarang,dikdas,20207970,SD NEGERI CADASMULYA,Kp. Cadasgorowong,Cempakamekar,NEGERI,https://referensi.data.kemendikdasmen.go.id/pendidikan/npsn/20207970
Kabupaten Bandung Barat,Padalarang,dikdas,20227521,SD NEGERI CIBACANG,Kp. Cibacang Rt 06 Rw 05,Cipeundeuy,NEGERI,https://referensi.data.kemendikdasmen.go.id/pendidikan/npsn/20227521
Kabupaten Bandung Barat,Padalarang,dikdas,20227529,SD NEGERI DARMA BAKTI,Kp. Kancah Nangkub,Jayamekar,NEGERI,https://referensi.data.kemendikdasmen.go.id/pendidikan/npsn/20227529
Kabupaten Bandung Barat,Padalarang,dikdas,20205599,SD NEGERI JAYAMEKAR,Jln Desa Jayamekar,Jayamekar,NEGERI,https://referensi.data.kemendikdasmen.go.id/pendidikan/npsn/20205599
Kabupaten Bandung Barat,Padalarang,dikdas,20205503,SD NEGERI KARYA BAKTI,JL. LETKOL GA. MANULANG,Jayamekar,NEGERI,https://referensi.data.kemendikdasmen.go.id/pendidikan/npsn/20205503
Kabupaten Bandung Barat,Padalarang,dikdas,20205489,SD NEGERI KERTASARI,KP. SUDIMAMPIR HILIR,Kertajaya,NEGERI,https://referensi.data.kemendikdasmen.go.id/pendidikan/npsn/20205489
Kabupaten Bandung Barat,Padalarang,dikdas,20205138,SD NEGERI MARGARAHAYU,Kp. Sudimampir Rt.02 Rw.20,Cempakamekar,NEGERI,https://referensi.data.kemendikdasmen.go.id/pendidikan/npsn/20205138
Kabupaten Bandung Barat,Padalarang,dikdas,20205212,SD NEGERI MEKARJAYA,Jl. PTPN Perkebunan Pangheotan Kamp. Nyondol RT 02 RW 08,Cempakamekar,NEGERI,https://referensi.data.kemendikdasmen.go.id/pendidikan/npsn/20205212
Kabupaten Bandung Barat,Padalarang,dikdas,20205044,SD NEGERI NEGLAJAYA,Jl.Neglajaya RT.03 RW.12,Tagogapu,NEGERI,https://referensi.data.kemendikdasmen.go.id/pendidikan/npsn/20205044
Kabupaten Bandung Barat,Padalarang,dikdas,20205410,SD NEGERI PAMUCATAN,Jalan Raya Pamucatan 130 Rt 04 Rw 09,Ciburuy,NEGERI,https://referensi.data.kemendikdasmen.go.id/pendidikan/npsn/20205410
Kabupaten Bandung Barat,Padalarang,dikdas,20206295,SD NEGERI SADANG,Kp. Cikadu RT 003 RW 014,Ciburuy,NEGERI,https://referensi.data.kemendikdasmen.go.id/pendidikan/npsn/20206295
Kabupaten Bandung Barat,Padalarang,dikdas,20206582,SD NEGERI SINDANGSARI,JL. MELATI PERUM CIAMPEL INDAH,Laksanamekar,NEGERI,https://referensi.data.kemendikdasmen.go.id/pendidikan/npsn/20206582
Kabupaten Bandung Barat,Padalarang,dikdas,20206484,SD NEGERI SUKAMAJU,KP. SUKAMAJU NO. 22 RT. 03/06,Padalarang,NEGERI,https://referensi.data.kemendikdasmen.go.id/pendidikan/npsn/20206484
Kabupaten Bandung Barat,Padalarang,dikdas,20227571,SD NEGERI SUNANGIRI,Jl. Pojok Angkasa,Ciburuy,NEGERI,https://referensi.data.kemendikdasmen.go.id/pendidikan/npsn/20227571
Kabupaten Bandung Barat,Padalarang,dikdas,20205912,SD NEGERI TIPAR,Kp. Tipar Barat Rt. 06 Rw. 02,Laksanamekar,NEGERI,https://referensi.data.kemendikdasmen.go.id/pendidikan/npsn/20205912
Kabupaten Bandung Barat,Padalarang,dikdas,69965702,SD NEO MAHARDIKA,Jl. Pasirgede Kp. Purabaya,Jayamekar,SWASTA,https://referensi.data.kemendikdasmen.go.id/pendidikan/npsn/69965702
Kabupaten Bandung Barat,Padalarang,dikdas,70041405,SD ZIYAADATUL KHAIR YAINI ISLAMIC SCHOOL,Jl. H Dasuki No. 7 RT. 001 RW. 022,Kertamulya,SWASTA,https://referensi.data.kemendikdasmen.go.id/pendidikan/npsn/70041405
Kabupaten Bandung Barat,Padalarang,dikdas,70054910,SDIT AL MUNAWAR BANDUNG BARAT,Kp. Ciluncat RT. 001 RW. 010,Cimerang,SWASTA,https://referensi.data.kemendikdasmen.go.id/pendidikan/npsn/70054910
Kabupaten Bandung Barat,Padalarang,dikdas,70032917,SDIT FITHRAH INSANI 6,Jl. G.A Manulang Kp. Purabaya 41 RT 005 RW 006,Jayamekar,SWASTA,https://referensi.data.kemendikdasmen.go.id/pendidikan/npsn/70032917
Kabupaten Bandung Barat,Padalarang,dikdas,69969076,SDK BPK PENABUR,Jl. Parahyangan Kav.10C,Kertajaya,SWASTA,https://referensi.data.kemendikdasmen.go.id/pendidikan/npsn/69969076
Kabupaten Bandung Barat,Padalarang,dikdas,69883252,Sekolah Dasar Bandung Alliance Intercultural School,JL. BUJANGGA MANIK KAV. 2 KOTA BARU PARAHYANGAN,Cipeundeuy,SWASTA,https://referensi.data.kemendikdasmen.go.id/pendidikan/npsn/69883252
Kabupaten Bandung Barat,Padalarang,dikdas,69883251,Sekolah Menengah Pertama Bandung Alliance Intercultural School,JL. BUJANGGAMANIK KAV. 2 KOTA BARU PARAHYANGAN,Cipeundeuy,SWASTA,https://referensi.data.kemendikdasmen.go.id/pendidikan/npsn/69883251
Kabupaten Bandung Barat,Padalarang,dikdas,20269185,SMP AL-IRSYAD SATYA,"Jl. Raya Parahyangan KM. 2,7 Kota Baru Parahyangan",Cipeundeuy,SWASTA,https://referensi.data.kemendikdasmen.go.id/pendidikan/npsn/20269185
Kabupaten Bandung Barat,Padalarang,dikdas,20275353,SMP BINA PERSADA,Jl. Gelap Nyawang Kav. 5a,Cipeundeuy,SWASTA,https://referensi.data.kemendikdasmen.go.id/pendidikan/npsn/20275353
Kabupaten Bandung Barat,Padalarang,dikdas,20252879,SMP BUDI BAKTI UTAMA,Jl. Raya Ciburuy - Padalarang,Ciburuy,SWASTA,https://referensi.data.kemendikdasmen.go.id/pendidikan/npsn/20252879
Kabupaten Bandung Barat,Padalarang,dikdas,20271497,SMP CAHAYA BANGSA CLASSICAL SCHOOL,Jl. Bujangga Manik Kav. 1 Kota Baru Parahyangan,Padalarang,SWASTA,https://referensi.data.kemendikdasmen.go.id/pendidikan/npsn/20271497
Kabupaten Bandung Barat,Padalarang,dikdas,69982084,SMP DAMIAN SCHOOL,Jl. Gurugantangan Kav 01 Blok A Kota Baru Parahyangan,Cipeundeuy,SWASTA,https://referensi.data.kemendikdasmen.go.id/pendidikan/npsn/69982084
Kabupaten Bandung Barat,Padalarang,dikdas,69961051,SMP GLOBAL NUSANTARA,JL. GA MANULANG NO.226,Jayamekar,SWASTA,https://referensi.data.kemendikdasmen.go.id/pendidikan/npsn/69961051
Kabupaten Bandung Barat,Padalarang,dikdas,70012028,SMP ISLAM AL HIJRAH,Jl. Andir RT.03 RW.15,Padalarang,SWASTA,https://referensi.data.kemendikdasmen.go.id/pendidikan/npsn/70012028
Kabupaten Bandung Barat,Padalarang,dikdas,70034108,SMP IT FITHRAH INSANI 4,Jl. G.A Manulang No. 41 Rt. 005 Rw. 006,Jayamekar,SWASTA,https://referensi.data.kemendikdasmen.go.id/pendidikan/npsn/70034108
Kabupaten Bandung Barat,Padalarang,dikdas,20279913,SMP KARYA PRESTASI MANDIRI PADALARANG,Jl. Safir I (Graha Padalarang Indah ) Kec. Padalarang – Kab. Bandung Barat 40553,Padalarang,SWASTA,https://referensi.data.kemendikdasmen.go.id/pendidikan/npsn/20279913
Kabupaten Bandung Barat,Padalarang,dikdas,20227684,SMP KRIDA UTAMA PADALARANG,Jalan Gedong V Komplek Gedong X,Kertamulya,SWASTA,https://referensi.data.kemendikdasmen.go.id/pendidikan/npsn/20227684
Kabupaten Bandung Barat,Padalarang,dikdas,20268729,SMP MARGA UTAMA PADALARANG,"JL. Desa Cimerang, Kp. Pasirgombong RT. 1 RW. 15",Cimerang,SWASTA,https://referensi.data.kemendikdasmen.go.id/pendidikan/npsn/20268729
Kabupaten Bandung Barat,Padalarang,dikdas,20206032,SMP NEGERI 1 PADALARANG,Jl. U.Suryadi No.15,Kertajaya,NEGERI,https://referensi.data.kemendikdasmen.go.id/pendidikan/npsn/20206032
Kabupaten Bandung Barat,Padalarang,dikdas,20206081,SMP NEGERI 2 PADALARANG,Jl. Letkol Ga Manullang Purabaya,Jayamekar,NEGERI,https://referensi.data.kemendikdasmen.go.id/pendidikan/npsn/20206081
Kabupaten Bandung Barat,Padalarang,dikdas,20252478,SMP NEGERI 3 PADALARANG,Jl. Babakan Loa No.17,Padalarang,NEGERI,https://referensi.data.kemendikdasmen.go.id/pendidikan/npsn/20252478
Kabupaten Bandung Barat,Padalarang,dikdas,20229812,SMP NEGERI 4 PADALARANG,Jalan Radar,Laksanamekar,NEGERI,https://referensi.data.kemendikdasmen.go.id/pendidikan/npsn/20229812
Kabupaten Bandung Barat,Padalarang,dikdas,20279861,SMP NEGERI 5 PADALARANG,Jl. Parigi RT 02 RW 10,Tagogapu,NEGERI,https://referensi.data.kemendikdasmen.go.id/pendidikan/npsn/20279861
Kabupaten Bandung Barat,Padalarang,dikdas,70038172,SMP NEO MAHARDIKA,Jl. Pasirgede RT. 003 RW. 003,Jayamekar,SWASTA,https://referensi.data.kemendikdasmen.go.id/pendidikan/npsn/70038172
Kabupaten Bandung Barat,Padalarang,dikdas,70008976,SMP PARAHYANGAN,Jln. Sodong No. 123,Kertajaya,SWASTA,https://referensi.data.kemendikdasmen.go.id/pendidikan/npsn/70008976
Kabupaten Bandung Barat,Padalarang,dikdas,20206193,SMP PGRI 1 PADALARANG,Jalan U. Suryadi 20,Kertajaya,SWASTA,https://referensi.data.kemendikdasmen.go.id/pendidikan/npsn/20206193
Kabupaten Bandung Barat,Padalarang,dikdas,69933389,SMP TARUNA SAKTI PADALARANG,JL. CIHALIWUNG CIHAMPELAS RT.05 RW.01,Kertamulya,SWASTA,https://referensi.data.kemendikdasmen.go.id/pendidikan/npsn/69933389
Kabupaten Bandung Barat,Padalarang,dikdas,20227780,SMP YP MUSTIKA PADALARANG,"Jl. Raya Purwakarta No. 59 KM. 5,8",Cempakamekar,SWASTA,https://referensi.data.kemendikdasmen.go.id/pendidikan/npsn/20227780
Kabupaten Bandung Barat,Padalarang,dikdas,79229216,SMPK BPK PENABUR KBP,"Jalan Parahyangan Kav 10C, Kota Baru Parahyangan",Kertajaya,SWASTA,https://referensi.data.kemendikdasmen.go.id/pendidikan/npsn/79229216
Kabupaten Bandung Barat,Ngamprah,dikdas,69976247,MI RIYADHOTUL JANNAH,Kp. Ciwantani RT 03 RW 17,Cilame,SWASTA,https://referensi.data.kemendikdasmen.go.id/pendidikan/npsn/69976247
Kabupaten Bandung Barat,Ngamprah,dikdas,60709580,MIS AL-KHOER,"KP. HEGARMANAH RT 02/04,",Sukatani,SWASTA,https://referensi.data.kemendikdasmen.go.id/pendidikan/npsn/60709580
Kabupaten Bandung Barat,Ngamprah,dikdas,69819532,MIS Alfauziyah Ngamprah,Jl. Bunisari Kulon 51/166 RT 04 RW 06,Ngamprah,SWASTA,https://referensi.data.kemendikdasmen.go.id/pendidikan/npsn/69819532
Kabupaten Bandung Barat,Ngamprah,dikdas,60709581,MIS ASSAKINAH,JL. H GOFUR KP. RAWA TENGAH RT.01/07,Sukatani,SWASTA,https://referensi.data.kemendikdasmen.go.id/pendidikan/npsn/60709581
Kabupaten Bandung Barat,Ngamprah,dikdas,60709582,MIS FATIMAH AL-HAJIRI,KOMP. BUMI PAKU SARAKAN LAMA RT 06 RW. 16,Tanimulya,SWASTA,https://referensi.data.kemendikdasmen.go.id/pendidikan/npsn/60709582
Kabupaten Bandung Barat,Ngamprah,dikdas,69995675,MIS UMMUL QURO,Kp. Cijerah No. 30 RT 05 RW 04,Tanimulya,SWASTA,https://referensi.data.kemendikdasmen.go.id/pendidikan/npsn/69995675
Kabupaten Bandung Barat,Ngamprah,dikdas,70037024,MTs DEWAN DA`WAH,Komplek Bumi Pakusarakan Lama Jl. Kiansantang RT 06 RW 16,Tanimulya,SWASTA,https://referensi.data.kemendikdasmen.go.id/pendidikan/npsn/70037024
Kabupaten Bandung Barat,Ngamprah,dikdas,20279475,MTSS AL-FAUZIYAH,JL. BUNISARI KULON NO. 166/51 RT 04/06,Kec. Ngamprah,SWASTA,https://referensi.data.kemendikdasmen.go.id/pendidikan/npsn/20279475
Kabupaten Bandung Barat,Ngamprah,dikdas,20279476,MTSS AL-MUAWANAH,KP. SUKAMAJU RT.01/01,Cilame,SWASTA,https://referensi.data.kemendikdasmen.go.id/pendidikan/npsn/20279476
Kabupaten Bandung Barat,Ngamprah,dikdas,20279477,MTSS ASSAKINAH,JL. H. GOFUR KP. RAWA TENGAH RT. 01/07,Tanimulya,SWASTA,https://referensi.data.kemendikdasmen.go.id/pendidikan/npsn/20279477
Kabupaten Bandung Barat,Ngamprah,dikdas,69927375,MTsS Riyadlul Huda,Kp. Ngamprah RT 01 RW 02,Ngamprah,SWASTA,https://referensi.data.kemendikdasmen.go.id/pendidikan/npsn/69927375
Kabupaten Bandung Barat,Ngamprah,dikdas,20252014,SD AL AZHAR SYIFA BUDI PARAHYANGAN,Jl. Raya Cimareme No.340,Cimareme,SWASTA,https://referensi.data.kemendikdasmen.go.id/pendidikan/npsn/20252014
Kabupaten Bandung Barat,Ngamprah,dikdas,70025412,SD AL QURAN BINA MULYA,Jl. Lingkungan Kampung Cijerah RT 001 RW 003,Tanimulya,SWASTA,https://referensi.data.kemendikdasmen.go.id/pendidikan/npsn/70025412
Kabupaten Bandung Barat,Ngamprah,dikdas,20279852,SD BINA MULIA MANDIRI,Komplek Permata Cimahi Blok P8 No. 12A RT.08 RW.05,Tanimulya,SWASTA,https://referensi.data.kemendikdasmen.go.id/pendidikan/npsn/20279852
Kabupaten Bandung Barat,Ngamprah,dikdas,20231472,SD GEMILANG MUTAFANNIN,Jln Raya Gadobangkong No 167/B RT.01 RW.06,Cimareme,SWASTA,https://referensi.data.kemendikdasmen.go.id/pendidikan/npsn/20231472
Kabupaten Bandung Barat,Ngamprah,dikdas,20227530,SD IT FITHRAH INSANI,Jl. Simbiosis No.2 H Gofur Tanimulya RT.03 RW.15,Tanimulya,SWASTA,https://referensi.data.kemendikdasmen.go.id/pendidikan/npsn/20227530
Kabupaten Bandung Barat,Ngamprah,dikdas,70040185,SD KHAS DAARUL YAUMI,Taman Bunga Cilame A2 No.17,Cilame,SWASTA,https://referensi.data.kemendikdasmen.go.id/pendidikan/npsn/70040185
Kabupaten Bandung Barat,Ngamprah,dikdas,70055952,SD KHOIRUR ROOZIQIIN,Jl. Raya Cimareme RT. 001 RW. 002,Cimareme,SWASTA,https://referensi.data.kemendikdasmen.go.id/pendidikan/npsn/70055952
Kabupaten Bandung Barat,Ngamprah,dikdas,20208221,SD NEGERI 1 CIHARASHAS,Jln. Ciloa No.80 RT.02 RW.02,Mekarsari,NEGERI,https://referensi.data.kemendikdasmen.go.id/pendidikan/npsn/20208221
Kabupaten Bandung Barat,Ngamprah,dikdas,20207578,SD NEGERI 1 CILEDUG,Jl. Dirawinata No. 4,Tanimulya,NEGERI,https://referensi.data.kemendikdasmen.go.id/pendidikan/npsn/20207578
Kabupaten Bandung Barat,Ngamprah,dikdas,20207550,SD NEGERI 1 CIMAREME,Jln. Raya Cimareme No.314 RT.02 RW.01,Cimareme,NEGERI,https://referensi.data.kemendikdasmen.go.id/pendidikan/npsn/20207550
Kabupaten Bandung Barat,Ngamprah,dikdas,20205196,SD NEGERI 1 MEKARSARI,Komplek Padasuka Indah II No. F 30,Gadobangkong,NEGERI,https://referensi.data.kemendikdasmen.go.id/pendidikan/npsn/20205196
Kabupaten Bandung Barat,Ngamprah,dikdas,20205116,SD NEGERI 1 NGAMPRAH,Kp. Cipulus RT.04 RW.06,Ngamprah,NEGERI,https://referensi.data.kemendikdasmen.go.id/pendidikan/npsn/20205116
Kabupaten Bandung Barat,Ngamprah,dikdas,20207564,SD NEGERI 2 CILEDUG,Kp. Cijerah RT 02 RW 03 Desa Tanimulya Kec. Ngamprah Kab. Bandung Barat,Tanimulya,NEGERI,https://referensi.data.kemendikdasmen.go.id/pendidikan/npsn/20207564
Kabupaten Bandung Barat,Ngamprah,dikdas,20207548,SD NEGERI 2 CIMAREME,Jl. Raya Cimareme No.302 RT.01 RW.02,Cimareme,NEGERI,https://referensi.data.kemendikdasmen.go.id/pendidikan/npsn/20207548
Kabupaten Bandung Barat,Ngamprah,dikdas,20205115,SD NEGERI 2 NGAMPRAH,Jalan Kecamatan Ngamprah,Sukatani,NEGERI,https://referensi.data.kemendikdasmen.go.id/pendidikan/npsn/20205115
Kabupaten Bandung Barat,Ngamprah,dikdas,20208219,SD NEGERI 3 CIHARASHAS,Jl. Caringin RT.01 RW.13,Margajaya,NEGERI,https://referensi.data.kemendikdasmen.go.id/pendidikan/npsn/20208219
Kabupaten Bandung Barat,Ngamprah,dikdas,20208218,SD NEGERI 4 CIHARASHAS,Kampung Ciburial RT.01 RW.15,Margajaya,NEGERI,https://referensi.data.kemendikdasmen.go.id/pendidikan/npsn/20208218
Kabupaten Bandung Barat,Ngamprah,dikdas,20207546,SD NEGERI 4 CIMAREME,Jalan Raya Cimareme No.302 RT.02 RW.04,Cimareme,NEGERI,https://referensi.data.kemendikdasmen.go.id/pendidikan/npsn/20207546
Kabupaten Bandung Barat,Ngamprah,dikdas,20206719,SD NEGERI BABAKAN CIANJUR,Kp. Babakan Cianjur RT.04 RW.07,Gadobangkong,NEGERI,https://referensi.data.kemendikdasmen.go.id/pendidikan/npsn/20206719
Kabupaten Bandung Barat,Ngamprah,dikdas,20206927,SD NEGERI BUDI ASIH,Kp. Cibuntu RT.05 RW.09,Cilame,NEGERI,https://referensi.data.kemendikdasmen.go.id/pendidikan/npsn/20206927
Kabupaten Bandung Barat,Ngamprah,dikdas,20207429,SD NEGERI BUNISARI,Jl. Bunisari No. 1 RT.01 RW.06,Gadobangkong,NEGERI,https://referensi.data.kemendikdasmen.go.id/pendidikan/npsn/20207429
Kabupaten Bandung Barat,Ngamprah,dikdas,20208001,SD NEGERI CIBAYUN,Kp. Ciburial RT.02 RW.10,Margajaya,NEGERI,https://referensi.data.kemendikdasmen.go.id/pendidikan/npsn/20208001
Kabupaten Bandung Barat,Ngamprah,dikdas,20208147,SD NEGERI CIHALIWUNG,Kp. Cihaliwung Wetan RT.03 RW.04,Sukatani,NEGERI,https://referensi.data.kemendikdasmen.go.id/pendidikan/npsn/20208147
Kabupaten Bandung Barat,Ngamprah,dikdas,20208144,SD NEGERI CIHAMPELAS,Kp. Cihampelas,Bojongkoneng,NEGERI,https://referensi.data.kemendikdasmen.go.id/pendidikan/npsn/20208144
Kabupaten Bandung Barat,Ngamprah,dikdas,20208109,SD NEGERI CILAME,Jl. Galudra No.37 RT.02 RW.08,Cilame,NEGERI,https://referensi.data.kemendikdasmen.go.id/pendidikan/npsn/20208109
Kabupaten Bandung Barat,Ngamprah,dikdas,20207532,SD NEGERI CIMANGGU,Kp. Pangkalan RT.01 RW.08,Cimanggu,NEGERI,https://referensi.data.kemendikdasmen.go.id/pendidikan/npsn/20207532
Kabupaten Bandung Barat,Ngamprah,dikdas,20207682,SD NEGERI GIRI RAHARJA,Kp. Epen RT.02 RW.04,Cimanggu,NEGERI,https://referensi.data.kemendikdasmen.go.id/pendidikan/npsn/20207682
Kabupaten Bandung Barat,Ngamprah,dikdas,20205600,SD NEGERI JAYA GIRI,Kp. Ciburial RT.03 RW.09,Margajaya,NEGERI,https://referensi.data.kemendikdasmen.go.id/pendidikan/npsn/20205600
Kabupaten Bandung Barat,Ngamprah,dikdas,20205498,SD NEGERI KARYA LAKSANA,Jln. Karya Laksana RT.02 RW.05,Mekarsari,NEGERI,https://referensi.data.kemendikdasmen.go.id/pendidikan/npsn/20205498
Kabupaten Bandung Barat,Ngamprah,dikdas,20205502,SD NEGERI KARYA MULYA,Jl. Giok 2 Komplek Permata No.77 RT.02 RW.06,Tanimulya,NEGERI,https://referensi.data.kemendikdasmen.go.id/pendidikan/npsn/20205502
Kabupaten Bandung Barat,Ngamprah,dikdas,20205767,SD NEGERI KIARAPAYUNG,Kp. Pasir Kihiang RT 001 RW 004,Mekarsari,NEGERI,https://referensi.data.kemendikdasmen.go.id/pendidikan/npsn/20205767
Kabupaten Bandung Barat,Ngamprah,dikdas,20205808,SD NEGERI LEBAK GEDE,Kp. Lebak Gede RT.05 RW.03,Bojongkoneng,NEGERI,https://referensi.data.kemendikdasmen.go.id/pendidikan/npsn/20205808
Kabupaten Bandung Barat,Ngamprah,dikdas,20205130,SD NEGERI MARGA MULYA,Jl. Somawinata Kampung Kebon Kalapa RT.11 RW.16,Tanimulya,NEGERI,https://referensi.data.kemendikdasmen.go.id/pendidikan/npsn/20205130
Kabupaten Bandung Barat,Ngamprah,dikdas,20205161,SD NEGERI MARGAASIH,Kp. Cijamil RT.01 RW.16,Cilame,NEGERI,https://referensi.data.kemendikdasmen.go.id/pendidikan/npsn/20205161
Kabupaten Bandung Barat,Ngamprah,dikdas,20205168,SD NEGERI MARGAJAYA,Jl. Cilame No.71 RT.04 RW.05,Margajaya,NEGERI,https://referensi.data.kemendikdasmen.go.id/pendidikan/npsn/20205168
Kabupaten Bandung Barat,Ngamprah,dikdas,20205100,SD NEGERI NGAMPRAH KIDUL,Jl. Desa Ngamprah RT.04 RW.03,Ngamprah,NEGERI,https://referensi.data.kemendikdasmen.go.id/pendidikan/npsn/20205100
Kabupaten Bandung Barat,Ngamprah,dikdas,20205324,SD NEGERI PAKUHAJI,Kp. Pakuhaji RT.02 RW.07,Pakuhaji,NEGERI,https://referensi.data.kemendikdasmen.go.id/pendidikan/npsn/20205324
Kabupaten Bandung Barat,Ngamprah,dikdas,20205323,SD NEGERI PAKUSARAKAN,"Jl. Somawinata I, Kp. Kebon Kalapa RT.07 RW.16",Tanimulya,NEGERI,https://referensi.data.kemendikdasmen.go.id/pendidikan/npsn/20205323
Kabupaten Bandung Barat,Ngamprah,dikdas,20205380,SD NEGERI PANARUBAN,Kp. Panaruban RT.05 RW.12,Bojongkoneng,NEGERI,https://referensi.data.kemendikdasmen.go.id/pendidikan/npsn/20205380
Kabupaten Bandung Barat,Ngamprah,dikdas,20205311,SD NEGERI PASIR HAUR,Kp. Pasir Haur,Bojongkoneng,NEGERI,https://referensi.data.kemendikdasmen.go.id/pendidikan/npsn/20205311
Kabupaten Bandung Barat,Ngamprah,dikdas,20205310,SD NEGERI PASIR HUNI,Jalan Cimenteng,Cimanggu,NEGERI,https://referensi.data.kemendikdasmen.go.id/pendidikan/npsn/20205310
Kabupaten Bandung Barat,Ngamprah,dikdas,20206584,SD NEGERI SINDANGSARI,Jl. Sindangsari RT.01 RW.06,Cimareme,NEGERI,https://referensi.data.kemendikdasmen.go.id/pendidikan/npsn/20206584
Kabupaten Bandung Barat,Ngamprah,dikdas,20206474,SD NEGERI SIRNAGALIH,Jl. Giok IV Rawa Pojok RT.02 RW.06,Tanimulya,NEGERI,https://referensi.data.kemendikdasmen.go.id/pendidikan/npsn/20206474
Kabupaten Bandung Barat,Ngamprah,dikdas,20206452,SD NEGERI SITUBOLANG,Kp. Situbolang,Margajaya,NEGERI,https://referensi.data.kemendikdasmen.go.id/pendidikan/npsn/20206452
Kabupaten Bandung Barat,Ngamprah,dikdas,20206514,SD NEGERI SUKAMAJU,Jl. Desa Cilame No.20 RT.01 RW.02,Cilame,NEGERI,https://referensi.data.kemendikdasmen.go.id/pendidikan/npsn/20206514
Kabupaten Bandung Barat,Ngamprah,dikdas,20205855,SD NEGERI TEGALLAJA,Kp. Tegallaja RT.03 RW.06,Sukatani,NEGERI,https://referensi.data.kemendikdasmen.go.id/pendidikan/npsn/20205855
Kabupaten Bandung Barat,Ngamprah,dikdas,20206178,SD NEGERI WARUNG AWI,Jl. Raya Purwakarta No.302 RT.01 RW.07,Bojongkoneng,NEGERI,https://referensi.data.kemendikdasmen.go.id/pendidikan/npsn/20206178
Kabupaten Bandung Barat,Ngamprah,dikdas,70053277,SD PLUS SALI AL-AITAAM,Jl. Cipulus B. 24,Ngamprah,SWASTA,https://referensi.data.kemendikdasmen.go.id/pendidikan/npsn/70053277
Kabupaten Bandung Barat,Ngamprah,dikdas,20228193,SD TERPADU NIAGARA,Puri Cipageran Indah 2 D211-15A RT.01 RW.22,Tanimulya,SWASTA,https://referensi.data.kemendikdasmen.go.id/pendidikan/npsn/20228193
Kabupaten Bandung Barat,Ngamprah,dikdas,20228184,SD UNGGULAN AL AMIN,Jl. Somawinata No.04 RT.03 RW.07,Tanimulya,SWASTA,https://referensi.data.kemendikdasmen.go.id/pendidikan/npsn/20228184
Kabupaten Bandung Barat,Ngamprah,dikdas,70061590,SDIT DARUL IHSAN,Kp. Cibodas Hilir RT. 004 RW. 011,Cilame,SWASTA,https://referensi.data.kemendikdasmen.go.id/pendidikan/npsn/70061590
Kabupaten Bandung Barat,Ngamprah,dikdas,70002354,SDIT FITHRAH INSANI 5,Jl. H. Ghopur No.75 Tanimulya,Tanimulya,SWASTA,https://referensi.data.kemendikdasmen.go.id/pendidikan/npsn/70002354
Kabupaten Bandung Barat,Ngamprah,dikdas,70041048,SDIT MUTIARA DARUL QURAN,Kp. Cijamil Rt. 002 Rw. 015,Cilame,SWASTA,https://referensi.data.kemendikdasmen.go.id/pendidikan/npsn/70041048
Kabupaten Bandung Barat,Ngamprah,dikdas,70011955,SDIT SAINS,Jl. H Ghofur RT. 03 RW. 10,Cilame,SWASTA,https://referensi.data.kemendikdasmen.go.id/pendidikan/npsn/70011955
Kabupaten Bandung Barat,Ngamprah,dikdas,70041033,SDIT TAZKIYA,Jl.Somawinata No.30,Tanimulya,SWASTA,https://referensi.data.kemendikdasmen.go.id/pendidikan/npsn/70041033
Kabupaten Bandung Barat,Ngamprah,dikdas,70054084,SEKOLAH DASAR ISLAM KAMPUNG BERKAH INDONESIA,Jl. Cikandang RT. 002 RW. 008,Cimareme,SWASTA,https://referensi.data.kemendikdasmen.go.id/pendidikan/npsn/70054084
Kabupaten Bandung Barat,Ngamprah,dikdas,20257356,SMP AL AZHAR SYIFA BUDI PARAHYANGAN,Jl. Raya Cimareme No. 340,Cimareme,SWASTA,https://referensi.data.kemendikdasmen.go.id/pendidikan/npsn/20257356
Kabupaten Bandung Barat,Ngamprah,dikdas,20252485,SMP BINA KARYA NGAMPRAH,Jl. Kp. Pangkalan RT 01 RW 08,Cimanggu,SWASTA,https://referensi.data.kemendikdasmen.go.id/pendidikan/npsn/20252485
Kabupaten Bandung Barat,Ngamprah,dikdas,69987922,SMP BINA MULIA MANDIRI,Jl. Raya Permata Blok P8 No.19 RT.08 RW.05,Tanimulya,SWASTA,https://referensi.data.kemendikdasmen.go.id/pendidikan/npsn/69987922
Kabupaten Bandung Barat,Ngamprah,dikdas,70002329,SMP BOARDING BINA MULYA,Jl. Agronomi Kv.3 RT.01 RW.03,Tanimulya,SWASTA,https://referensi.data.kemendikdasmen.go.id/pendidikan/npsn/70002329
Kabupaten Bandung Barat,Ngamprah,dikdas,20254252,SMP IT FITHRAH INSANI,Jl. H. Ghofur No. 10,Tanimulya,SWASTA,https://referensi.data.kemendikdasmen.go.id/pendidikan/npsn/20254252
Kabupaten Bandung Barat,Ngamprah,dikdas,69815382,SMP IT GEMILANG MUTAFANNIN,JL. RAYA CIMAREME NO. 256,Cimareme,SWASTA,https://referensi.data.kemendikdasmen.go.id/pendidikan/npsn/69815382
Kabupaten Bandung Barat,Ngamprah,dikdas,60730354,SMP NASA,Jln. Ciwantani,Cilame,SWASTA,https://referensi.data.kemendikdasmen.go.id/pendidikan/npsn/60730354
Kabupaten Bandung Barat,Ngamprah,dikdas,20206046,SMP NEGERI 1 NGAMPRAH,Jl. Mekarsari No. 4,Mekarsari,NEGERI,https://referensi.data.kemendikdasmen.go.id/pendidikan/npsn/20206046
Kabupaten Bandung Barat,Ngamprah,dikdas,20252476,SMP NEGERI 2 NGAMPRAH,Jl.somawinata,Tanimulya,NEGERI,https://referensi.data.kemendikdasmen.go.id/pendidikan/npsn/20252476
Kabupaten Bandung Barat,Ngamprah,dikdas,20279854,SMP NEGERI 3 NGAMPRAH,JL. BUKIT PERMATA RAYA,Cilame,NEGERI,https://referensi.data.kemendikdasmen.go.id/pendidikan/npsn/20279854
Kabupaten Bandung Barat,Ngamprah,dikdas,20279853,SMP NEGERI 4 NGAMPRAH,JL.Hajigofur-cisarua km.4,Pakuhaji,NEGERI,https://referensi.data.kemendikdasmen.go.id/pendidikan/npsn/20279853
Kabupaten Bandung Barat,Ngamprah,dikdas,20227710,SMP NUSA BANGSA,Jl. Sindangsari RT 01 RW 06 No.167c Cimareme,Cimareme,SWASTA,https://referensi.data.kemendikdasmen.go.id/pendidikan/npsn/20227710
Kabupaten Bandung Barat,Ngamprah,dikdas,20255755,SMP PATRIOT BANGSA,Jl. H. Gofur No. 162,Tanimulya,SWASTA,https://referensi.data.kemendikdasmen.go.id/pendidikan/npsn/20255755
Kabupaten Bandung Barat,Ngamprah,dikdas,20227729,SMP PGRI NGAMPRAH,Jl. Ngamprah No. 1,Ngamprah,SWASTA,https://referensi.data.kemendikdasmen.go.id/pendidikan/npsn/20227729
Kabupaten Bandung Barat,Ngamprah,dikdas,70057187,SMP PLUS SALI AL-AITAAM,Jl. Cipulus B. 24,Ngamprah,SWASTA,https://referensi.data.kemendikdasmen.go.id/pendidikan/npsn/70057187
Kabupaten Bandung Barat,Ngamprah,dikdas,70056880,SMP SAINS,Jl. Haji Gofur Kp. Randu Kurung,Cilame,SWASTA,https://referensi.data.kemendikdasmen.go.id/pendidikan/npsn/70056880
Kabupaten Bandung Barat,Ngamprah,dikdas,20227766,SMP UNGGULAN AL-AMIN,Jl. H. Gofur - Rawa Tengah Desa Tanimulya RT 02 RW 07,Tanimulya,SWASTA,https://referensi.data.kemendikdasmen.go.id/pendidikan/npsn/20227766
Kabupaten Bandung Barat,Ngamprah,dikdas,70034063,SPM. WUSTHA PONDOK PESANTREN MODERN DARUSSALAM,BUKIT PERMATA CIMAHI BLOK G,Cilame,SWASTA,https://referensi.data.kemendikdasmen.go.id/pendidikan/npsn/70034063
Kabupaten Bandung Barat,Parongpong,dikdas,60709596,MIS CISASAWI,KP. CISASAWI RT 02/06,Ciwaruga,SWASTA,https://referensi.data.kemendikdasmen.go.id/pendidikan/npsn/60709596
Kabupaten Bandung Barat,Parongpong,dikdas,60709597,MIS JEUNGJINGRIGIL,JL. MEKARWANGI RT. 02/12,Karyawangi,SWASTA,https://referensi.data.kemendikdasmen.go.id/pendidikan/npsn/60709597
Kabupaten Bandung Barat,Parongpong,dikdas,60726907,MIS MODERN GENERASI BRILLIAN,JL. CIHANJUANG - GG. APIT NO. 72 CIBALIGO RT. 03 RW. 01,Cihanjuang,SWASTA,https://referensi.data.kemendikdasmen.go.id/pendidikan/npsn/60726907
Kabupaten Bandung Barat,Parongpong,dikdas,60709598,MIS NURUL HUDA CIWARUGA,JL. WARUGAJAYA NO 104 RT. 04 RW. 11 DES. CIWARUGA KEC. PARONGPONG KAB. BANDUNG,Ciwaruga,SWASTA,https://referensi.data.kemendikdasmen.go.id/pendidikan/npsn/60709598
Kabupaten Bandung Barat,Parongpong,dikdas,20279482,MTSS AZ-ZAHRA PARONGPONG,"CIHANJUANG KM 8,2 KP. PANEUNGTEUNG",Cihanjuang Rahayu,SWASTA,https://referensi.data.kemendikdasmen.go.id/pendidikan/npsn/20279482
Kabupaten Bandung Barat,Parongpong,dikdas,20279483,MTSS CISASAWI,KP. CISASAWI RT.02 RW.06,Ciwaruga,SWASTA,https://referensi.data.kemendikdasmen.go.id/pendidikan/npsn/20279483
Kabupaten Bandung Barat,Parongpong,dikdas,69992620,PDF Wustha Daarul Halim,Jl. Daarul Haliim No 04 RT.06/RW.02,Cihanjuang,SWASTA,https://referensi.data.kemendikdasmen.go.id/pendidikan/npsn/69992620
Kabupaten Bandung Barat,Parongpong,dikdas,70051400,PDF Wustha DAARUT TAUHIID,jln. nyampai,Karyawangi,SWASTA,https://referensi.data.kemendikdasmen.go.id/pendidikan/npsn/70051400
Kabupaten Bandung Barat,Parongpong,dikdas,20227510,SD ADVENT PARONGPONG,"Jl. Kolonel Masturi Km 6,5 RT. 01 RW.14",Cihanjuang Rahayu,SWASTA,https://referensi.data.kemendikdasmen.go.id/pendidikan/npsn/20227510
Kabupaten Bandung Barat,Parongpong,dikdas,70040071,SD ALAM QURAN NUR MADANI,Kp. Tutugan No. 294 Rt.001 Rw.006,Cihanjuang Rahayu,SWASTA,https://referensi.data.kemendikdasmen.go.id/pendidikan/npsn/70040071
Kabupaten Bandung Barat,Parongpong,dikdas,20267606,SD AMAL KELUARGA,Jl. Cigugur Girang No.297 RT.04 RW.05,Cigugur Girang,SWASTA,https://referensi.data.kemendikdasmen.go.id/pendidikan/npsn/20267606
Kabupaten Bandung Barat,Parongpong,dikdas,20228186,SD DAARUL FIKRI,"Komplek Cibaligo Permai, Jl. Daarul Fikri No. 02 RT.06 RW.02",Cihanjuang,SWASTA,https://referensi.data.kemendikdasmen.go.id/pendidikan/npsn/20228186
Kabupaten Bandung Barat,Parongpong,dikdas,69991621,SD DAARUT TAUHIID,JL. Cigugur Girang No.33 Kp. pangsor RT.03 RW.07,Cigugur Girang,SWASTA,https://referensi.data.kemendikdasmen.go.id/pendidikan/npsn/69991621
Kabupaten Bandung Barat,Parongpong,dikdas,60730353,SD FIRDAUS PERCIKAN IMAN,Jl. Bukit Firdaus No.9 Komp. Geger Kalong Permai RT.07 RW.07,Ciwaruga,SWASTA,https://referensi.data.kemendikdasmen.go.id/pendidikan/npsn/60730353
Kabupaten Bandung Barat,Parongpong,dikdas,69965932,SD FUN KIDS,KOMPLEK PURI BUDI ASRI BLOK C NO.6-7,Cihanjuang,SWASTA,https://referensi.data.kemendikdasmen.go.id/pendidikan/npsn/69965932
Kabupaten Bandung Barat,Parongpong,dikdas,20258189,SD INTERAKTIF ABDUSSALAM,Jl. Cihanjuang Cibaligo No.17 RT.10 RW.01,Cihanjuang,SWASTA,https://referensi.data.kemendikdasmen.go.id/pendidikan/npsn/20258189
Kabupaten Bandung Barat,Parongpong,dikdas,70037622,SD IT AN-NUUR,Jl. Cipanjak No.02 RT.04/11,Cigugur Girang,SWASTA,https://referensi.data.kemendikdasmen.go.id/pendidikan/npsn/70037622
Kabupaten Bandung Barat,Parongpong,dikdas,69918870,SD IT MADINATUL ULUM,JL. KARYAWANGINO.69 RT.01 RW.05,Karyawangi,SWASTA,https://referensi.data.kemendikdasmen.go.id/pendidikan/npsn/69918870
Kabupaten Bandung Barat,Parongpong,dikdas,20228189,SD KARTIKA X-3,Jl. Kol. Masturi RT.03 RW.11 Ds. Karyawangi Parongpong,Karyawangi,SWASTA,https://referensi.data.kemendikdasmen.go.id/pendidikan/npsn/20228189
Kabupaten Bandung Barat,Parongpong,dikdas,20205908,SD NEGERI TUNAS KARYA,Perkebunan Sukawana RT.01 RW.12,Karyawangi,NEGERI,https://referensi.data.kemendikdasmen.go.id/pendidikan/npsn/20205908
Kabupaten Bandung Barat,Parongpong,dikdas,20206895,SD NEGERI BUDHI KARYA,Jl. Waruga Jaya RT.04 RW.11,Ciwaruga,NEGERI,https://referensi.data.kemendikdasmen.go.id/pendidikan/npsn/20206895
Kabupaten Bandung Barat,Parongpong,dikdas,20207956,SD NEGERI CARINGIN,Jl. Terusan Sersan Bajuri No.95,Cihideung,NEGERI,https://referensi.data.kemendikdasmen.go.id/pendidikan/npsn/20207956
Kabupaten Bandung Barat,Parongpong,dikdas,20208164,SD NEGERI CIGUGUR GIRANG 01,Jl. Ditasaraya No.2 RT.01 RW.05,Cigugur Girang,NEGERI,https://referensi.data.kemendikdasmen.go.id/pendidikan/npsn/20208164
Kabupaten Bandung Barat,Parongpong,dikdas,20208160,SD NEGERI CIHANJUANG,Jl. Cihanjuang RT.02 RW.07,Cihanjuang,NEGERI,https://referensi.data.kemendikdasmen.go.id/pendidikan/npsn/20208160
Kabupaten Bandung Barat,Parongpong,dikdas,20208158,SD NEGERI CIHANJUANG 2,Jl. Cihanjuang Kampung Babakan,Cihanjuang Rahayu,NEGERI,https://referensi.data.kemendikdasmen.go.id/pendidikan/npsn/20208158
Kabupaten Bandung Barat,Parongpong,dikdas,20208155,SD NEGERI CIHANJUANG 4,Jl. Cihanjuang Rahayu,Cihanjuang Rahayu,NEGERI,https://referensi.data.kemendikdasmen.go.id/pendidikan/npsn/20208155
Kabupaten Bandung Barat,Parongpong,dikdas,20208226,SD NEGERI CIHIDEUNG 01,Jl. Terusan Sersan Bajuri No.34,Cihideung,NEGERI,https://referensi.data.kemendikdasmen.go.id/pendidikan/npsn/20208226
Kabupaten Bandung Barat,Parongpong,dikdas,20207780,SD NEGERI CISINTOK,Jl. Cihajuang No.131 RT.01 RW.03,Cihanjuang,NEGERI,https://referensi.data.kemendikdasmen.go.id/pendidikan/npsn/20207780
Kabupaten Bandung Barat,Parongpong,dikdas,20207812,SD NEGERI CIWARUGA 1,Jl. Waruga Jaya No.09 RT.03 RW.03,Ciwaruga,NEGERI,https://referensi.data.kemendikdasmen.go.id/pendidikan/npsn/20207812
Kabupaten Bandung Barat,Parongpong,dikdas,20207811,SD NEGERI CIWARUGA 2,Jl. Waruga Jaya No.45 RT.03 RW.07,Ciwaruga,NEGERI,https://referensi.data.kemendikdasmen.go.id/pendidikan/npsn/20207811
Kabupaten Bandung Barat,Parongpong,dikdas,20267599,SD NEGERI HANJUANG SAMIJAYA,Jl. Cihanjuang - Cibaligo RT.04 RW.14,Cihanjuang,NEGERI,https://referensi.data.kemendikdasmen.go.id/pendidikan/npsn/20267599
Kabupaten Bandung Barat,Parongpong,dikdas,20205544,SD NEGERI HARAPAN MULYA,Jl. Karyawangi No.81 RT.01 RW.06,Karyawangi,NEGERI,https://referensi.data.kemendikdasmen.go.id/pendidikan/npsn/20205544
Kabupaten Bandung Barat,Parongpong,dikdas,20205453,SD NEGERI JEUNGJINGRIGIL,Jl Lembur Tengah,Sariwangi,NEGERI,https://referensi.data.kemendikdasmen.go.id/pendidikan/npsn/20205453
Kabupaten Bandung Barat,Parongpong,dikdas,20205427,SD NEGERI KANCAH,Jl. Sukawana RT.03 RW.16,Cihideung,NEGERI,https://referensi.data.kemendikdasmen.go.id/pendidikan/npsn/20205427
Kabupaten Bandung Barat,Parongpong,dikdas,20205501,SD NEGERI KARYA UTAMA,Jln. Nyampay RT.02 RW.03,Karyawangi,NEGERI,https://referensi.data.kemendikdasmen.go.id/pendidikan/npsn/20205501
Kabupaten Bandung Barat,Parongpong,dikdas,20205506,SD NEGERI KARYAWANGI,Jl. Kolonel Masturi No.288 RT.01 RW.11,Karyawangi,NEGERI,https://referensi.data.kemendikdasmen.go.id/pendidikan/npsn/20205506
Kabupaten Bandung Barat,Parongpong,dikdas,20205205,SD NEGERI MEKAR RAHAYU,Kp. Manglayang RT.02 RW.03,Cihanjuang Rahayu,NEGERI,https://referensi.data.kemendikdasmen.go.id/pendidikan/npsn/20205205
Kabupaten Bandung Barat,Parongpong,dikdas,20205053,SD NEGERI MUNGGANG SALUYU,JL SUKAMULUS NO 1,Cigugur Girang,NEGERI,https://referensi.data.kemendikdasmen.go.id/pendidikan/npsn/20205053
Kabupaten Bandung Barat,Parongpong,dikdas,20205268,SD NEGERI PANYAIRAN 01,Jl. Cigugur Girang No.18 RT.02 RW.02,Cigugur Girang,NEGERI,https://referensi.data.kemendikdasmen.go.id/pendidikan/npsn/20205268
Kabupaten Bandung Barat,Parongpong,dikdas,20227553,SD NEGERI PASIRMUNCANG,Jl. Raya Cigugur Girang No. 234 Kp. Pangsor RT 03 RW 07,Cigugur Girang,NEGERI,https://referensi.data.kemendikdasmen.go.id/pendidikan/npsn/20227553
Kabupaten Bandung Barat,Parongpong,dikdas,20258101,SD NEGERI SARIWANGI,Jl.Sariwangi Raya No.129A RT.05 RW.09,Sariwangi,NEGERI,https://referensi.data.kemendikdasmen.go.id/pendidikan/npsn/20258101
Kabupaten Bandung Barat,Parongpong,dikdas,20206510,SD NEGERI SUKAHURIP,Jl. Cigugurgirang RT.01 RW.03,Cigugur Girang,NEGERI,https://referensi.data.kemendikdasmen.go.id/pendidikan/npsn/20206510
Kabupaten Bandung Barat,Parongpong,dikdas,20205971,SD NEGERI SUKAMULYA,Jl. Sukamulya RT.02 RW.04,Cihideung,NEGERI,https://referensi.data.kemendikdasmen.go.id/pendidikan/npsn/20205971
Kabupaten Bandung Barat,Parongpong,dikdas,20206023,SD NEGERI SUKASIRNA,Jl. Terusan Sersan Bajuri No.34,Cihideung,NEGERI,https://referensi.data.kemendikdasmen.go.id/pendidikan/npsn/20206023
Kabupaten Bandung Barat,Parongpong,dikdas,20205923,SD NEGERI TUGU,Jl. Terusan Sersan Bajuri RT.03 RW.07,Cihideung,NEGERI,https://referensi.data.kemendikdasmen.go.id/pendidikan/npsn/20205923
Kabupaten Bandung Barat,Parongpong,dikdas,20205907,SD NEGERI TUTUGAN RAHAYU,"Jl. Cihanjuang, Kp. Tutugan RT 01 RW 06",Cihanjuang Rahayu,NEGERI,https://referensi.data.kemendikdasmen.go.id/pendidikan/npsn/20205907
Kabupaten Bandung Barat,Parongpong,dikdas,70031197,SD ROUDLOTUL ULUM,Kp. Cisasawi Rt.001 Rw.006,Cihanjuang,SWASTA,https://referensi.data.kemendikdasmen.go.id/pendidikan/npsn/70031197
Kabupaten Bandung Barat,Parongpong,dikdas,70011957,SD SAQU MUTIARA BANDUNG,Jl. Cigugurgirang No 15 RT/RW 001/011,Cigugur Girang,SWASTA,https://referensi.data.kemendikdasmen.go.id/pendidikan/npsn/70011957
Kabupaten Bandung Barat,Parongpong,dikdas,70031206,SD SHAUN ALDRICH VINO VICO,Kp. Parongpong Rt.005 Rw.011,Karyawangi,SWASTA,https://referensi.data.kemendikdasmen.go.id/pendidikan/npsn/70031206
Kabupaten Bandung Barat,Parongpong,dikdas,60730352,SD UNGGULAN NASYWA,Jl. Lembah Permai RT.01 RW.05,Sariwangi,SWASTA,https://referensi.data.kemendikdasmen.go.id/pendidikan/npsn/60730352
Kabupaten Bandung Barat,Parongpong,dikdas,70055566,SDIT IMAM AHMAD,Jl. Kebonhui RT. 001 RW. 003,Cigugur Girang,SWASTA,https://referensi.data.kemendikdasmen.go.id/pendidikan/npsn/70055566
Kabupaten Bandung Barat,Parongpong,dikdas,70062172,SDIT INSANTAMA BANDUNG,Jl. Terusan Sersan Bajuri No. 54,Cihideung,SWASTA,https://referensi.data.kemendikdasmen.go.id/pendidikan/npsn/70062172
Kabupaten Bandung Barat,Parongpong,dikdas,20227544,Sekolah Dasar SIS Bandung,"Jl. Sersan Bajuri Km 1,5 RT.03 RW.01 Sukabaru Bandung Barat",Cihideung,SWASTA,https://referensi.data.kemendikdasmen.go.id/pendidikan/npsn/20227544
Kabupaten Bandung Barat,Parongpong,dikdas,20229809,Sekolah Menengah Pertama SIS Bandung,"Jl. Sersan Bajuri Km 1,5 RT 01 / RW 02, kampung sukabaru",Cihideung,SWASTA,https://referensi.data.kemendikdasmen.go.id/pendidikan/npsn/20229809
Kabupaten Bandung Barat,Parongpong,dikdas,20252580,SMP ADVENT PARONGPONG,"Jl. Kol.masturi Km 6,5",Cihanjuang Rahayu,SWASTA,https://referensi.data.kemendikdasmen.go.id/pendidikan/npsn/20252580
Kabupaten Bandung Barat,Parongpong,dikdas,69959505,SMP DAARUT TAUHIID BOARDING SCHOOL,Jl. Cigugur Girang No.33 Kp. Pangsor,Cigugur Girang,SWASTA,https://referensi.data.kemendikdasmen.go.id/pendidikan/npsn/69959505
Kabupaten Bandung Barat,Parongpong,dikdas,20252582,SMP DARUL HIKMAH,Jln Sariwangi No. 81,Sariwangi,SWASTA,https://referensi.data.kemendikdasmen.go.id/pendidikan/npsn/20252582
Kabupaten Bandung Barat,Parongpong,dikdas,69985402,SMP ISLAM MULTI INTELIGENSI TASDIQUL QURAN,Jl. Cihanjuang No.34,Cihanjuang,SWASTA,https://referensi.data.kemendikdasmen.go.id/pendidikan/npsn/69985402
Kabupaten Bandung Barat,Parongpong,dikdas,69987121,SMP ISLAM NURUL HUDA,JL. WARUGA JAYA NO. 104 RT 04 RW 11,Ciwaruga,SWASTA,https://referensi.data.kemendikdasmen.go.id/pendidikan/npsn/69987121
Kabupaten Bandung Barat,Parongpong,dikdas,20271615,SMP ISLAM TERPADU DAARUL FIKRI,Komp. Cibaligo Permai Jl. Daarul Fikri No. 2,Cihanjuang,SWASTA,https://referensi.data.kemendikdasmen.go.id/pendidikan/npsn/20271615
Kabupaten Bandung Barat,Parongpong,dikdas,69966325,SMP IT MADINATUL ULUM,Jl. Karyawangi No.69 RT.01 RW.05,Karyawangi,SWASTA,https://referensi.data.kemendikdasmen.go.id/pendidikan/npsn/69966325
Kabupaten Bandung Barat,Parongpong,dikdas,69943091,SMP IT NURUL IMAM,JL. CIHANJUANG KP. CISINTOK RT.04 RW.04,Cihanjuang,SWASTA,https://referensi.data.kemendikdasmen.go.id/pendidikan/npsn/69943091
Kabupaten Bandung Barat,Parongpong,dikdas,70062370,SMP KAMPOENG QURAN CENDEKIA,Jl. Cihanjuang-Cibaligo No. 165,Cihanjuang,SWASTA,https://referensi.data.kemendikdasmen.go.id/pendidikan/npsn/70062370
Kabupaten Bandung Barat,Parongpong,dikdas,20206114,SMP NEGERI 1 PARONGPONG,Jl. Cihanjuang No. 40,Cihanjuang Rahayu,NEGERI,https://referensi.data.kemendikdasmen.go.id/pendidikan/npsn/20206114
Kabupaten Bandung Barat,Parongpong,dikdas,20279863,SMP NEGERI 2 PARONGPONG,Jl. Warugajaya No.13 Kp. Cibadak RT.03 RW.15,Ciwaruga,NEGERI,https://referensi.data.kemendikdasmen.go.id/pendidikan/npsn/20279863
Kabupaten Bandung Barat,Parongpong,dikdas,20279857,SMP NEGERI 3 PARONGPONG,JL. DESA KARYAWANGI NO.13,Karyawangi,NEGERI,https://referensi.data.kemendikdasmen.go.id/pendidikan/npsn/20279857
Kabupaten Bandung Barat,Parongpong,dikdas,70027829,SMP NURUL ILMI BOARDING SCHOOL,Kp. Panyairan No. 58a RT 002 RW 012,Cihideung,SWASTA,https://referensi.data.kemendikdasmen.go.id/pendidikan/npsn/70027829
Kabupaten Bandung Barat,Parongpong,dikdas,69965773,SMP ROUDLOTUL ULUM,Jl. Cisasawi RT.01 RW.06,Cihanjuang,SWASTA,https://referensi.data.kemendikdasmen.go.id/pendidikan/npsn/69965773
Kabupaten Bandung Barat,Parongpong,dikdas,70012086,SMP TAHFIDZ MAHKOTA AL-HIDAYAH,Jl. Safir Biru Raya Wing 2 Setiabudi Regensi RT 03 RW 17,Ciwaruga,SWASTA,https://referensi.data.kemendikdasmen.go.id/pendidikan/npsn/70012086
Kabupaten Bandung Barat,Parongpong,dikdas,70039352,SMP UNGGULAN NASYWA,"Jl. Lembah Permai Hanjuang Nomor 2, RT 001, RW 005",Sariwangi,SWASTA,https://referensi.data.kemendikdasmen.go.id/pendidikan/npsn/70039352
Kabupaten Bandung Barat,Parongpong,dikdas,70063916,SMPIT INSANTAMA BANDUNG,"Perumahan Sharia High Land, Jl. Mesjid Nagrak No. 611",Kec. Parongpong,SWASTA,https://referensi.data.kemendikdasmen.go.id/pendidikan/npsn/70063916
Kabupaten Bandung Barat,Parongpong,dikdas,70036471,SPM WUSTHA PONDOK PESANTREN INTEGRITAS QURANI,JALAN KAMPUS POLBAN CIWARUGA,Ciwaruga,SWASTA,https://referensi.data.kemendikdasmen.go.id/pendidikan/npsn/70036471
Kabupaten Bandung Barat,Lembang,dikdas,69976305,KOMPUTER AS-SHIDIQIYYAH,JL. PASAR AHAD KP. CIKAREUMBI KM2,Cikidang,SWASTA,https://referensi.data.kemendikdasmen.go.id/pendidikan/npsn/69976305
Kabupaten Bandung Barat,Lembang,dikdas,70027758,MI DARUN NASYA,Kp. Pasir Handap RT 01 RW 04,Pagerwangi,SWASTA,https://referensi.data.kemendikdasmen.go.id/pendidikan/npsn/70027758
Kabupaten Bandung Barat,Lembang,dikdas,60709575,MIN 1 Bandung Barat,Jl. Nyampay No. 1 RT 01 RW 06,Langensari,NEGERI,https://referensi.data.kemendikdasmen.go.id/pendidikan/npsn/60709575
Kabupaten Bandung Barat,Lembang,dikdas,60709576,MIS AR-ROCHMAH,KP. CICALUNG RT. 03 RW. 06 DESA WANGUNHARJA KEC. LEMBANG KAB. BANDUNG BARAT,Wangunharja,SWASTA,https://referensi.data.kemendikdasmen.go.id/pendidikan/npsn/60709576
Kabupaten Bandung Barat,Lembang,dikdas,60709577,MIS CIKAWARI,KP. CIKAWARI RT. 2/4,Pagerwangi,SWASTA,https://referensi.data.kemendikdasmen.go.id/pendidikan/npsn/60709577
Kabupaten Bandung Barat,Lembang,dikdas,60709578,MIS DARUL FURQON,JL. GRAND HOTEL NO 41,Lembang,SWASTA,https://referensi.data.kemendikdasmen.go.id/pendidikan/npsn/60709578
Kabupaten Bandung Barat,Lembang,dikdas,60709579,MIS NYALINDUNG LEMBANG,KP. NYALINDUNG RT. 4/8,Cikole,SWASTA,https://referensi.data.kemendikdasmen.go.id/pendidikan/npsn/60709579
Kabupaten Bandung Barat,Lembang,dikdas,70059326,MTS PONPES AL-IHYA,Jl. Cikareumbi Kp. Cireyod RT 02 RW 04,Cikidang,SWASTA,https://referensi.data.kemendikdasmen.go.id/pendidikan/npsn/70059326
Kabupaten Bandung Barat,Lembang,dikdas,60727385,MTSS ADZ-DZIKRO,JL. TUGU LAKSANA RT 02/13,Sukajaya,SWASTA,https://referensi.data.kemendikdasmen.go.id/pendidikan/npsn/60727385
Kabupaten Bandung Barat,Lembang,dikdas,20279469,MTSS AL-MANSYURIYAH SA ADAH,KP. CIKAWARI,Cikahuripan,SWASTA,https://referensi.data.kemendikdasmen.go.id/pendidikan/npsn/20279469
Kabupaten Bandung Barat,Lembang,dikdas,20279470,MTSS AL-MUHAJIRIN,JL. KOLONEL MASTURI GEDONG LIMA RT 2/10,Lembang,SWASTA,https://referensi.data.kemendikdasmen.go.id/pendidikan/npsn/20279470
Kabupaten Bandung Barat,Lembang,dikdas,20279471,MTSS AL-MUSYAWARAH,JL. BARU ADJAK NO. 158,Lembang,SWASTA,https://referensi.data.kemendikdasmen.go.id/pendidikan/npsn/20279471
Kabupaten Bandung Barat,Lembang,dikdas,20276198,MTSS AL-QUR`AN AL-AMANAH,"JL LAPANG, CIBOGO, RT.01, RW. 11, KEC LEMBANG, KAB. BANDUNG BARAT.",Jayagiri,SWASTA,https://referensi.data.kemendikdasmen.go.id/pendidikan/npsn/20276198
Kabupaten Bandung Barat,Lembang,dikdas,20279472,MTSS NURUL HUDA LEMBANG,KP. NYALINDUNG RT.04/08,Cikole,SWASTA,https://referensi.data.kemendikdasmen.go.id/pendidikan/npsn/20279472
Kabupaten Bandung Barat,Lembang,dikdas,20279474,MTSS PERSIS LEMBANG,KP. CIPUTRI RT 02 RW 08,Langensari,SWASTA,https://referensi.data.kemendikdasmen.go.id/pendidikan/npsn/20279474
Kabupaten Bandung Barat,Lembang,dikdas,20279473,MTSS PLUS AL-AMIN,KP. NYAMPAY NO. 139 RT 2/14,Langensari,SWASTA,https://referensi.data.kemendikdasmen.go.id/pendidikan/npsn/20279473
Kabupaten Bandung Barat,Lembang,dikdas,69985989,SD ISLAM TERPADU FIRDAUS,Jl. Raya lembang KM.13.1 RT.03 RW.06,Gudangkahuripan,SWASTA,https://referensi.data.kemendikdasmen.go.id/pendidikan/npsn/69985989
Kabupaten Bandung Barat,Lembang,dikdas,20267595,SD IT AL AMANAH,Jl Lapang Rt.01/11,Cibogo,SWASTA,https://referensi.data.kemendikdasmen.go.id/pendidikan/npsn/20267595
Kabupaten Bandung Barat,Lembang,dikdas,69761835,SD IT GITA ISLAMIC SCHOOL,Jl. Grand Hotel No. 44a,Lembang,SWASTA,https://referensi.data.kemendikdasmen.go.id/pendidikan/npsn/69761835
Kabupaten Bandung Barat,Lembang,dikdas,20207696,SD NEGERI GUDANG KAHURIPAN,Jl. Raya Lembang No. 14,Gudangkahuripan,NEGERI,https://referensi.data.kemendikdasmen.go.id/pendidikan/npsn/20207696
Kabupaten Bandung Barat,Lembang,dikdas,20205734,SD NEGERI LEMBANG,Jl. Pasar Raya Panorama,Lembang,NEGERI,https://referensi.data.kemendikdasmen.go.id/pendidikan/npsn/20205734
Kabupaten Bandung Barat,Lembang,dikdas,20207844,SD NEGERI 1 CIBODAS,Jl. Maribaya Timur No. 100,Cibodas,NEGERI,https://referensi.data.kemendikdasmen.go.id/pendidikan/npsn/20207844
Kabupaten Bandung Barat,Lembang,dikdas,20207853,SD NEGERI 1 CIBOGO,Jl. Tangkuban Perahu No.87,Cibogo,NEGERI,https://referensi.data.kemendikdasmen.go.id/pendidikan/npsn/20207853
Kabupaten Bandung Barat,Lembang,dikdas,20208120,SD NEGERI 1 CIKIDANG,Kp. Cikareumbi,Cikidang,NEGERI,https://referensi.data.kemendikdasmen.go.id/pendidikan/npsn/20208120
Kabupaten Bandung Barat,Lembang,dikdas,20207538,SD NEGERI 1 CILUMBER,Kp. Cilumber RT 04 RW 07 Desa Cibogo Kecamatan Lembang,Cibogo,NEGERI,https://referensi.data.kemendikdasmen.go.id/pendidikan/npsn/20207538
Kabupaten Bandung Barat,Lembang,dikdas,20267601,SD NEGERI 1 JAYAGIRI,Jl. Jayagiri No. 27,Jayagiri,NEGERI,https://referensi.data.kemendikdasmen.go.id/pendidikan/npsn/20267601
Kabupaten Bandung Barat,Lembang,dikdas,20205515,SD NEGERI 1 KAYUAMBON,Jl. Kenanga No. 42,Kayuambon,NEGERI,https://referensi.data.kemendikdasmen.go.id/pendidikan/npsn/20205515
Kabupaten Bandung Barat,Lembang,dikdas,20205827,SD NEGERI 1 LANGENSARI,Jl. Maribaya KM 3 Lembang,Langensari,NEGERI,https://referensi.data.kemendikdasmen.go.id/pendidikan/npsn/20205827
Kabupaten Bandung Barat,Lembang,dikdas,20205350,SD NEGERI 1 PADASUKA,Jl. Cijengkol No 29,Wangunsari,NEGERI,https://referensi.data.kemendikdasmen.go.id/pendidikan/npsn/20205350
Kabupaten Bandung Barat,Lembang,dikdas,20205332,SD NEGERI 1 PAGERWANGI,Kp. Bunisari,Mekarwangi,NEGERI,https://referensi.data.kemendikdasmen.go.id/pendidikan/npsn/20205332
Kabupaten Bandung Barat,Lembang,dikdas,20205992,SD NEGERI 1 SUNTENJAYA,Kp. Dago,Suntenjaya,NEGERI,https://referensi.data.kemendikdasmen.go.id/pendidikan/npsn/20205992
Kabupaten Bandung Barat,Lembang,dikdas,20205904,SD NEGERI 1 WANGUNSARI,Jl. Wangunsari No.87,Wangunsari,NEGERI,https://referensi.data.kemendikdasmen.go.id/pendidikan/npsn/20205904
Kabupaten Bandung Barat,Lembang,dikdas,20205660,SD NEGERI 10 LEMBANG,Jl. Barulaksana No. 182,Jayagiri,NEGERI,https://referensi.data.kemendikdasmen.go.id/pendidikan/npsn/20205660
Kabupaten Bandung Barat,Lembang,dikdas,20205659,SD NEGERI 11 LEMBANG,Jl. Grand Hotel No.43,Lembang,NEGERI,https://referensi.data.kemendikdasmen.go.id/pendidikan/npsn/20205659
Kabupaten Bandung Barat,Lembang,dikdas,20205658,SD NEGERI 12 LEMBANG,Jl. Gunung Putri No. 6 RT 01 RW 10,Jayagiri,NEGERI,https://referensi.data.kemendikdasmen.go.id/pendidikan/npsn/20205658
Kabupaten Bandung Barat,Lembang,dikdas,20207839,SD NEGERI 2 CIBODAS,Kp. Sukamaju,Cibodas,NEGERI,https://referensi.data.kemendikdasmen.go.id/pendidikan/npsn/20207839
Kabupaten Bandung Barat,Lembang,dikdas,20207852,SD NEGERI 2 CIBOGO,Asrama Brimob Cikole,Cikole,NEGERI,https://referensi.data.kemendikdasmen.go.id/pendidikan/npsn/20207852
Kabupaten Bandung Barat,Lembang,dikdas,20267602,SD NEGERI 2 JAYAGIRI,Jl. Kehutanan No. 71 Rt. 05 Rw. 12,Jayagiri,NEGERI,https://referensi.data.kemendikdasmen.go.id/pendidikan/npsn/20267602
Kabupaten Bandung Barat,Lembang,dikdas,20205513,SD NEGERI 2 KAYUAMBON,Kp. Panggragajian,Kayuambon,NEGERI,https://referensi.data.kemendikdasmen.go.id/pendidikan/npsn/20205513
Kabupaten Bandung Barat,Lembang,dikdas,20205825,SD NEGERI 2 LANGENSARI,Jln.Maribaya KM.3,Langensari,NEGERI,https://referensi.data.kemendikdasmen.go.id/pendidikan/npsn/20205825
Kabupaten Bandung Barat,Lembang,dikdas,20205801,SD NEGERI 2 LEMBANG,Jl. Kehutanan No. 73,Jayagiri,NEGERI,https://referensi.data.kemendikdasmen.go.id/pendidikan/npsn/20205801
Kabupaten Bandung Barat,Lembang,dikdas,20205370,SD NEGERI 2 PADASUKA,JL.WANGUNSARI NO.29,Wangunsari,NEGERI,https://referensi.data.kemendikdasmen.go.id/pendidikan/npsn/20205370
Kabupaten Bandung Barat,Lembang,dikdas,20205331,SD NEGERI 2 PAGERWANGI,Jl. Sukanagara,Pagerwangi,NEGERI,https://referensi.data.kemendikdasmen.go.id/pendidikan/npsn/20205331
Kabupaten Bandung Barat,Lembang,dikdas,20205993,SD NEGERI 2 SUNTENJAYA,"Jl. Maribaya Timur, Kp. Gandok",Suntenjaya,NEGERI,https://referensi.data.kemendikdasmen.go.id/pendidikan/npsn/20205993
Kabupaten Bandung Barat,Lembang,dikdas,20205903,SD NEGERI 2 WANGUNSARI,Kp. Cirateun Peuntas,Wangunsari,NEGERI,https://referensi.data.kemendikdasmen.go.id/pendidikan/npsn/20205903
Kabupaten Bandung Barat,Lembang,dikdas,20207838,SD NEGERI 3 CIBODAS,Jl. Maribaya Timur KM.12 Kp. Cibodas RT.02 RW.05,Suntenjaya,NEGERI,https://referensi.data.kemendikdasmen.go.id/pendidikan/npsn/20207838
Kabupaten Bandung Barat,Lembang,dikdas,20207851,SD NEGERI 3 CIBOGO,Jl. Tangkuban Perahu,Cibogo,NEGERI,https://referensi.data.kemendikdasmen.go.id/pendidikan/npsn/20207851
Kabupaten Bandung Barat,Lembang,dikdas,20208068,SD NEGERI 3 CIKAHURIPAN,Kp. Barunagri,Sukajaya,NEGERI,https://referensi.data.kemendikdasmen.go.id/pendidikan/npsn/20208068
Kabupaten Bandung Barat,Lembang,dikdas,20208118,SD NEGERI 3 CIKIDANG,Jl.maribaya Utara Kp.cicalung,Wangunharja,NEGERI,https://referensi.data.kemendikdasmen.go.id/pendidikan/npsn/20208118
Kabupaten Bandung Barat,Lembang,dikdas,20205800,SD NEGERI 3 LEMBANG,Jl Grand Hotel Lembang,Lembang,NEGERI,https://referensi.data.kemendikdasmen.go.id/pendidikan/npsn/20205800
Kabupaten Bandung Barat,Lembang,dikdas,20205330,SD NEGERI 3 PAGERWANGI,Kp. Sindangwaas,Mekarwangi,NEGERI,https://referensi.data.kemendikdasmen.go.id/pendidikan/npsn/20205330
Kabupaten Bandung Barat,Lembang,dikdas,20205900,SD NEGERI 3 WANGUNSARI,Jalan Tugulaksana,Pagerwangi,NEGERI,https://referensi.data.kemendikdasmen.go.id/pendidikan/npsn/20205900
Kabupaten Bandung Barat,Lembang,dikdas,20207845,SD NEGERI 4 CIBODAS,Kp. Sukarasa,Cibodas,NEGERI,https://referensi.data.kemendikdasmen.go.id/pendidikan/npsn/20207845
Kabupaten Bandung Barat,Lembang,dikdas,20207850,SD NEGERI 4 CIBOGO,Kp. Pasar Ahad,Cikole,NEGERI,https://referensi.data.kemendikdasmen.go.id/pendidikan/npsn/20207850
Kabupaten Bandung Barat,Lembang,dikdas,20208119,SD NEGERI 5 CIKIDANG,Kp. Pengkolan,Cikidang,NEGERI,https://referensi.data.kemendikdasmen.go.id/pendidikan/npsn/20208119
Kabupaten Bandung Barat,Lembang,dikdas,20207849,SD NEGERI 6 CIBOGO,Kp. Cibedug RT.01 RW.12,Cikole,NEGERI,https://referensi.data.kemendikdasmen.go.id/pendidikan/npsn/20207849
Kabupaten Bandung Barat,Lembang,dikdas,20208117,SD NEGERI 6 CIKIDANG,Kp Cikawari RT 03 RW 03,Wangunharja,NEGERI,https://referensi.data.kemendikdasmen.go.id/pendidikan/npsn/20208117
Kabupaten Bandung Barat,Lembang,dikdas,20207848,SD NEGERI 7 CIBOGO,Kp. Pasar Ahad,Cikole,NEGERI,https://referensi.data.kemendikdasmen.go.id/pendidikan/npsn/20207848
Kabupaten Bandung Barat,Lembang,dikdas,20227516,SD NEGERI BANYUHURIP,Jl. Kol. Masturi No 56,Cikahuripan,NEGERI,https://referensi.data.kemendikdasmen.go.id/pendidikan/npsn/20227516
Kabupaten Bandung Barat,Lembang,dikdas,20206938,SD NEGERI BARULAKSANA,Jl. Manoko,Cikahuripan,NEGERI,https://referensi.data.kemendikdasmen.go.id/pendidikan/npsn/20206938
Kabupaten Bandung Barat,Lembang,dikdas,20206948,SD NEGERI BARUNAGRI,Kp. Barunagri N0. 89,Sukajaya,NEGERI,https://referensi.data.kemendikdasmen.go.id/pendidikan/npsn/20206948
Kabupaten Bandung Barat,Lembang,dikdas,20206924,SD NEGERI BUAHBATU,Kp. Buahbatu,Cibodas,NEGERI,https://referensi.data.kemendikdasmen.go.id/pendidikan/npsn/20206924
Kabupaten Bandung Barat,Lembang,dikdas,20206910,SD NEGERI BUKANAGARA,Jl. Bukanagara,Pagerwangi,NEGERI,https://referensi.data.kemendikdasmen.go.id/pendidikan/npsn/20206910
Kabupaten Bandung Barat,Lembang,dikdas,20208010,SD NEGERI CIBEUNYING,Kp. Cibeunying,Cibodas,NEGERI,https://referensi.data.kemendikdasmen.go.id/pendidikan/npsn/20208010
Kabupaten Bandung Barat,Lembang,dikdas,20207938,SD NEGERI CIBURIAL,Jl. Tangkuban Parahu,Cibogo,NEGERI,https://referensi.data.kemendikdasmen.go.id/pendidikan/npsn/20207938
Kabupaten Bandung Barat,Lembang,dikdas,20207760,SD NEGERI CISALASIH,Kp. Cisalasih Rt 01 Rw 05,Cikidang,NEGERI,https://referensi.data.kemendikdasmen.go.id/pendidikan/npsn/20207760
Kabupaten Bandung Barat,Lembang,dikdas,20207818,SD NEGERI CITRASARI,Jl. Maribaya,Langensari,NEGERI,https://referensi.data.kemendikdasmen.go.id/pendidikan/npsn/20207818
Kabupaten Bandung Barat,Lembang,dikdas,20205613,SD NEGERI INPRES CIKAHURIPAN,Kp. Pojok Tengah No.07,Cikahuripan,NEGERI,https://referensi.data.kemendikdasmen.go.id/pendidikan/npsn/20205613
Kabupaten Bandung Barat,Lembang,dikdas,20205700,SD NEGERI MANOKO,Jl. Manoko,Cikahuripan,NEGERI,https://referensi.data.kemendikdasmen.go.id/pendidikan/npsn/20205700
Kabupaten Bandung Barat,Lembang,dikdas,20205192,SD NEGERI MEKARWANGI,Kp. Buniwangi,Mekarwangi,NEGERI,https://referensi.data.kemendikdasmen.go.id/pendidikan/npsn/20205192
Kabupaten Bandung Barat,Lembang,dikdas,20205075,SD NEGERI MERDEKA,Jl. Peneropongan Bintang,Gudangkahuripan,NEGERI,https://referensi.data.kemendikdasmen.go.id/pendidikan/npsn/20205075
Kabupaten Bandung Barat,Lembang,dikdas,20205074,SD NEGERI NAGRAK,Kp. Nagrak,Sukajaya,NEGERI,https://referensi.data.kemendikdasmen.go.id/pendidikan/npsn/20205074
Kabupaten Bandung Barat,Lembang,dikdas,20205347,SD NEGERI PAGERMANEUH,Kp. Pagermaneuh,Pagerwangi,NEGERI,https://referensi.data.kemendikdasmen.go.id/pendidikan/npsn/20205347
Kabupaten Bandung Barat,Lembang,dikdas,20205378,SD NEGERI PANCASILA,Jl. Peneropongan Bintang No.52,Gudangkahuripan,NEGERI,https://referensi.data.kemendikdasmen.go.id/pendidikan/npsn/20205378
Kabupaten Bandung Barat,Lembang,dikdas,20205833,SD NEGERI PASIRIPIS,Kp. Pasiripis,Jayagiri,NEGERI,https://referensi.data.kemendikdasmen.go.id/pendidikan/npsn/20205833
Kabupaten Bandung Barat,Lembang,dikdas,20206350,SD NEGERI PASIRWANGI,Kp. Pasirwangi,Gudangkahuripan,NEGERI,https://referensi.data.kemendikdasmen.go.id/pendidikan/npsn/20206350
Kabupaten Bandung Barat,Lembang,dikdas,20206519,SD NEGERI SUKAJAYA,Jl. Kolonel Masturi No. 95,Sukajaya,NEGERI,https://referensi.data.kemendikdasmen.go.id/pendidikan/npsn/20206519
Kabupaten Bandung Barat,Lembang,dikdas,69968417,SD PELITA INDONESIA,JL RAYA LEMBANG NO.194,Gudangkahuripan,SWASTA,https://referensi.data.kemendikdasmen.go.id/pendidikan/npsn/69968417
Kabupaten Bandung Barat,Lembang,dikdas,70025848,SD TAHFIZH QURAN MQ,Jl. Maribaya Timur No129 Rt.04 Rw.14,Cibodas,SWASTA,https://referensi.data.kemendikdasmen.go.id/pendidikan/npsn/70025848
Kabupaten Bandung Barat,Lembang,dikdas,20279851,SDIT IBNU KHALDUN,Jl. Buni Asih Rt 03 Rw 10,Langensari,SWASTA,https://referensi.data.kemendikdasmen.go.id/pendidikan/npsn/20279851
Kabupaten Bandung Barat,Lembang,dikdas,20271387,SDIT ISTIQOMAH,JL. KAYU AMBON NO. 36 LEMBANG,Lembang,SWASTA,https://referensi.data.kemendikdasmen.go.id/pendidikan/npsn/20271387
Kabupaten Bandung Barat,Lembang,dikdas,69899666,SDTK EAGLE,Jl. Baru Adjak 194 B RT.04/RW.06,Lembang,SWASTA,https://referensi.data.kemendikdasmen.go.id/pendidikan/npsn/69899666
Kabupaten Bandung Barat,Lembang,dikdas,70047316,SEKOLAH DASAR DARUL HADIS LEMBANG,Kp. Pondok RT. 02 RW. 03,Cikole,SWASTA,https://referensi.data.kemendikdasmen.go.id/pendidikan/npsn/70047316
Kabupaten Bandung Barat,Lembang,dikdas,69968418,SMP AL FATIH,JL. DAGO GIRI NO.37,Mekarwangi,SWASTA,https://referensi.data.kemendikdasmen.go.id/pendidikan/npsn/69968418
Kabupaten Bandung Barat,Lembang,dikdas,70042457,SMP BERASRAMA DARUL HIKAM,Jl. Dago Giri No. 5 RT. 008 RW. 009,Pagerwangi,SWASTA,https://referensi.data.kemendikdasmen.go.id/pendidikan/npsn/70042457
Kabupaten Bandung Barat,Lembang,dikdas,70061812,SMP DARUL HADIS LEMBANG,Kp. Pondok No. 17 RT. 002 RW. 003,Cikole,SWASTA,https://referensi.data.kemendikdasmen.go.id/pendidikan/npsn/70061812
Kabupaten Bandung Barat,Lembang,dikdas,69831524,SMP DARUL HIKAM INTERNASIONAL,JL. MARIBAYA NO.89 RT.03 RW.01,Kayuambon,SWASTA,https://referensi.data.kemendikdasmen.go.id/pendidikan/npsn/69831524
Kabupaten Bandung Barat,Lembang,dikdas,69786658,SMP DARUN NASYA,KP. PASIR HANDAP RT.01 RW.14,Pagerwangi,SWASTA,https://referensi.data.kemendikdasmen.go.id/pendidikan/npsn/69786658
Kabupaten Bandung Barat,Lembang,dikdas,20269792,SMP ISLAM NURUL FIKRI BOARDING SCHOOL LEMBANG,Jl. Raya Maribaya Timur,Cibodas,SWASTA,https://referensi.data.kemendikdasmen.go.id/pendidikan/npsn/20269792
Kabupaten Bandung Barat,Lembang,dikdas,69824904,SMP IT AL MUBAROK,KP. NYAMPAY RT.01 RW.06,Langensari,SWASTA,https://referensi.data.kemendikdasmen.go.id/pendidikan/npsn/69824904
Kabupaten Bandung Barat,Lembang,dikdas,69950747,SMP IT IBNU KHALDUN,JL. BUNI ASIH RT.03 RW.10,Langensari,SWASTA,https://referensi.data.kemendikdasmen.go.id/pendidikan/npsn/69950747
Kabupaten Bandung Barat,Lembang,dikdas,20227680,SMP KAHURIPAN LEMBANG,Jl. Kolonel Masturi No. 55,Cikahuripan,SWASTA,https://referensi.data.kemendikdasmen.go.id/pendidikan/npsn/20227680
Kabupaten Bandung Barat,Lembang,dikdas,69957222,SMP KI HAJAR DEWANTARA,KP. PASIR IPIS RT.02/06,Jayagiri,SWASTA,https://referensi.data.kemendikdasmen.go.id/pendidikan/npsn/69957222
Kabupaten Bandung Barat,Lembang,dikdas,20227694,SMP MEKARWANGI,Jl. Bukamanah RT 02 RW 09,Langensari,SWASTA,https://referensi.data.kemendikdasmen.go.id/pendidikan/npsn/20227694
Kabupaten Bandung Barat,Lembang,dikdas,20227706,SMP MUTIARA 5 LEMBANG,Jl.tangkuban Perahu No.78,Cikole,SWASTA,https://referensi.data.kemendikdasmen.go.id/pendidikan/npsn/20227706
Kabupaten Bandung Barat,Lembang,dikdas,20206053,SMP NEGERI 1 LEMBANG,Jl. Raya No. 357 Lembang,Jayagiri,NEGERI,https://referensi.data.kemendikdasmen.go.id/pendidikan/npsn/20206053
Kabupaten Bandung Barat,Lembang,dikdas,20206084,SMP NEGERI 2 LEMBANG,Jl. Maribaya No. 129,Langensari,NEGERI,https://referensi.data.kemendikdasmen.go.id/pendidikan/npsn/20206084
Kabupaten Bandung Barat,Lembang,dikdas,20206097,SMP NEGERI 3 LEMBANG,Jl. Raya Lembang No.29,Jayagiri,NEGERI,https://referensi.data.kemendikdasmen.go.id/pendidikan/npsn/20206097
Kabupaten Bandung Barat,Lembang,dikdas,20227807,SMP NEGERI 4 LEMBANG,Jl. Maribaya Timur Kp.Sukarasa RW.05,Cibodas,NEGERI,https://referensi.data.kemendikdasmen.go.id/pendidikan/npsn/20227807
Kabupaten Bandung Barat,Lembang,dikdas,20269787,SMP NEGERI 5 LEMBANG,JL. CICALUNG No. 1-A,Wangunharja,NEGERI,https://referensi.data.kemendikdasmen.go.id/pendidikan/npsn/20269787
Kabupaten Bandung Barat,Lembang,dikdas,20279858,SMP NEGERI 6 LEMBANG,JL.PENEROPONGAN BENTANG KP. SINAPEUL,Gudangkahuripan,NEGERI,https://referensi.data.kemendikdasmen.go.id/pendidikan/npsn/20279858
Kabupaten Bandung Barat,Lembang,dikdas,20227735,SMP PANCAKARSA LEMBANG,Jl. Kiwi Kayuambon No. 32 Lembang,Lembang,SWASTA,https://referensi.data.kemendikdasmen.go.id/pendidikan/npsn/20227735
Kabupaten Bandung Barat,Lembang,dikdas,70040794,SMP Pelita Indonesia,Jalan Raya Lembang,Gudangkahuripan,SWASTA,https://referensi.data.kemendikdasmen.go.id/pendidikan/npsn/70040794
Kabupaten Bandung Barat,Lembang,dikdas,20206079,SMP PGRI LEMBANG,Jl. Barulaksana No.184,Jayagiri,SWASTA,https://referensi.data.kemendikdasmen.go.id/pendidikan/npsn/20206079
Kabupaten Bandung Barat,Lembang,dikdas,69939655,SMP PP BAITUL IZZAH NUSANTARA,Kp. Sukaluyu RT.02 RW.08 Desa Suntenjaya Kec. Lembang,Suntenjaya,SWASTA,https://referensi.data.kemendikdasmen.go.id/pendidikan/npsn/69939655
Kabupaten Bandung Barat,Lembang,dikdas,69786664,SMP PRAWIRA,Jl. Pagermaneuh,Pagerwangi,SWASTA,https://referensi.data.kemendikdasmen.go.id/pendidikan/npsn/69786664
Kabupaten Bandung Barat,Lembang,dikdas,20227750,SMP PUTRA SILIWANGI,Jl.Wangunsari No 145 B,Wangunsari,SWASTA,https://referensi.data.kemendikdasmen.go.id/pendidikan/npsn/20227750
Kabupaten Bandung Barat,Lembang,dikdas,20227767,SMP WINAYA GUNA LEMBANG,Kp. Cireyod RT 01 / RW 01,Cikidang,SWASTA,https://referensi.data.kemendikdasmen.go.id/pendidikan/npsn/20227767
Kabupaten Bandung Barat,Lembang,dikdas,69899670,SMPTK EAGLE,Jl. Baru Adjak 194 B Rt. 04/Rw. 06,Lembang,SWASTA,https://referensi.data.kemendikdasmen.go.id/pendidikan/npsn/69899670
Kabupaten Bandung Barat,Cisarua,dikdas,60709543,MIS AL-MUSLIMUN,JL. DESA SADANG MEKAR NO. 17,Pasirhalang,SWASTA,https://referensi.data.kemendikdasmen.go.id/pendidikan/npsn/60709543
Kabupaten Bandung Barat,Cisarua,dikdas,60709547,MIS BANI SULAEMAN,KP.PONDOK RT 04 / RW 04,Kec. Cisarua,SWASTA,https://referensi.data.kemendikdasmen.go.id/pendidikan/npsn/60709547
Kabupaten Bandung Barat,Cisarua,dikdas,60709544,MIS MUHAMMADIYAH,JL. PASIR KUNING RT.01/12,Pasirlangu,SWASTA,https://referensi.data.kemendikdasmen.go.id/pendidikan/npsn/60709544
Kabupaten Bandung Barat,Cisarua,dikdas,60726906,MIS NYALINDUNG CISARUA,KP. NYALINDUNG RT 02 RW 10,Tugumukti,SWASTA,https://referensi.data.kemendikdasmen.go.id/pendidikan/npsn/60726906
Kabupaten Bandung Barat,Cisarua,dikdas,60709545,MIS PASIRHALANG,KP. PASIRHALANG RT. 1/3,Pasirhalang,SWASTA,https://referensi.data.kemendikdasmen.go.id/pendidikan/npsn/60709545
Kabupaten Bandung Barat,Cisarua,dikdas,69819533,MIS Tazkya,Jl. Curug Panganten RT 01 RW 09 Kp. Bongkok,Padaasih,SWASTA,https://referensi.data.kemendikdasmen.go.id/pendidikan/npsn/69819533
Kabupaten Bandung Barat,Cisarua,dikdas,60709546,MIS YABIS PASIRLANGU,JL. SUKARAJA RT 05/07,Sadangmekar,SWASTA,https://referensi.data.kemendikdasmen.go.id/pendidikan/npsn/60709546
Kabupaten Bandung Barat,Cisarua,dikdas,20279459,MTSS AL FURQON,JL. KAMPUNG KUBANG RT 02 RW 14,Pasirhalang,SWASTA,https://referensi.data.kemendikdasmen.go.id/pendidikan/npsn/20279459
Kabupaten Bandung Barat,Cisarua,dikdas,20279453,MTSS AL-AMIN,KP. PASIR KUNING RT.01/12,Pasirlangu,SWASTA,https://referensi.data.kemendikdasmen.go.id/pendidikan/npsn/20279453
Kabupaten Bandung Barat,Cisarua,dikdas,20279460,MTSS AL-HIKMAH,KP.PASIRHALANG RT 01/03,Pasirhalang,SWASTA,https://referensi.data.kemendikdasmen.go.id/pendidikan/npsn/20279460
Kabupaten Bandung Barat,Cisarua,dikdas,20279454,MTSS AL-INTANIYAH,JL DESA SADANG MEKAR NO. 17,Sadangmekar,SWASTA,https://referensi.data.kemendikdasmen.go.id/pendidikan/npsn/20279454
Kabupaten Bandung Barat,Cisarua,dikdas,20279455,MTSS ASH-SHOFA,JL. KOLMAS NO. 325 CISARUA,Kertawangi,SWASTA,https://referensi.data.kemendikdasmen.go.id/pendidikan/npsn/20279455
Kabupaten Bandung Barat,Cisarua,dikdas,20279458,MTSS CAHAYA HARAPAN,JL. PADALARANG CISARUA KP. BBK. CINTA RT 05/03,Pasirhalang,SWASTA,https://referensi.data.kemendikdasmen.go.id/pendidikan/npsn/20279458
Kabupaten Bandung Barat,Cisarua,dikdas,20279456,MTSS DARUL INAYAH,CIPEUSING RT.04/04,Cipada,SWASTA,https://referensi.data.kemendikdasmen.go.id/pendidikan/npsn/20279456
Kabupaten Bandung Barat,Cisarua,dikdas,20279457,MTSS YABIS PASIRLANGU,JL. SUKARAJA RT.05/07,Sadangmekar,SWASTA,https://referensi.data.kemendikdasmen.go.id/pendidikan/npsn/20279457
Kabupaten Bandung Barat,Cisarua,dikdas,70029940,PDF WUSTHA AR-RISALAH,KP. SUKAMAJU,Pasirhalang,SWASTA,https://referensi.data.kemendikdasmen.go.id/pendidikan/npsn/70029940
Kabupaten Bandung Barat,Cisarua,dikdas,20207596,SD NEGERI 1 CIPADA,Jl. Desa Cipada No.18 RT.02 RW.02,Cipada,NEGERI,https://referensi.data.kemendikdasmen.go.id/pendidikan/npsn/20207596
Kabupaten Bandung Barat,Cisarua,dikdas,20207477,SD NEGERI 1 CIPANAS,Jln. Curug Panganten No.74,Padaasih,NEGERI,https://referensi.data.kemendikdasmen.go.id/pendidikan/npsn/20207477
Kabupaten Bandung Barat,Cisarua,dikdas,20205606,SD NEGERI 1 JAMBUDIPA,Jln. S Soebaryo,Jambudipa,NEGERI,https://referensi.data.kemendikdasmen.go.id/pendidikan/npsn/20205606
Kabupaten Bandung Barat,Cisarua,dikdas,20205292,SD NEGERI 1 PASIRHALANG,Jl. Pasirhalang No.134,Pasirhalang,NEGERI,https://referensi.data.kemendikdasmen.go.id/pendidikan/npsn/20205292
Kabupaten Bandung Barat,Cisarua,dikdas,20206355,SD NEGERI 1 PASIRLANGU,Jl. Sukaraja RT. 03 RW. 05,Pasirlangu,NEGERI,https://referensi.data.kemendikdasmen.go.id/pendidikan/npsn/20206355
Kabupaten Bandung Barat,Cisarua,dikdas,20207476,SD NEGERI 2 CIPANAS,Jl. Cipanas No.61 RT.02 RW.04,Padaasih,NEGERI,https://referensi.data.kemendikdasmen.go.id/pendidikan/npsn/20207476
Kabupaten Bandung Barat,Cisarua,dikdas,20205605,SD NEGERI 2 JAMBUDIPA,Jl. Kol. Masturi No.589 RT.03 RW.04,Jambudipa,NEGERI,https://referensi.data.kemendikdasmen.go.id/pendidikan/npsn/20205605
Kabupaten Bandung Barat,Cisarua,dikdas,20205291,SD NEGERI 2 PASIRHALANG,Kp. Cikarang Mulya No.210 RT.04 RW.04,Pasirhalang,NEGERI,https://referensi.data.kemendikdasmen.go.id/pendidikan/npsn/20205291
Kabupaten Bandung Barat,Cisarua,dikdas,20206354,SD NEGERI 2 PASIRLANGU,Kp. Pasirlangu RT.04 RW.03,Pasirlangu,NEGERI,https://referensi.data.kemendikdasmen.go.id/pendidikan/npsn/20206354
Kabupaten Bandung Barat,Cisarua,dikdas,20205290,SD NEGERI 3 PASIRHALANG,Kp. Sukamaju RT.04 RW.02,Pasirhalang,NEGERI,https://referensi.data.kemendikdasmen.go.id/pendidikan/npsn/20205290
Kabupaten Bandung Barat,Cisarua,dikdas,20206939,SD NEGERI BARUKAI,Kp Barukai RT 04 RW 12 Desa Jambudipa Kec. Cisarua,Jambudipa,NEGERI,https://referensi.data.kemendikdasmen.go.id/pendidikan/npsn/20206939
Kabupaten Bandung Barat,Cisarua,dikdas,20206928,SD NEGERI BUDIASIH,Jl.Cipanas RT.01 RW.08,Padaasih,NEGERI,https://referensi.data.kemendikdasmen.go.id/pendidikan/npsn/20206928
Kabupaten Bandung Barat,Cisarua,dikdas,20206911,SD NEGERI BUDIMULYA,Kp. Pamoyanan No.80 RT.01 RW.14,Padaasih,NEGERI,https://referensi.data.kemendikdasmen.go.id/pendidikan/npsn/20206911
Kabupaten Bandung Barat,Cisarua,dikdas,20207875,SD NEGERI CIBODAS,Jl. Terusan PTPN VIII Pangheotan No. 35 Cibodas RT.02 RW.09,Sadangmekar,NEGERI,https://referensi.data.kemendikdasmen.go.id/pendidikan/npsn/20207875
Kabupaten Bandung Barat,Cisarua,dikdas,20208208,SD NEGERI CIJANGGEL,Jl. Kolonel masturi No.62,Kertawangi,NEGERI,https://referensi.data.kemendikdasmen.go.id/pendidikan/npsn/20208208
Kabupaten Bandung Barat,Cisarua,dikdas,20207603,SD NEGERI CINTA BAKTI,Kp. Cibudah RT.01 RW08.,Pasirlangu,NEGERI,https://referensi.data.kemendikdasmen.go.id/pendidikan/npsn/20207603
Kabupaten Bandung Barat,Cisarua,dikdas,20227527,SD NEGERI CISARUA,Kp. Cisarua RT.01 RW.07,Kertawangi,NEGERI,https://referensi.data.kemendikdasmen.go.id/pendidikan/npsn/20227527
Kabupaten Bandung Barat,Cisarua,dikdas,20207644,SD NEGERI GANDRUNGENDAH,Jl. Gandrung Endah No.126 RT.03 RW.10,Jambudipa,NEGERI,https://referensi.data.kemendikdasmen.go.id/pendidikan/npsn/20207644
Kabupaten Bandung Barat,Cisarua,dikdas,20207708,SD NEGERI GARUDA,Jl. Kol. Masturi No.25 RT.01 RW.01,Kertawangi,NEGERI,https://referensi.data.kemendikdasmen.go.id/pendidikan/npsn/20207708
Kabupaten Bandung Barat,Cisarua,dikdas,20205568,SD NEGERI HARAPAN MEKAR,Jl. Kol. Mas No.588 RT.02 RW.16 Desa Jambudipa Kec. Cisarua Kab. Bandung Barat,Jambudipa,NEGERI,https://referensi.data.kemendikdasmen.go.id/pendidikan/npsn/20205568
Kabupaten Bandung Barat,Cisarua,dikdas,20205470,SD NEGERI JEPLEK,Jeplek RT.01 RW.01,Cipada,NEGERI,https://referensi.data.kemendikdasmen.go.id/pendidikan/npsn/20205470
Kabupaten Bandung Barat,Cisarua,dikdas,20205505,SD NEGERI KARYABAKTI,Pasirkuda RT.01 RW.11,Pasirlangu,NEGERI,https://referensi.data.kemendikdasmen.go.id/pendidikan/npsn/20205505
Kabupaten Bandung Barat,Cisarua,dikdas,20205490,SD NEGERI KERTASARI,JL. Mekar Tani RT.02 RW.10,Kertawangi,NEGERI,https://referensi.data.kemendikdasmen.go.id/pendidikan/npsn/20205490
Kabupaten Bandung Barat,Cisarua,dikdas,20205401,SD NEGERI PAMEUNGPEUK,Jl. Pasirhalang No.28,Pasirhalang,NEGERI,https://referensi.data.kemendikdasmen.go.id/pendidikan/npsn/20205401
Kabupaten Bandung Barat,Cisarua,dikdas,20205295,SD NEGERI PASIRCALUNG,Jl. Desa Cipada No. 30,Cipada,NEGERI,https://referensi.data.kemendikdasmen.go.id/pendidikan/npsn/20205295
Kabupaten Bandung Barat,Cisarua,dikdas,20206540,SD NEGERI SELAENDAH,Kp. Selacau RT.01 RW.08,Sadangmekar,NEGERI,https://referensi.data.kemendikdasmen.go.id/pendidikan/npsn/20206540
Kabupaten Bandung Barat,Cisarua,dikdas,20205921,SD NEGERI TUGUMUKTI,Kp. Tugumukti RT.02 RW.07,Tugumukti,NEGERI,https://referensi.data.kemendikdasmen.go.id/pendidikan/npsn/20205921
Kabupaten Bandung Barat,Cisarua,dikdas,20205922,SD NEGERI TUGURAHAYU,Kp. Tugu II RT.01 RW.06,Tugumukti,NEGERI,https://referensi.data.kemendikdasmen.go.id/pendidikan/npsn/20205922
Kabupaten Bandung Barat,Cisarua,dikdas,70061694,SDIT NURUS SIROJ,Kp. Tugu VI RT.002 RW.004,Tugumukti,SWASTA,https://referensi.data.kemendikdasmen.go.id/pendidikan/npsn/70061694
Kabupaten Bandung Barat,Cisarua,dikdas,70055393,Sekolah Rakyat Menengah Pertama 11 Bandung Barat,"Jl. Terusan Kolonel Masturi No. 64, Desa Jambudipa, Kec. Cisarua,Bandung Barat",Jambudipa,NEGERI,https://referensi.data.kemendikdasmen.go.id/pendidikan/npsn/70055393
Kabupaten Bandung Barat,Cisarua,dikdas,70030716,SMP ISLAMIC BOARDING SCHOOL AL-MAARIF NURHIDAYAH,Kp. Pondok RT. 004 RW. 004,Pasirlangu,SWASTA,https://referensi.data.kemendikdasmen.go.id/pendidikan/npsn/70030716
Kabupaten Bandung Barat,Cisarua,dikdas,69961854,SMP IT BAITURRAHMAN CISARUA,KP. PESANTREN,Tugumukti,SWASTA,https://referensi.data.kemendikdasmen.go.id/pendidikan/npsn/69961854
Kabupaten Bandung Barat,Cisarua,dikdas,20206036,SMP NEGERI 1 CISARUA,Jl. Kolonel Masturi 312,Kertawangi,NEGERI,https://referensi.data.kemendikdasmen.go.id/pendidikan/npsn/20206036
Kabupaten Bandung Barat,Cisarua,dikdas,20206088,SMP NEGERI 2 CISARUA,Jl. Desa Cipada,Cipada,NEGERI,https://referensi.data.kemendikdasmen.go.id/pendidikan/npsn/20206088
Kabupaten Bandung Barat,Cisarua,dikdas,20279859,SMP NEGERI 3 CISARUA,JL. Cilimus Hilir,Padaasih,NEGERI,https://referensi.data.kemendikdasmen.go.id/pendidikan/npsn/20279859
Kabupaten Bandung Barat,Cisarua,dikdas,20267622,SMP NEGERI 4 CISARUA,MEKAR TANI KP. CIBOLANG RT 02/ 10,Kertawangi,NEGERI,https://referensi.data.kemendikdasmen.go.id/pendidikan/npsn/20267622
Kabupaten Bandung Barat,Cikalongwetan,dikdas,69993955,MI ADH-DHIYA,Kp. Cidaplang RT 03 RW 10,Mandalamukti,SWASTA,https://referensi.data.kemendikdasmen.go.id/pendidikan/npsn/69993955
Kabupaten Bandung Barat,Cikalongwetan,dikdas,70041612,MI Al Ghifary,Kp. Selakuning RT 03 RW 02,Mekarjaya,SWASTA,https://referensi.data.kemendikdasmen.go.id/pendidikan/npsn/70041612
Kabupaten Bandung Barat,Cikalongwetan,dikdas,60709471,MIN 2 Bandung Barat,Jl. AMD No. 2 Ciawitali,Mandalasari,NEGERI,https://referensi.data.kemendikdasmen.go.id/pendidikan/npsn/60709471
Kabupaten Bandung Barat,Cikalongwetan,dikdas,60709472,MIS AL-HIDAYAH MALINGPING,KP. MALINGPING RT 03/09,Kanangasari,SWASTA,https://referensi.data.kemendikdasmen.go.id/pendidikan/npsn/60709472
Kabupaten Bandung Barat,Cikalongwetan,dikdas,60709473,MIS AL-ISHLAH CILOA,KP. CILOA RT. 2/6,Wangunjaya,SWASTA,https://referensi.data.kemendikdasmen.go.id/pendidikan/npsn/60709473
Kabupaten Bandung Barat,Cikalongwetan,dikdas,60709474,MIS BALEPULANG,KP. BALEPULANG,Cipada,SWASTA,https://referensi.data.kemendikdasmen.go.id/pendidikan/npsn/60709474
Kabupaten Bandung Barat,Cikalongwetan,dikdas,60709475,MIS CIPADAKATI,KP. CIPADAKATI RT. 02 RW. 17,Mekarjaya,SWASTA,https://referensi.data.kemendikdasmen.go.id/pendidikan/npsn/60709475
Kabupaten Bandung Barat,Cikalongwetan,dikdas,60709476,MIS MA PANGKALAN,KP. PANGKALAN,Cikalong,SWASTA,https://referensi.data.kemendikdasmen.go.id/pendidikan/npsn/60709476
Kabupaten Bandung Barat,Cikalongwetan,dikdas,69819525,MIS Miftahul Huda,Kp. Cibungbulang RT 01 RW 11,Cisomang Barat,SWASTA,https://referensi.data.kemendikdasmen.go.id/pendidikan/npsn/69819525
Kabupaten Bandung Barat,Cikalongwetan,dikdas,70042638,MTs AT-TANWIR,Kp. Ciasman RT 02 RW 21,Mandalasari,SWASTA,https://referensi.data.kemendikdasmen.go.id/pendidikan/npsn/70042638
Kabupaten Bandung Barat,Cikalongwetan,dikdas,69993956,MTs AT-TARBIATUL ULUMIL HUDA,Kp. Ciganda Hilir RT 03 RW 04,Rende,SWASTA,https://referensi.data.kemendikdasmen.go.id/pendidikan/npsn/69993956
Kabupaten Bandung Barat,Cikalongwetan,dikdas,20279408,MTsN 4 Bandung Barat,Jl. Raya Rendeh No. 3,Cikalong,NEGERI,https://referensi.data.kemendikdasmen.go.id/pendidikan/npsn/20279408
Kabupaten Bandung Barat,Cikalongwetan,dikdas,20279409,MTSS AL-BARRY,DS. TENJOLAUT,Tenjolaut,SWASTA,https://referensi.data.kemendikdasmen.go.id/pendidikan/npsn/20279409
Kabupaten Bandung Barat,Cikalongwetan,dikdas,20279410,MTSS AN-NUR,KP. SUKARASA RT.03/02,Mekarjaya,SWASTA,https://referensi.data.kemendikdasmen.go.id/pendidikan/npsn/20279410
Kabupaten Bandung Barat,Cikalongwetan,dikdas,20279411,MTSS AR-RAHMAN,JL. CIPEUTI RT.01/02,Ciptagumati,SWASTA,https://referensi.data.kemendikdasmen.go.id/pendidikan/npsn/20279411
Kabupaten Bandung Barat,Cikalongwetan,dikdas,20279412,MTSS ISLAHUL AQIDAH,JL. RAYA PUTERAN,Tenjolaut,SWASTA,https://referensi.data.kemendikdasmen.go.id/pendidikan/npsn/20279412
Kabupaten Bandung Barat,Cikalongwetan,dikdas,20279416,MTSS NURUL IKHWAN,KP. RENDEKIDUL RT 04 RW 12,Rende,SWASTA,https://referensi.data.kemendikdasmen.go.id/pendidikan/npsn/20279416
Kabupaten Bandung Barat,Cikalongwetan,dikdas,20279413,MTSS NUURUL WAHHAAB,Jl. Raya Purwakarta No. 21 Kp. Warungdomba,Mandalamukti,SWASTA,https://referensi.data.kemendikdasmen.go.id/pendidikan/npsn/20279413
Kabupaten Bandung Barat,Cikalongwetan,dikdas,20279414,MTSS PERSIS CIPADA,JL. PTPN VIII PANGHEOTAN,Cipada,SWASTA,https://referensi.data.kemendikdasmen.go.id/pendidikan/npsn/20279414
Kabupaten Bandung Barat,Cikalongwetan,dikdas,20279415,MTSS PERSIS CISOMANG,KP. CISOMANG RT 003 RW 009,Cisomang Barat,SWASTA,https://referensi.data.kemendikdasmen.go.id/pendidikan/npsn/20279415
Kabupaten Bandung Barat,Cikalongwetan,dikdas,69725103,MTSS RIYADHUL HUDA,KP. CILENGIS RT 02 RW 05,Mandalasari,SWASTA,https://referensi.data.kemendikdasmen.go.id/pendidikan/npsn/69725103
Kabupaten Bandung Barat,Cikalongwetan,dikdas,69950748,SD IT PERMATA,KP. PANGHEOTAN RT.01 RW.16,Mandalamukti,SWASTA,https://referensi.data.kemendikdasmen.go.id/pendidikan/npsn/69950748
Kabupaten Bandung Barat,Cikalongwetan,dikdas,20205143,SD NEGERI MASWATI,Jalan Perkebunan Maswati RT.02 RW.07,Kanangasari,NEGERI,https://referensi.data.kemendikdasmen.go.id/pendidikan/npsn/20205143
Kabupaten Bandung Barat,Cikalongwetan,dikdas,20208084,SD NEGERI 1 CIKALONGWETAN,Jl. Cikalong Cipeundeuy RT.02 RW.02,Cikalong,NEGERI,https://referensi.data.kemendikdasmen.go.id/pendidikan/npsn/20208084
Kabupaten Bandung Barat,Cikalongwetan,dikdas,20207766,SD NEGERI 1 CISOMANG,Kp.Babakan Mekar RT.01 RW.10,Wangunjaya,NEGERI,https://referensi.data.kemendikdasmen.go.id/pendidikan/npsn/20207766
Kabupaten Bandung Barat,Cikalongwetan,dikdas,20207669,SD NEGERI 1 EKACITA,Kp. Cibanggala RT.03 RW.12,Puteran,NEGERI,https://referensi.data.kemendikdasmen.go.id/pendidikan/npsn/20207669
Kabupaten Bandung Barat,Cikalongwetan,dikdas,20206378,SD NEGERI 1 PUTERAN,Kp. Blok Desa,Puteran,NEGERI,https://referensi.data.kemendikdasmen.go.id/pendidikan/npsn/20206378
Kabupaten Bandung Barat,Cikalongwetan,dikdas,20206264,SD NEGERI 1 RAJAMANDALAWETAN,Kp. Warung Domba RT.03 RW.01,Mandalamukti,NEGERI,https://referensi.data.kemendikdasmen.go.id/pendidikan/npsn/20206264
Kabupaten Bandung Barat,Cikalongwetan,dikdas,20227565,SD NEGERI 1 RENDE,Jl. Ciganda Cikalongwetan RT.04 RW.06,Rende,NEGERI,https://referensi.data.kemendikdasmen.go.id/pendidikan/npsn/20227565
Kabupaten Bandung Barat,Cikalongwetan,dikdas,20205852,SD NEGERI 1 TENJOLAUT,Kp. Tenjolaut RT.03 RW.06,Tenjolaut,NEGERI,https://referensi.data.kemendikdasmen.go.id/pendidikan/npsn/20205852
Kabupaten Bandung Barat,Cikalongwetan,dikdas,20208083,SD NEGERI 2 CIKALONGWETAN,Kp. Sirnagalih RT.02 RW.02,Cikalong,NEGERI,https://referensi.data.kemendikdasmen.go.id/pendidikan/npsn/20208083
Kabupaten Bandung Barat,Cikalongwetan,dikdas,20207765,SD NEGERI 2 CISOMANG,Jl. PTPN VIII Panglejar,Cisomang Barat,NEGERI,https://referensi.data.kemendikdasmen.go.id/pendidikan/npsn/20207765
Kabupaten Bandung Barat,Cikalongwetan,dikdas,20207668,SD NEGERI 2 EKACITA,Kp. Ciporang RT.02 RW.14,Puteran,NEGERI,https://referensi.data.kemendikdasmen.go.id/pendidikan/npsn/20207668
Kabupaten Bandung Barat,Cikalongwetan,dikdas,20206388,SD NEGERI 2 PUTERAN,Kp. Blok Lembur RT.01 RW.09,Puteran,NEGERI,https://referensi.data.kemendikdasmen.go.id/pendidikan/npsn/20206388
Kabupaten Bandung Barat,Cikalongwetan,dikdas,20206263,SD NEGERI 2 RAJAMANDALAWETAN,Kp. Warungdomba RT.01 RW.04,Mandalamukti,NEGERI,https://referensi.data.kemendikdasmen.go.id/pendidikan/npsn/20206263
Kabupaten Bandung Barat,Cikalongwetan,dikdas,20205851,SD NEGERI 2 TENJOLAUT,Kp. Cigatrot Girang RT.01 RW.07,Tenjolaut,NEGERI,https://referensi.data.kemendikdasmen.go.id/pendidikan/npsn/20205851
Kabupaten Bandung Barat,Cikalongwetan,dikdas,20208082,SD NEGERI 3 CIKALONGWETAN,Kp. Daya Mekar RT.04 RW.03,Cikalong,NEGERI,https://referensi.data.kemendikdasmen.go.id/pendidikan/npsn/20208082
Kabupaten Bandung Barat,Cikalongwetan,dikdas,20207764,SD NEGERI 3 CISOMANG,Kp. Ciloa RT.01 RW.06,Wangunjaya,NEGERI,https://referensi.data.kemendikdasmen.go.id/pendidikan/npsn/20207764
Kabupaten Bandung Barat,Cikalongwetan,dikdas,20206262,SD NEGERI 3 RAJAMANDALAWETAN,Kp. Warung Domba RT.01 RW.04,Mandalamukti,NEGERI,https://referensi.data.kemendikdasmen.go.id/pendidikan/npsn/20206262
Kabupaten Bandung Barat,Cikalongwetan,dikdas,20207763,SD NEGERI 4 CISOMANG,Kp. Babakan RT.01 RW.10,Wangunjaya,NEGERI,https://referensi.data.kemendikdasmen.go.id/pendidikan/npsn/20207763
Kabupaten Bandung Barat,Cikalongwetan,dikdas,20206261,SD NEGERI 4 RAJAMANDALAWETAN,Kp. Karanganyar RT.02 RW.06,Mandalamukti,NEGERI,https://referensi.data.kemendikdasmen.go.id/pendidikan/npsn/20206261
Kabupaten Bandung Barat,Cikalongwetan,dikdas,20208081,SD NEGERI 5 CIKALONGWETAN,Kp. Cipadali RT.03 RW.05,Cikalong,NEGERI,https://referensi.data.kemendikdasmen.go.id/pendidikan/npsn/20208081
Kabupaten Bandung Barat,Cikalongwetan,dikdas,20207750,SD NEGERI 5 CISOMANG,Kp. Sancang RT.03 RW.14,Cisomang Barat,NEGERI,https://referensi.data.kemendikdasmen.go.id/pendidikan/npsn/20207750
Kabupaten Bandung Barat,Cikalongwetan,dikdas,20206715,SD NEGERI ANGSANAMEKAR,Kp. Dangdeur RT.05 RW.14,Rende,NEGERI,https://referensi.data.kemendikdasmen.go.id/pendidikan/npsn/20206715
Kabupaten Bandung Barat,Cikalongwetan,dikdas,20206962,SD NEGERI BALEPULANG,Kp. Cileuleuy RT.02 RW.07,Cipada,NEGERI,https://referensi.data.kemendikdasmen.go.id/pendidikan/npsn/20206962
Kabupaten Bandung Barat,Cikalongwetan,dikdas,20208186,SD NEGERI CIGENTUR,Jl. Raya Purwakarta No.101 RT.02 RW.01,Mandalasari,NEGERI,https://referensi.data.kemendikdasmen.go.id/pendidikan/npsn/20208186
Kabupaten Bandung Barat,Cikalongwetan,dikdas,20267598,SD NEGERI CIHANJUANG,Jalan Kp. Cihanjuang RT 01/RW 18,Mandalasari,NEGERI,https://referensi.data.kemendikdasmen.go.id/pendidikan/npsn/20267598
Kabupaten Bandung Barat,Cikalongwetan,dikdas,20207833,SD NEGERI CILAYEM,Kp. Cilayem RT. 005 RW. 011,Ciptagumati,NEGERI,https://referensi.data.kemendikdasmen.go.id/pendidikan/npsn/20207833
Kabupaten Bandung Barat,Cikalongwetan,dikdas,20207561,SD NEGERI CILEUNCA,Kp. Cileunca RT.4 RW.10,Tenjolaut,NEGERI,https://referensi.data.kemendikdasmen.go.id/pendidikan/npsn/20207561
Kabupaten Bandung Barat,Cikalongwetan,dikdas,20207597,SD NEGERI CIPADA,Kp. Lembang Dano RT.01 RW.01,Cipada,NEGERI,https://referensi.data.kemendikdasmen.go.id/pendidikan/npsn/20207597
Kabupaten Bandung Barat,Cikalongwetan,dikdas,20207470,SD NEGERI CIPARANG,Kp. Ciparang RT.02 RW.09 Desa Ganjarsari Kecamatan Cikalongwetan,Ganjarsari,NEGERI,https://referensi.data.kemendikdasmen.go.id/pendidikan/npsn/20207470
Kabupaten Bandung Barat,Cikalongwetan,dikdas,20207435,SD NEGERI CIPARE,Kp. Cipare,Cipada,NEGERI,https://referensi.data.kemendikdasmen.go.id/pendidikan/npsn/20207435
Kabupaten Bandung Barat,Cikalongwetan,dikdas,20207517,SD NEGERI CIPTAGUMATI,Kp. Warungjati RT.04 RW.06,Ciptagumati,NEGERI,https://referensi.data.kemendikdasmen.go.id/pendidikan/npsn/20207517
Kabupaten Bandung Barat,Cikalongwetan,dikdas,20207501,SD NEGERI CIREUNDEU,Kp. Cireundeu RT.03 RW.10,Ganjarsari,NEGERI,https://referensi.data.kemendikdasmen.go.id/pendidikan/npsn/20207501
Kabupaten Bandung Barat,Cikalongwetan,dikdas,20207805,SD NEGERI DAYABAKTI,Kp. Mandorbas RT.02 RW.05,Ciptagumati,NEGERI,https://referensi.data.kemendikdasmen.go.id/pendidikan/npsn/20207805
Kabupaten Bandung Barat,Cikalongwetan,dikdas,20207647,SD NEGERI GANDASARI,Kp. Barurende RT.02 RW.13,Cikalong,NEGERI,https://referensi.data.kemendikdasmen.go.id/pendidikan/npsn/20207647
Kabupaten Bandung Barat,Cikalongwetan,dikdas,20207640,SD NEGERI GANJARSARI,Kp. Bojongsero RT.02 RW.04,Ganjarsari,NEGERI,https://referensi.data.kemendikdasmen.go.id/pendidikan/npsn/20207640
Kabupaten Bandung Barat,Cikalongwetan,dikdas,20207714,SD NEGERI GIRIMUKTI,Kp. Rajamandala RT.03 RW.12,Mandalamukti,NEGERI,https://referensi.data.kemendikdasmen.go.id/pendidikan/npsn/20207714
Kabupaten Bandung Barat,Cikalongwetan,dikdas,20205607,SD NEGERI JAMBUDIPA,Kp. Jambudipa,Ganjarsari,NEGERI,https://referensi.data.kemendikdasmen.go.id/pendidikan/npsn/20205607
Kabupaten Bandung Barat,Cikalongwetan,dikdas,20205428,SD NEGERI KANANGASARI,Kp. Kanangasari RT.03 RW.02,Kanangasari,NEGERI,https://referensi.data.kemendikdasmen.go.id/pendidikan/npsn/20205428
Kabupaten Bandung Barat,Cikalongwetan,dikdas,20205500,SD NEGERI KARYAJATI,Kp. Warungjati RT.04 RW.06,Ciptagumati,NEGERI,https://referensi.data.kemendikdasmen.go.id/pendidikan/npsn/20205500
Kabupaten Bandung Barat,Cikalongwetan,dikdas,20205496,SD NEGERI KARYAMUKTI,Kp. Cisomanghilir RT.02 RW.02,Tenjolaut,NEGERI,https://referensi.data.kemendikdasmen.go.id/pendidikan/npsn/20205496
Kabupaten Bandung Barat,Cikalongwetan,dikdas,20205740,SD NEGERI KUBANGSARI,Kp. Kubangsari RT.02 RW.05,Tenjolaut,NEGERI,https://referensi.data.kemendikdasmen.go.id/pendidikan/npsn/20205740
Kabupaten Bandung Barat,Cikalongwetan,dikdas,20205795,SD NEGERI LEBAKLEUNGSIR,Kp. Lebakleungsir,Mekarjaya,NEGERI,https://referensi.data.kemendikdasmen.go.id/pendidikan/npsn/20205795
Kabupaten Bandung Barat,Cikalongwetan,dikdas,20205105,SD NEGERI NEGLASARI,Kp. Selagombong RT.05 RW.09,Mandalamukti,NEGERI,https://referensi.data.kemendikdasmen.go.id/pendidikan/npsn/20205105
Kabupaten Bandung Barat,Cikalongwetan,dikdas,20205085,SD NEGERI NUGRAHA,Kp. Bojong Asih RT.01 RW.10,Cikalong,NEGERI,https://referensi.data.kemendikdasmen.go.id/pendidikan/npsn/20205085
Kabupaten Bandung Barat,Cikalongwetan,dikdas,20205259,SD NEGERI PANGHEGAR,Kp. Kadudampit RT.03 RW.03,Cisomang Barat,NEGERI,https://referensi.data.kemendikdasmen.go.id/pendidikan/npsn/20205259
Kabupaten Bandung Barat,Cikalongwetan,dikdas,20205258,SD NEGERI PANGHEOTAN,Kp. Pangheotan RT.01 RW.06,Ganjarsari,NEGERI,https://referensi.data.kemendikdasmen.go.id/pendidikan/npsn/20205258
Kabupaten Bandung Barat,Cikalongwetan,dikdas,20205293,SD NEGERI PASIRHALANG,Kp. Pasirhalang RT.03 RW.14,Mandalamukti,NEGERI,https://referensi.data.kemendikdasmen.go.id/pendidikan/npsn/20205293
Kabupaten Bandung Barat,Cikalongwetan,dikdas,20206346,SD NEGERI PATROL,Kp. Patrol RT.05 RW.06,Puteran,NEGERI,https://referensi.data.kemendikdasmen.go.id/pendidikan/npsn/20206346
Kabupaten Bandung Barat,Cikalongwetan,dikdas,20206284,SD NEGERI RENDEH,Jl. Raya Kp Rende RT.02 RW.02,Rende,NEGERI,https://referensi.data.kemendikdasmen.go.id/pendidikan/npsn/20206284
Kabupaten Bandung Barat,Cikalongwetan,dikdas,20206283,SD NEGERI RENDEHKIDUL,Jl. Pinangsiang RT.02 RW.12,Rende,NEGERI,https://referensi.data.kemendikdasmen.go.id/pendidikan/npsn/20206283
Kabupaten Bandung Barat,Cikalongwetan,dikdas,20206573,SD NEGERI SALAMPRAJA,Kp. Pangalengan RT.02 RW.03,Tenjolaut,NEGERI,https://referensi.data.kemendikdasmen.go.id/pendidikan/npsn/20206573
Kabupaten Bandung Barat,Cikalongwetan,dikdas,20206537,SD NEGERI SELAKUNING,Kp. Selakuning RT.02 RW.02,Mekarjaya,NEGERI,https://referensi.data.kemendikdasmen.go.id/pendidikan/npsn/20206537
Kabupaten Bandung Barat,Cikalongwetan,dikdas,20206598,SD NEGERI SINDANGRASA,Kp. Bongkok RT.01 RW.15,Mekarjaya,NEGERI,https://referensi.data.kemendikdasmen.go.id/pendidikan/npsn/20206598
Kabupaten Bandung Barat,Cikalongwetan,dikdas,20205878,SD NEGERI TANGKIL,Kp. Cinegla,Mekarjaya,NEGERI,https://referensi.data.kemendikdasmen.go.id/pendidikan/npsn/20205878
Kabupaten Bandung Barat,Cikalongwetan,dikdas,20205854,SD NEGERI TEGALMANDOR,Kp. Tegalmandor RT.01 RW.01,Puteran,NEGERI,https://referensi.data.kemendikdasmen.go.id/pendidikan/npsn/20205854
Kabupaten Bandung Barat,Cikalongwetan,dikdas,20205926,SD NEGERI TRESNARAJA,Kp. Ciraja RT.03 RW.04,Mandalasari,NEGERI,https://referensi.data.kemendikdasmen.go.id/pendidikan/npsn/20205926
Kabupaten Bandung Barat,Cikalongwetan,dikdas,70047314,SDIT CAHAYA ILMU,Jl. Purwakarta No. 196,Mandalamukti,SWASTA,https://referensi.data.kemendikdasmen.go.id/pendidikan/npsn/70047314
Kabupaten Bandung Barat,Cikalongwetan,dikdas,69851862,SMP ASYIFA 44 CIKALONGWETAN,JL. CILEULEUY CIPADA CIKALONGWETAN,Cipada,SWASTA,https://referensi.data.kemendikdasmen.go.id/pendidikan/npsn/69851862
Kabupaten Bandung Barat,Cikalongwetan,dikdas,70011631,SMP BOARDING SCHOOL AL-HASANAH,KP. KARANGANYAR RT 04 RW 06,Mandalamukti,SWASTA,https://referensi.data.kemendikdasmen.go.id/pendidikan/npsn/70011631
Kabupaten Bandung Barat,Cikalongwetan,dikdas,70025663,SMP ISLAM PLUS AL HASAN,Jl. Raya Purwakarta No. 219 Ciawitali RT.004 Rw.003,Mandalasari,SWASTA,https://referensi.data.kemendikdasmen.go.id/pendidikan/npsn/70025663
Kabupaten Bandung Barat,Cikalongwetan,dikdas,70001449,SMP ISLAM TERPADU INSAN MANDIRI,JL. RAYA PURWAKARTA KP.WARGASALUYU RT 03 RW 015,Cisomang Barat,SWASTA,https://referensi.data.kemendikdasmen.go.id/pendidikan/npsn/70001449
Kabupaten Bandung Barat,Cikalongwetan,dikdas,69933840,SMP IT DAARUL ADZKIA,Kp. Selakuning RT.03 RW.02,Mekarjaya,SWASTA,https://referensi.data.kemendikdasmen.go.id/pendidikan/npsn/69933840
Kabupaten Bandung Barat,Cikalongwetan,dikdas,20227674,SMP KP MASWATI,Jl. Perkebunan Maswati RT 03 RW 07,Kanangasari,SWASTA,https://referensi.data.kemendikdasmen.go.id/pendidikan/npsn/20227674
Kabupaten Bandung Barat,Cikalongwetan,dikdas,20206071,SMP NEGERI 1 CIKALONGWETAN,Jl. Raya Cikalong-Cipeundeuy,Cikalong,NEGERI,https://referensi.data.kemendikdasmen.go.id/pendidikan/npsn/20206071
Kabupaten Bandung Barat,Cikalongwetan,dikdas,20206120,SMP NEGERI 2 CIKALONGWETAN,Jln Raya Purwakarta-cikalongwetan,Tenjolaut,NEGERI,https://referensi.data.kemendikdasmen.go.id/pendidikan/npsn/20206120
Kabupaten Bandung Barat,Cikalongwetan,dikdas,20279856,SMP NEGERI 3 CIKALONGWETAN,Kp. Cimunaka,Mekarjaya,NEGERI,https://referensi.data.kemendikdasmen.go.id/pendidikan/npsn/20279856
Kabupaten Bandung Barat,Cikalongwetan,dikdas,69955299,SMP NEGERI 4 CIKALONGWETAN,Kp Cireundeu,Ganjarsari,NEGERI,https://referensi.data.kemendikdasmen.go.id/pendidikan/npsn/69955299
Kabupaten Bandung Barat,Cikalongwetan,dikdas,20227742,SMP PERKAPPEN CIKALONGWETAN,Pangheotan,Ganjarsari,SWASTA,https://referensi.data.kemendikdasmen.go.id/pendidikan/npsn/20227742
Kabupaten Bandung Barat,Cikalongwetan,dikdas,20227715,SMP PGRI 168 CIKALONGWETAN,Jl. Lapang Tridaya 03,Cikalong,SWASTA,https://referensi.data.kemendikdasmen.go.id/pendidikan/npsn/20227715
Kabupaten Bandung Barat,Cikalongwetan,dikdas,20227712,SMP PGRI 384 RENDEH,Jl. Raya Cikalong-Cipeundeuy RT.02 RW.02,Rende,SWASTA,https://referensi.data.kemendikdasmen.go.id/pendidikan/npsn/20227712
Kabupaten Bandung Barat,Cikalongwetan,dikdas,20227713,SMP PGRI 385 PUTERAN,JL. Puteran No.123,Puteran,SWASTA,https://referensi.data.kemendikdasmen.go.id/pendidikan/npsn/20227713
Kabupaten Bandung Barat,Cikalongwetan,dikdas,69824843,SMPS TERPADU AL FATIH,KP. TANJUNG BARU RT.03 RW.12,Mandalamukti,SWASTA,https://referensi.data.kemendikdasmen.go.id/pendidikan/npsn/69824843
Kabupaten Bandung Barat,Cikalongwetan,dikdas,70034330,SPM WUSTHA DARUL MUKHLISIN,KP. KUBANGSARI,Tenjolaut,SWASTA,https://referensi.data.kemendikdasmen.go.id/pendidikan/npsn/70034330
Kabupaten Bandung Barat,Cipeundeuy,dikdas,69976303,BUSTANUL MA`ARIF,Kp. Tapos RT 01/01,Sirnaraja,SWASTA,https://referensi.data.kemendikdasmen.go.id/pendidikan/npsn/69976303
Kabupaten Bandung Barat,Cipeundeuy,dikdas,70044495,MI AN NAJA FULL DAY SCHOOL,Kp. Margaluyu RT. 002 RW. 010,Cipeundeuy,SWASTA,https://referensi.data.kemendikdasmen.go.id/pendidikan/npsn/70044495
Kabupaten Bandung Barat,Cipeundeuy,dikdas,60709502,MIS BOJONGMEKAR,JLN RAJAMANDALA-CIPEUNDEUY KP.CIWARU 01/07 DESA BOJONGMEKAR,Cipeundeuy,SWASTA,https://referensi.data.kemendikdasmen.go.id/pendidikan/npsn/60709502
Kabupaten Bandung Barat,Cipeundeuy,dikdas,60709503,MIS CIBUNGUR,KP. CIBUNGUR RT 02/09,Cipeundeuy,SWASTA,https://referensi.data.kemendikdasmen.go.id/pendidikan/npsn/60709503
Kabupaten Bandung Barat,Cipeundeuy,dikdas,60709504,MIS CIROYOM I,KP. SUKARENDAH RT 02 RW 06,Sirnagalih,SWASTA,https://referensi.data.kemendikdasmen.go.id/pendidikan/npsn/60709504
Kabupaten Bandung Barat,Cipeundeuy,dikdas,60709505,MIS CIROYOM II,JL. RAYA CIRATA CIROYOMHILIR RT 22/11,Ciroyom,SWASTA,https://referensi.data.kemendikdasmen.go.id/pendidikan/npsn/60709505
Kabupaten Bandung Barat,Cipeundeuy,dikdas,60709506,MIS CIROYOM III,JLN. CIRATA KP. CIROYOM TENGAH CIPEUNDEUY,Ciroyom,SWASTA,https://referensi.data.kemendikdasmen.go.id/pendidikan/npsn/60709506
Kabupaten Bandung Barat,Cipeundeuy,dikdas,60709507,MIS CISAUHEUN I,KP. CISAUHEUN RT 11/04,Sukahaji,SWASTA,https://referensi.data.kemendikdasmen.go.id/pendidikan/npsn/60709507
Kabupaten Bandung Barat,Cipeundeuy,dikdas,60709508,MIS CISAUHEUN II,JL. CIWANGUN RT 07/02,Kec. Cipeundeuy,SWASTA,https://referensi.data.kemendikdasmen.go.id/pendidikan/npsn/60709508
Kabupaten Bandung Barat,Cipeundeuy,dikdas,60709509,MIS CITATAH,KP. CITATAH,Ciharashas,SWASTA,https://referensi.data.kemendikdasmen.go.id/pendidikan/npsn/60709509
Kabupaten Bandung Barat,Cipeundeuy,dikdas,60709510,MIS NANGGELENG I,KP. TAPOS RT 01/01,Kec. Cipeundeuy,SWASTA,https://referensi.data.kemendikdasmen.go.id/pendidikan/npsn/60709510
Kabupaten Bandung Barat,Cipeundeuy,dikdas,60709511,MIS NANGGELENG II,KP. NAGRAK RT 01 RW 13 DESA SIRNARAJA KECAMATAN CIPEUNDEUY KABUPATEN BANDUNG BA,Sirnaraja,SWASTA,https://referensi.data.kemendikdasmen.go.id/pendidikan/npsn/60709511
Kabupaten Bandung Barat,Cipeundeuy,dikdas,60709512,MIS NURUL IMAN,KP. CIWARU RT 03/07,Bojongmekar,SWASTA,https://referensi.data.kemendikdasmen.go.id/pendidikan/npsn/60709512
Kabupaten Bandung Barat,Cipeundeuy,dikdas,60709513,MIS NYENANG,KP. HEGARMANAH RT 03/01 DS. NYENANG KEC. CIPEUNDEUY,Ciharashas,SWASTA,https://referensi.data.kemendikdasmen.go.id/pendidikan/npsn/60709513
Kabupaten Bandung Barat,Cipeundeuy,dikdas,20279436,MTSS DARUL FALAH,JL SUKARENDAH,Sirnagalih,SWASTA,https://referensi.data.kemendikdasmen.go.id/pendidikan/npsn/20279436
Kabupaten Bandung Barat,Cipeundeuy,dikdas,20279437,MTSS KARYA MADANI,JL. SINDANGSARI RT.01/01,Cipeundeuy,SWASTA,https://referensi.data.kemendikdasmen.go.id/pendidikan/npsn/20279437
Kabupaten Bandung Barat,Cipeundeuy,dikdas,20279440,MTSS MASYARIQUL ANWAR,KP CIBUNGUR RT 01/14,Cipeundeuy,SWASTA,https://referensi.data.kemendikdasmen.go.id/pendidikan/npsn/20279440
Kabupaten Bandung Barat,Cipeundeuy,dikdas,20279438,MTSS MUSLIMIN,JL. RAYA CIPEUNDEUY-CIPEUNDEUY NO. 578,Cipeundeuy,SWASTA,https://referensi.data.kemendikdasmen.go.id/pendidikan/npsn/20279438
Kabupaten Bandung Barat,Cipeundeuy,dikdas,20279439,MTSS NURUL HATTA,KP. SUKAWENING RT.02/06,Nyenang,SWASTA,https://referensi.data.kemendikdasmen.go.id/pendidikan/npsn/20279439
Kabupaten Bandung Barat,Cipeundeuy,dikdas,20208204,SD NEGERI 1 CIJAWA,Kp. Cijawa RT.01 RW.08,Sukahaji,NEGERI,https://referensi.data.kemendikdasmen.go.id/pendidikan/npsn/20208204
Kabupaten Bandung Barat,Cipeundeuy,dikdas,20207511,SD NEGERI 1 CIPEUNDEUY,Jl Raya Cipeundeuy no 08 RT 01 RW 10,Cipeundeuy,NEGERI,https://referensi.data.kemendikdasmen.go.id/pendidikan/npsn/20207511
Kabupaten Bandung Barat,Cipeundeuy,dikdas,20207487,SD NEGERI 1 CIRAJA,Kp. Ciraja RT.03 RW.08,Sirnaraja,NEGERI,https://referensi.data.kemendikdasmen.go.id/pendidikan/npsn/20207487
Kabupaten Bandung Barat,Cipeundeuy,dikdas,20207753,SD NEGERI 1 CISAUHEUN,Jl. Cirata RT. 02 RW. 01,Ciroyom,NEGERI,https://referensi.data.kemendikdasmen.go.id/pendidikan/npsn/20207753
Kabupaten Bandung Barat,Cipeundeuy,dikdas,20205035,SD NEGERI 1 NANGGELENG,Kp.Cinangsi RT.04 RW.07,Nanggeleng,NEGERI,https://referensi.data.kemendikdasmen.go.id/pendidikan/npsn/20205035
Kabupaten Bandung Barat,Cipeundeuy,dikdas,20208203,SD NEGERI 2 CIJAWA,"Jl,.sukahaji RT.01 RW.01",Sukahaji,NEGERI,https://referensi.data.kemendikdasmen.go.id/pendidikan/npsn/20208203
Kabupaten Bandung Barat,Cipeundeuy,dikdas,20207510,SD NEGERI 2 CIPEUNDEUY,Kp Hegarmanah Rt 002 Rw 013,Cipeundeuy,NEGERI,https://referensi.data.kemendikdasmen.go.id/pendidikan/npsn/20207510
Kabupaten Bandung Barat,Cipeundeuy,dikdas,20207486,SD NEGERI 2 CIRAJA,Kp. Babakan Tapos RT.03 RW.03,Sirnaraja,NEGERI,https://referensi.data.kemendikdasmen.go.id/pendidikan/npsn/20207486
Kabupaten Bandung Barat,Cipeundeuy,dikdas,20207752,SD NEGERI 2 CISAUHEUN,JL PLTA CIRATA KM 04,Sirnagalih,NEGERI,https://referensi.data.kemendikdasmen.go.id/pendidikan/npsn/20207752
Kabupaten Bandung Barat,Cipeundeuy,dikdas,20205034,SD NEGERI 2 NANGGELENG,Kp Cinangsi,Nanggeleng,NEGERI,https://referensi.data.kemendikdasmen.go.id/pendidikan/npsn/20205034
Kabupaten Bandung Barat,Cipeundeuy,dikdas,20207032,SD NEGERI 3 BAYABANG,Kp.Nagrog Kulon RT 01 RW 13,Ciharashas,NEGERI,https://referensi.data.kemendikdasmen.go.id/pendidikan/npsn/20207032
Kabupaten Bandung Barat,Cipeundeuy,dikdas,20208202,SD NEGERI 3 CIJAWA,Kp Sukawening RT 01 RW 06,Ciharashas,NEGERI,https://referensi.data.kemendikdasmen.go.id/pendidikan/npsn/20208202
Kabupaten Bandung Barat,Cipeundeuy,dikdas,20207751,SD NEGERI 3 CISAUHEUN,Kp. Babakan RT.03 RW.04,Sirnagalih,NEGERI,https://referensi.data.kemendikdasmen.go.id/pendidikan/npsn/20207751
Kabupaten Bandung Barat,Cipeundeuy,dikdas,20205033,SD NEGERI 3 NANGGELENG,Kp. Pasir Ucing Rt 02 Rw 15,Nanggeleng,NEGERI,https://referensi.data.kemendikdasmen.go.id/pendidikan/npsn/20205033
Kabupaten Bandung Barat,Cipeundeuy,dikdas,20206975,SD NEGERI BANJARSARI,Kp. Cinanggerang RT.02 RW.012,Nyenang,NEGERI,https://referensi.data.kemendikdasmen.go.id/pendidikan/npsn/20206975
Kabupaten Bandung Barat,Cipeundeuy,dikdas,20206860,SD NEGERI BOJONGMEKAR,Jl Cipeundeuy - Rajamandala Km.03 RT.02 RW.04,Bojongmekar,NEGERI,https://referensi.data.kemendikdasmen.go.id/pendidikan/npsn/20206860
Kabupaten Bandung Barat,Cipeundeuy,dikdas,20206894,SD NEGERI BUDI KARYA,Kp.Cikuda RT.01 RW.16,Cipeundeuy,NEGERI,https://referensi.data.kemendikdasmen.go.id/pendidikan/npsn/20206894
Kabupaten Bandung Barat,Cipeundeuy,dikdas,20207955,SD NEGERI CARINGIN,Jl. Cirata Kp. Caringin RT.02 RW.12,Margalaksana,NEGERI,https://referensi.data.kemendikdasmen.go.id/pendidikan/npsn/20207955
Kabupaten Bandung Barat,Cipeundeuy,dikdas,20207919,SD NEGERI CIBUNGUR,Kp.Cibungur RT.02 RW.09,Margaluyu,NEGERI,https://referensi.data.kemendikdasmen.go.id/pendidikan/npsn/20207919
Kabupaten Bandung Barat,Cipeundeuy,dikdas,20207937,SD NEGERI CIBURIAL,Jl. Ciburial RT.01 RW.03,Jatimekar,NEGERI,https://referensi.data.kemendikdasmen.go.id/pendidikan/npsn/20207937
Kabupaten Bandung Barat,Cipeundeuy,dikdas,20208223,SD NEGERI CIHARASHAS,Jl PLTA Cirata Km 2,Ciharashas,NEGERI,https://referensi.data.kemendikdasmen.go.id/pendidikan/npsn/20208223
Kabupaten Bandung Barat,Cipeundeuy,dikdas,20208207,SD NEGERI CIJATI,Kp. Cijati RT.003 RW. 011,Jatimekar,NEGERI,https://referensi.data.kemendikdasmen.go.id/pendidikan/npsn/20208207
Kabupaten Bandung Barat,Cipeundeuy,dikdas,20207589,SD NEGERI CINTAASIH,Kp Cintaasih Rt 02 Rw 04,Sirnaraja,NEGERI,https://referensi.data.kemendikdasmen.go.id/pendidikan/npsn/20207589
Kabupaten Bandung Barat,Cipeundeuy,dikdas,20207449,SD NEGERI CIPEDANG,Kp Cipedang RT.02 RW.04,Margalaksana,NEGERI,https://referensi.data.kemendikdasmen.go.id/pendidikan/npsn/20207449
Kabupaten Bandung Barat,Cipeundeuy,dikdas,20207490,SD NEGERI CIPTAKARYA,Jl.Cijambe Kp.Cibuang RT.01 RW.06,Nyenang,NEGERI,https://referensi.data.kemendikdasmen.go.id/pendidikan/npsn/20207490
Kabupaten Bandung Barat,Cipeundeuy,dikdas,20207483,SD NEGERI CIRATA,Kp CIRATA RT.10 RW.04,Ciroyom,NEGERI,https://referensi.data.kemendikdasmen.go.id/pendidikan/npsn/20207483
Kabupaten Bandung Barat,Cipeundeuy,dikdas,20207497,SD NEGERI CIROYOM HILIR,JL. CIRATA RT.31 RW.11,Ciroyom,NEGERI,https://referensi.data.kemendikdasmen.go.id/pendidikan/npsn/20207497
Kabupaten Bandung Barat,Cipeundeuy,dikdas,20207742,SD NEGERI CITEMBONG,Kp. Citembong RT.02 RW.12,Margaluyu,NEGERI,https://referensi.data.kemendikdasmen.go.id/pendidikan/npsn/20207742
Kabupaten Bandung Barat,Cipeundeuy,dikdas,20207815,SD NEGERI CIWARU,Kp. Ciwaru RT.02 RW.06,Bojongmekar,NEGERI,https://referensi.data.kemendikdasmen.go.id/pendidikan/npsn/20207815
Kabupaten Bandung Barat,Cipeundeuy,dikdas,20207690,SD NEGERI GUNUNGLEUTIK,Kp Cininggul RT.03 RW.02,Ciharashas,NEGERI,https://referensi.data.kemendikdasmen.go.id/pendidikan/npsn/20207690
Kabupaten Bandung Barat,Cipeundeuy,dikdas,20205625,SD NEGERI JASAKARYA,Kp. Sukahaji RT.01 RW.01,Sukahaji,NEGERI,https://referensi.data.kemendikdasmen.go.id/pendidikan/npsn/20205625
Kabupaten Bandung Barat,Cipeundeuy,dikdas,20205446,SD NEGERI KAMULYAN,Kp. Cinangsi RT.05 RW.07,Nanggeleng,NEGERI,https://referensi.data.kemendikdasmen.go.id/pendidikan/npsn/20205446
Kabupaten Bandung Barat,Cipeundeuy,dikdas,20205167,SD NEGERI MARGALAKSANA,Kp. Margalaksana,Margalaksana,NEGERI,https://referensi.data.kemendikdasmen.go.id/pendidikan/npsn/20205167
Kabupaten Bandung Barat,Cipeundeuy,dikdas,20205185,SD NEGERI MEKARLAKSANA,KP. Nagrak RT 02 RW 08,Margalaksana,NEGERI,https://referensi.data.kemendikdasmen.go.id/pendidikan/npsn/20205185
Kabupaten Bandung Barat,Cipeundeuy,dikdas,20205106,SD NEGERI NEGLASARI,JL. GANDASOLI RT.01 RW.09,Margalaksana,NEGERI,https://referensi.data.kemendikdasmen.go.id/pendidikan/npsn/20205106
Kabupaten Bandung Barat,Cipeundeuy,dikdas,20206398,SD NEGERI RAHAYU,Kp Tugu RT.02 RW.14,Ciharashas,NEGERI,https://referensi.data.kemendikdasmen.go.id/pendidikan/npsn/20206398
Kabupaten Bandung Barat,Cipeundeuy,dikdas,20206286,SD NEGERI RAWASARI,Kp. Cipongporang RT.02 RW.09,Nyenang,NEGERI,https://referensi.data.kemendikdasmen.go.id/pendidikan/npsn/20206286
Kabupaten Bandung Barat,Cipeundeuy,dikdas,20206289,SD NEGERI RIMBAKARYA,Kp Citembong,Margaluyu,NEGERI,https://referensi.data.kemendikdasmen.go.id/pendidikan/npsn/20206289
Kabupaten Bandung Barat,Cipeundeuy,dikdas,20206614,SD NEGERI SINDANGPALAY,JL. SIRNARAJA RT.02 RW.09,Sirnaraja,NEGERI,https://referensi.data.kemendikdasmen.go.id/pendidikan/npsn/20206614
Kabupaten Bandung Barat,Cipeundeuy,dikdas,20206442,SD NEGERI SUKABETAH,Jl.PLTA Cirata Km.1 Sukabetah RT.01 RW.11,Ciharashas,NEGERI,https://referensi.data.kemendikdasmen.go.id/pendidikan/npsn/20206442
Kabupaten Bandung Barat,Cipeundeuy,dikdas,69933399,SMP AN NAJA BOARDING SCHOOL,KOMP. PONDOK PESANTREN SABIILUNNAJA RT.01 RW.11,Cipeundeuy,SWASTA,https://referensi.data.kemendikdasmen.go.id/pendidikan/npsn/69933399
Kabupaten Bandung Barat,Cipeundeuy,dikdas,20252488,SMP DAARUL ILMI CIPEUNDEUY,Kp. Ciwaru RT.04 RW.09,Bojongmekar,SWASTA,https://referensi.data.kemendikdasmen.go.id/pendidikan/npsn/20252488
Kabupaten Bandung Barat,Cipeundeuy,dikdas,20206038,SMP NEGERI 1 CIPEUNDEUY,"Jl.SMP CIPEUNDEUY, NO.36",Cipeundeuy,NEGERI,https://referensi.data.kemendikdasmen.go.id/pendidikan/npsn/20206038
Kabupaten Bandung Barat,Cipeundeuy,dikdas,20206090,SMP NEGERI 2 CIPEUNDEUY,Jl. Cinangsi,Nanggeleng,NEGERI,https://referensi.data.kemendikdasmen.go.id/pendidikan/npsn/20206090
Kabupaten Bandung Barat,Cipeundeuy,dikdas,60728856,SMP NEGERI 3 CIPEUNDEUY,JL. RAYA PLTA CIRATA KM. 4,Ciroyom,NEGERI,https://referensi.data.kemendikdasmen.go.id/pendidikan/npsn/60728856
Kabupaten Bandung Barat,Cipeundeuy,dikdas,69961053,SMP NEGERI 4 CIPEUNDEUY,Kp. Cijati RT 04 RW 11,Jatimekar,NEGERI,https://referensi.data.kemendikdasmen.go.id/pendidikan/npsn/69961053
Kabupaten Bandung Barat,Cipeundeuy,dikdas,20267624,SMP NEGERI SATU ATAP RIMBAKARYA,JL. PASIR UCING KP. CITEMBONG,Margaluyu,NEGERI,https://referensi.data.kemendikdasmen.go.id/pendidikan/npsn/20267624
Kabupaten Bandung Barat,Cipeundeuy,dikdas,20227725,SMP PGRI 313 CIPEUNDEUY,Jl. Cirata Margalaksana,Margalaksana,SWASTA,https://referensi.data.kemendikdasmen.go.id/pendidikan/npsn/20227725
Kabupaten Bandung Barat,Saguling,dikdas,60709438,MIS Al-Muawwanah,Kp. Cigarukgak RT 02 RW 11,CIKANDE,SWASTA,https://referensi.data.kemendikdasmen.go.id/pendidikan/npsn/60709438
Kabupaten Bandung Barat,Saguling,dikdas,60709443,MIS CIBANTENG,Jl. DAM Saguling No. 154 Kp. Cibanteng RT 03 RW 02,SAGULING,SWASTA,https://referensi.data.kemendikdasmen.go.id/pendidikan/npsn/60709443
Kabupaten Bandung Barat,Saguling,dikdas,60709444,MIS CIKAWAO,Kp. Cikanoman RT 04 RW 02,GIRIMUKTI,SWASTA,https://referensi.data.kemendikdasmen.go.id/pendidikan/npsn/60709444
Kabupaten Bandung Barat,Saguling,dikdas,60709445,MIS CIPEUTEUY,Kp. Cipeuteuy RT 02 RW 06,SAGULING,SWASTA,https://referensi.data.kemendikdasmen.go.id/pendidikan/npsn/60709445
Kabupaten Bandung Barat,Saguling,dikdas,60709446,MIS CIRANJI,Kp. Cikarang RT 04 RW 07,SAGULING,SWASTA,https://referensi.data.kemendikdasmen.go.id/pendidikan/npsn/60709446
Kabupaten Bandung Barat,Saguling,dikdas,60709447,MIS DARUL FALAH,Kp. Sukawening RT 04 RW 02,JATI,SWASTA,https://referensi.data.kemendikdasmen.go.id/pendidikan/npsn/60709447
Kabupaten Bandung Barat,Saguling,dikdas,60709452,MIS NURUSSAADAH,Kp. Cikerti RT 12 RW 05,SAGULING,SWASTA,https://referensi.data.kemendikdasmen.go.id/pendidikan/npsn/60709452
Kabupaten Bandung Barat,Saguling,dikdas,20279383,MTsN 5 Bandung Barat,Jl. Desa Bojong Haleuang No. 99,BOJONG HALEUANG,NEGERI,https://referensi.data.kemendikdasmen.go.id/pendidikan/npsn/20279383
Kabupaten Bandung Barat,Saguling,dikdas,20279384,MTsS AL-AZKA,Kp. Cipeuteuy RT 02 RW 06,SAGULING,SWASTA,https://referensi.data.kemendikdasmen.go.id/pendidikan/npsn/20279384
Kabupaten Bandung Barat,Saguling,dikdas,69725105,MTsS Al-Muawwanah,Kp. Cigarukgak RT 02 RW 11,CIKANDE,SWASTA,https://referensi.data.kemendikdasmen.go.id/pendidikan/npsn/69725105
Kabupaten Bandung Barat,Saguling,dikdas,20279391,MTsS Darul Falah,Kp. Sukawening RT 04 RW 02,JATI,SWASTA,https://referensi.data.kemendikdasmen.go.id/pendidikan/npsn/20279391
Kabupaten Bandung Barat,Saguling,dikdas,69787297,MTsS Miftahul Huda Terpadu,Kp. Babakan RT 01 RW 05,CIKANDE,SWASTA,https://referensi.data.kemendikdasmen.go.id/pendidikan/npsn/69787297
Kabupaten Bandung Barat,Saguling,dikdas,20279392,MTsS MUSLIMIN JATI,Jl. Dam Saguling No. 152 Cibanteng RT 03 RW 02,SAGULING,SWASTA,https://referensi.data.kemendikdasmen.go.id/pendidikan/npsn/20279392
Kabupaten Bandung Barat,Saguling,dikdas,20279395,MTsS RIYADLUL MUBTADIN,Kp. Sinarmukti RT 02 RW 02,GIRIMUKTI,SWASTA,https://referensi.data.kemendikdasmen.go.id/pendidikan/npsn/20279395
Kabupaten Bandung Barat,Saguling,dikdas,20279398,MTsS Terpadu Cahaya Kemala Wijaya,Kp. Cilutung RT 03 RW 03,CIPANGERAN,SWASTA,https://referensi.data.kemendikdasmen.go.id/pendidikan/npsn/20279398
Kabupaten Bandung Barat,Saguling,dikdas,20276199,MTsS THORIQUL HUDA,Kp. Cileueur RT 01 RW 08,CIKANDE,SWASTA,https://referensi.data.kemendikdasmen.go.id/pendidikan/npsn/20276199
Kabupaten Bandung Barat,Saguling,dikdas,20205620,SD NEGERI 1 JATI,Kp. Nangkod Rt 04/03,JATI,NEGERI,https://referensi.data.kemendikdasmen.go.id/pendidikan/npsn/20205620
Kabupaten Bandung Barat,Saguling,dikdas,20207840,SD NEGERI 2 CIBODAS,Kp Bojong Haleuang,BOJONG HALEUANG,NEGERI,https://referensi.data.kemendikdasmen.go.id/pendidikan/npsn/20207840
Kabupaten Bandung Barat,Saguling,dikdas,20208045,SD NEGERI 2 CIKANDE,Kp Cikande RT. 02/02,CIKANDE,NEGERI,https://referensi.data.kemendikdasmen.go.id/pendidikan/npsn/20208045
Kabupaten Bandung Barat,Saguling,dikdas,20205618,SD NEGERI 2 JATI,Kp. Warudoyong RT 04 RW 08,GIRIMUKTI,NEGERI,https://referensi.data.kemendikdasmen.go.id/pendidikan/npsn/20205618
Kabupaten Bandung Barat,Saguling,dikdas,20208044,SD NEGERI 3 CIKANDE,Kp. Cilutung Rt 01 Rw 03,CIPANGERAN,NEGERI,https://referensi.data.kemendikdasmen.go.id/pendidikan/npsn/20208044
Kabupaten Bandung Barat,Saguling,dikdas,20205616,SD NEGERI 3 JATI,Kp. CIKAROYA RT. 01 / RW. 07,SAGULING,NEGERI,https://referensi.data.kemendikdasmen.go.id/pendidikan/npsn/20205616
Kabupaten Bandung Barat,Saguling,dikdas,20207846,SD NEGERI 4 CIBODAS,Kp. Cikande Rt. 02 Rw. 02,CIKANDE,NEGERI,https://referensi.data.kemendikdasmen.go.id/pendidikan/npsn/20207846
Kabupaten Bandung Barat,Saguling,dikdas,20208016,SD NEGERI CIBANTENG,Kp. Bangkenang RT. 01 RW. 09,SAGULING,NEGERI,https://referensi.data.kemendikdasmen.go.id/pendidikan/npsn/20208016
Kabupaten Bandung Barat,Saguling,dikdas,20207474,SD NEGERI CIPANGERAN,Kp.Cibeunying,CIPANGERAN,NEGERI,https://referensi.data.kemendikdasmen.go.id/pendidikan/npsn/20207474
Kabupaten Bandung Barat,Saguling,dikdas,20207684,SD NEGERI GIRIMUKTI,Kp. Jalupang,GIRIMUKTI,NEGERI,https://referensi.data.kemendikdasmen.go.id/pendidikan/npsn/20207684
Kabupaten Bandung Barat,Saguling,dikdas,20205608,SD NEGERI JALUPANG,Kp. Jalupang Rt 03/03,GIRIMUKTI,NEGERI,https://referensi.data.kemendikdasmen.go.id/pendidikan/npsn/20205608
Kabupaten Bandung Barat,Saguling,dikdas,20205589,SD NEGERI JATI BARU,"Kp. Ciranji, Rt. 03 Rw. 09",SAGULING,NEGERI,https://referensi.data.kemendikdasmen.go.id/pendidikan/npsn/20205589
Kabupaten Bandung Barat,Saguling,dikdas,20205757,SD Negeri Kutamulya,Kp. Cimanjah Rt 03 Rw 08,CIKANDE,NEGERI,https://referensi.data.kemendikdasmen.go.id/pendidikan/npsn/20205757
Kabupaten Bandung Barat,Saguling,dikdas,20206330,SD NEGERI PASIRPULUS KULON,Kp. Cikande,BOJONG HALEUANG,NEGERI,https://referensi.data.kemendikdasmen.go.id/pendidikan/npsn/20206330
Kabupaten Bandung Barat,Saguling,dikdas,20206620,SD NEGERI SINARSALUYU,"Kp. Cipeundeuy, RT 02 RW 04",JATI,NEGERI,https://referensi.data.kemendikdasmen.go.id/pendidikan/npsn/20206620
Kabupaten Bandung Barat,Saguling,dikdas,69961852,SMP ISLAM NURUSSAADAH SAGULING,KP. CIKERTI,SAGULING,SWASTA,https://referensi.data.kemendikdasmen.go.id/pendidikan/npsn/69961852
Kabupaten Bandung Barat,Saguling,dikdas,20227806,SMP NEGERI 1 SAGULING,Jalan Desa Girimukti,GIRIMUKTI,NEGERI,https://referensi.data.kemendikdasmen.go.id/pendidikan/npsn/20227806
Kabupaten Bandung Barat,Saguling,dikdas,20267621,SMP NEGERI 2 SAGULING,KP. NANGKOD,JATI,NEGERI,https://referensi.data.kemendikdasmen.go.id/pendidikan/npsn/20267621
Kabupaten Bandung Barat,Saguling,dikdas,69918548,SMP NEGERI 3 SAGULING,JL. CIKANDE RT.05 RW.07,BOJONG HALEUANG,NEGERI,https://referensi.data.kemendikdasmen.go.id/pendidikan/npsn/69918548
Kabupaten Bandung Barat,Rongga,dikmen,20280031,MAS DARUL IMAN,Kp. Pamoyanan Rt 02 Rw 20,Sukaresmi,SWASTA,https://referensi.data.kemendikdasmen.go.id/pendidikan/npsn/20280031
Kabupaten Bandung Barat,Rongga,dikmen,69955718,MAS NAZWA,KP. CIKAWUNG RT.04 RW.010 DS.SUKAMANAH KEC.RONGGA KAB.BANDUNG BARAT,Sukamanah,SWASTA,https://referensi.data.kemendikdasmen.go.id/pendidikan/npsn/69955718
Kabupaten Bandung Barat,Rongga,dikmen,69918550,SMA MUSLIMIN RONGGA,Kp. Genggong Rt.001 RW.016,Cinengah,SWASTA,https://referensi.data.kemendikdasmen.go.id/pendidikan/npsn/69918550
Kabupaten Bandung Barat,Rongga,dikmen,20267642,SMAN 1 RONGGA,Jln. Cinemrang,Bojong,NEGERI,https://referensi.data.kemendikdasmen.go.id/pendidikan/npsn/20267642
Kabupaten Bandung Barat,Rongga,dikmen,69756137,SMK Negeri 1 Rongga,JL. Raya Rongga Desa Cibedug RT 01/04 Bandung Barat,Cibedug,NEGERI,https://referensi.data.kemendikdasmen.go.id/pendidikan/npsn/69756137
Kabupaten Bandung Barat,Gununghalu,dikmen,69993954,MA AL-ADADIYAH,Kp. Randukurung RT 02 RW 09,Wargasaluyu,SWASTA,https://referensi.data.kemendikdasmen.go.id/pendidikan/npsn/69993954
Kabupaten Bandung Barat,Gununghalu,dikmen,20280007,MAS AL QOMARIYAH,Kp. Cikabodas RT 02 RW 01,Tamanjaya,SWASTA,https://referensi.data.kemendikdasmen.go.id/pendidikan/npsn/20280007
Kabupaten Bandung Barat,Gununghalu,dikmen,20280010,MAS AL-FATAH,Komplek Pondok Pesantren Al-Fatah,Gununghalu,SWASTA,https://referensi.data.kemendikdasmen.go.id/pendidikan/npsn/20280010
Kabupaten Bandung Barat,Gununghalu,dikmen,20280011,MAS AL-HIDAYAH,Kp. Tegallega Rt 02 Rw 08,Cilangari,SWASTA,https://referensi.data.kemendikdasmen.go.id/pendidikan/npsn/20280011
Kabupaten Bandung Barat,Gununghalu,dikmen,20280012,MAS AL-HUDA GUNUNGHALU,Jl. Warungkupa Rt 02 Rw 07,Bunijaya,SWASTA,https://referensi.data.kemendikdasmen.go.id/pendidikan/npsn/20280012
Kabupaten Bandung Barat,Gununghalu,dikmen,20280040,MAS MUSLIMIN CELAK,"Jl. Raya Gununghalu Km 47, Kp. Pasirwaru Rt. 003 Rw. 018",Celak,SWASTA,https://referensi.data.kemendikdasmen.go.id/pendidikan/npsn/20280040
Kabupaten Bandung Barat,Gununghalu,dikmen,20280049,MAS NURUL QOLBI,Jl. Kubangpari Rt 02 Rw 08,Bunijaya,SWASTA,https://referensi.data.kemendikdasmen.go.id/pendidikan/npsn/20280049
Kabupaten Bandung Barat,Gununghalu,dikmen,70051548,SMA AL MANSURIYAH,Kp. Sindangpalay RT. 02 RW. 01,Cilangari,SWASTA,https://referensi.data.kemendikdasmen.go.id/pendidikan/npsn/70051548
Kabupaten Bandung Barat,Gununghalu,dikmen,20206212,SMA NEGERI 1 GUNUNG HALU,JL. SIMPANG GUNUNG HALU,Sirnajaya,NEGERI,https://referensi.data.kemendikdasmen.go.id/pendidikan/npsn/20206212
Kabupaten Bandung Barat,Gununghalu,dikmen,69894494,SMK GARDA MADANI,"JL. Majlis KM. 39,7 RT. 003 RW. 013",Celak,SWASTA,https://referensi.data.kemendikdasmen.go.id/pendidikan/npsn/69894494
Kabupaten Bandung Barat,Gununghalu,dikmen,69861093,SMK IT AL-HIDAYAH,JL. PAMOKOLAN RT 03/01,Bunijaya,SWASTA,https://referensi.data.kemendikdasmen.go.id/pendidikan/npsn/69861093
Kabupaten Bandung Barat,Gununghalu,dikmen,69894044,SMK TERPADU ASSAFIIYAH,KP. TEGALAJA RT.03 RW.10,Celak,SWASTA,https://referensi.data.kemendikdasmen.go.id/pendidikan/npsn/69894044
Kabupaten Bandung Barat,Gununghalu,dikmen,69874369,SMKS AL QOHHARIYYAH,JL. CIBODAS RT.01 RW.14,Bunijaya,SWASTA,https://referensi.data.kemendikdasmen.go.id/pendidikan/npsn/69874369
Kabupaten Bandung Barat,Gununghalu,dikmen,20279933,SMKS BINA INSAN MANDIRI,KP. NEGLASARI RT 03 RW 16,Gununghalu,SWASTA,https://referensi.data.kemendikdasmen.go.id/pendidikan/npsn/20279933
Kabupaten Bandung Barat,Gununghalu,dikmen,20279924,SMKS BINA SISWA 1,JL. BUNIJAYA RT 01 RW 10,Sirnajaya,SWASTA,https://referensi.data.kemendikdasmen.go.id/pendidikan/npsn/20279924
Kabupaten Bandung Barat,Gununghalu,dikmen,69772947,SMKS PUTRA GUNUNGHALU,JL. RAYA GUNUNGHALU NO.78,Gununghalu,SWASTA,https://referensi.data.kemendikdasmen.go.id/pendidikan/npsn/69772947
Kabupaten Bandung Barat,Sindangkerta,dikmen,20280005,MAS AL MUBAROK,Kp. Nanggewer Rt 02 Rw 11,Cikadu,SWASTA,https://referensi.data.kemendikdasmen.go.id/pendidikan/npsn/20280005
Kabupaten Bandung Barat,Sindangkerta,dikmen,20280022,MAS ATSAURI,Jl. Raya Puncaksari Rt 01 Rw 03,Puncaksari,SWASTA,https://referensi.data.kemendikdasmen.go.id/pendidikan/npsn/20280022
Kabupaten Bandung Barat,Sindangkerta,dikmen,69941678,MAS Darussyifa Buninagara,Kp. Saar Rt 01 Rw 01,Buninagara,SWASTA,https://referensi.data.kemendikdasmen.go.id/pendidikan/npsn/69941678
Kabupaten Bandung Barat,Sindangkerta,dikmen,20280043,MAS MUSLIMIN PEUSING,Kp. Peusing Tengah Rt 04 Rw 03,Weninggalih,SWASTA,https://referensi.data.kemendikdasmen.go.id/pendidikan/npsn/20280043
Kabupaten Bandung Barat,Sindangkerta,dikmen,20280048,MAS NURUL IMAN,Kp. Bangong Rt 02 Rw 01,Pasirpogor,SWASTA,https://referensi.data.kemendikdasmen.go.id/pendidikan/npsn/20280048
Kabupaten Bandung Barat,Sindangkerta,dikmen,20280058,MAS YPI NURUL HUDA,Jl. Raya Cicangkanggirang Kp. Cicangkanggirang No. 10 RT 001 RW 004,Cicangkang Girang,SWASTA,https://referensi.data.kemendikdasmen.go.id/pendidikan/npsn/20280058
Kabupaten Bandung Barat,Sindangkerta,dikmen,69962773,SMA BINA MANDIRI,Kp. Dangdeur RT/RW 05/08,Weninggalih,SWASTA,https://referensi.data.kemendikdasmen.go.id/pendidikan/npsn/69962773
Kabupaten Bandung Barat,Sindangkerta,dikmen,20227909,SMAN 1 SINDANGKERTA,"Jl. Raya Puncaksari, Kec. Sindangkerta",Puncaksari,NEGERI,https://referensi.data.kemendikdasmen.go.id/pendidikan/npsn/20227909
Kabupaten Bandung Barat,Sindangkerta,dikmen,69786290,SMAS LGBP SINDANGKERTA,JL. PONPES PALAHAN KM.1 RT.03 RW.08,Pasirpogor,SWASTA,https://referensi.data.kemendikdasmen.go.id/pendidikan/npsn/69786290
Kabupaten Bandung Barat,Sindangkerta,dikmen,20227867,SMAS MUSLIMIN SINDANGKERTA,KP. SINDANGKERTA KEC. SINDANGKERTA,Cintakarya,SWASTA,https://referensi.data.kemendikdasmen.go.id/pendidikan/npsn/20227867
Kabupaten Bandung Barat,Sindangkerta,dikmen,20227885,SMAS YAS SINDANGKERTA,JL. GANDOK SINDANGKERTA,Sindangkerta,SWASTA,https://referensi.data.kemendikdasmen.go.id/pendidikan/npsn/20227885
Kabupaten Bandung Barat,Sindangkerta,dikmen,69953996,SMK BELA PERSADA SINDANGKERTA,KP. BABAKAN MULYA RT.04 RW.08,Wangunsari,SWASTA,https://referensi.data.kemendikdasmen.go.id/pendidikan/npsn/69953996
Kabupaten Bandung Barat,Sindangkerta,dikmen,69925403,SMK HIKARI,Kp.Ciringuy Rt.002 Rw.009,Mekarwangi,SWASTA,https://referensi.data.kemendikdasmen.go.id/pendidikan/npsn/69925403
Kabupaten Bandung Barat,Sindangkerta,dikmen,69881369,SMK IT BUSTANUL ARIFIN,KP. SUKAMANAH RT.01 RW.03 CICANGKANG,Cicangkang Girang,SWASTA,https://referensi.data.kemendikdasmen.go.id/pendidikan/npsn/69881369
Kabupaten Bandung Barat,Sindangkerta,dikmen,20279926,SMKS DWI PUTRA,JL. RAYA SINDANGKERTA NO 95,Cikadu,SWASTA,https://referensi.data.kemendikdasmen.go.id/pendidikan/npsn/20279926
Kabupaten Bandung Barat,Cililin,dikmen,20280027,MAN BANDUNG BARAT,Jl. Raya Cililin Utara No.03,Cililin,NEGERI,https://referensi.data.kemendikdasmen.go.id/pendidikan/npsn/20280027
Kabupaten Bandung Barat,Cililin,dikmen,20280014,MAS AL-LUTHFAH,Kp. Sindangsari Rt 03 Rw 03,Nanggerang,SWASTA,https://referensi.data.kemendikdasmen.go.id/pendidikan/npsn/20280014
Kabupaten Bandung Barat,Cililin,dikmen,20280019,MAS ARAFAH,Jl. Raya Rancapanggung,Rancapanggung,SWASTA,https://referensi.data.kemendikdasmen.go.id/pendidikan/npsn/20280019
Kabupaten Bandung Barat,Cililin,dikmen,20280045,MAS NURUL FALAH SAAR,Jl. Saar Mutiara Rt 003 Rw 006,Karangtanjung,SWASTA,https://referensi.data.kemendikdasmen.go.id/pendidikan/npsn/20280045
Kabupaten Bandung Barat,Cililin,dikmen,20280050,MAS P3 SUMUR BANDUNG,Jl. Raya Cililin Utara No. 52,Cililin,SWASTA,https://referensi.data.kemendikdasmen.go.id/pendidikan/npsn/20280050
Kabupaten Bandung Barat,Cililin,dikmen,20276205,MAS TERPADU AL-HUDA,Jl. Radio Cililin No. 272 Rt 04 Rw 01,Cililin,SWASTA,https://referensi.data.kemendikdasmen.go.id/pendidikan/npsn/20276205
Kabupaten Bandung Barat,Cililin,dikmen,70023623,PDF ULYA MIFTAHUL HASANAH AL MUSRI 1,JL. WARUNG AWI KP. PERELAS,Bongas,SWASTA,https://referensi.data.kemendikdasmen.go.id/pendidikan/npsn/70023623
Kabupaten Bandung Barat,Cililin,dikmen,70056116,PDF Ulya MIFTAHUL HUDA AN-NAJAH AL-MUKTAFI,KP. WARUNG AWI RT 04 RW 07,Bongas,SWASTA,https://referensi.data.kemendikdasmen.go.id/pendidikan/npsn/70056116
Kabupaten Bandung Barat,Cililin,dikmen,20267656,SLB BUDI MULIA CILILIN,Jl. Raya Barat No.116 RT.01 RW.03,Cililin,SWASTA,https://referensi.data.kemendikdasmen.go.id/pendidikan/npsn/20267656
Kabupaten Bandung Barat,Cililin,dikmen,69946120,SMA LEPPESA 2 CILILIN,Kp. Lembang Rt. 01/09 Desa Mukapayung Kec. Cililin Kab. bandung Barat,Mukapayung,SWASTA,https://referensi.data.kemendikdasmen.go.id/pendidikan/npsn/69946120
Kabupaten Bandung Barat,Cililin,dikmen,69899353,SMA MADYA UTAMA,KP. KUBANG N0.02 RT.03 RW.10 NANGGERANG,Nanggerang,SWASTA,https://referensi.data.kemendikdasmen.go.id/pendidikan/npsn/69899353
Kabupaten Bandung Barat,Cililin,dikmen,20206146,SMAN 1 CILILIN,JL. RADIO CILILIN,Cililin,NEGERI,https://referensi.data.kemendikdasmen.go.id/pendidikan/npsn/20206146
Kabupaten Bandung Barat,Cililin,dikmen,20227854,SMAS LEPPESA CILILIN,JL. RAYA BOBOJONG (TELKOM) MUKAPAYUNG CILILIN,Mukapayung,SWASTA,https://referensi.data.kemendikdasmen.go.id/pendidikan/npsn/20227854
Kabupaten Bandung Barat,Cililin,dikmen,20227859,SMAS MITRA DARMA CILILIN,JL. RADIO CILILIN,Cililin,SWASTA,https://referensi.data.kemendikdasmen.go.id/pendidikan/npsn/20227859
Kabupaten Bandung Barat,Cililin,dikmen,20227865,SMAS MUSLIMIN CILILIN,JL. RAYA WARUNG AWI DESA BONGAS CILILIN,Bongas,SWASTA,https://referensi.data.kemendikdasmen.go.id/pendidikan/npsn/20227865
Kabupaten Bandung Barat,Cililin,dikmen,20251787,SMAS SUMUR BANDUNG CILILIN,JL. RAYA CILILIN UTARA NO. 52,Cililin,SWASTA,https://referensi.data.kemendikdasmen.go.id/pendidikan/npsn/20251787
Kabupaten Bandung Barat,Cililin,dikmen,69964418,SMK SURYA PERTIWI 2,Kp. Gembong RT.004 RW.012,Rancapanggung,SWASTA,https://referensi.data.kemendikdasmen.go.id/pendidikan/npsn/69964418
Kabupaten Bandung Barat,Cililin,dikmen,20279922,SMKS BINA SISWA 2,KP. DENGKENG RT 01 RW 03,Rancapanggung,SWASTA,https://referensi.data.kemendikdasmen.go.id/pendidikan/npsn/20279922
Kabupaten Bandung Barat,Cililin,dikmen,20267647,SMKS FARMASI MITADHARMA CILILIN,JL. RADIO CILILIN,Cililin,SWASTA,https://referensi.data.kemendikdasmen.go.id/pendidikan/npsn/20267647
Kabupaten Bandung Barat,Cililin,dikmen,20228531,SMKS HARAPAN BANGSA 1 CILILIN,RAYA CILILIN NO.1 NYALINDUNG CILILIN,Karyamukti,SWASTA,https://referensi.data.kemendikdasmen.go.id/pendidikan/npsn/20228531
Kabupaten Bandung Barat,Cililin,dikmen,20228532,SMKS HARAPAN BANGSA 2 CILILIN,JL. Kidangpananjung,Kidangpananjung,SWASTA,https://referensi.data.kemendikdasmen.go.id/pendidikan/npsn/20228532
Kabupaten Bandung Barat,Cililin,dikmen,20267650,SMKS PUSAT TEKNOLOGI CILILIN,RAYA CILILIN NO 22 A,Karangtanjung,SWASTA,https://referensi.data.kemendikdasmen.go.id/pendidikan/npsn/20267650
Kabupaten Bandung Barat,Cililin,dikmen,20279921,SMKS SURYA PERTIWI,Kp. Cipetey,Karyamukti,SWASTA,https://referensi.data.kemendikdasmen.go.id/pendidikan/npsn/20279921
Kabupaten Bandung Barat,Cililin,dikmen,20268303,SMKS YPII CILILIN,Jalan Raya Cililin km.05 Pasirnangka,Batulayang,SWASTA,https://referensi.data.kemendikdasmen.go.id/pendidikan/npsn/20268303
Kabupaten Bandung Barat,Cihampelas,dikmen,20280006,MAS AL MUKHTARIYAH MANDE,Jl. Pesantren Mande No. 06 Rt 04 Rw 05,Mekarmukti,SWASTA,https://referensi.data.kemendikdasmen.go.id/pendidikan/npsn/20280006
Kabupaten Bandung Barat,Cihampelas,dikmen,69955717,MAS Al-Furqon Citapen,Kp. Sukalilah No.197 Rt 04 Rw 07,Citapen,SWASTA,https://referensi.data.kemendikdasmen.go.id/pendidikan/npsn/69955717
Kabupaten Bandung Barat,Cihampelas,dikmen,20280016,MAS Al-Muhajirin,Jl. Raya Cihampelas No.17,Cihampelas,SWASTA,https://referensi.data.kemendikdasmen.go.id/pendidikan/npsn/20280016
Kabupaten Bandung Barat,Cihampelas,dikmen,69941677,MAS At-Taqwa Cihampelas,Kp. Pasar Jl. Pajagalan No. 42,Mekarmukti,SWASTA,https://referensi.data.kemendikdasmen.go.id/pendidikan/npsn/69941677
Kabupaten Bandung Barat,Cihampelas,dikmen,20280037,MAS MADANI,Jl. Nyalindung Kp. Lamping Sari Rt 05 Rw 01,Tanjungwangi,SWASTA,https://referensi.data.kemendikdasmen.go.id/pendidikan/npsn/20280037
Kabupaten Bandung Barat,Cihampelas,dikmen,20280038,MAS MATHLAUL ANWAR,Kp. Sukaguna Rt 02 Rw 07,Kec. Cihampelas,SWASTA,https://referensi.data.kemendikdasmen.go.id/pendidikan/npsn/20280038
Kabupaten Bandung Barat,Cihampelas,dikmen,69941680,MAS Nuurus Salaam,Jl. Raya Cipatik No. 16 Kp. Sapan Rt 04 Rw 02,Cipatik,SWASTA,https://referensi.data.kemendikdasmen.go.id/pendidikan/npsn/69941680
Kabupaten Bandung Barat,Cihampelas,dikmen,20280053,MAS TANJUNGJAYA,JL. Desa Tanjungjaya Kp. Bunder Rt 01 Rw 06,Tanjungjaya,SWASTA,https://referensi.data.kemendikdasmen.go.id/pendidikan/npsn/20280053
Kabupaten Bandung Barat,Cihampelas,dikmen,20280056,MAS YAHISHA,Jl. Desa Mekarjaya Rt 01 Rw 04,Mekarjaya,SWASTA,https://referensi.data.kemendikdasmen.go.id/pendidikan/npsn/20280056
Kabupaten Bandung Barat,Cihampelas,dikmen,69928417,SLB BHINNEKA,Kp. Cicalengka RT 004 RW 004,Mekarmukti,SWASTA,https://referensi.data.kemendikdasmen.go.id/pendidikan/npsn/69928417
Kabupaten Bandung Barat,Cihampelas,dikmen,70055724,SLB CAHAYA INSANI,Kampung Cilutung RT 001 RW 002,Singajaya,SWASTA,https://referensi.data.kemendikdasmen.go.id/pendidikan/npsn/70055724
Kabupaten Bandung Barat,Cihampelas,dikmen,20227834,SMAS DARUL FALAH CIHAMPELAS,JL. RAYA CIHAMPELAS NO. 45,Cihampelas,SWASTA,https://referensi.data.kemendikdasmen.go.id/pendidikan/npsn/20227834
Kabupaten Bandung Barat,Cihampelas,dikmen,69947229,SMK BANDUNG BARAT 2 CIHAMPELAS,Jl. Pembangunan No 395 Desa Cihamirung,Mekarjaya,SWASTA,https://referensi.data.kemendikdasmen.go.id/pendidikan/npsn/69947229
Kabupaten Bandung Barat,Cihampelas,dikmen,69958271,SMK MADANI CIHAMPELAS,Kp. Lampingsari RT. 05 RW. 01,Tanjungwangi,SWASTA,https://referensi.data.kemendikdasmen.go.id/pendidikan/npsn/69958271
Kabupaten Bandung Barat,Cihampelas,dikmen,20252563,SMKN 1 CIHAMPELAS,JL RAYA SAYURAN NO. 39 RT.01 RW.09,Mekarmukti,NEGERI,https://referensi.data.kemendikdasmen.go.id/pendidikan/npsn/20252563
Kabupaten Bandung Barat,Cihampelas,dikmen,20251852,SMKS BINA PEMUDA CIHAMPELAS,JL. RAYA CIHAMPELAS NO. 17,Cihampelas,SWASTA,https://referensi.data.kemendikdasmen.go.id/pendidikan/npsn/20251852
Kabupaten Bandung Barat,Cihampelas,dikmen,20279927,SMKS BINA PUTRA,"Jl. Raya Citapen Km.13,5 Gunungdukuh",Citapen,SWASTA,https://referensi.data.kemendikdasmen.go.id/pendidikan/npsn/20279927
Kabupaten Bandung Barat,Cihampelas,dikmen,20267945,SMKS FAJAR KENCANA,JL. BBS NO.20,Cipatik,SWASTA,https://referensi.data.kemendikdasmen.go.id/pendidikan/npsn/20267945
Kabupaten Bandung Barat,Cihampelas,dikmen,69725703,SMKS TUNATSU,JL. CIPATIK SITUWANGI No.64 Rt 05/09,Pataruman,SWASTA,https://referensi.data.kemendikdasmen.go.id/pendidikan/npsn/69725703
Kabupaten Bandung Barat,Cipongkor,dikmen,70059696,MA AL HOERIYAH,Kp. Joglo RT 03 RW 02,Sirnagalih,SWASTA,https://referensi.data.kemendikdasmen.go.id/pendidikan/npsn/70059696
Kabupaten Bandung Barat,Cipongkor,dikmen,20276209,MAS AL-BARQUNNAJAH,Jl. PLN Gunung Karang No. 12 RT 01 RW 01,Sarinagen,SWASTA,https://referensi.data.kemendikdasmen.go.id/pendidikan/npsn/20276209
Kabupaten Bandung Barat,Cipongkor,dikmen,20280018,MAS ANWARURROHMAN,Kp. Cikadu RT. 03 RW. 07,Karangsari,SWASTA,https://referensi.data.kemendikdasmen.go.id/pendidikan/npsn/20280018
Kabupaten Bandung Barat,Cipongkor,dikmen,69976362,MAS BAITUL MUQODDAS,Kp. Cibenda RT 01 RW 06,Cibenda,SWASTA,https://referensi.data.kemendikdasmen.go.id/pendidikan/npsn/69976362
Kabupaten Bandung Barat,Cipongkor,dikmen,20280030,MAS DARUL FIKRI CIPONGKOR,JL. PASAR REBO,Cijambu,SWASTA,https://referensi.data.kemendikdasmen.go.id/pendidikan/npsn/20280030
Kabupaten Bandung Barat,Cipongkor,dikmen,20280041,MAS MUSLIMIN CIJENUK,JL. PLTA SAGULING NO.02,Citalem,SWASTA,https://referensi.data.kemendikdasmen.go.id/pendidikan/npsn/20280041
Kabupaten Bandung Barat,Cipongkor,dikmen,69941679,MAS Syarif Hidayatulloh,Kp.Pasir Panjang Rt 03 Rw 02 Desa Neglasari Kec.Cipongkor Kab.Bandung Barat,Karangsari,SWASTA,https://referensi.data.kemendikdasmen.go.id/pendidikan/npsn/69941679
Kabupaten Bandung Barat,Cipongkor,dikmen,60728054,MAS TERPADU DAARUL AHKAAM,Kp. Cibangban Rt 03 Rw 04,Citalem,SWASTA,https://referensi.data.kemendikdasmen.go.id/pendidikan/npsn/60728054
Kabupaten Bandung Barat,Cipongkor,dikmen,69918547,SLB TRI MEDYA,JL. PLTA Saguling Kp. Cijawa RT.04 RW.03,Sarinagen,SWASTA,https://referensi.data.kemendikdasmen.go.id/pendidikan/npsn/69918547
Kabupaten Bandung Barat,Cipongkor,dikmen,20227869,SMAN 1 CIPONGKOR,JL. PLTA SAGULING DS. SARINAGEN KEC. CIPONGKOR,Sarinagen,NEGERI,https://referensi.data.kemendikdasmen.go.id/pendidikan/npsn/20227869
Kabupaten Bandung Barat,Cipongkor,dikmen,20227840,SMAS HARAPAN CIPONGKOR,JL. SAGULING NO. 3 CITALEM CIPONGKOR,Citalem,SWASTA,https://referensi.data.kemendikdasmen.go.id/pendidikan/npsn/20227840
Kabupaten Bandung Barat,Cipongkor,dikmen,20227866,SMAS MUSLIMIN CIPONGKOR,JL. PLTA SAGULING DS BARANANGSIANG CIPONGKOR,Baranangsiang,SWASTA,https://referensi.data.kemendikdasmen.go.id/pendidikan/npsn/20227866
Kabupaten Bandung Barat,Cipongkor,dikmen,60728854,SMAS TERPADU AL-KANDIYAS,JL. PLTA SAGULING Kp. warung Tilu RT 06 RW 06,Baranangsiang,SWASTA,https://referensi.data.kemendikdasmen.go.id/pendidikan/npsn/60728854
Kabupaten Bandung Barat,Cipongkor,dikmen,69950746,SMK AL FATIH CIPONGKOR,KP. DAWUAN RT.04 RW.05,Cijenuk,SWASTA,https://referensi.data.kemendikdasmen.go.id/pendidikan/npsn/69950746
Kabupaten Bandung Barat,Cipongkor,dikmen,69943804,SMK AZZAHRA,Jl. Desa Karanganyar RT.05 RW.05,Sukamulya,SWASTA,https://referensi.data.kemendikdasmen.go.id/pendidikan/npsn/69943804
Kabupaten Bandung Barat,Cipongkor,dikmen,69971039,SMK BINA MANDIRI,Kp Babakan Jempol RT 04/02 Desa Girimukti Kec. Cipongkor Kab. Bandung Barat,Girimukti,SWASTA,https://referensi.data.kemendikdasmen.go.id/pendidikan/npsn/69971039
Kabupaten Bandung Barat,Cipongkor,dikmen,69950745,SMK KARYA PEMBANGUNAN 2 CIPONGKOR,JL. AMD MANUNGGAL NO.50,Cibenda,SWASTA,https://referensi.data.kemendikdasmen.go.id/pendidikan/npsn/69950745
Kabupaten Bandung Barat,Cipongkor,dikmen,20268297,SMK KARYA PERJUANGAN,Kp. Ciparay,Sarinagen,SWASTA,https://referensi.data.kemendikdasmen.go.id/pendidikan/npsn/20268297
Kabupaten Bandung Barat,Cipongkor,dikmen,69899323,SMK PEMBANGUNAN BANDUNG BARAT,Jl. Rawa Tampele No. 45 RT.01/05,Sirnagalih,SWASTA,https://referensi.data.kemendikdasmen.go.id/pendidikan/npsn/69899323
Kabupaten Bandung Barat,Cipongkor,dikmen,69967710,SMKN 1 CIPONGKOR,"JL. PLTA SAGULING, KP. PASARLAMA, RT 001 / RW 005",Citalem,NEGERI,https://referensi.data.kemendikdasmen.go.id/pendidikan/npsn/69967710
Kabupaten Bandung Barat,Cipongkor,dikmen,20229824,SMKS DARUL FIKRI CIPONGKOR,JL. PLTA SAGULING KM. 02 SARONGGE,Mekarsari,SWASTA,https://referensi.data.kemendikdasmen.go.id/pendidikan/npsn/20229824
Kabupaten Bandung Barat,Batujajar,dikmen,70048187,MA TERPADU TAUHIDUL IFKAR,KP. SUKAMANAH RT 03/02,Kec. Batujajar,SWASTA,https://referensi.data.kemendikdasmen.go.id/pendidikan/npsn/70048187
Kabupaten Bandung Barat,Batujajar,dikmen,20280009,MAS AL-BIDAYAH,JALAN RAYA BATUJAJAR NO. 13 RT 02 RW 08,Giriasih,SWASTA,https://referensi.data.kemendikdasmen.go.id/pendidikan/npsn/20280009
Kabupaten Bandung Barat,Batujajar,dikmen,60728051,MAS AL-ITTIHAD,KP. PAJAJARAN RT 02/04,Batujajar Barat,SWASTA,https://referensi.data.kemendikdasmen.go.id/pendidikan/npsn/60728051
Kabupaten Bandung Barat,Batujajar,dikmen,20280024,MAS BANURAJA,JLN. DESA PANGAUBAN,Selacau,SWASTA,https://referensi.data.kemendikdasmen.go.id/pendidikan/npsn/20280024
Kabupaten Bandung Barat,Batujajar,dikmen,20280046,MAS NURUL HIDAYAH,BLOK SUKAMAJU RT.04 RW.13 DESA BATUJAJAR BARAT KECAMATAN BATUJAJAR,Batujajar Barat,SWASTA,https://referensi.data.kemendikdasmen.go.id/pendidikan/npsn/20280046
Kabupaten Bandung Barat,Batujajar,dikmen,20267653,SLB BC BINA WIDYA,Jl. Haurgambang Kp. Babakanpari RT.01 RW.05,Batujajar Timur,SWASTA,https://referensi.data.kemendikdasmen.go.id/pendidikan/npsn/20267653
Kabupaten Bandung Barat,Batujajar,dikmen,70031480,SMA Global Solusi Indonesia,"Jalan Selacau No. 180, RT.01 RW.01",Selacau,SWASTA,https://referensi.data.kemendikdasmen.go.id/pendidikan/npsn/70031480
Kabupaten Bandung Barat,Batujajar,dikmen,20227902,SMAN 1 BATUJAJAR,JL. RAYA SELACAU BATUJAJAR,Selacau,NEGERI,https://referensi.data.kemendikdasmen.go.id/pendidikan/npsn/20227902
Kabupaten Bandung Barat,Batujajar,dikmen,20251779,SMAS AL BIDAYAH NBATUJAJAR,JL GIRI ASIH BATUJAJAR,Giriasih,SWASTA,https://referensi.data.kemendikdasmen.go.id/pendidikan/npsn/20251779
Kabupaten Bandung Barat,Batujajar,dikmen,20268292,SMAS DARUL FALAH BATUJAJAR,Kp. Sukawening Rt/Rw. 04/02 Desa Jati Kecamatan Saguling,Selacau,SWASTA,https://referensi.data.kemendikdasmen.go.id/pendidikan/npsn/20268292
Kabupaten Bandung Barat,Batujajar,dikmen,69946965,SMK CENDEKIA BATUJAJAR,Jl. Raya Batujajar RT.04 RW.03,Batujajar Timur,SWASTA,https://referensi.data.kemendikdasmen.go.id/pendidikan/npsn/69946965
Kabupaten Bandung Barat,Batujajar,dikmen,20268293,SMKS AL IHSAN BATUJAJAR,JL GALANGGANG,Galanggang,SWASTA,https://referensi.data.kemendikdasmen.go.id/pendidikan/npsn/20268293
Kabupaten Bandung Barat,Batujajar,dikmen,69728242,SMKS DHARMA BHAKTI INDONESIA,JL. SMP,Batujajar Barat,SWASTA,https://referensi.data.kemendikdasmen.go.id/pendidikan/npsn/69728242
Kabupaten Bandung Barat,Batujajar,dikmen,20268296,SMKS JABIR AL HAYYAN,JL. CANGKORAH - LEUWIGAJAH NO.13,Giriasih,SWASTA,https://referensi.data.kemendikdasmen.go.id/pendidikan/npsn/20268296
Kabupaten Bandung Barat,Batujajar,dikmen,69733996,SMKS KESFAM BATUJAJAR,Jln. Raya Cibodas Rt 02 Rw 08 Desa.Pangauban Kec.Batujajar,Pangauban,SWASTA,https://referensi.data.kemendikdasmen.go.id/pendidikan/npsn/69733996
Kabupaten Bandung Barat,Batujajar,dikmen,69733857,SMKS LUHUR BALADIKA,JL. SELACAU NO 34,Selacau,SWASTA,https://referensi.data.kemendikdasmen.go.id/pendidikan/npsn/69733857
Kabupaten Bandung Barat,Batujajar,dikmen,20227955,SMKS MAHARDHIKA BATUJAJAR,JL. RAYA BATUJAJAR NO. 30 CANGKORAH,Giriasih,SWASTA,https://referensi.data.kemendikdasmen.go.id/pendidikan/npsn/20227955
Kabupaten Bandung Barat,Batujajar,dikmen,69830696,SMKS PASUNDAN PERKASA DAARUL HIDAYAH,JL. RAYA BATUJAJAR NO.13 (Depan SMP Negri 3 Batujajar),Batujajar Timur,SWASTA,https://referensi.data.kemendikdasmen.go.id/pendidikan/npsn/69830696
Kabupaten Bandung Barat,Cipatat,dikmen,70060351,MA AL-MUHAJIRIN MANDALASARI,Kp. Medalwangi RT 02 RW 13,Mandalasari,SWASTA,https://referensi.data.kemendikdasmen.go.id/pendidikan/npsn/70060351
Kabupaten Bandung Barat,Cipatat,dikmen,60728052,MAS AL-FADILLAH CIPATAT,KP. SUKARAME RT 01 RW 02,Rajamandala Kulon,SWASTA,https://referensi.data.kemendikdasmen.go.id/pendidikan/npsn/60728052
Kabupaten Bandung Barat,Cipatat,dikmen,20280021,MAS ASY-SYIFA KERTAMUKTI,KMP. PASIRANGIN JL. PASIR ANGIN RT 1/11 DS. KERTAMUKTI,Mandalasari,SWASTA,https://referensi.data.kemendikdasmen.go.id/pendidikan/npsn/20280021
Kabupaten Bandung Barat,Cipatat,dikmen,69787247,MAS MIFTAHUL ULUM,KP. BALEKEMBANG RT. 04 RW. 10,Cirawamekar,SWASTA,https://referensi.data.kemendikdasmen.go.id/pendidikan/npsn/69787247
Kabupaten Bandung Barat,Cipatat,dikmen,20280044,MAS NURUL BAROKAH,Kp. Mekarsari RT 05 RW 14,Citatah,SWASTA,https://referensi.data.kemendikdasmen.go.id/pendidikan/npsn/20280044
Kabupaten Bandung Barat,Cipatat,dikmen,20280057,MAS YI-RAJAMANDALA,JL. SIMPANG SAGULING NO. 19,Rajamandala Kulon,SWASTA,https://referensi.data.kemendikdasmen.go.id/pendidikan/npsn/20280057
Kabupaten Bandung Barat,Cipatat,dikmen,69786715,SLB NEGERI BANDUNG BARAT,Jl. Kampung Baru Ciptaharja RT.02 RW.18,Rajamandala Kulon,NEGERI,https://referensi.data.kemendikdasmen.go.id/pendidikan/npsn/69786715
Kabupaten Bandung Barat,Cipatat,dikmen,20667660,SLB RAMA SEJAHTERA,Jl.Raya Lama Kiara Kp. Babakan Kurnia RT.01 RW.11,Mandalawangi,SWASTA,https://referensi.data.kemendikdasmen.go.id/pendidikan/npsn/20667660
Kabupaten Bandung Barat,Cipatat,dikmen,20279932,SMA AL MUKHTARIYAH RAJAMANDALA,JL. STASION RAJAMANDALA NO 01,Mandalasari,SWASTA,https://referensi.data.kemendikdasmen.go.id/pendidikan/npsn/20279932
Kabupaten Bandung Barat,Cipatat,dikmen,20206144,SMAN 1 CIPATAT,JL. DESA CIPTAHARJA NO. 35,Ciptaharja,NEGERI,https://referensi.data.kemendikdasmen.go.id/pendidikan/npsn/20206144
Kabupaten Bandung Barat,Cipatat,dikmen,69856921,SMK BAKTI ASSYUKUR,JL. CITATAH RT.01 RW.11 MARGALUYU,Citatah,SWASTA,https://referensi.data.kemendikdasmen.go.id/pendidikan/npsn/69856921
Kabupaten Bandung Barat,Cipatat,dikmen,69881046,SMK DARMA SAKTI,JL. RAJAMANDALA NO.395 Rt 03 Rw 11,Rajamandala Kulon,SWASTA,https://referensi.data.kemendikdasmen.go.id/pendidikan/npsn/69881046
Kabupaten Bandung Barat,Cipatat,dikmen,69888924,SMK NEGERI 1 CIPATAT,Jl. Terusan Cirata KM 3,Sarimukti,NEGERI,https://referensi.data.kemendikdasmen.go.id/pendidikan/npsn/69888924
Kabupaten Bandung Barat,Cipatat,dikmen,69763258,SMKS 3 PASUNDAN PERKASA,NYALINDUNG,Nyalindung,SWASTA,https://referensi.data.kemendikdasmen.go.id/pendidikan/npsn/69763258
Kabupaten Bandung Barat,Cipatat,dikmen,69733906,SMKS MANDALA PUTRA 1,KP KUTALAKSANA RT02 RW 02,Mandalawangi,SWASTA,https://referensi.data.kemendikdasmen.go.id/pendidikan/npsn/69733906
Kabupaten Bandung Barat,Cipatat,dikmen,20279930,SMKS TARUNA HARAPAN 1,JL.CIPATAT NO. 28 B Kode Pos 40754,Ciptaharja,SWASTA,https://referensi.data.kemendikdasmen.go.id/pendidikan/npsn/20279930
Kabupaten Bandung Barat,Cipatat,dikmen,20228562,SMKS WYATA MANDALA 2,JL. RAYA RAJAMANDALA CIPATAT,Ciptaharja,SWASTA,https://referensi.data.kemendikdasmen.go.id/pendidikan/npsn/20228562
Kabupaten Bandung Barat,Cipatat,dikmen,69772948,SMKS WYATA MANDALA 3 CIPATAT,KP. WARUNGTIWU RT.01 RW.01,Ciptaharja,SWASTA,https://referensi.data.kemendikdasmen.go.id/pendidikan/npsn/69772948
Kabupaten Bandung Barat,Cipatat,dikmen,70051669,SPM ULYA AL-FIRDAUS,KP. BUNGUR 03/09 DS. MANDALASARI,Mandalasari,SWASTA,https://referensi.data.kemendikdasmen.go.id/pendidikan/npsn/70051669
Kabupaten Bandung Barat,Padalarang,dikmen,20280033,MAS DARUL ULUM,"Jl. Letkol G.A. Manulang No.106, Kp. Sudimampir",Padalarang,SWASTA,https://referensi.data.kemendikdasmen.go.id/pendidikan/npsn/20280033
Kabupaten Bandung Barat,Padalarang,dikmen,20280047,MAS NURUL HIDAYAH,Jln. Ngamprah Kp. Kebon Kalapa RT 02 RW 02,Kertajaya,SWASTA,https://referensi.data.kemendikdasmen.go.id/pendidikan/npsn/20280047
Kabupaten Bandung Barat,Padalarang,dikmen,20280052,MAS PERSIS PADALARANG,JL. CIJEUNGJING NO. 60,Cimerang,SWASTA,https://referensi.data.kemendikdasmen.go.id/pendidikan/npsn/20280052
Kabupaten Bandung Barat,Padalarang,dikmen,20280054,MAS USWATUN HASANAH,JL. GANTUNGAN NO.83 PURABAYA,Tagogapu,SWASTA,https://referensi.data.kemendikdasmen.go.id/pendidikan/npsn/20280054
Kabupaten Bandung Barat,Padalarang,dikmen,69965155,Sekolah Menengah Atas Bandung Alliance Intercultural School,Jl. Bujanggamanik Kav.2,Cipeundeuy,SWASTA,https://referensi.data.kemendikdasmen.go.id/pendidikan/npsn/69965155
Kabupaten Bandung Barat,Padalarang,dikmen,20267652,SLB AL HIKMAH,Jl. Gedung X No. C 14B RT.05 RW.09,Kertamulya,SWASTA,https://referensi.data.kemendikdasmen.go.id/pendidikan/npsn/20267652
Kabupaten Bandung Barat,Padalarang,dikmen,20279931,SMA AL-IRSYAD SATYA,"Jl. Raya Parahyangan KM 2,7 Kota Baru Parahyangan",Cipeundeuy,SWASTA,https://referensi.data.kemendikdasmen.go.id/pendidikan/npsn/20279931
Kabupaten Bandung Barat,Padalarang,dikmen,70045164,SMA BINA PERSADA,Jl. Gelap Nyawang Kav. 5 A Komplek Kota Baru Parahyangan,Padalarang,SWASTA,https://referensi.data.kemendikdasmen.go.id/pendidikan/npsn/70045164
Kabupaten Bandung Barat,Padalarang,dikmen,70062312,SMAK BPK PENABUR KBP,"Kota Baru Parahyangan, Jalan Parahyangan Kav. 10 c",Kertajaya,SWASTA,https://referensi.data.kemendikdasmen.go.id/pendidikan/npsn/70062312
Kabupaten Bandung Barat,Padalarang,dikmen,20206208,SMAN 1 PADALARANG,JL.PERUM BABAKAN LOA PERMAI No.99 Padalarang,Padalarang,NEGERI,https://referensi.data.kemendikdasmen.go.id/pendidikan/npsn/20206208
Kabupaten Bandung Barat,Padalarang,dikmen,20227910,SMAN 2 PADALARANG,JL. GA MANULANG NO.165 PADALARANG,Jayamekar,NEGERI,https://referensi.data.kemendikdasmen.go.id/pendidikan/npsn/20227910
Kabupaten Bandung Barat,Padalarang,dikmen,20274847,SMAS CAHAYA BANGSA CLASSICAL SCHOOL,JL. BUJANGGA MANIK KAV.1 KOTA BARU PARAHYANGAN,Cipeundeuy,SWASTA,https://referensi.data.kemendikdasmen.go.id/pendidikan/npsn/20274847
Kabupaten Bandung Barat,Padalarang,dikmen,69944858,SMK KARTINI BHAKTI MANDIRI,Jalan Letkol G. A. Manulang Kp. Sukamulya No.71 RT.001 RW.02 Padalarang5,Padalarang,SWASTA,https://referensi.data.kemendikdasmen.go.id/pendidikan/npsn/69944858
Kabupaten Bandung Barat,Padalarang,dikmen,20206224,SMKN 4 PADALARANG,JL. Raya Padalarang No. 451 Kab Bandung Barat,Kertajaya,NEGERI,https://referensi.data.kemendikdasmen.go.id/pendidikan/npsn/20206224
Kabupaten Bandung Barat,Padalarang,dikmen,20267646,SMKS 4 LPPM RI,LETKOL GA MANULANG NO 132,Padalarang,SWASTA,https://referensi.data.kemendikdasmen.go.id/pendidikan/npsn/20267646
Kabupaten Bandung Barat,Padalarang,dikmen,69772949,SMKS BANI ABDUL MALIK,Kp. Cibingbin Rt 05 Rw 04,Laksanamekar,SWASTA,https://referensi.data.kemendikdasmen.go.id/pendidikan/npsn/69772949
Kabupaten Bandung Barat,Padalarang,dikmen,20271881,SMKS BUDI BAKTI UTAMA,JL RAYA CIBURUY,Ciburuy,SWASTA,https://referensi.data.kemendikdasmen.go.id/pendidikan/npsn/20271881
Kabupaten Bandung Barat,Padalarang,dikmen,60730356,SMKS DHARMA PERTIWI,Jl. Raya Purwakarta KM. 7 RT. 01 RW. 22,Cempakamekar,SWASTA,https://referensi.data.kemendikdasmen.go.id/pendidikan/npsn/60730356
Kabupaten Bandung Barat,Padalarang,dikmen,20279935,SMKS HAMKA PADALARANG,JL. ANDIR RT 03 RW 15,Padalarang,SWASTA,https://referensi.data.kemendikdasmen.go.id/pendidikan/npsn/20279935
Kabupaten Bandung Barat,Padalarang,dikmen,20268291,SMKS KARYA PEMBANGUNAN PADALARANG,JL. U SURYADI 17 RT 04/11 PADALARANG,Kertajaya,SWASTA,https://referensi.data.kemendikdasmen.go.id/pendidikan/npsn/20268291
Kabupaten Bandung Barat,Padalarang,dikmen,20279920,SMKS PENGETAHUAN NUSANTARA SAKTI (PENUS),JL. CIHALIWUNG - CIHAMPELAS RT.05 RW.01,Kertamulya,SWASTA,https://referensi.data.kemendikdasmen.go.id/pendidikan/npsn/20279920
Kabupaten Bandung Barat,Padalarang,dikmen,20267649,SMKS PLUS KRIDA UTAMA PADALARANG,JL. RAYA PURWAKARTA NO. 207 PADALARANG,Ciburuy,SWASTA,https://referensi.data.kemendikdasmen.go.id/pendidikan/npsn/20267649
Kabupaten Bandung Barat,Padalarang,dikmen,20228558,SMKS WIDYA KARYA PADALARANG,JL. BABAKAN LOA PADALARANG,Padalarang,SWASTA,https://referensi.data.kemendikdasmen.go.id/pendidikan/npsn/20228558
Kabupaten Bandung Barat,Ngamprah,dikmen,20280015,MAS AL-MU`AWANAH,KP. SUKAMAJU RT01/01,Cilame,SWASTA,https://referensi.data.kemendikdasmen.go.id/pendidikan/npsn/20280015
Kabupaten Bandung Barat,Ngamprah,dikmen,60728057,MAS ASSAKINAH,JLN. H. GOFUR KP. RAWA TENGAH,Tanimulya,SWASTA,https://referensi.data.kemendikdasmen.go.id/pendidikan/npsn/60728057
Kabupaten Bandung Barat,Ngamprah,dikmen,69775706,SLB ASSAKINAH SEJAHTERA,JL. H.GOFUR RT.01 RW.07,Tanimulya,SWASTA,https://referensi.data.kemendikdasmen.go.id/pendidikan/npsn/69775706
Kabupaten Bandung Barat,Ngamprah,dikmen,20267658,SLB NGAMPRAH RAYA,Jl. Cihaliwung Wetan RT.05 RW.03,Sukatani,SWASTA,https://referensi.data.kemendikdasmen.go.id/pendidikan/npsn/20267658
Kabupaten Bandung Barat,Ngamprah,dikmen,69773518,SLB SABK GEMILANG RAHAYU ARBIAH,JL.Raya Gadobangkong No.167B RT.01 RW.06,Cimareme,SWASTA,https://referensi.data.kemendikdasmen.go.id/pendidikan/npsn/69773518
Kabupaten Bandung Barat,Ngamprah,dikmen,69968020,SMA Al Azhar Syifa Budi Parahyangan,Jalan Raya Cimareme No. 340,Cimareme,SWASTA,https://referensi.data.kemendikdasmen.go.id/pendidikan/npsn/69968020
Kabupaten Bandung Barat,Ngamprah,dikmen,69933838,SMA IT FITHRAH INSANI,JL. H.GOPUR NO.10,Tanimulya,SWASTA,https://referensi.data.kemendikdasmen.go.id/pendidikan/npsn/69933838
Kabupaten Bandung Barat,Ngamprah,dikmen,20227908,SMA NEGERI 1 NGAMPRAH,Jl. Kenanga Raya PCI 2 Rt.01 Rw.18 Desa Tani Mulya Ngamprah,Tanimulya,NEGERI,https://referensi.data.kemendikdasmen.go.id/pendidikan/npsn/20227908
Kabupaten Bandung Barat,Ngamprah,dikmen,70031817,SMA TERPADU RIYADLUL HUDA,Jl. Ngamprah No. 2 RT.01/02,Ngamprah,SWASTA,https://referensi.data.kemendikdasmen.go.id/pendidikan/npsn/70031817
Kabupaten Bandung Barat,Ngamprah,dikmen,20279925,SMK INFORMATIKA FITRAH INSANI,Jl. H. Gopur No. 10,Tanimulya,SWASTA,https://referensi.data.kemendikdasmen.go.id/pendidikan/npsn/20279925
Kabupaten Bandung Barat,Ngamprah,dikmen,69769410,SMKS 1 PARAHYANGAN,Jln. Sodong No. 123,Tanimulya,SWASTA,https://referensi.data.kemendikdasmen.go.id/pendidikan/npsn/69769410
Kabupaten Bandung Barat,Ngamprah,dikmen,20268294,SMKS BANDUNG BARAT,JL. RAYA CIMAREME,Cimareme,SWASTA,https://referensi.data.kemendikdasmen.go.id/pendidikan/npsn/20268294
Kabupaten Bandung Barat,Ngamprah,dikmen,69733880,SMKS BINA INSAN BANGSA,JL. NGAMPRAH NO.1A,Ngamprah,SWASTA,https://referensi.data.kemendikdasmen.go.id/pendidikan/npsn/69733880
Kabupaten Bandung Barat,Ngamprah,dikmen,20228557,SMKS TUNAS BANGSA NGAMPRAH,JL H GOFUR NO.162,Tanimulya,SWASTA,https://referensi.data.kemendikdasmen.go.id/pendidikan/npsn/20228557
Kabupaten Bandung Barat,Ngamprah,dikmen,20227974,SMKS YUDHA UTAMA NGAMPRAH,JL. RAYA GADOBANGKONG 167 BLK,Cimareme,SWASTA,https://referensi.data.kemendikdasmen.go.id/pendidikan/npsn/20227974
Kabupaten Bandung Barat,Ngamprah,dikmen,70034062,SPM. ULYA PONDOK PESANTREN MODERN DARUSSALAM,BUKIT PERMATA,Cilame,SWASTA,https://referensi.data.kemendikdasmen.go.id/pendidikan/npsn/70034062
Kabupaten Bandung Barat,Parongpong,dikmen,20280023,MAS AZ-ZAHRA,"JL. CIHANJUANG KM 8,2 RT 02 RW 16",Cihanjuang,SWASTA,https://referensi.data.kemendikdasmen.go.id/pendidikan/npsn/20280023
Kabupaten Bandung Barat,Parongpong,dikmen,69992619,PDF Ulya Daarul Halim,Jl. Daarul Haliim No 04 RT.06/RW.02,Cihanjuang,SWASTA,https://referensi.data.kemendikdasmen.go.id/pendidikan/npsn/69992619
Kabupaten Bandung Barat,Parongpong,dikmen,70051401,PDF ULYA DAARUT TAUHIID,Cigugur Girang No.33,Kec. Parongpong,SWASTA,https://referensi.data.kemendikdasmen.go.id/pendidikan/npsn/70051401
Kabupaten Bandung Barat,Parongpong,dikmen,69930027,Sekolah Menengah Atas SIS Bandung,"Jl. Sersan Bajuri Km. 1,5 - RT 3/RW 1",Cihideung,SWASTA,https://referensi.data.kemendikdasmen.go.id/pendidikan/npsn/69930027
Kabupaten Bandung Barat,Parongpong,dikmen,20267657,SLB HANJUANG JAYA,"Jl. Cihanjuang Km.2,8 Cibaligo RT.04 RW.14",Cihanjuang,SWASTA,https://referensi.data.kemendikdasmen.go.id/pendidikan/npsn/20267657
Kabupaten Bandung Barat,Parongpong,dikmen,20267659,SLB PURNAMA ASIH,Jl. Villa Duta No.2 RT.03 RW.03,Ciwaruga,SWASTA,https://referensi.data.kemendikdasmen.go.id/pendidikan/npsn/20267659
Kabupaten Bandung Barat,Parongpong,dikmen,69893110,SMA DAARUT TAUHIID BOARDING SCHOOL,Jalan Cigugur Girang No.33 RT.03 RW.07,Cigugur Girang,SWASTA,https://referensi.data.kemendikdasmen.go.id/pendidikan/npsn/69893110
Kabupaten Bandung Barat,Parongpong,dikmen,70049542,SMA RAJAWALI,Jl. Cihanjuang Rahayu No. 303 RT.01/06,Cihanjuang Rahayu,SWASTA,https://referensi.data.kemendikdasmen.go.id/pendidikan/npsn/70049542
Kabupaten Bandung Barat,Parongpong,dikmen,70045381,SMA TASDIQUL QURAN,Jl. Gang Apit No. 74 B RT. 01 RW. 15 Cibaligo,Cihanjuang,SWASTA,https://referensi.data.kemendikdasmen.go.id/pendidikan/npsn/70045381
Kabupaten Bandung Barat,Parongpong,dikmen,20227901,SMAN 1 PARONGPONG,Jl. Cihanjuang Rahayu No.39,Cihanjuang Rahayu,NEGERI,https://referensi.data.kemendikdasmen.go.id/pendidikan/npsn/20227901
Kabupaten Bandung Barat,Parongpong,dikmen,20267643,SMK BINA ESSA,"JL CIHANJUANG 2,45",Cihanjuang,SWASTA,https://referensi.data.kemendikdasmen.go.id/pendidikan/npsn/20267643
Kabupaten Bandung Barat,Parongpong,dikmen,70030337,SMK KESEHATAN RAJAWALI,Jalan Cihanjuang Rahayu No. 303 Rt 01/06,Cihanjuang Rahayu,SWASTA,https://referensi.data.kemendikdasmen.go.id/pendidikan/npsn/70030337
Kabupaten Bandung Barat,Parongpong,dikmen,70030074,SMK ROUDLOTUL ULUM,JL. Cisasawi RT 01 RW 06,Cihanjuang,SWASTA,https://referensi.data.kemendikdasmen.go.id/pendidikan/npsn/70030074
Kabupaten Bandung Barat,Parongpong,dikmen,69766194,SMKS INSAN MANDIRI,JL SARIWANGI NO 81,Sariwangi,SWASTA,https://referensi.data.kemendikdasmen.go.id/pendidikan/npsn/69766194
Kabupaten Bandung Barat,Parongpong,dikmen,69733997,SMKS PERJUANGAN,Jln. Cihanjuang Rahayu No. 94,Cihanjuang Rahayu,SWASTA,https://referensi.data.kemendikdasmen.go.id/pendidikan/npsn/69733997
Kabupaten Bandung Barat,Parongpong,dikmen,70036472,SPM ULYA PONDOK PESANTREN INTEGRITAS QURANI,JL. KAMPUS POLBAN CIWARUGA BANDUNG,Ciwaruga,SWASTA,https://referensi.data.kemendikdasmen.go.id/pendidikan/npsn/70036472
Kabupaten Bandung Barat,Lembang,dikmen,60728056,MAS AL-QUR`AN AL-AMANAH,JL. LAPANG CIBOGO RT 01 RW 11 KECAMATAN LEMBANG KABUPATEN BANDUNG BARAT40391,Cibogo,SWASTA,https://referensi.data.kemendikdasmen.go.id/pendidikan/npsn/60728056
Kabupaten Bandung Barat,Lembang,dikmen,20280020,MAS AR-ROCHMAH,KP. CICALUNG RT.03 RW.06,Wangunharja,SWASTA,https://referensi.data.kemendikdasmen.go.id/pendidikan/npsn/20280020
Kabupaten Bandung Barat,Lembang,dikmen,70055428,Sekolah Rakyat Menengah Atas 14 Bandung Barat,"Jl. Panorama 1, Kayuambon, Kec. Lembang, Kabupaten Bandung Barat",Kayuambon,NEGERI,https://referensi.data.kemendikdasmen.go.id/pendidikan/npsn/70055428
Kabupaten Bandung Barat,Lembang,dikmen,20267651,SLB ABC YPLAB LEMBANG,Jl. Barulaksana No.183 RT.01 RW.11,Jayagiri,SWASTA,https://referensi.data.kemendikdasmen.go.id/pendidikan/npsn/20267651
Kabupaten Bandung Barat,Lembang,dikmen,20267655,SLB BINA ANUGRAH,Jl.Penoropongan Bintang,Gudangkahuripan,SWASTA,https://referensi.data.kemendikdasmen.go.id/pendidikan/npsn/20267655
Kabupaten Bandung Barat,Lembang,dikmen,20219742,SLB SUKAGALIH,Jl. Maribaya No.121 RT.01 RW.11,Langensari,SWASTA,https://referensi.data.kemendikdasmen.go.id/pendidikan/npsn/20219742
Kabupaten Bandung Barat,Lembang,dikmen,70044915,SMA BERASRAMA DARUL HIKAM,Jl. Dago Giri No. 5 RT.02 RW.12,Pagerwangi,SWASTA,https://referensi.data.kemendikdasmen.go.id/pendidikan/npsn/70044915
Kabupaten Bandung Barat,Lembang,dikmen,69897177,SMA DARUN NASYA,KP. PASIRHANDAP RT.01 RW.14 PAGERWANGI,Pagerwangi,SWASTA,https://referensi.data.kemendikdasmen.go.id/pendidikan/npsn/69897177
Kabupaten Bandung Barat,Lembang,dikmen,20206211,SMA NEGERI 1 LEMBANG,JL. MARIBAYA NO. 68 LEMBANG,Kayuambon,NEGERI,https://referensi.data.kemendikdasmen.go.id/pendidikan/npsn/20206211
Kabupaten Bandung Barat,Lembang,dikmen,69965194,SMA NEGERI 2 LEMBANG,Jl. Maribaya No 68 RT 04 / RW 02 Desa Langensari Kec. Lembang,Langensari,NEGERI,https://referensi.data.kemendikdasmen.go.id/pendidikan/npsn/69965194
Kabupaten Bandung Barat,Lembang,dikmen,20269747,SMA NURUL FIKRI BOARDING SCHOOL LEMBANG,JL. Raya Maribaya Timur RT/RW 003/03,Cibodas,SWASTA,https://referensi.data.kemendikdasmen.go.id/pendidikan/npsn/20269747
Kabupaten Bandung Barat,Lembang,dikmen,70052750,SMA PLUS MUALIMIN,Kp. Ciputri RT.002 RW.008,Langensari,SWASTA,https://referensi.data.kemendikdasmen.go.id/pendidikan/npsn/70052750
Kabupaten Bandung Barat,Lembang,dikmen,69945428,SMA PP BAITUL IZZAH NUSANTARA,Kp. Sukaluyu Blok Nyampai RT.02 RW.08,Suntenjaya,SWASTA,https://referensi.data.kemendikdasmen.go.id/pendidikan/npsn/69945428
Kabupaten Bandung Barat,Lembang,dikmen,70053703,SMAK EAGLE,Komplek Panorama Indah Blok C No. 17,Kec. Lembang,SWASTA,https://referensi.data.kemendikdasmen.go.id/pendidikan/npsn/70053703
Kabupaten Bandung Barat,Lembang,dikmen,69822684,SMAS DARUL HIKAM INTERNASIONAL,JL. MARIBAYA NO.89 RT.03 RW.01,Kayuambon,SWASTA,https://referensi.data.kemendikdasmen.go.id/pendidikan/npsn/69822684
Kabupaten Bandung Barat,Lembang,dikmen,20251780,SMAS ISLAM MUSYAWARAH,"JL. BARU AJAK KM. 14,6 LEMBANG",Lembang,SWASTA,https://referensi.data.kemendikdasmen.go.id/pendidikan/npsn/20251780
Kabupaten Bandung Barat,Lembang,dikmen,20227841,SMAS ISLAM NURUL HUDA LEMBANG,KP. NYALINDUNG RT. 4 RW. 8 DS. CIKOLE LEMBANG,Cikole,SWASTA,https://referensi.data.kemendikdasmen.go.id/pendidikan/npsn/20227841
Kabupaten Bandung Barat,Lembang,dikmen,20240402,SMAS MEKARWANGI LEMBANG,JL. BUKAMANAH DESA LANGENSARI KEC. LEMBANG,Langensari,SWASTA,https://referensi.data.kemendikdasmen.go.id/pendidikan/npsn/20240402
Kabupaten Bandung Barat,Lembang,dikmen,20227873,SMAS PANCA KARSA LEMBANG,JL KIWI KAYU AMBON NO. 32 LEMBANG,Lembang,SWASTA,https://referensi.data.kemendikdasmen.go.id/pendidikan/npsn/20227873
Kabupaten Bandung Barat,Lembang,dikmen,20251786,SMAS PGRI LEMBANG,JL. BARU LAKSANA NO. 65 LEMBANG,Jayagiri,SWASTA,https://referensi.data.kemendikdasmen.go.id/pendidikan/npsn/20251786
Kabupaten Bandung Barat,Lembang,dikmen,20258453,SMK NEGERI PERTANIAN PEMBANGUNAN LEMBANG,Jl. Raya Tangkuban Parahu Km. 3 Cilumber Cibogo Lembang Kab. Bandung Barat,Cibogo,NEGERI,https://referensi.data.kemendikdasmen.go.id/pendidikan/npsn/20258453
Kabupaten Bandung Barat,Lembang,dikmen,20267648,SMK PGRI LEMBANG,JL. BARULAKSANA NO 65B RT.03 RW.15,Jayagiri,SWASTA,https://referensi.data.kemendikdasmen.go.id/pendidikan/npsn/20267648
Kabupaten Bandung Barat,Lembang,dikmen,69816315,SMK SWASTA PUTRA NASIONAL CIBODAS,KP. SUKAMAJU RT.01 RW.03,Cibodas,SWASTA,https://referensi.data.kemendikdasmen.go.id/pendidikan/npsn/69816315
Kabupaten Bandung Barat,Lembang,dikmen,69946123,SMK TARUNA TERPADU AL MUSYAWARAH,JL. BARU ADJAK NO.158 LEMBANG,Lembang,SWASTA,https://referensi.data.kemendikdasmen.go.id/pendidikan/npsn/69946123
Kabupaten Bandung Barat,Lembang,dikmen,20267759,SMKN PETERNAKAN LEMBANG,Jl. Raya Tangkuban Perahu Km. 22 Rt 02/Rw 15,Cikole,NEGERI,https://referensi.data.kemendikdasmen.go.id/pendidikan/npsn/20267759
Kabupaten Bandung Barat,Lembang,dikmen,20228510,SMKS 45 LEMBANG,JL. BARULAKSANA NO.186,Lembang,SWASTA,https://referensi.data.kemendikdasmen.go.id/pendidikan/npsn/20228510
Kabupaten Bandung Barat,Lembang,dikmen,20267644,SMKS BINA WISATA LEMBANG,JALAN MUTIARA I BLOK PPI NO 8,Lembang,SWASTA,https://referensi.data.kemendikdasmen.go.id/pendidikan/npsn/20267644
Kabupaten Bandung Barat,Lembang,dikmen,20267645,SMKS BUDI RAKSA LEMBANG,JL. KOLONEL MASTURI NO. 171,Sukajaya,SWASTA,https://referensi.data.kemendikdasmen.go.id/pendidikan/npsn/20267645
Kabupaten Bandung Barat,Lembang,dikmen,20228550,SMKS PAKUAN LEMBANG,JL. MUTIARA I BLOK PPI,Lembang,SWASTA,https://referensi.data.kemendikdasmen.go.id/pendidikan/npsn/20228550
Kabupaten Bandung Barat,Cisarua,dikmen,69976360,AL FURQON CISARUA,Jl. Kolonel Masturi Kp. Panyandaan RT 02/14,Jambudipa,SWASTA,https://referensi.data.kemendikdasmen.go.id/pendidikan/npsn/69976360
Kabupaten Bandung Barat,Cisarua,dikmen,20280025,MAS BINA INSANI,JL. PANYANDAAN NO. 33,Padaasih,SWASTA,https://referensi.data.kemendikdasmen.go.id/pendidikan/npsn/20280025
Kabupaten Bandung Barat,Cisarua,dikmen,60728055,MAS CAHAYA HARAPAN,JL. PADALARANG - CISARUA GG. MAMA WELI KP. BABAKAN CINTA RT05/03,Pasirhalang,SWASTA,https://referensi.data.kemendikdasmen.go.id/pendidikan/npsn/60728055
Kabupaten Bandung Barat,Cisarua,dikmen,20280032,MAS DARUL INAYAH,JL. CIPEUSING 12 RT.04/04,Kertawangi,SWASTA,https://referensi.data.kemendikdasmen.go.id/pendidikan/npsn/20280032
Kabupaten Bandung Barat,Cisarua,dikmen,20280055,MAS YABIS,JL. SUKARAJA RT.05 RW.07,Kec. Cisarua,SWASTA,https://referensi.data.kemendikdasmen.go.id/pendidikan/npsn/20280055
Kabupaten Bandung Barat,Cisarua,dikmen,70038263,PDF ULYA AR-RISALAH,JL. KP. SUKAMAJU RT 01 RW 02,Pasirhalang,SWASTA,https://referensi.data.kemendikdasmen.go.id/pendidikan/npsn/70038263
Kabupaten Bandung Barat,Cisarua,dikmen,20279833,SLB AGRO INDUSTRI,Jl. Pasir Halang No.1 RT.03 RW.07,Jambudipa,SWASTA,https://referensi.data.kemendikdasmen.go.id/pendidikan/npsn/20279833
Kabupaten Bandung Barat,Cisarua,dikmen,69964337,SMA AL - AZIZ ISLAMIC BOARDING SCHOOL,Jl. Gandrung Kp. Gandrung RT/RW 05/10,Jambudipa,SWASTA,https://referensi.data.kemendikdasmen.go.id/pendidikan/npsn/69964337
Kabupaten Bandung Barat,Cisarua,dikmen,20206227,SMAN 1 CISARUA,JL. KOLONEL MASTURI NO. 64 CISARUA,Jambudipa,NEGERI,https://referensi.data.kemendikdasmen.go.id/pendidikan/npsn/20206227
Kabupaten Bandung Barat,Cisarua,dikmen,20227831,SMAS CIPTA MANDIRI CISARUA,JL. DESA CIPADA CISARUA,Cipada,SWASTA,https://referensi.data.kemendikdasmen.go.id/pendidikan/npsn/20227831
Kabupaten Bandung Barat,Cisarua,dikmen,69968748,SMK ATMARIVA,Jl. Raya Padalarang-Cisarua,Pasirhalang,SWASTA,https://referensi.data.kemendikdasmen.go.id/pendidikan/npsn/69968748
Kabupaten Bandung Barat,Cisarua,dikmen,69888925,SMK NEGERI 1 CISARUA,"JL. RAYA KOLONEL MASTURI NO. 300, CISARUA",Jambudipa,NEGERI,https://referensi.data.kemendikdasmen.go.id/pendidikan/npsn/69888925
Kabupaten Bandung Barat,Cikalongwetan,dikmen,20280004,MAS AL - HUDA,JL. RAYA CIKALONGWETAN NO. 290,Mandalamukti,SWASTA,https://referensi.data.kemendikdasmen.go.id/pendidikan/npsn/20280004
Kabupaten Bandung Barat,Cikalongwetan,dikmen,20280008,MAS AL-BARRY,KP. TENJOLAUT RT 03 RW 06,Tenjolaut,SWASTA,https://referensi.data.kemendikdasmen.go.id/pendidikan/npsn/20280008
Kabupaten Bandung Barat,Cikalongwetan,dikmen,20280013,MAS AL-IKHWAN,RENDEKIDUL RT.04 RW. 12,Rende,SWASTA,https://referensi.data.kemendikdasmen.go.id/pendidikan/npsn/20280013
Kabupaten Bandung Barat,Cikalongwetan,dikmen,20280017,MAS AN-NUR CIKALONGWETAN,KP. SUKARASA RT 03/02,Mekarjaya,SWASTA,https://referensi.data.kemendikdasmen.go.id/pendidikan/npsn/20280017
Kabupaten Bandung Barat,Cikalongwetan,dikmen,69894818,MAS Ar-Rahman,Kp. Cipeuti RT 01 RW 02,Kanangasari,SWASTA,https://referensi.data.kemendikdasmen.go.id/pendidikan/npsn/69894818
Kabupaten Bandung Barat,Cikalongwetan,dikmen,20280034,MAS ISHLAHUL AQIDAH,DS. PUTERAN,Puteran,SWASTA,https://referensi.data.kemendikdasmen.go.id/pendidikan/npsn/20280034
Kabupaten Bandung Barat,Cikalongwetan,dikmen,20280051,MAS PERSIS CIPADA,JLN. PTPN VIII PENGHEOTAN,Cipada,SWASTA,https://referensi.data.kemendikdasmen.go.id/pendidikan/npsn/20280051
Kabupaten Bandung Barat,Cikalongwetan,dikmen,69976361,MAS RIYADHUL HUDA,Kp. Cilengis RT 02 RW 05,Mandalasari,SWASTA,https://referensi.data.kemendikdasmen.go.id/pendidikan/npsn/69976361
Kabupaten Bandung Barat,Cikalongwetan,dikmen,20267654,SLB BC MULYA BAKTI,Kp. Daya Mekar RT.04 RW.03,Cikalong,SWASTA,https://referensi.data.kemendikdasmen.go.id/pendidikan/npsn/20267654
Kabupaten Bandung Barat,Cikalongwetan,dikmen,70045489,SMA BOARDING SCHOOL NAQWA AL HASANAH,Kp. Karanganyar RT. 04 RW. 06,Mandalamukti,SWASTA,https://referensi.data.kemendikdasmen.go.id/pendidikan/npsn/70045489
Kabupaten Bandung Barat,Cikalongwetan,dikmen,70039946,SMA IT DAARUL ADZKIA,Kp. Selakuning RT. 03 RW. 02,Mekarjaya,SWASTA,https://referensi.data.kemendikdasmen.go.id/pendidikan/npsn/70039946
Kabupaten Bandung Barat,Cikalongwetan,dikmen,69964619,SMA TARUNA NUSANTARA INDONESIA,JL. Raya Purwakarta Kp Warga Saluyu Cikalong wetan,Cisomang Barat,SWASTA,https://referensi.data.kemendikdasmen.go.id/pendidikan/npsn/69964619
Kabupaten Bandung Barat,Cikalongwetan,dikmen,20251782,SMAN 1 CIKALONGWETAN,JL. RAYA CIKALONGWETAN,Mandalamukti,NEGERI,https://referensi.data.kemendikdasmen.go.id/pendidikan/npsn/20251782
Kabupaten Bandung Barat,Cikalongwetan,dikmen,20227847,SMAS KP CIKALONGWETAN,JL. RAYA CIKALONGWETAN,Mandalamukti,SWASTA,https://referensi.data.kemendikdasmen.go.id/pendidikan/npsn/20227847
Kabupaten Bandung Barat,Cikalongwetan,dikmen,70034321,SMK ADIDAYA NUSANTARA,Kp. Ciganda RT.04 RW.06,Rende,SWASTA,https://referensi.data.kemendikdasmen.go.id/pendidikan/npsn/70034321
Kabupaten Bandung Barat,Cikalongwetan,dikmen,69881356,SMK PENA NUGRAHA INDONESIA,Jln. Perkebunan Maswati Rt 03 Rw 04 Desa Kanangasari,Kanangasari,SWASTA,https://referensi.data.kemendikdasmen.go.id/pendidikan/npsn/69881356
Kabupaten Bandung Barat,Cikalongwetan,dikmen,69825148,SMKS BINA MASHLAHAT,JL. RAYA PURWAKARTA RT.02 RW.05,Mandalamukti,SWASTA,https://referensi.data.kemendikdasmen.go.id/pendidikan/npsn/69825148
Kabupaten Bandung Barat,Cikalongwetan,dikmen,20228520,SMKS BINA PRESTASI BANGSA,JL. RAYA CIKALONG NO. 73,Mandalasari,SWASTA,https://referensi.data.kemendikdasmen.go.id/pendidikan/npsn/20228520
Kabupaten Bandung Barat,Cikalongwetan,dikmen,20228526,SMKS GEMA NUSANTARA 5,Jalan Lapang Tridaya No. 02 RT 03 RW 04,Cikalong,SWASTA,https://referensi.data.kemendikdasmen.go.id/pendidikan/npsn/20228526
Kabupaten Bandung Barat,Cikalongwetan,dikmen,20279929,SMKS TARUNA HARAPAN 2,JL.CILEULEUY DS.CIPADA,Cipada,SWASTA,https://referensi.data.kemendikdasmen.go.id/pendidikan/npsn/20279929
Kabupaten Bandung Barat,Cikalongwetan,dikmen,69761971,SMKS TARUNA NUSANTARA JAYA,JL. RAYA PURWAKARTA KP. WARGA SALUYU RT. 01/15,Cisomang Barat,SWASTA,https://referensi.data.kemendikdasmen.go.id/pendidikan/npsn/69761971
Kabupaten Bandung Barat,Cikalongwetan,dikmen,70034332,SPM ULYA DARUL MUKHLISIN,JL. PUTERAN,Tenjolaut,SWASTA,https://referensi.data.kemendikdasmen.go.id/pendidikan/npsn/70034332
Kabupaten Bandung Barat,Cipeundeuy,dikmen,20280029,MAS DARUL FALAH,JL. SUKARENDAH RT 02 RW 04,Jatimekar,SWASTA,https://referensi.data.kemendikdasmen.go.id/pendidikan/npsn/20280029
Kabupaten Bandung Barat,Cipeundeuy,dikmen,20280036,MAS KARYA MADANI,KP. SINDANGSARI RT.01/01,Sirnaraja,SWASTA,https://referensi.data.kemendikdasmen.go.id/pendidikan/npsn/20280036
Kabupaten Bandung Barat,Cipeundeuy,dikmen,20280039,MAS MUSLIMIN,JL. RAYA CIPEUNDEUY NO. 578,Cipeundeuy,SWASTA,https://referensi.data.kemendikdasmen.go.id/pendidikan/npsn/20280039
Kabupaten Bandung Barat,Cipeundeuy,dikmen,20279832,SLB CHAHYA PUTRA,Kp. Cipeundeuy RT.02 RW.04,Cipeundeuy,SWASTA,https://referensi.data.kemendikdasmen.go.id/pendidikan/npsn/20279832
Kabupaten Bandung Barat,Cipeundeuy,dikmen,69945707,SMA AN NAJA BOARDING SCHOOL,KOMP. PONDOK PESANTREN SABIILUNNAJA RT.01 RW.11,Cipeundeuy,SWASTA,https://referensi.data.kemendikdasmen.go.id/pendidikan/npsn/69945707
Kabupaten Bandung Barat,Cipeundeuy,dikmen,20206131,SMAN 1 CIPEUNDEUY,JL. CINANGSI NANGGELENG CIPEUNDEUY,Nanggeleng,NEGERI,https://referensi.data.kemendikdasmen.go.id/pendidikan/npsn/20206131
Kabupaten Bandung Barat,Cipeundeuy,dikmen,20228433,SMAS DAARUL ILMI CIPEUNDEUY,Kp. Ciwaru RT.04 RW.09,Bojongmekar,SWASTA,https://referensi.data.kemendikdasmen.go.id/pendidikan/npsn/20228433
Kabupaten Bandung Barat,Cipeundeuy,dikmen,20227872,SMAS PGRI CIPEUNDEUY,Jl. Cirata Margalaksana,Margalaksana,SWASTA,https://referensi.data.kemendikdasmen.go.id/pendidikan/npsn/20227872
Kabupaten Bandung Barat,Cipeundeuy,dikmen,69955104,SMK DAARUL ULUM,KP. CITEMBONG MARGALUYU,Margaluyu,SWASTA,https://referensi.data.kemendikdasmen.go.id/pendidikan/npsn/69955104
Kabupaten Bandung Barat,Cipeundeuy,dikmen,20279928,SMKN 1 CIPEUNDEUY,Jl. Cirata Margalaksana,Margalaksana,NEGERI,https://referensi.data.kemendikdasmen.go.id/pendidikan/npsn/20279928
Kabupaten Bandung Barat,Cipeundeuy,dikmen,69733999,SMKS MANDALA PUTRA 2,Kp. Salaeurih Rt. 01/05,Nanggeleng,SWASTA,https://referensi.data.kemendikdasmen.go.id/pendidikan/npsn/69733999
Kabupaten Bandung Barat,Cipeundeuy,dikmen,20279923,SMKS WYATA DHARMA,JL. PLTA CIRATA KM 1,Ciharashas,SWASTA,https://referensi.data.kemendikdasmen.go.id/pendidikan/npsn/20279923
Kabupaten Bandung Barat,Saguling,dikmen,20280026,MAS CIKANDE,Kp. Cikande RT 05 RW 07,BOJONG HALEUANG,SWASTA,https://referensi.data.kemendikdasmen.go.id/pendidikan/npsn/20280026
Kabupaten Bandung Barat,Saguling,dikmen,20280042,MAS Muslimin Saguling,Jl. Dam Saguling Kp. Cibanteng RT 03 RW 02,SAGULING,SWASTA,https://referensi.data.kemendikdasmen.go.id/pendidikan/npsn/20280042
Kabupaten Bandung Barat,Saguling,dikmen,69824839,SMA NEGERI 1 SAGULING,Jl. Jalupang Kidul,GIRIMUKTI,NEGERI,https://referensi.data.kemendikdasmen.go.id/pendidikan/npsn/69824839
Kabupaten Bandung Barat,Saguling,dikmen,60726183,SMAS TERPADU NURUSSA ADAH,JL. INTAKE Kp.Cikerti Rt.02 rw.05,SAGULING,SWASTA,https://referensi.data.kemendikdasmen.go.id/pendidikan/npsn/60726183
Kabupaten Bandung Barat,Saguling,dikmen,69894473,SMK 2 HAMKA SAGULING,KP. CIKANDE RT.02 RW.02 CIKANDE SAGULING,CIKANDE,SWASTA,https://referensi.data.kemendikdasmen.go.id/pendidikan/npsn/69894473
Kabupaten Bandung Barat,Saguling,dikmen,69733998,SMKS GALUH PERKASA INDONESIA 1,KP CIPEUNDEUY DESA JATI KEC SAGULING KAB BANDUNG BARAT,JATI,SWASTA,https://referensi.data.kemendikdasmen.go.id/pendidikan/npsn/69733998
Kabupaten Bandung Barat,Saguling,dikmen,20279934,SMKS IT NU,SINARMUKTI RT 02 RW 02 SAGULING,GIRIMUKTI,SWASTA,https://referensi.data.kemendikdasmen.go.id/pendidikan/npsn/20279934
Kabupaten Bandung Barat,Rongga,paud,69836110,AL FAJRI,KP. LAMPEGAN,Sukamanah,SWASTA,https://referensi.data.kemendikdasmen.go.id/pendidikan/npsn/69836110
Kabupaten Bandung Barat,Rongga,paud,69835770,AL HUDA,GENGGONG,Cinengah,SWASTA,https://referensi.data.kemendikdasmen.go.id/pendidikan/npsn/69835770
Kabupaten Bandung Barat,Rongga,paud,69891451,AL-ANSHORI,CINEMRANG,Bojong,SWASTA,https://referensi.data.kemendikdasmen.go.id/pendidikan/npsn/69891451
Kabupaten Bandung Barat,Rongga,paud,69836125,CANDRA KIRANA,PASIR GOMBONG,Cibitung,SWASTA,https://referensi.data.kemendikdasmen.go.id/pendidikan/npsn/69836125
Kabupaten Bandung Barat,Rongga,paud,69836108,CIPTA MANDIRI,KP. PASIR MALANG RT. 01 / 12,Cibedug,SWASTA,https://referensi.data.kemendikdasmen.go.id/pendidikan/npsn/69836108
Kabupaten Bandung Barat,Rongga,paud,69891550,HARAPAN IBU,Kp. Cimanyar,Cinengah,SWASTA,https://referensi.data.kemendikdasmen.go.id/pendidikan/npsn/69891550
Kabupaten Bandung Barat,Rongga,paud,69836114,HIDAYATUL MA RIFAH,SINDANG RESMI RT. 01 / 01,Bojong,SWASTA,https://referensi.data.kemendikdasmen.go.id/pendidikan/npsn/69836114
Kabupaten Bandung Barat,Rongga,paud,69835769,KB AL ISTIQOMAH,Kp. Cikawung RT.03 RW.10,Sukamanah,SWASTA,https://referensi.data.kemendikdasmen.go.id/pendidikan/npsn/69835769
Kabupaten Bandung Barat,Rongga,paud,69835772,KB Bina insan ceria,Kp. Cipali RT.03 RW.10,Cibitung,SWASTA,https://referensi.data.kemendikdasmen.go.id/pendidikan/npsn/69835772
Kabupaten Bandung Barat,Rongga,paud,69835766,KB CENDRAWASIH,Kp. Babakan Talang RT.03 RW.01,Cibedug,SWASTA,https://referensi.data.kemendikdasmen.go.id/pendidikan/npsn/69835766
Kabupaten Bandung Barat,Rongga,paud,69891481,KB DAARUSSALAM,Kp. Ciceuri RT.03 RW.09,Cibedug,SWASTA,https://referensi.data.kemendikdasmen.go.id/pendidikan/npsn/69891481
Kabupaten Bandung Barat,Rongga,paud,70049102,KB MEKARSARI,KP. MEKARSARI RT 003 RW 019,Bojong,SWASTA,https://referensi.data.kemendikdasmen.go.id/pendidikan/npsn/70049102
Kabupaten Bandung Barat,Rongga,paud,69955482,KB MIFTAHUS SADIAH,Kampung Cigombong Rt. 04 Rw. 13,Cibedug,SWASTA,https://referensi.data.kemendikdasmen.go.id/pendidikan/npsn/69955482
Kabupaten Bandung Barat,Rongga,paud,69953610,KB RUMAH CERIA,Kp.Pasir Badak RT.02 RW.17,Cinengah,SWASTA,https://referensi.data.kemendikdasmen.go.id/pendidikan/npsn/69953610
Kabupaten Bandung Barat,Rongga,paud,70036132,KOBER ANGGREK,Kp. Cisarua Rt. 003 Rw. 006,Cibitung,SWASTA,https://referensi.data.kemendikdasmen.go.id/pendidikan/npsn/70036132
Kabupaten Bandung Barat,Rongga,paud,69835784,KOBER AR RAHMAT,KP. Cimarel RT.001 RW.002,Sukaresmi,SWASTA,https://referensi.data.kemendikdasmen.go.id/pendidikan/npsn/69835784
Kabupaten Bandung Barat,Rongga,paud,69836124,MELATI,Kp. Bojong Lame RT.03 RW.15,Cibitung,SWASTA,https://referensi.data.kemendikdasmen.go.id/pendidikan/npsn/69836124
Kabupaten Bandung Barat,Rongga,paud,69835771,MELATI,KP. BOJONGLAME,Cibitung,SWASTA,https://referensi.data.kemendikdasmen.go.id/pendidikan/npsn/69835771
Kabupaten Bandung Barat,Rongga,paud,70048692,PAUDQ SIROJUL MUTTAQIN,kp. Citunagan,Kec. Rongga,SWASTA,https://referensi.data.kemendikdasmen.go.id/pendidikan/npsn/70048692
Kabupaten Bandung Barat,Rongga,paud,70052405,PAUDQ. KASIH BUNDA,Kp. Karaminan RT 003 RW 013,Cibitung,SWASTA,https://referensi.data.kemendikdasmen.go.id/pendidikan/npsn/70052405
Kabupaten Bandung Barat,Rongga,paud,70048045,PAUDQ. SIROJUL MUTTAQIN,KP. CITUNAGAN RT. 001 RW. 008,Sukamanah,SWASTA,https://referensi.data.kemendikdasmen.go.id/pendidikan/npsn/70048045
Kabupaten Bandung Barat,Rongga,paud,69738428,RA Al-Ikhlas,Kp. Babakan Talang Rt 04 Rw 01,Kec. Rongga,SWASTA,https://referensi.data.kemendikdasmen.go.id/pendidikan/npsn/69738428
Kabupaten Bandung Barat,Rongga,paud,69738432,RA Al-Istikomah,Kp. Pangkalan Rt 03 Rw 03,Kec. Rongga,SWASTA,https://referensi.data.kemendikdasmen.go.id/pendidikan/npsn/69738432
Kabupaten Bandung Barat,Rongga,paud,69854633,RA Al-Jadid,Kp. Gelar Anyar Rt 05 Rw 01,Sukamanah,SWASTA,https://referensi.data.kemendikdasmen.go.id/pendidikan/npsn/69854633
Kabupaten Bandung Barat,Rongga,paud,69941035,RA Al-Mutaqin,Kp. Cibuntu Rt 02 Rw 13,Cibitung,SWASTA,https://referensi.data.kemendikdasmen.go.id/pendidikan/npsn/69941035
Kabupaten Bandung Barat,Rongga,paud,69854634,RA An-Nadiah,Kp. Cikarang Rt 02 Rw 08,Cicadas,SWASTA,https://referensi.data.kemendikdasmen.go.id/pendidikan/npsn/69854634
Kabupaten Bandung Barat,Rongga,paud,69854635,RA As-Syibyan,Kp. Ciwaru Rt 03 Rw 03,Kec. Rongga,SWASTA,https://referensi.data.kemendikdasmen.go.id/pendidikan/npsn/69854635
Kabupaten Bandung Barat,Rongga,paud,70044153,RA Ibnu Abbas,Kp. Pasir Pogor,Kec. Rongga,SWASTA,https://referensi.data.kemendikdasmen.go.id/pendidikan/npsn/70044153
Kabupaten Bandung Barat,Rongga,paud,69854636,RA Jannatu Adnin,Kp. Nangewer Rt 04 Rw 01,Kec. Rongga,SWASTA,https://referensi.data.kemendikdasmen.go.id/pendidikan/npsn/69854636
Kabupaten Bandung Barat,Rongga,paud,69854638,RA Miftahul Falah,Kp. Palasari Rt 01 Rw 04,Kec. Rongga,SWASTA,https://referensi.data.kemendikdasmen.go.id/pendidikan/npsn/69854638
Kabupaten Bandung Barat,Rongga,paud,70044259,RA NURUL FATHA AS SALAM,Kp. Nyalindung Rt 03 Rw 06,Kec. Rongga,SWASTA,https://referensi.data.kemendikdasmen.go.id/pendidikan/npsn/70044259
Kabupaten Bandung Barat,Rongga,paud,69854641,RA Riyadul Mubtadi in,Kp. Bojongsari Rt 02 Rw 10,Bojong,SWASTA,https://referensi.data.kemendikdasmen.go.id/pendidikan/npsn/69854641
Kabupaten Bandung Barat,Rongga,paud,69854637,RA Tajul Hikmah,Kp. Cicalengka Rt 04 Rw 01,Cicadas,SWASTA,https://referensi.data.kemendikdasmen.go.id/pendidikan/npsn/69854637
Kabupaten Bandung Barat,Rongga,paud,69738436,RA/BA/TA AL MUAWWANAH,Kp. Citunagan Rt 01 Rw 06,Cibitung,SWASTA,https://referensi.data.kemendikdasmen.go.id/pendidikan/npsn/69738436
Kabupaten Bandung Barat,Rongga,paud,69738437,RA/BA/TA AL MUBAROKAH,Kp. Cicadas Ii Rt 02 Rw 09,Cicadas,SWASTA,https://referensi.data.kemendikdasmen.go.id/pendidikan/npsn/69738437
Kabupaten Bandung Barat,Rongga,paud,69738425,RA/BA/TA AL-HIDAYAH RONGGA,Kp. Cadas Rt 03 Rw 15,Cicadas,SWASTA,https://referensi.data.kemendikdasmen.go.id/pendidikan/npsn/69738425
Kabupaten Bandung Barat,Rongga,paud,69738426,RA/BA/TA AL-HUDA,Kp. Pameungpeuk Rt 02 Rw 11,Kec. Rongga,SWASTA,https://referensi.data.kemendikdasmen.go.id/pendidikan/npsn/69738426
Kabupaten Bandung Barat,Rongga,paud,69738427,RA/BA/TA AL-HUDA PERSIS 197,Kp. Genggong Rt 01 Rw 05,Kec. Rongga,SWASTA,https://referensi.data.kemendikdasmen.go.id/pendidikan/npsn/69738427
Kabupaten Bandung Barat,Rongga,paud,69738429,RA/BA/TA AL-IKHLAS,Kp. Ciseureuh Rt 03 Rw 11,Cibedug,SWASTA,https://referensi.data.kemendikdasmen.go.id/pendidikan/npsn/69738429
Kabupaten Bandung Barat,Rongga,paud,69738430,RA/BA/TA AL-IRFAN,Kp. Lebakmuncang Rt 01 Rw 02,Cibedug,SWASTA,https://referensi.data.kemendikdasmen.go.id/pendidikan/npsn/69738430
Kabupaten Bandung Barat,Rongga,paud,69738431,RA/BA/TA AL-ISTIQOMAH,Kp. Cikawung Rt 03 Rw 10,Cibedug,SWASTA,https://referensi.data.kemendikdasmen.go.id/pendidikan/npsn/69738431
Kabupaten Bandung Barat,Rongga,paud,69738433,RA/BA/TA AL-JANNAH,Kp. Dawuan Rt 03 Rw 05,Kec. Rongga,SWASTA,https://referensi.data.kemendikdasmen.go.id/pendidikan/npsn/69738433
Kabupaten Bandung Barat,Rongga,paud,69738434,RA/BA/TA AL-KAUTSAR,Kp. Babakan RT. 01/11,Sukaresmi,SWASTA,https://referensi.data.kemendikdasmen.go.id/pendidikan/npsn/69738434
Kabupaten Bandung Barat,Rongga,paud,69738435,RA/BA/TA AL-MUNAWAROH,Kp. Cikupa Rt 03 Rw 05,Kec. Rongga,SWASTA,https://referensi.data.kemendikdasmen.go.id/pendidikan/npsn/69738435
Kabupaten Bandung Barat,Rongga,paud,69738438,RA/BA/TA AT-TAUFIQ,Kp. Tamansari,Sukamanah,SWASTA,https://referensi.data.kemendikdasmen.go.id/pendidikan/npsn/69738438
Kabupaten Bandung Barat,Rongga,paud,69738439,RA/BA/TA BINA MANDIRI,Kp. Citali Rt 03 Rw 10,Kec. Rongga,SWASTA,https://referensi.data.kemendikdasmen.go.id/pendidikan/npsn/69738439
Kabupaten Bandung Barat,Rongga,paud,69738440,RA/BA/TA DARUSSALAM AL-HASANAH,Kp. Cijawal Rt 02 Rw 06,Cicadas,SWASTA,https://referensi.data.kemendikdasmen.go.id/pendidikan/npsn/69738440
Kabupaten Bandung Barat,Rongga,paud,69738441,RA/BA/TA HIDAYATULLOH,Kp. Ciirateun,Cibitung,SWASTA,https://referensi.data.kemendikdasmen.go.id/pendidikan/npsn/69738441
Kabupaten Bandung Barat,Rongga,paud,69738442,RA/BA/TA LA ROIBA,Kp. Pasir Panjang Rt 01 Rw 03,Sukamanah,SWASTA,https://referensi.data.kemendikdasmen.go.id/pendidikan/npsn/69738442
Kabupaten Bandung Barat,Rongga,paud,69738443,RA/BA/TA MIFTAHUL HUDA,Kp. Kawung Luwuk Rt 01 Rw 01,Kec. Rongga,SWASTA,https://referensi.data.kemendikdasmen.go.id/pendidikan/npsn/69738443
Kabupaten Bandung Barat,Rongga,paud,69738444,RA/BA/TA NURUL IMAN,Kp. Hanjawar Rt 01 Rw 04,Sukamanah,SWASTA,https://referensi.data.kemendikdasmen.go.id/pendidikan/npsn/69738444
Kabupaten Bandung Barat,Rongga,paud,69836119,SPS AD DZIKRI,KP. Pasirjengkol RT.01 RW.11,Cinengah,SWASTA,https://referensi.data.kemendikdasmen.go.id/pendidikan/npsn/69836119
Kabupaten Bandung Barat,Rongga,paud,69955483,SPS AL AFDOOR,Kp. Cimangglid RT.02 RW.08,Cicadas,SWASTA,https://referensi.data.kemendikdasmen.go.id/pendidikan/npsn/69955483
Kabupaten Bandung Barat,Rongga,paud,70049103,SPS AL AHZA,Kp. Cijambu RT. 001 RW. 005,Cinengah,SWASTA,https://referensi.data.kemendikdasmen.go.id/pendidikan/npsn/70049103
Kabupaten Bandung Barat,Rongga,paud,69891552,SPS AL AMANAH,Kp. Cibaros RT.02 RW.08,Sukaresmi,SWASTA,https://referensi.data.kemendikdasmen.go.id/pendidikan/npsn/69891552
Kabupaten Bandung Barat,Rongga,paud,69836107,SPS AL BIDAYAH,Kp. Bojong Koneng RT.04 RW.02,Cibedug,SWASTA,https://referensi.data.kemendikdasmen.go.id/pendidikan/npsn/69836107
Kabupaten Bandung Barat,Rongga,paud,69836123,SPS AL IKHLAS,KP. Cilengsar RT.01 RW.09,Sukaresmi,SWASTA,https://referensi.data.kemendikdasmen.go.id/pendidikan/npsn/69836123
Kabupaten Bandung Barat,Rongga,paud,69836113,SPS AL MANAR,Jl. Raya Pasar Bojong RT.03 RW.04,Bojong,SWASTA,https://referensi.data.kemendikdasmen.go.id/pendidikan/npsn/69836113
Kabupaten Bandung Barat,Rongga,paud,69891551,SPS AN NADZRI,Kp. Kubangsari RT.01 RW.13,Cinengah,SWASTA,https://referensi.data.kemendikdasmen.go.id/pendidikan/npsn/69891551
Kabupaten Bandung Barat,Rongga,paud,69836122,SPS AS SAADAH,Kp. Cijambu RT.01 RW.14,Sukaresmi,SWASTA,https://referensi.data.kemendikdasmen.go.id/pendidikan/npsn/69836122
Kabupaten Bandung Barat,Rongga,paud,69836116,SPS AZ ZAHRA,Kp. Cikadu RT.01 RW.05,Bojongsalam,SWASTA,https://referensi.data.kemendikdasmen.go.id/pendidikan/npsn/69836116
Kabupaten Bandung Barat,Rongga,paud,69836115,SPS BUNGA MEKAR,KP. Cikadu RT.01 RW.05,Bojongsalam,SWASTA,https://referensi.data.kemendikdasmen.go.id/pendidikan/npsn/69836115
Kabupaten Bandung Barat,Rongga,paud,69891553,SPS CAHAYA HATI,Kp Pasir Koneng Rt. 03 Rw. 18,Sukaresmi,SWASTA,https://referensi.data.kemendikdasmen.go.id/pendidikan/npsn/69891553
Kabupaten Bandung Barat,Rongga,paud,69836106,SPS CENDRAWASIH,Kp. Cimeta RT.04 RW.08,Cibedug,SWASTA,https://referensi.data.kemendikdasmen.go.id/pendidikan/npsn/69836106
Kabupaten Bandung Barat,Rongga,paud,69836117,SPS EL BADR,Kp. Nyangigir RT.03 RW.03,Cinengah,SWASTA,https://referensi.data.kemendikdasmen.go.id/pendidikan/npsn/69836117
Kabupaten Bandung Barat,Rongga,paud,69836118,SPS NURUL ATHFAL,Kp. Cageundang RT.04 RW.01,Cinengah,SWASTA,https://referensi.data.kemendikdasmen.go.id/pendidikan/npsn/69836118
Kabupaten Bandung Barat,Rongga,paud,69836109,SPS NURUL HUDA,Kp. Ci seupan RT.001 RW.020,Sukamanah,SWASTA,https://referensi.data.kemendikdasmen.go.id/pendidikan/npsn/69836109
Kabupaten Bandung Barat,Rongga,paud,69920418,SPS POS PAUD RIYADUL JANNAH,Kp. Cibali RT.02 RW.05,Cicadas,SWASTA,https://referensi.data.kemendikdasmen.go.id/pendidikan/npsn/69920418
Kabupaten Bandung Barat,Rongga,paud,69954398,SPS QIRANIA,Kp. Ranca RT.01 RW.13,Cibitung,SWASTA,https://referensi.data.kemendikdasmen.go.id/pendidikan/npsn/69954398
Kabupaten Bandung Barat,Rongga,paud,69920415,SPS TUNAS HARAPAN II,Kp. Padasuka RT.04 RW.05,Cibedug,SWASTA,https://referensi.data.kemendikdasmen.go.id/pendidikan/npsn/69920415
Kabupaten Bandung Barat,Rongga,paud,70055620,TK AD DAHLANIYAH,Kp. Cimanggu RT. 002 RW. 013,Sukaresmi,SWASTA,https://referensi.data.kemendikdasmen.go.id/pendidikan/npsn/70055620
Kabupaten Bandung Barat,Rongga,paud,70053439,TK CAHAYA MENTARI,Kp. Cicadas RT. 001 RW. 005,Cicadas,SWASTA,https://referensi.data.kemendikdasmen.go.id/pendidikan/npsn/70053439
Kabupaten Bandung Barat,Rongga,paud,20267488,TK KENARI,PTPN VIII MONTAYA,Cibedug,SWASTA,https://referensi.data.kemendikdasmen.go.id/pendidikan/npsn/20267488
Kabupaten Bandung Barat,Rongga,paud,70055619,TK MUTIARA HATI,Kp. Bojong Koneng RT. 004 RW. 002,Cibedug,SWASTA,https://referensi.data.kemendikdasmen.go.id/pendidikan/npsn/70055619
Kabupaten Bandung Barat,Gununghalu,paud,69835812,AL BASYAR,CIKABODAS RT. 01 /01,Tamanjaya,SWASTA,https://referensi.data.kemendikdasmen.go.id/pendidikan/npsn/69835812
Kabupaten Bandung Barat,Gununghalu,paud,69835780,AS - SYIFA,Kp.Tegalaja RT.03/10,Celak,SWASTA,https://referensi.data.kemendikdasmen.go.id/pendidikan/npsn/69835780
Kabupaten Bandung Barat,Gununghalu,paud,69891485,KB AL MUHAJIRIN,Kp. Nyomplong RT. 01 / 11,Celak,SWASTA,https://referensi.data.kemendikdasmen.go.id/pendidikan/npsn/69891485
Kabupaten Bandung Barat,Gununghalu,paud,70053440,KB AR-RASYID,Kp. Tangkil RT.003 RW.013,Sukasari,SWASTA,https://referensi.data.kemendikdasmen.go.id/pendidikan/npsn/70053440
Kabupaten Bandung Barat,Gununghalu,paud,69836104,KB MANDIRI,Kp. Cibodas RT.01 RW.14,Bunijaya,SWASTA,https://referensi.data.kemendikdasmen.go.id/pendidikan/npsn/69836104
Kabupaten Bandung Barat,Gununghalu,paud,69954124,KB MUTIARA AL-HIDAYAH,Kampung Tegalega Rt.03 Rw. 08,Cilangari,SWASTA,https://referensi.data.kemendikdasmen.go.id/pendidikan/npsn/69954124
Kabupaten Bandung Barat,Gununghalu,paud,69835810,KB NURUL QOLBI,KP.RAWA BIRU RT.04/11,Sukasari,SWASTA,https://referensi.data.kemendikdasmen.go.id/pendidikan/npsn/69835810
Kabupaten Bandung Barat,Gununghalu,paud,70001886,KB PELANGI CERIA,KP. PUSPA NENGGANG RT 01 RW 14 DS. TAMANJAYA,Tamanjaya,SWASTA,https://referensi.data.kemendikdasmen.go.id/pendidikan/npsn/70001886
Kabupaten Bandung Barat,Gununghalu,paud,69891483,KOBER AJ - JAHRA,KP. CIWIRA RT.02 RW.07,Sindangjaya,SWASTA,https://referensi.data.kemendikdasmen.go.id/pendidikan/npsn/69891483
Kabupaten Bandung Barat,Gununghalu,paud,69835773,KOBER AL - AMIN,Kp. Pasir Peundeuy RT.01 RW.02,Sukasari,SWASTA,https://referensi.data.kemendikdasmen.go.id/pendidikan/npsn/69835773
Kabupaten Bandung Barat,Gununghalu,paud,69835775,KOBER AL - BAROKAH,Kp. Pasir Lemo Rt.02/04,Cilangari,SWASTA,https://referensi.data.kemendikdasmen.go.id/pendidikan/npsn/69835775
Kabupaten Bandung Barat,Gununghalu,paud,69835795,KOBER AL - HIKMAH CIPAYUNG,KP HEGARMANAH RT 02 RW 013,Bunijaya,SWASTA,https://referensi.data.kemendikdasmen.go.id/pendidikan/npsn/69835795
Kabupaten Bandung Barat,Gununghalu,paud,69835787,KOBER AL - HUDA,Kp. Cidadap,Sirnajaya,SWASTA,https://referensi.data.kemendikdasmen.go.id/pendidikan/npsn/69835787
Kabupaten Bandung Barat,Gununghalu,paud,69835786,KOBER AL - MUCHLIS,Kp. Ciawitali,Sirnajaya,SWASTA,https://referensi.data.kemendikdasmen.go.id/pendidikan/npsn/69835786
Kabupaten Bandung Barat,Gununghalu,paud,69835789,KOBER AL AFIYAH,KP.HEGARMANAH,Gununghalu,SWASTA,https://referensi.data.kemendikdasmen.go.id/pendidikan/npsn/69835789
Kabupaten Bandung Barat,Gununghalu,paud,69835814,KOBER AL AMANAH,KP. NENGGEL RT. 02 /18,Tamanjaya,SWASTA,https://referensi.data.kemendikdasmen.go.id/pendidikan/npsn/69835814
Kabupaten Bandung Barat,Gununghalu,paud,69835809,KOBER AL FANNIS,KP. CIBEUREUM RT. 04 / 07,Wargasaluyu,SWASTA,https://referensi.data.kemendikdasmen.go.id/pendidikan/npsn/69835809
Kabupaten Bandung Barat,Gununghalu,paud,69973976,KOBER AL FURQON,Kp. Kubang Rt 01/24 Ds. Gununghalu,Gununghalu,SWASTA,https://referensi.data.kemendikdasmen.go.id/pendidikan/npsn/69973976
Kabupaten Bandung Barat,Gununghalu,paud,69835788,KOBER AL HIKMAH,KP. Bojongsalam RT. 01 / 03,Celak,SWASTA,https://referensi.data.kemendikdasmen.go.id/pendidikan/npsn/69835788
Kabupaten Bandung Barat,Gununghalu,paud,69835813,KOBER AL IKHLAS,KP. CIKAWUNG RT 01/18,Tamanjaya,SWASTA,https://referensi.data.kemendikdasmen.go.id/pendidikan/npsn/69835813
Kabupaten Bandung Barat,Gununghalu,paud,69835804,KOBER AL MUHAJIRIN,KP. KIBODAS RT. 01 / 08,Wargasaluyu,SWASTA,https://referensi.data.kemendikdasmen.go.id/pendidikan/npsn/69835804
Kabupaten Bandung Barat,Gununghalu,paud,69937307,KOBER AL MUMIN,Kp. Cihideung Rt.01/09,Bunijaya,SWASTA,https://referensi.data.kemendikdasmen.go.id/pendidikan/npsn/69937307
Kabupaten Bandung Barat,Gununghalu,paud,69835799,KOBER AL-INAYAH,Kp.LEGOK KADU RT.02/04,Celak,SWASTA,https://referensi.data.kemendikdasmen.go.id/pendidikan/npsn/69835799
Kabupaten Bandung Barat,Gununghalu,paud,69835779,KOBER AN - NAUFAL,Kp. WArungkupa Ds. Bunijaya,Bunijaya,SWASTA,https://referensi.data.kemendikdasmen.go.id/pendidikan/npsn/69835779
Kabupaten Bandung Barat,Gununghalu,paud,69835774,KOBER AN - NUR,Kp. Lewi Panto,Cilangari,SWASTA,https://referensi.data.kemendikdasmen.go.id/pendidikan/npsn/69835774
Kabupaten Bandung Barat,Gununghalu,paud,69835806,KOBER AN NUR,KP. LAMPEGAN RT. 01 / 13,Wargasaluyu,SWASTA,https://referensi.data.kemendikdasmen.go.id/pendidikan/npsn/69835806
Kabupaten Bandung Barat,Gununghalu,paud,69835776,KOBER AS SALAM,Kp. Sindangsalam Ds. SIndangjaya,Sindangjaya,SWASTA,https://referensi.data.kemendikdasmen.go.id/pendidikan/npsn/69835776
Kabupaten Bandung Barat,Gununghalu,paud,69835790,KOBER AS SALAM,Kp. Cipaku,Gununghalu,SWASTA,https://referensi.data.kemendikdasmen.go.id/pendidikan/npsn/69835790
Kabupaten Bandung Barat,Gununghalu,paud,69835805,KOBER AS SALAM,KP. CELAK RT.03 RW.09,Celak,SWASTA,https://referensi.data.kemendikdasmen.go.id/pendidikan/npsn/69835805
Kabupaten Bandung Barat,Gununghalu,paud,69891489,KOBER AS SHIDIKIYAH,KP. BABABAKAN SARI RT.01/10,Cilangari,SWASTA,https://referensi.data.kemendikdasmen.go.id/pendidikan/npsn/69891489
Kabupaten Bandung Barat,Gununghalu,paud,69835785,KOBER AT TOYIBAH,Kp. Banyuresmi Rt 02/09 Ds. Sirnajaya,Sirnajaya,SWASTA,https://referensi.data.kemendikdasmen.go.id/pendidikan/npsn/69835785
Kabupaten Bandung Barat,Gununghalu,paud,69835800,KOBER ATTAHIYAH,KP. SAMPORA RT. 01 / 12,Celak,SWASTA,https://referensi.data.kemendikdasmen.go.id/pendidikan/npsn/69835800
Kabupaten Bandung Barat,Gununghalu,paud,69835778,KOBER CEMPAKA NUNGGAL,KP. ANGKUM RT. 03 / 07,Sirnajaya,SWASTA,https://referensi.data.kemendikdasmen.go.id/pendidikan/npsn/69835778
Kabupaten Bandung Barat,Gununghalu,paud,69975211,KOBER CEMPAKA SUKASARI,Kp. Legong RT.02 RW.05 Ds. Sirnajaya,Sirnajaya,SWASTA,https://referensi.data.kemendikdasmen.go.id/pendidikan/npsn/69975211
Kabupaten Bandung Barat,Gununghalu,paud,69835815,KOBER DARUL FALAH,PASIR SATU RT 02 / 07,Tamanjaya,SWASTA,https://referensi.data.kemendikdasmen.go.id/pendidikan/npsn/69835815
Kabupaten Bandung Barat,Gununghalu,paud,69835816,KOBER DARUL MUTMAINAH,KP SUKAMANAH RT. 01 /11,Tamanjaya,SWASTA,https://referensi.data.kemendikdasmen.go.id/pendidikan/npsn/69835816
Kabupaten Bandung Barat,Gununghalu,paud,69973419,KOBER HARAPAN BUNDA,Jln Celak Kaler Rw 9 Ds. Celak,Celak,SWASTA,https://referensi.data.kemendikdasmen.go.id/pendidikan/npsn/69973419
Kabupaten Bandung Barat,Gununghalu,paud,69976696,KOBER IBNURSYIFA,Kp. Selajambe Rt 03/06,Cilangari,SWASTA,https://referensi.data.kemendikdasmen.go.id/pendidikan/npsn/69976696
Kabupaten Bandung Barat,Gununghalu,paud,69835791,KOBER IRMA NURULHUDA,Kp.Lembur Gede,Gununghalu,SWASTA,https://referensi.data.kemendikdasmen.go.id/pendidikan/npsn/69835791
Kabupaten Bandung Barat,Gununghalu,paud,69891555,KOBER KARYA NYATA,Kp. Nagrog RT.004/04,Sindangjaya,SWASTA,https://referensi.data.kemendikdasmen.go.id/pendidikan/npsn/69891555
Kabupaten Bandung Barat,Gununghalu,paud,69835782,KOBER LU LU,KP. PAMOKOLAN RT. 03 / 01,Bunijaya,SWASTA,https://referensi.data.kemendikdasmen.go.id/pendidikan/npsn/69835782
Kabupaten Bandung Barat,Gununghalu,paud,69937354,KOBER MELATI,Kp. Buah Batu Rt.01 Rw.01,Sukasari,SWASTA,https://referensi.data.kemendikdasmen.go.id/pendidikan/npsn/69937354
Kabupaten Bandung Barat,Gununghalu,paud,69835777,KOBER NABILA,Kp. Cikali Astana,Sindangjaya,SWASTA,https://referensi.data.kemendikdasmen.go.id/pendidikan/npsn/69835777
Kabupaten Bandung Barat,Gununghalu,paud,69937361,KOBER NURUL AMAL,Kp. Sindangsari RT 01 RW 03,Cilangari,SWASTA,https://referensi.data.kemendikdasmen.go.id/pendidikan/npsn/69937361
Kabupaten Bandung Barat,Gununghalu,paud,69973766,KOBER NURUL HIKMAH,Kp. Lampegan Rt 05/01 Ds. Wargasaluyu,Wargasaluyu,SWASTA,https://referensi.data.kemendikdasmen.go.id/pendidikan/npsn/69973766
Kabupaten Bandung Barat,Gununghalu,paud,69891488,KOBER NURUL INSAN,KP CINANGKA RT.001 RW.018,Bunijaya,SWASTA,https://referensi.data.kemendikdasmen.go.id/pendidikan/npsn/69891488
Kabupaten Bandung Barat,Gununghalu,paud,69891487,KOBER PERMATA HATI,Kp. Sampih RT. 02 / 02,Tamanjaya,SWASTA,https://referensi.data.kemendikdasmen.go.id/pendidikan/npsn/69891487
Kabupaten Bandung Barat,Gununghalu,paud,69835792,KOBER RIMBA LESTARI,KP. PASIR JEUNGJING RT. 01 / 21,Gununghalu,SWASTA,https://referensi.data.kemendikdasmen.go.id/pendidikan/npsn/69835792
Kabupaten Bandung Barat,Gununghalu,paud,69835781,KOBER SYARIF-HIDAYATULLOH,Kp.Cigentong RT.01 RW.09,Tamanjaya,SWASTA,https://referensi.data.kemendikdasmen.go.id/pendidikan/npsn/69835781
Kabupaten Bandung Barat,Gununghalu,paud,69943174,KOBER WADISALAM,Kp. Cibadak Rt.02/ Rw.16,Tamanjaya,SWASTA,https://referensi.data.kemendikdasmen.go.id/pendidikan/npsn/69943174
Kabupaten Bandung Barat,Gununghalu,paud,69976174,NURUL HIKMAH CIPAYUNG,Kp. Cipayung RT 03/08,Gununghalu,SWASTA,https://referensi.data.kemendikdasmen.go.id/pendidikan/npsn/69976174
Kabupaten Bandung Barat,Gununghalu,paud,69835803,NURUL KHOIR,RAYA MAJLIS RT. 03 / 13,Celak,SWASTA,https://referensi.data.kemendikdasmen.go.id/pendidikan/npsn/69835803
Kabupaten Bandung Barat,Gununghalu,paud,70059251,RA AL MUBAROKAH AL HALIMI,Kp. Tonjong,Gununghalu,SWASTA,https://referensi.data.kemendikdasmen.go.id/pendidikan/npsn/70059251
Kabupaten Bandung Barat,Gununghalu,paud,69738300,RA Al-Hidayah,Kp. Cibulakan Rt 02 Rw 13,Cilangari,SWASTA,https://referensi.data.kemendikdasmen.go.id/pendidikan/npsn/69738300
Kabupaten Bandung Barat,Gununghalu,paud,69993426,RA AL-INAYAH CISUTA,Kp. Cisuta RT 02 RW 10,Bunijaya,SWASTA,https://referensi.data.kemendikdasmen.go.id/pendidikan/npsn/69993426
Kabupaten Bandung Barat,Gununghalu,paud,69854621,RA An-Najah,Kp. Cibeureum Rt 05 Rw 06,Kec. Gununghalu,SWASTA,https://referensi.data.kemendikdasmen.go.id/pendidikan/npsn/69854621
Kabupaten Bandung Barat,Gununghalu,paud,69854623,RA An-Nur Gununghalu,Kp. Babakan Resmi Rt 04 Rw 16,Sukasari,SWASTA,https://referensi.data.kemendikdasmen.go.id/pendidikan/npsn/69854623
Kabupaten Bandung Barat,Gununghalu,paud,70029059,RA AS-SAADAH,Kp. Cibatu Hilir RT.02 RW.02 Desa/Kec. Gununghalu,Gununghalu,SWASTA,https://referensi.data.kemendikdasmen.go.id/pendidikan/npsn/70029059
Kabupaten Bandung Barat,Gununghalu,paud,69993950,RA AT TANWIR,Kp. Cicurug RT 01 RW 17,Sirnajaya,SWASTA,https://referensi.data.kemendikdasmen.go.id/pendidikan/npsn/69993950
Kabupaten Bandung Barat,Gununghalu,paud,69993948,RA DAARUL QUR`AN,Komplek Pondok Pesantren Daarul Qur`an Gununghalu RT 01 RW 14,Sirnajaya,SWASTA,https://referensi.data.kemendikdasmen.go.id/pendidikan/npsn/69993948
Kabupaten Bandung Barat,Gununghalu,paud,69854622,RA Lu lu,Kp. Pamokolan Rt 03 Rw 01,Sukasari,SWASTA,https://referensi.data.kemendikdasmen.go.id/pendidikan/npsn/69854622
Kabupaten Bandung Barat,Gununghalu,paud,69854625,RA Nurul Falah,Kp. Kubang Rt 01 Rw 16,Kec. Gununghalu,SWASTA,https://referensi.data.kemendikdasmen.go.id/pendidikan/npsn/69854625
Kabupaten Bandung Barat,Gununghalu,paud,69738309,RA/BA/TA AL FALAH,Kp. Cibanteng Rt 02 Rw 18,Cilangari,SWASTA,https://referensi.data.kemendikdasmen.go.id/pendidikan/npsn/69738309
Kabupaten Bandung Barat,Gununghalu,paud,69738293,RA/BA/TA AL-ADADIYAH,Kp. Randukurung,Kec. Gununghalu,SWASTA,https://referensi.data.kemendikdasmen.go.id/pendidikan/npsn/69738293
Kabupaten Bandung Barat,Gununghalu,paud,69738294,RA/BA/TA AL-AMIN,Kp. Sasak Rt 01 Rw 03,Wargasaluyu,SWASTA,https://referensi.data.kemendikdasmen.go.id/pendidikan/npsn/69738294
Kabupaten Bandung Barat,Gununghalu,paud,69738295,RA/BA/TA AL-BADAR,Kp. Citangkorek Rt 02 Rw 15,Tamanjaya,SWASTA,https://referensi.data.kemendikdasmen.go.id/pendidikan/npsn/69738295
Kabupaten Bandung Barat,Gununghalu,paud,69738296,RA/BA/TA AL-FATAH,Komplek Pesantren Al-Fatah Rt 05 Rw 03,Sirnajaya,SWASTA,https://referensi.data.kemendikdasmen.go.id/pendidikan/npsn/69738296
Kabupaten Bandung Barat,Gununghalu,paud,69738297,RA/BA/TA AL-FAUZIAH,Kp. Ciburial Rt 02 Rw 06,Celak,SWASTA,https://referensi.data.kemendikdasmen.go.id/pendidikan/npsn/69738297
Kabupaten Bandung Barat,Gununghalu,paud,69738298,RA/BA/TA AL-HAMEDIYAH,Kp. Celak Kidul Rt 03 Rw 08,Celak,SWASTA,https://referensi.data.kemendikdasmen.go.id/pendidikan/npsn/69738298
Kabupaten Bandung Barat,Gununghalu,paud,69738299,RA/BA/TA AL-HIDAYAH,Kp. Cibodas Rt 01 Rw 14,Kec. Gununghalu,SWASTA,https://referensi.data.kemendikdasmen.go.id/pendidikan/npsn/69738299
Kabupaten Bandung Barat,Gununghalu,paud,69738301,RA/BA/TA AL-HIDAYAH CILANGARI,Kp. Tegallega Rt 02 Rw 08,Celak,SWASTA,https://referensi.data.kemendikdasmen.go.id/pendidikan/npsn/69738301
Kabupaten Bandung Barat,Gununghalu,paud,69738302,RA/BA/TA AL-HUDA,Kp. Cidadap Rt 02 Rw 10,Cilangari,SWASTA,https://referensi.data.kemendikdasmen.go.id/pendidikan/npsn/69738302
Kabupaten Bandung Barat,Gununghalu,paud,69738304,RA/BA/TA AL-INAYAH,Kp. Legok Kadu Rt 02 Rw 04,Celak,SWASTA,https://referensi.data.kemendikdasmen.go.id/pendidikan/npsn/69738304
Kabupaten Bandung Barat,Gununghalu,paud,69738305,RA/BA/TA AL-JIHAD,Kp. Pasanggrahan Rt 01 Rw 01,Sindangjaya,SWASTA,https://referensi.data.kemendikdasmen.go.id/pendidikan/npsn/69738305
Kabupaten Bandung Barat,Gununghalu,paud,69738306,RA/BA/TA AL-MUHAJIRIN,Kp. Nyomplong Rt 01 Rw 11,Kec. Gununghalu,SWASTA,https://referensi.data.kemendikdasmen.go.id/pendidikan/npsn/69738306
Kabupaten Bandung Barat,Gununghalu,paud,69738307,RA/BA/TA AL-QOMARIYAH,Kp. Cikabodas Rt 01 Rw 01,Cilangari,SWASTA,https://referensi.data.kemendikdasmen.go.id/pendidikan/npsn/69738307
Kabupaten Bandung Barat,Gununghalu,paud,69738308,RA/BA/TA AL-UKHUWAH,Kp. Majlis,Celak,SWASTA,https://referensi.data.kemendikdasmen.go.id/pendidikan/npsn/69738308
Kabupaten Bandung Barat,Gununghalu,paud,69738310,RA/BA/TA AR RAHMAT,Kp. Doyong Rt 02 Rw 08,Kec. Gununghalu,SWASTA,https://referensi.data.kemendikdasmen.go.id/pendidikan/npsn/69738310
Kabupaten Bandung Barat,Gununghalu,paud,69738312,RA/BA/TA AS SALAM,Kp. Pasir Lembu,Kec. Gununghalu,SWASTA,https://referensi.data.kemendikdasmen.go.id/pendidikan/npsn/69738312
Kabupaten Bandung Barat,Gununghalu,paud,69738313,RA/BA/TA ASSALAM SINDANG SALAM,Kp. Sindangsalam,Sindangjaya,SWASTA,https://referensi.data.kemendikdasmen.go.id/pendidikan/npsn/69738313
Kabupaten Bandung Barat,Gununghalu,paud,69738315,RA/BA/TA AT-TAHIYAH,Kp. Sampora,Kec. Gununghalu,SWASTA,https://referensi.data.kemendikdasmen.go.id/pendidikan/npsn/69738315
Kabupaten Bandung Barat,Gununghalu,paud,69738316,RA/BA/TA AT-TAZQYA,Kp. Dano Rt 01 Rw 17,Kec. Gununghalu,SWASTA,https://referensi.data.kemendikdasmen.go.id/pendidikan/npsn/69738316
Kabupaten Bandung Barat,Gununghalu,paud,69738317,RA/BA/TA CIPAKU,Kp. Cipaku,Kec. Gununghalu,SWASTA,https://referensi.data.kemendikdasmen.go.id/pendidikan/npsn/69738317
Kabupaten Bandung Barat,Gununghalu,paud,69738318,RA/BA/TA DARUL ULUM,Kp. Mekarjaya Rt 01 Rw 05,Sindangjaya,SWASTA,https://referensi.data.kemendikdasmen.go.id/pendidikan/npsn/69738318
Kabupaten Bandung Barat,Gununghalu,paud,69738319,RA/BA/TA DARUSSIFA,Kp. Nagrak Rt 02 Rw 13,Kec. Gununghalu,SWASTA,https://referensi.data.kemendikdasmen.go.id/pendidikan/npsn/69738319
Kabupaten Bandung Barat,Gununghalu,paud,69738320,RA/BA/TA NUJUMUL HIDAYAH,Kp. Warung Kupa,Wargasaluyu,SWASTA,https://referensi.data.kemendikdasmen.go.id/pendidikan/npsn/69738320
Kabupaten Bandung Barat,Gununghalu,paud,69738321,RA/BA/TA NURUL HIDAYAH,Jl. Raya Gununghalu Kp. Majlis Rt 03 Rw 13,Gununghalu,SWASTA,https://referensi.data.kemendikdasmen.go.id/pendidikan/npsn/69738321
Kabupaten Bandung Barat,Gununghalu,paud,69738322,RA/BA/TA NURUL HUDA,Kp. Bungur Rt 03 Rw 07,Kec. Gununghalu,SWASTA,https://referensi.data.kemendikdasmen.go.id/pendidikan/npsn/69738322
Kabupaten Bandung Barat,Gununghalu,paud,69738323,RA/BA/TA NURUL IKHLAS,Kp. Cirawa Rt 01 Rw 05,Kec. Gununghalu,SWASTA,https://referensi.data.kemendikdasmen.go.id/pendidikan/npsn/69738323
Kabupaten Bandung Barat,Gununghalu,paud,69738324,RA/BA/TA NURUL KHOIR,Kp. Majlis Rt 03 Rw 13,Kec. Gununghalu,SWASTA,https://referensi.data.kemendikdasmen.go.id/pendidikan/npsn/69738324
Kabupaten Bandung Barat,Gununghalu,paud,69738325,RA/BA/TA NURUL QOLBI,Kp. Rawa Biru Rt 04 Rw 11,Sukasari,SWASTA,https://referensi.data.kemendikdasmen.go.id/pendidikan/npsn/69738325
Kabupaten Bandung Barat,Gununghalu,paud,69738326,RA/BA/TA RIYADLUL `ULUUM,Kp. Babakansirna Rt 04 Rw 12,Kec. Gununghalu,SWASTA,https://referensi.data.kemendikdasmen.go.id/pendidikan/npsn/69738326
Kabupaten Bandung Barat,Gununghalu,paud,69738327,RA/BA/TA RUMAH PELANGI,Kp. Neglasari Rt 02 Rw 16,Sukasari,SWASTA,https://referensi.data.kemendikdasmen.go.id/pendidikan/npsn/69738327
Kabupaten Bandung Barat,Gununghalu,paud,69738328,RA/BA/TA SITI KHADIJAH 05,Kp. Kibodas Rt 01 Rw 08,Wargasaluyu,SWASTA,https://referensi.data.kemendikdasmen.go.id/pendidikan/npsn/69738328
Kabupaten Bandung Barat,Gununghalu,paud,69738329,RA/BA/TA SITI KHADIJAH 06,Kp. Cigandawari Rt 04 Rw 04,Cilangari,SWASTA,https://referensi.data.kemendikdasmen.go.id/pendidikan/npsn/69738329
Kabupaten Bandung Barat,Gununghalu,paud,69738330,RA/BA/TA SYARQUL AUSAT,Kp. Tegallaja Rt 01 Rw 10,Celak,SWASTA,https://referensi.data.kemendikdasmen.go.id/pendidikan/npsn/69738330
Kabupaten Bandung Barat,Gununghalu,paud,69891452,SATU ATAP SDN 3 GUNUNGHALU,Kp. Legokkondang,Sirnajaya,SWASTA,https://referensi.data.kemendikdasmen.go.id/pendidikan/npsn/69891452
Kabupaten Bandung Barat,Gununghalu,paud,69836126,SPS AL - INAYAH,KP SINDANGPALAY RT02/01 DS.CILANGARI,Cilangari,SWASTA,https://referensi.data.kemendikdasmen.go.id/pendidikan/npsn/69836126
Kabupaten Bandung Barat,Gununghalu,paud,69836131,SPS AL - ISTIQOMAH,Kp. Pasir Huni,Bunijaya,SWASTA,https://referensi.data.kemendikdasmen.go.id/pendidikan/npsn/69836131
Kabupaten Bandung Barat,Gununghalu,paud,69836134,SPS AL - KAUTSAR,Kp. Selakopi Rt. 03/09 Desa Sirnajaya,Sirnajaya,SWASTA,https://referensi.data.kemendikdasmen.go.id/pendidikan/npsn/69836134
Kabupaten Bandung Barat,Gununghalu,paud,69836128,SPS AL BAROKAH,Kp. Cisitu Rt 04/02,Sindangjaya,SWASTA,https://referensi.data.kemendikdasmen.go.id/pendidikan/npsn/69836128
Kabupaten Bandung Barat,Gununghalu,paud,69973434,SPS ANGGREK UNGU,Kp.Legok Kondang Rt 02/22 Ds. Sirnajaya,Sirnajaya,SWASTA,https://referensi.data.kemendikdasmen.go.id/pendidikan/npsn/69973434
Kabupaten Bandung Barat,Gununghalu,paud,69836127,SPS AS SANIAH,Kp. Cilangari,Cilangari,SWASTA,https://referensi.data.kemendikdasmen.go.id/pendidikan/npsn/69836127
Kabupaten Bandung Barat,Gununghalu,paud,69973764,SPS ATTAQWA,Kp. Pasar Puncak Rt 02/02 Ds. Celak,Celak,SWASTA,https://referensi.data.kemendikdasmen.go.id/pendidikan/npsn/69973764
Kabupaten Bandung Barat,Gununghalu,paud,69836129,SPS DARUL FIKRI,Kp. Cikawung Rt.03/06,Sindangjaya,SWASTA,https://referensi.data.kemendikdasmen.go.id/pendidikan/npsn/69836129
Kabupaten Bandung Barat,Gununghalu,paud,69922725,SPS MELATI,Kp. Pasir Ceuri Rt.01/02,Gununghalu,SWASTA,https://referensi.data.kemendikdasmen.go.id/pendidikan/npsn/69922725
Kabupaten Bandung Barat,Gununghalu,paud,69836133,SPS NUR FITRIYANI,Kp. Kubang Rt.01/16,Bunijaya,SWASTA,https://referensi.data.kemendikdasmen.go.id/pendidikan/npsn/69836133
Kabupaten Bandung Barat,Gununghalu,paud,69937364,SPS NURUL FALAH,Kp. Hegarmanah Rt.03/02,Cilangari,SWASTA,https://referensi.data.kemendikdasmen.go.id/pendidikan/npsn/69937364
Kabupaten Bandung Barat,Gununghalu,paud,69986887,SPS POS PAUD ANGGREK,JL. KUBANGPARI,Sukasari,SWASTA,https://referensi.data.kemendikdasmen.go.id/pendidikan/npsn/69986887
Kabupaten Bandung Barat,Gununghalu,paud,69836132,SPS SYARIF HIDAYATULLOH,Kp.Cicurug RT.002 RW.017,Sirnajaya,SWASTA,https://referensi.data.kemendikdasmen.go.id/pendidikan/npsn/69836132
Kabupaten Bandung Barat,Gununghalu,paud,69835713,TK HANDAYANI,Kp. Sukaratu RT.03 RW.02,Celak,SWASTA,https://referensi.data.kemendikdasmen.go.id/pendidikan/npsn/69835713
Kabupaten Bandung Barat,Gununghalu,paud,69976680,TK KARTINI,KP. NAGROG RT.01 RW.07,Cilangari,SWASTA,https://referensi.data.kemendikdasmen.go.id/pendidikan/npsn/69976680
Kabupaten Bandung Barat,Gununghalu,paud,20267492,TK MELATI,JL GUNUNG HALU,Gununghalu,SWASTA,https://referensi.data.kemendikdasmen.go.id/pendidikan/npsn/20267492
Kabupaten Bandung Barat,Gununghalu,paud,69922747,TK MUSTOPA AL MAJIDU,Kp. Simpang Rt.01/03,Bunijaya,SWASTA,https://referensi.data.kemendikdasmen.go.id/pendidikan/npsn/69922747
Kabupaten Bandung Barat,Gununghalu,paud,69836103,TPA AL HIDAYAH,KP.KUBANG Rt 02 Rw 17,Celak,SWASTA,https://referensi.data.kemendikdasmen.go.id/pendidikan/npsn/69836103
Kabupaten Bandung Barat,Sindangkerta,paud,69836136,Al Amanah,Kp. Weninggalih,Weninggalih,SWASTA,https://referensi.data.kemendikdasmen.go.id/pendidikan/npsn/69836136
Kabupaten Bandung Barat,Sindangkerta,paud,69835825,AL HIKMAH,CIMANTAR,Cintakarya,SWASTA,https://referensi.data.kemendikdasmen.go.id/pendidikan/npsn/69835825
Kabupaten Bandung Barat,Sindangkerta,paud,69835831,AL ISTIQOMAH,SUKAJADI,Cicangkang Girang,SWASTA,https://referensi.data.kemendikdasmen.go.id/pendidikan/npsn/69835831
Kabupaten Bandung Barat,Sindangkerta,paud,69836148,AL MUSRI I,Kp. Kubang Rt 03/06,Puncaksari,SWASTA,https://referensi.data.kemendikdasmen.go.id/pendidikan/npsn/69836148
Kabupaten Bandung Barat,Sindangkerta,paud,69836146,AL Mutmainah,Kp. Babakan Jati,Cicangkang Girang,SWASTA,https://referensi.data.kemendikdasmen.go.id/pendidikan/npsn/69836146
Kabupaten Bandung Barat,Sindangkerta,paud,69891494,AMAL SALEH,PASIR MUNCANG,Cicangkang Girang,SWASTA,https://referensi.data.kemendikdasmen.go.id/pendidikan/npsn/69891494
Kabupaten Bandung Barat,Sindangkerta,paud,69835833,AR ROZAQ,KP. SINDANGWARGI RT 02/12,Cicangkang Girang,SWASTA,https://referensi.data.kemendikdasmen.go.id/pendidikan/npsn/69835833
Kabupaten Bandung Barat,Sindangkerta,paud,69891493,CEMARA,Kp. Pangkalan Desa Cikadu,Wangunsari,SWASTA,https://referensi.data.kemendikdasmen.go.id/pendidikan/npsn/69891493
Kabupaten Bandung Barat,Sindangkerta,paud,69836138,DAARUL MUTTAQIN,SINDANGKERTA,Cintakarya,SWASTA,https://referensi.data.kemendikdasmen.go.id/pendidikan/npsn/69836138
Kabupaten Bandung Barat,Sindangkerta,paud,69835819,KB AL BAROKAH,Kp. Pasirnangka RT. 04 / 04,Cikadu,SWASTA,https://referensi.data.kemendikdasmen.go.id/pendidikan/npsn/69835819
Kabupaten Bandung Barat,Sindangkerta,paud,69835834,KB AL FALAH,KP. KUBANG RT. 01 /06,Puncaksari,SWASTA,https://referensi.data.kemendikdasmen.go.id/pendidikan/npsn/69835834
Kabupaten Bandung Barat,Sindangkerta,paud,69935220,KB AL KHOSIM,Kp. Peusing Hilir Rt.001 Rw.004,Sindangkerta,SWASTA,https://referensi.data.kemendikdasmen.go.id/pendidikan/npsn/69935220
Kabupaten Bandung Barat,Sindangkerta,paud,69988892,KB AL MAQDIS,KP. SUKASARI RT. 003 RW. 001,Cicangkang Girang,SWASTA,https://referensi.data.kemendikdasmen.go.id/pendidikan/npsn/69988892
Kabupaten Bandung Barat,Sindangkerta,paud,69916604,KB AL ROJA,KP. SUKAUJLAH RT.04/07,Pasirpogor,SWASTA,https://referensi.data.kemendikdasmen.go.id/pendidikan/npsn/69916604
Kabupaten Bandung Barat,Sindangkerta,paud,69835824,KB ANGGREK,"KP. CIBURUY RT,03 RW.05",Cintakarya,SWASTA,https://referensi.data.kemendikdasmen.go.id/pendidikan/npsn/69835824
Kabupaten Bandung Barat,Sindangkerta,paud,70000891,KB ARSHELIA,KP PASIRBUNGUR RT 01 RW 05,Ranca Senggang,SWASTA,https://referensi.data.kemendikdasmen.go.id/pendidikan/npsn/70000891
Kabupaten Bandung Barat,Sindangkerta,paud,69946541,KB AS SHULA,Kp. Malaka Jl. Raya Sindangkerta RT.001 RW.012,Sindangkerta,SWASTA,https://referensi.data.kemendikdasmen.go.id/pendidikan/npsn/69946541
Kabupaten Bandung Barat,Sindangkerta,paud,69835836,KB Assalafiah,Malandang Rt 01 / RW 03,Pasirpogor,SWASTA,https://referensi.data.kemendikdasmen.go.id/pendidikan/npsn/69835836
Kabupaten Bandung Barat,Sindangkerta,paud,69962769,KB AT-TAUHID,Kp. Cigonyar Rt.01/04,Puncaksari,SWASTA,https://referensi.data.kemendikdasmen.go.id/pendidikan/npsn/69962769
Kabupaten Bandung Barat,Sindangkerta,paud,69916602,KB CAHAYA HATI,KP. TEGAL KONENG RT.05/05,Buninagara,SWASTA,https://referensi.data.kemendikdasmen.go.id/pendidikan/npsn/69916602
Kabupaten Bandung Barat,Sindangkerta,paud,69939301,KB HARAPAN,Kp. Panyusuhan Rt.05 Rw.04,Weninggalih,SWASTA,https://referensi.data.kemendikdasmen.go.id/pendidikan/npsn/69939301
Kabupaten Bandung Barat,Sindangkerta,paud,69989532,KB MAWAR INDAH,Kp. Cintaasih Rt 04/01,Wangunsari,SWASTA,https://referensi.data.kemendikdasmen.go.id/pendidikan/npsn/69989532
Kabupaten Bandung Barat,Sindangkerta,paud,69835829,Kober A-Muawanah,Babakan Jati,Cicangkang Girang,SWASTA,https://referensi.data.kemendikdasmen.go.id/pendidikan/npsn/69835829
Kabupaten Bandung Barat,Sindangkerta,paud,69891499,Kober Ainul Hayat,Kp Malaka Rt 01/ Rw 01,Sindangkerta,SWASTA,https://referensi.data.kemendikdasmen.go.id/pendidikan/npsn/69891499
Kabupaten Bandung Barat,Sindangkerta,paud,69891558,KOBER AL HUDA,Tanjung Wangii Rt 01/08.Ds. Cicangkanggirang Sindangkerta,Cicangkang Girang,SWASTA,https://referensi.data.kemendikdasmen.go.id/pendidikan/npsn/69891558
Kabupaten Bandung Barat,Sindangkerta,paud,69835823,Kober AL-Ikhlas,KP. Pasir Angin,Cintakarya,SWASTA,https://referensi.data.kemendikdasmen.go.id/pendidikan/npsn/69835823
Kabupaten Bandung Barat,Sindangkerta,paud,69835821,Kober Al-Manar,Kp. Cibeletong Rt 03/ Rw 09,Ranca Senggang,SWASTA,https://referensi.data.kemendikdasmen.go.id/pendidikan/npsn/69835821
Kabupaten Bandung Barat,Sindangkerta,paud,69974200,KOBER BAITURAHMAN,Kp. Muara Rt 02/03 Ds.Puncaksari,Puncaksari,SWASTA,https://referensi.data.kemendikdasmen.go.id/pendidikan/npsn/69974200
Kabupaten Bandung Barat,Sindangkerta,paud,69954125,KOBER BINA PALAHAN,Kampung Palahan Rt. 03 Rw. 08,Pasirpogor,SWASTA,https://referensi.data.kemendikdasmen.go.id/pendidikan/npsn/69954125
Kabupaten Bandung Barat,Sindangkerta,paud,69984039,KOBER MIFTAHUL JANNAH,Kp. Pasirangin Ds. Rancasenggang,Ranca Senggang,SWASTA,https://referensi.data.kemendikdasmen.go.id/pendidikan/npsn/69984039
Kabupaten Bandung Barat,Sindangkerta,paud,69836137,Kober Mutiara Hati,Pasir Lame,Cikadu,SWASTA,https://referensi.data.kemendikdasmen.go.id/pendidikan/npsn/69836137
Kabupaten Bandung Barat,Sindangkerta,paud,69835835,Kober Nurul Huda,Kp. Ciseupan,Puncaksari,SWASTA,https://referensi.data.kemendikdasmen.go.id/pendidikan/npsn/69835835
Kabupaten Bandung Barat,Sindangkerta,paud,69891490,Mawar,Kp. Pasir Karamat .Rt.02/08,Puncaksari,SWASTA,https://referensi.data.kemendikdasmen.go.id/pendidikan/npsn/69891490
Kabupaten Bandung Barat,Sindangkerta,paud,69835837,Miftahul Fitri,Kp. Gunung Sanggar RT.03 RW.08,Sindangkerta,SWASTA,https://referensi.data.kemendikdasmen.go.id/pendidikan/npsn/69835837
Kabupaten Bandung Barat,Sindangkerta,paud,70039449,PAUDQ. NURUL HIDAYAH,KP. CIAWITALI,Sindangkerta,SWASTA,https://referensi.data.kemendikdasmen.go.id/pendidikan/npsn/70039449
Kabupaten Bandung Barat,Sindangkerta,paud,70039448,PAUDQ. THORIQUSSAADAH,KP. CIMANGGU,Sindangkerta,SWASTA,https://referensi.data.kemendikdasmen.go.id/pendidikan/npsn/70039448
Kabupaten Bandung Barat,Sindangkerta,paud,69854645,RA Aghniya,Kp. Cipetir Rt 02 Rw 05,Kec. Sindangkerta,SWASTA,https://referensi.data.kemendikdasmen.go.id/pendidikan/npsn/69854645
Kabupaten Bandung Barat,Sindangkerta,paud,69756026,RA AL KAROMAH SINDANGKERTA,Kp. Peusing Tengah Rt 04 Rw 03,Sindangkerta,SWASTA,https://referensi.data.kemendikdasmen.go.id/pendidikan/npsn/69756026
Kabupaten Bandung Barat,Sindangkerta,paud,69993951,RA ASSYAFIQ,Kp. Bojong Jambu RT 05 RW 06,Sindangkerta,SWASTA,https://referensi.data.kemendikdasmen.go.id/pendidikan/npsn/69993951
Kabupaten Bandung Barat,Sindangkerta,paud,69854644,RA Khoirunnisa,Kp. Pasir Karamat Rt 03 Rw 08,Puncaksari,SWASTA,https://referensi.data.kemendikdasmen.go.id/pendidikan/npsn/69854644
Kabupaten Bandung Barat,Sindangkerta,paud,69854642,RA Madinah,Kp. Cipataruman Rt 02 Rw 02,Cikadu,SWASTA,https://referensi.data.kemendikdasmen.go.id/pendidikan/npsn/69854642
Kabupaten Bandung Barat,Sindangkerta,paud,69854643,RA Riyadhul Balaghoh,Kp. Cipetir RT. 001 RW. 005,Pasirpogor,SWASTA,https://referensi.data.kemendikdasmen.go.id/pendidikan/npsn/69854643
Kabupaten Bandung Barat,Sindangkerta,paud,69854646,RA Sabililmuttaqin II,Kp. Cilongok Rt 02 Rw 01,Pasirpogor,SWASTA,https://referensi.data.kemendikdasmen.go.id/pendidikan/npsn/69854646
Kabupaten Bandung Barat,Sindangkerta,paud,69738445,RA/BA/TA ABABIL,Kp. Sarimanggala Rt 02 Rw 02,Cintakarya,SWASTA,https://referensi.data.kemendikdasmen.go.id/pendidikan/npsn/69738445
Kabupaten Bandung Barat,Sindangkerta,paud,69738446,RA/BA/TA ADZ-DZIKRO,Kp. Budiharti Rt 02 Rw 08,Buninagara,SWASTA,https://referensi.data.kemendikdasmen.go.id/pendidikan/npsn/69738446
Kabupaten Bandung Barat,Sindangkerta,paud,69738447,RA/BA/TA AL-AMANAH,Kp. Cibeber Rt 01 Rw 04,Kec. Sindangkerta,SWASTA,https://referensi.data.kemendikdasmen.go.id/pendidikan/npsn/69738447
Kabupaten Bandung Barat,Sindangkerta,paud,69738448,RA/BA/TA AL-AZKA,Kp. Sukalilah Rt 02 Rw 11,Pasirpogor,SWASTA,https://referensi.data.kemendikdasmen.go.id/pendidikan/npsn/69738448
Kabupaten Bandung Barat,Sindangkerta,paud,69738449,RA/BA/TA AL-IKHLAS RAUDHOTUL JANNAH,Kp. Rancasampih Rt 02 Rw 06,Puncaksari,SWASTA,https://referensi.data.kemendikdasmen.go.id/pendidikan/npsn/69738449
Kabupaten Bandung Barat,Sindangkerta,paud,69738450,RA/BA/TA AL-MUBAROK,Kp. Nangewer Rt 01 Rw 11,Wangunsari,SWASTA,https://referensi.data.kemendikdasmen.go.id/pendidikan/npsn/69738450
Kabupaten Bandung Barat,Sindangkerta,paud,69738451,RA/BA/TA ANWARUSSALIK,Kp. Pangkalan Rt 02 Rw 02,Wangunsari,SWASTA,https://referensi.data.kemendikdasmen.go.id/pendidikan/npsn/69738451
Kabupaten Bandung Barat,Sindangkerta,paud,69738452,RA/BA/TA AR-RIZAL,Kp. Gandok Rt 01 Rw 09,Pasirpogor,SWASTA,https://referensi.data.kemendikdasmen.go.id/pendidikan/npsn/69738452
Kabupaten Bandung Barat,Sindangkerta,paud,69738453,RA/BA/TA AS-SYIFA,Kp. Pasirpeso Rt 01 Rw 05,Pasirpogor,SWASTA,https://referensi.data.kemendikdasmen.go.id/pendidikan/npsn/69738453
Kabupaten Bandung Barat,Sindangkerta,paud,69738454,RA/BA/TA ASSAIDAH,Kp. Malandang Rt 02 Rw 03,Wangunsari,SWASTA,https://referensi.data.kemendikdasmen.go.id/pendidikan/npsn/69738454
Kabupaten Bandung Barat,Sindangkerta,paud,69738455,RA/BA/TA ATSAURI,Kp. Pasirwaru Rt 01 Rw 03,Puncaksari,SWASTA,https://referensi.data.kemendikdasmen.go.id/pendidikan/npsn/69738455
Kabupaten Bandung Barat,Sindangkerta,paud,69738456,RA/BA/TA BINA MANDIRI,Kp. Bojong Tangkalak Rt 03 Rw 03,Buninagara,SWASTA,https://referensi.data.kemendikdasmen.go.id/pendidikan/npsn/69738456
Kabupaten Bandung Barat,Sindangkerta,paud,69738457,RA/BA/TA FALAHAN,"Kp. Palahan, Pesantren Palahan Rt 03 Rw 06",Ranca Senggang,SWASTA,https://referensi.data.kemendikdasmen.go.id/pendidikan/npsn/69738457
Kabupaten Bandung Barat,Sindangkerta,paud,69738458,RA/BA/TA MUSLIMIN BINA INSANI,Kp. Wangun Rt 01 Rw 07,Wangunsari,SWASTA,https://referensi.data.kemendikdasmen.go.id/pendidikan/npsn/69738458
Kabupaten Bandung Barat,Sindangkerta,paud,69738459,RA/BA/TA NURUL FALAH,Kp. Kubang Rt 01 Rw 06,Kec. Sindangkerta,SWASTA,https://referensi.data.kemendikdasmen.go.id/pendidikan/npsn/69738459
Kabupaten Bandung Barat,Sindangkerta,paud,69738460,RA/BA/TA NURUL HUDA CICANGKANGGIRANG,Jl. Raya Cicangkang No. 10 Rt 01 Rw 04,Cicangkang Girang,SWASTA,https://referensi.data.kemendikdasmen.go.id/pendidikan/npsn/69738460
Kabupaten Bandung Barat,Sindangkerta,paud,69738461,RA/BA/TA NURUL IMAN,Kp. Bangong Rt 02 Rw 01,Wangunsari,SWASTA,https://referensi.data.kemendikdasmen.go.id/pendidikan/npsn/69738461
Kabupaten Bandung Barat,Sindangkerta,paud,69738462,RA/BA/TA SITI KHADIJAH 03,Kp. Cibodas Condong Rt 02 Rw 10,Sindangkerta,SWASTA,https://referensi.data.kemendikdasmen.go.id/pendidikan/npsn/69738462
Kabupaten Bandung Barat,Sindangkerta,paud,69836151,Riyadhul Balaghoh,Kp. Tanjungsari,Pasirpogor,SWASTA,https://referensi.data.kemendikdasmen.go.id/pendidikan/npsn/69836151
Kabupaten Bandung Barat,Sindangkerta,paud,69836145,ROJAUL HIDAYAH,KP. CIAWITALI RT. 03 / 14,Cicangkang Girang,SWASTA,https://referensi.data.kemendikdasmen.go.id/pendidikan/npsn/69836145
Kabupaten Bandung Barat,Sindangkerta,paud,69990015,SPS ARSYAUQI,Kp. Cibedug Rt 05/03,Puncaksari,SWASTA,https://referensi.data.kemendikdasmen.go.id/pendidikan/npsn/69990015
Kabupaten Bandung Barat,Sindangkerta,paud,69836140,SPS ASSABIQ,CIBURUY RT. 01 / 03,Cintakarya,SWASTA,https://referensi.data.kemendikdasmen.go.id/pendidikan/npsn/69836140
Kabupaten Bandung Barat,Sindangkerta,paud,69836143,SPS At-Tifliyah,Bunijaya,Cintakarya,SWASTA,https://referensi.data.kemendikdasmen.go.id/pendidikan/npsn/69836143
Kabupaten Bandung Barat,Sindangkerta,paud,70037130,SPS PAUD MAHYRA,KP PASIR WANGI RT.002 RW.006,Weninggalih,SWASTA,https://referensi.data.kemendikdasmen.go.id/pendidikan/npsn/70037130
Kabupaten Bandung Barat,Sindangkerta,paud,69988246,SPS QODARUSSALAM,Kp. Margamulya Rt 05/07 Ds. Mekarwangi,Mekarwangi,SWASTA,https://referensi.data.kemendikdasmen.go.id/pendidikan/npsn/69988246
Kabupaten Bandung Barat,Sindangkerta,paud,69836147,SPS RAUDHAH ASSHOLIHIN,PASIRPOGOR,Puncaksari,SWASTA,https://referensi.data.kemendikdasmen.go.id/pendidikan/npsn/69836147
Kabupaten Bandung Barat,Sindangkerta,paud,69891557,SPS TUNAS HARAPAN,Jl. Cikadu RT. 04/011,Cikadu,SWASTA,https://referensi.data.kemendikdasmen.go.id/pendidikan/npsn/69891557
Kabupaten Bandung Barat,Sindangkerta,paud,69891560,SPS Tunas Uar,Kp. Cipadawaras,Pasirpogor,SWASTA,https://referensi.data.kemendikdasmen.go.id/pendidikan/npsn/69891560
Kabupaten Bandung Barat,Sindangkerta,paud,69961859,TAAM Nurul Wasilah,Kp. Tanjungwangi Rt/Rw 01/08 Ds. Cicangkanggirang Kec. Sindangkerta Kab. Bandung,Cicangkang Girang,SWASTA,https://referensi.data.kemendikdasmen.go.id/pendidikan/npsn/69961859
Kabupaten Bandung Barat,Sindangkerta,paud,70062670,TK ABDI AL BARRY,Kp. Pasirpogor Rt. 003 Rw. 001,Puncaksari,SWASTA,https://referensi.data.kemendikdasmen.go.id/pendidikan/npsn/70062670
Kabupaten Bandung Barat,Sindangkerta,paud,69891453,TK AL BAROKAH,Kp. Pasirnangka RT.04 RW.04,Cikadu,SWASTA,https://referensi.data.kemendikdasmen.go.id/pendidikan/npsn/69891453
Kabupaten Bandung Barat,Sindangkerta,paud,69975585,TK AL KHOSIM,Kp. Peusinghilir RT.001 RW.004,Sindangkerta,SWASTA,https://referensi.data.kemendikdasmen.go.id/pendidikan/npsn/69975585
Kabupaten Bandung Barat,Sindangkerta,paud,69975583,TK AL MUAWANAH,Kp. Babakanjati RT.01 RW.07,Cicangkang Girang,SWASTA,https://referensi.data.kemendikdasmen.go.id/pendidikan/npsn/69975583
Kabupaten Bandung Barat,Sindangkerta,paud,69946489,TK AL MUHAB,Kp. Sindangkerta Rt.05 Rw.02 Ds. Cintakarya Kec. Sindangkerta Kab. Bandung Barat,Sindangkerta,SWASTA,https://referensi.data.kemendikdasmen.go.id/pendidikan/npsn/69946489
Kabupaten Bandung Barat,Sindangkerta,paud,70062669,TK AL MUSRI1,KP. KUBANG RT 003 RW 006,Puncaksari,SWASTA,https://referensi.data.kemendikdasmen.go.id/pendidikan/npsn/70062669
Kabupaten Bandung Barat,Sindangkerta,paud,70050108,TK AL RASYID,Kp. Neglasari RT. 003 RW. 006,Pasirpogor,SWASTA,https://referensi.data.kemendikdasmen.go.id/pendidikan/npsn/70050108
Kabupaten Bandung Barat,Sindangkerta,paud,69835828,TK Al-Mutadarisin,Sindangwargi,Cicangkang Girang,SWASTA,https://referensi.data.kemendikdasmen.go.id/pendidikan/npsn/69835828
Kabupaten Bandung Barat,Sindangkerta,paud,69970704,TK AS SHULA,Kp. Malaka Jl. Raya Sindangkerta RT.001 RW.012,Sindangkerta,SWASTA,https://referensi.data.kemendikdasmen.go.id/pendidikan/npsn/69970704
Kabupaten Bandung Barat,Sindangkerta,paud,70011853,TK ASSALAM,Kp. Cidadap RT. 02/05,Mekarwangi,SWASTA,https://referensi.data.kemendikdasmen.go.id/pendidikan/npsn/70011853
Kabupaten Bandung Barat,Sindangkerta,paud,70063670,TK BINA IHSANI,Kp. Buninagara RT. 005 RW. 002,Kec. Sindangkerta,SWASTA,https://referensi.data.kemendikdasmen.go.id/pendidikan/npsn/70063670
Kabupaten Bandung Barat,Sindangkerta,paud,69891454,TK BUSTANUL ARIFIN,Kp. Sukamanah RT.01 RW.03,Cicangkang Girang,SWASTA,https://referensi.data.kemendikdasmen.go.id/pendidikan/npsn/69891454
Kabupaten Bandung Barat,Sindangkerta,paud,69975584,TK ISLAM ASY SYAMSU,Kp. Gandok RT.04 RW.01,Cikadu,SWASTA,https://referensi.data.kemendikdasmen.go.id/pendidikan/npsn/69975584
Kabupaten Bandung Barat,Sindangkerta,paud,70031375,TK UMI KULSUM,Kp. Nagrog RT.001 RW.010,Ranca Senggang,SWASTA,https://referensi.data.kemendikdasmen.go.id/pendidikan/npsn/70031375
Kabupaten Bandung Barat,Sindangkerta,paud,20267549,TK WIRAYA PGRI,JL RAYA SINDANG KERTA,Cintakarya,SWASTA,https://referensi.data.kemendikdasmen.go.id/pendidikan/npsn/20267549
Kabupaten Bandung Barat,Sindangkerta,paud,69835822,UMI KULSUM,Legok Solo RT. 01 / 04,Mekarwangi,SWASTA,https://referensi.data.kemendikdasmen.go.id/pendidikan/npsn/69835822
Kabupaten Bandung Barat,Cililin,paud,69836160,AL HIDAYAH,SUKAMANAH RT 01 RW 05,Bongas,SWASTA,https://referensi.data.kemendikdasmen.go.id/pendidikan/npsn/69836160
Kabupaten Bandung Barat,Cililin,paud,69835852,AL IKHWAN,CIBAREGBEG,Bongas,SWASTA,https://referensi.data.kemendikdasmen.go.id/pendidikan/npsn/69835852
Kabupaten Bandung Barat,Cililin,paud,69891506,AL MAJIDIYYAH,GOMBONG RT. 03 /03,Budiharja,SWASTA,https://referensi.data.kemendikdasmen.go.id/pendidikan/npsn/69891506
Kabupaten Bandung Barat,Cililin,paud,69835867,AL-FURQON,SAAR MUTIARA NO.92 RT 02 RW 06,Karangtanjung,SWASTA,https://referensi.data.kemendikdasmen.go.id/pendidikan/npsn/69835867
Kabupaten Bandung Barat,Cililin,paud,69891504,AL-HIDAYAH CIPETIR,CIPETIR RT 03 RW 02,Cililin,SWASTA,https://referensi.data.kemendikdasmen.go.id/pendidikan/npsn/69891504
Kabupaten Bandung Barat,Cililin,paud,69836153,AL-IKHLAS,KP. MANAPA DESA KARANGTANJUNG,Karangtanjung,SWASTA,https://referensi.data.kemendikdasmen.go.id/pendidikan/npsn/69836153
Kabupaten Bandung Barat,Cililin,paud,69835874,AL-JIHAD,KP.CIMONYET RT 05 RW 06,Karanganyar,SWASTA,https://referensi.data.kemendikdasmen.go.id/pendidikan/npsn/69835874
Kabupaten Bandung Barat,Cililin,paud,69835860,ANNISA,JL.RAYA PASAR LAMA NO. 35 RT. 02 / 02,Cililin,SWASTA,https://referensi.data.kemendikdasmen.go.id/pendidikan/npsn/69835860
Kabupaten Bandung Barat,Cililin,paud,69835877,AR ROHMANIAH,PASIR GEPENG RT. 03 / 01,Karanganyar,SWASTA,https://referensi.data.kemendikdasmen.go.id/pendidikan/npsn/69835877
Kabupaten Bandung Barat,Cililin,paud,69836154,AR-ROHMAH,KP. PASIR SEREH,Mukapayung,SWASTA,https://referensi.data.kemendikdasmen.go.id/pendidikan/npsn/69836154
Kabupaten Bandung Barat,Cililin,paud,69835871,AS SALAM,CILEDUG RT. 01 / 01,Budiharja,SWASTA,https://referensi.data.kemendikdasmen.go.id/pendidikan/npsn/69835871
Kabupaten Bandung Barat,Cililin,paud,69836152,ASMAUL HUSNA,PASIRKARAMAT RT. 03 /12,Nanggerang,SWASTA,https://referensi.data.kemendikdasmen.go.id/pendidikan/npsn/69836152
Kabupaten Bandung Barat,Cililin,paud,69835856,Assaadah,Leuwinutug,Batulayang,SWASTA,https://referensi.data.kemendikdasmen.go.id/pendidikan/npsn/69835856
Kabupaten Bandung Barat,Cililin,paud,69835855,Asy-Syirojudin,Citiis,Batulayang,SWASTA,https://referensi.data.kemendikdasmen.go.id/pendidikan/npsn/69835855
Kabupaten Bandung Barat,Cililin,paud,69835873,AT TOYYIBAH,KP. CIMALIK RT. 06/ 03,Karanganyar,SWASTA,https://referensi.data.kemendikdasmen.go.id/pendidikan/npsn/69835873
Kabupaten Bandung Barat,Cililin,paud,69836159,AT-TARMIDJI,BONGAS RT 04 RW 03,Bongas,SWASTA,https://referensi.data.kemendikdasmen.go.id/pendidikan/npsn/69836159
Kabupaten Bandung Barat,Cililin,paud,69835848,ATH THOHIRIYAH,JLN. CIJENUK KP. WARUNG AWI RT. 01 / 07,Bongas,SWASTA,https://referensi.data.kemendikdasmen.go.id/pendidikan/npsn/69835848
Kabupaten Bandung Barat,Cililin,paud,69836164,AWWALUSSALAAM,CINANGSI RT.02 RW.02,Karangtanjung,SWASTA,https://referensi.data.kemendikdasmen.go.id/pendidikan/npsn/69836164
Kabupaten Bandung Barat,Cililin,paud,69835861,BAETURRAHMAN,KAUM,Cililin,SWASTA,https://referensi.data.kemendikdasmen.go.id/pendidikan/npsn/69835861
Kabupaten Bandung Barat,Cililin,paud,69836165,BAMBIM MUTIARA,SAAR MUTIARA II NO. 14 RT 01/07,Karangtanjung,SWASTA,https://referensi.data.kemendikdasmen.go.id/pendidikan/npsn/69836165
Kabupaten Bandung Barat,Cililin,paud,69835843,BELA PERSADA,GEMBONG RT. 04/ 12,Rancapanggung,SWASTA,https://referensi.data.kemendikdasmen.go.id/pendidikan/npsn/69835843
Kabupaten Bandung Barat,Cililin,paud,69835851,DEWI ENDAH,KP.SUKA MULYA RT 01 RW 06,Bongas,SWASTA,https://referensi.data.kemendikdasmen.go.id/pendidikan/npsn/69835851
Kabupaten Bandung Barat,Cililin,paud,69835847,ISTIQOMAH,JL. RAYA RANCA PANGGUNG,Rancapanggung,SWASTA,https://referensi.data.kemendikdasmen.go.id/pendidikan/npsn/69835847
Kabupaten Bandung Barat,Cililin,paud,69835866,KB Al KAROMAH,Manapa RT. 01 / 04,Karangtanjung,SWASTA,https://referensi.data.kemendikdasmen.go.id/pendidikan/npsn/69835866
Kabupaten Bandung Barat,Cililin,paud,69971563,KB AL MIRWAN,Kp. Balong Rt 01/04 Ds. Bongas,Bongas,SWASTA,https://referensi.data.kemendikdasmen.go.id/pendidikan/npsn/69971563
Kabupaten Bandung Barat,Cililin,paud,69966474,KB Al Mutaalimin,Kp. Perelas Rt 04 Rw 06,Budiharja,SWASTA,https://referensi.data.kemendikdasmen.go.id/pendidikan/npsn/69966474
Kabupaten Bandung Barat,Cililin,paud,70042433,KB AL-HIKMAH,KB AL-HIKMAH,Batulayang,SWASTA,https://referensi.data.kemendikdasmen.go.id/pendidikan/npsn/70042433
Kabupaten Bandung Barat,Cililin,paud,70045314,KB AL-QURO,Kp. Pasir Meong RT. 003 RW. 004,Cililin,SWASTA,https://referensi.data.kemendikdasmen.go.id/pendidikan/npsn/70045314
Kabupaten Bandung Barat,Cililin,paud,70000307,KB AN NUUR,KP. RANCAPANGGUNG RT 04 RW 08,Rancapanggung,SWASTA,https://referensi.data.kemendikdasmen.go.id/pendidikan/npsn/70000307
Kabupaten Bandung Barat,Cililin,paud,69891561,KB AT-TAQWA,KP. PASIR KADU RT 01 RW 08,Mukapayung,SWASTA,https://referensi.data.kemendikdasmen.go.id/pendidikan/npsn/69891561
Kabupaten Bandung Barat,Cililin,paud,69953006,KB NURUL HUDA,Kp. Leuwinutug Rt 01/04,Batulayang,SWASTA,https://referensi.data.kemendikdasmen.go.id/pendidikan/npsn/69953006
Kabupaten Bandung Barat,Cililin,paud,69926726,KB RIYADHUSSAKINAH,Kp. Sirnagalih Rt.06 Rw.10,Rancapanggung,SWASTA,https://referensi.data.kemendikdasmen.go.id/pendidikan/npsn/69926726
Kabupaten Bandung Barat,Cililin,paud,69955567,KOBER AL MUBAROK,Kampung Cikoneng Rt.002 Rw.015,Mukapayung,SWASTA,https://referensi.data.kemendikdasmen.go.id/pendidikan/npsn/69955567
Kabupaten Bandung Barat,Cililin,paud,69969871,KOBER MIFTAHUSSALAM,Kp. Perelas Rt 01 Rw 06 Ds. Budiharja,Budiharja,SWASTA,https://referensi.data.kemendikdasmen.go.id/pendidikan/npsn/69969871
Kabupaten Bandung Barat,Cililin,paud,69835849,KOBER NURUL FATWA,KP. TANGAN-TANGAN,Bongas,SWASTA,https://referensi.data.kemendikdasmen.go.id/pendidikan/npsn/69835849
Kabupaten Bandung Barat,Cililin,paud,69835844,KOBER RAUDHO TUSHIBIYAN,KP. DENGKENG RT 05 RW 03,Rancapanggung,SWASTA,https://referensi.data.kemendikdasmen.go.id/pendidikan/npsn/69835844
Kabupaten Bandung Barat,Cililin,paud,69973773,KOBER SIRNAGALIH,Kp. Pasirmalaka Rt 01/04 Ds. Karanganyar,Karanganyar,SWASTA,https://referensi.data.kemendikdasmen.go.id/pendidikan/npsn/69973773
Kabupaten Bandung Barat,Cililin,paud,69835845,KOBER TA LIMUSHIBYAN,LEBAK SUMUR RT 04 RW 07,Rancapanggung,SWASTA,https://referensi.data.kemendikdasmen.go.id/pendidikan/npsn/69835845
Kabupaten Bandung Barat,Cililin,paud,69835859,MIFTAHUL JANNAH,SUKATANI RT. 03/05,Cililin,SWASTA,https://referensi.data.kemendikdasmen.go.id/pendidikan/npsn/69835859
Kabupaten Bandung Barat,Cililin,paud,69835869,NURUL FALAH,SAAR MUTIARA RT 03 RW 06,Karangtanjung,SWASTA,https://referensi.data.kemendikdasmen.go.id/pendidikan/npsn/69835869
Kabupaten Bandung Barat,Cililin,paud,69891500,NURUL HUDA,Kp. Cirateun RT. 02 / 19,Mukapayung,SWASTA,https://referensi.data.kemendikdasmen.go.id/pendidikan/npsn/69891500
Kabupaten Bandung Barat,Cililin,paud,69836155,NURUL HUDA SUKASARI,KP. CIBODAS RT 02 RW 08,Nanggerang,SWASTA,https://referensi.data.kemendikdasmen.go.id/pendidikan/npsn/69836155
Kabupaten Bandung Barat,Cililin,paud,70046101,PAUDQ RIYADHUL JANNAH,KP. BONCERET,Kec. Cililin,SWASTA,https://referensi.data.kemendikdasmen.go.id/pendidikan/npsn/70046101
Kabupaten Bandung Barat,Cililin,paud,69836163,PUSPA MEKAR,NUNUK,Cililin,SWASTA,https://referensi.data.kemendikdasmen.go.id/pendidikan/npsn/69836163
Kabupaten Bandung Barat,Cililin,paud,69756025,RA AL MUBAROK,Kp. Cikoneng Rt 04 Rw 15,Cililin,SWASTA,https://referensi.data.kemendikdasmen.go.id/pendidikan/npsn/69756025
Kabupaten Bandung Barat,Cililin,paud,69993958,RA AL WALADIYYAH,Kp. Tegalega RT 01 RW 07,Batulayang,SWASTA,https://referensi.data.kemendikdasmen.go.id/pendidikan/npsn/69993958
Kabupaten Bandung Barat,Cililin,paud,69854616,RA Al-Fauziyah,Kp. Pasirpanjang Rt 03 Rw 01,Karanganyar,SWASTA,https://referensi.data.kemendikdasmen.go.id/pendidikan/npsn/69854616
Kabupaten Bandung Barat,Cililin,paud,69738192,RA Al-Furqon,Kp. Citatah 03 Rw 04,Karanganyar,SWASTA,https://referensi.data.kemendikdasmen.go.id/pendidikan/npsn/69738192
Kabupaten Bandung Barat,Cililin,paud,69738199,RA/BA/TA AL AMIN,Kp. Walahir Rt 01 Rw 03,Karyamukti,SWASTA,https://referensi.data.kemendikdasmen.go.id/pendidikan/npsn/69738199
Kabupaten Bandung Barat,Cililin,paud,69738188,RA/BA/TA AL-ANSHAR,Kp. Gembong Rt 04 Rw 12,Karangtanjung,SWASTA,https://referensi.data.kemendikdasmen.go.id/pendidikan/npsn/69738188
Kabupaten Bandung Barat,Cililin,paud,69738190,RA/BA/TA AL-FALAH,Jl. Cikakak Kaler Rt 02 Rw 02,Kec. Cililin,SWASTA,https://referensi.data.kemendikdasmen.go.id/pendidikan/npsn/69738190
Kabupaten Bandung Barat,Cililin,paud,69738191,RA/BA/TA AL-FURQON,Jl. Raya Saar Mutiara No. 92 Rt 02 Rw 06,Karyamukti,SWASTA,https://referensi.data.kemendikdasmen.go.id/pendidikan/npsn/69738191
Kabupaten Bandung Barat,Cililin,paud,69738193,RA/BA/TA AL-HASANAH,Kp. Gombong Rt 04 Rw 05,Budiharja,SWASTA,https://referensi.data.kemendikdasmen.go.id/pendidikan/npsn/69738193
Kabupaten Bandung Barat,Cililin,paud,69738194,RA/BA/TA AL-HUDA,Kp. Mekarsari Rt 03 Rw 01,Karyamukti,SWASTA,https://referensi.data.kemendikdasmen.go.id/pendidikan/npsn/69738194
Kabupaten Bandung Barat,Cililin,paud,69738196,RA/BA/TA AL-IKHLAS,Kp. Sindang Wargi Rt 01 Rw 06,Nanggerang,SWASTA,https://referensi.data.kemendikdasmen.go.id/pendidikan/npsn/69738196
Kabupaten Bandung Barat,Cililin,paud,69738197,RA/BA/TA AL-KAROMAH,Kp. Manapa Rt 01 Rw 04,Karyamukti,SWASTA,https://referensi.data.kemendikdasmen.go.id/pendidikan/npsn/69738197
Kabupaten Bandung Barat,Cililin,paud,69738198,RA/BA/TA AL-MAJIDIYYAH,Kp. Gombong Rt 03 Rw 03,Karyamukti,SWASTA,https://referensi.data.kemendikdasmen.go.id/pendidikan/npsn/69738198
Kabupaten Bandung Barat,Cililin,paud,69738200,RA/BA/TA ANNISA,Jl. Raya Pasar Lama No. 35 Rt 02 Rw 02,Cililin,SWASTA,https://referensi.data.kemendikdasmen.go.id/pendidikan/npsn/69738200
Kabupaten Bandung Barat,Cililin,paud,69738201,RA/BA/TA ASMAULHUSNA,Kp. Pasir Karamat Rt 01 Rw 08,Karyamukti,SWASTA,https://referensi.data.kemendikdasmen.go.id/pendidikan/npsn/69738201
Kabupaten Bandung Barat,Cililin,paud,69738202,RA/BA/TA AT-TOYYIBAH,Kp. Cimalik Rt 06 Rw 03,Karyamukti,SWASTA,https://referensi.data.kemendikdasmen.go.id/pendidikan/npsn/69738202
Kabupaten Bandung Barat,Cililin,paud,69738203,RA/BA/TA ATTHOHIRIYAH,Jl. Plta Saguling Kp. Warungawi Rt 01 Rw 07,Nanggerang,SWASTA,https://referensi.data.kemendikdasmen.go.id/pendidikan/npsn/69738203
Kabupaten Bandung Barat,Cililin,paud,69738204,RA/BA/TA BUSTANUL ATFAL,Jl. Raya Barat,Karyamukti,SWASTA,https://referensi.data.kemendikdasmen.go.id/pendidikan/npsn/69738204
Kabupaten Bandung Barat,Cililin,paud,69738205,RA/BA/TA DARUL HUDA BONGAS,Kp. Bongas Rt 01 Rw 03,Bongas,SWASTA,https://referensi.data.kemendikdasmen.go.id/pendidikan/npsn/69738205
Kabupaten Bandung Barat,Cililin,paud,69738206,RA/BA/TA HARAPAN BUNDA,Jl. Leuwinutug Rt 01 Rw 03,Kec. Cililin,SWASTA,https://referensi.data.kemendikdasmen.go.id/pendidikan/npsn/69738206
Kabupaten Bandung Barat,Cililin,paud,69738207,RA/BA/TA HARAPAN BUNDA 2,Kp. Bojong Kerta Rt 06 Rw 05,Bongas,SWASTA,https://referensi.data.kemendikdasmen.go.id/pendidikan/npsn/69738207
Kabupaten Bandung Barat,Cililin,paud,69738208,RA/BA/TA ISTIQOMAH,Jl.raya Sindangkerta,Karanganyar,SWASTA,https://referensi.data.kemendikdasmen.go.id/pendidikan/npsn/69738208
Kabupaten Bandung Barat,Cililin,paud,69738209,RA/BA/TA MIFTAHUSSALAM,Kp. Perlas 02 Rw 07,Kec. Cililin,SWASTA,https://referensi.data.kemendikdasmen.go.id/pendidikan/npsn/69738209
Kabupaten Bandung Barat,Cililin,paud,69738210,RA/BA/TA NUR ADNI,Kp. Sukamulya Rt 01 Rw 06,Karyamukti,SWASTA,https://referensi.data.kemendikdasmen.go.id/pendidikan/npsn/69738210
Kabupaten Bandung Barat,Cililin,paud,69738211,RA/BA/TA NURUL FALAH,Kp. Saar Mutiara Rt 03 Rw 06,Karyamukti,SWASTA,https://referensi.data.kemendikdasmen.go.id/pendidikan/npsn/69738211
Kabupaten Bandung Barat,Cililin,paud,69738212,RA/BA/TA NURUL HIDAYAH,Kp. Sukatengah Rt 03 Rw 05,Karangtanjung,SWASTA,https://referensi.data.kemendikdasmen.go.id/pendidikan/npsn/69738212
Kabupaten Bandung Barat,Cililin,paud,69738213,RA/BA/TA NURUL ILMI,Kp. Cikenung Rt 03 Rw 05,Karyamukti,SWASTA,https://referensi.data.kemendikdasmen.go.id/pendidikan/npsn/69738213
Kabupaten Bandung Barat,Cililin,paud,69738215,RA/BA/TA RAEHANUL ULUM,Kp. Manapa Rt 01 Rw 04,Karyamukti,SWASTA,https://referensi.data.kemendikdasmen.go.id/pendidikan/npsn/69738215
Kabupaten Bandung Barat,Cililin,paud,69738216,RA/BA/TA SABILIL MUTTAQIN,Jl. Raya Cililin Kp. Sumur Bandung Rt 01 Rw 02,Rancapanggung,SWASTA,https://referensi.data.kemendikdasmen.go.id/pendidikan/npsn/69738216
Kabupaten Bandung Barat,Cililin,paud,69738217,RA/BA/TA SITI KHADIJAH,Kp. Kandangsapi Rt 02 Rw 17,Bongas,SWASTA,https://referensi.data.kemendikdasmen.go.id/pendidikan/npsn/69738217
Kabupaten Bandung Barat,Cililin,paud,69835840,RAUDHATUL KASYFI AL HUDA,BOBOJONG,Mukapayung,SWASTA,https://referensi.data.kemendikdasmen.go.id/pendidikan/npsn/69835840
Kabupaten Bandung Barat,Cililin,paud,69836156,RIYADUL MUTAQIN,KP. POPONCOL RT 01/07,Mukapayung,SWASTA,https://referensi.data.kemendikdasmen.go.id/pendidikan/npsn/69836156
Kabupaten Bandung Barat,Cililin,paud,69835858,SABILILMUTTAQIN,SUMUR BANDUNG,Cililin,SWASTA,https://referensi.data.kemendikdasmen.go.id/pendidikan/npsn/69835858
Kabupaten Bandung Barat,Cililin,paud,69835878,SARTIKA,CIRIRIP,Mukapayung,SWASTA,https://referensi.data.kemendikdasmen.go.id/pendidikan/npsn/69835878
Kabupaten Bandung Barat,Cililin,paud,69976569,SPS AL AKBAR,Kp. Sampora Rt 02 Rw 08,Karanganyar,SWASTA,https://referensi.data.kemendikdasmen.go.id/pendidikan/npsn/69976569
Kabupaten Bandung Barat,Cililin,paud,69922751,SPS AL AMANAH,Kp. Ranca Ucit Rt.04/06,Rancapanggung,SWASTA,https://referensi.data.kemendikdasmen.go.id/pendidikan/npsn/69922751
Kabupaten Bandung Barat,Cililin,paud,69926725,SPS AL FATTAH,Kp. Pasir Panjang Rt.06 Rw.01,Rancapanggung,SWASTA,https://referensi.data.kemendikdasmen.go.id/pendidikan/npsn/69926725
Kabupaten Bandung Barat,Cililin,paud,69935234,SPS AL MUHAJIRIN,Kp. Pasirtugu Rt.04 Rw.16 Ds. Bongas,Bongas,SWASTA,https://referensi.data.kemendikdasmen.go.id/pendidikan/npsn/69935234
Kabupaten Bandung Barat,Cililin,paud,69935232,SPS AN NAJAH,Kp. CIbungur Rt.01 Rw.13,Bongas,SWASTA,https://referensi.data.kemendikdasmen.go.id/pendidikan/npsn/69935232
Kabupaten Bandung Barat,Cililin,paud,69971510,SPS AS SYIFA,Kp. Kebon Dalapan Rt 05/08 Ds. Rancapanggung,Rancapanggung,SWASTA,https://referensi.data.kemendikdasmen.go.id/pendidikan/npsn/69971510
Kabupaten Bandung Barat,Cililin,paud,69955565,SPS ASA-AYOSO,Kampung Tegalaja Rt. 02 Rw. 03,Mukapayung,SWASTA,https://referensi.data.kemendikdasmen.go.id/pendidikan/npsn/69955565
Kabupaten Bandung Barat,Cililin,paud,69935849,SPS HIKMAH NUR ROHMAN,Kp. Jaladri Rt.01 Rw.09,Karangtanjung,SWASTA,https://referensi.data.kemendikdasmen.go.id/pendidikan/npsn/69935849
Kabupaten Bandung Barat,Cililin,paud,69922251,SPS NURUL IHSAN,Kp. Wangun Rt.02 Rw.01,Karyamukti,SWASTA,https://referensi.data.kemendikdasmen.go.id/pendidikan/npsn/69922251
Kabupaten Bandung Barat,Cililin,paud,69836161,SPS PKK MELATI,DAYEUH LUHUR RT 01/06,Batulayang,SWASTA,https://referensi.data.kemendikdasmen.go.id/pendidikan/npsn/69836161
Kabupaten Bandung Barat,Cililin,paud,69935850,SPS TAAM MAHABBAH,Kp. Saar Mutiara Rt. 04 Rw.07,Karangtanjung,SWASTA,https://referensi.data.kemendikdasmen.go.id/pendidikan/npsn/69935850
Kabupaten Bandung Barat,Cililin,paud,69922740,SPS TAMISA,Jl. Pongpok Rt.02 Rw.05,Karyamukti,SWASTA,https://referensi.data.kemendikdasmen.go.id/pendidikan/npsn/69922740
Kabupaten Bandung Barat,Cililin,paud,69891562,SPS TUNAS BANGSA,KP.CANGKUANG RT 04 RW 02,Karanganyar,SWASTA,https://referensi.data.kemendikdasmen.go.id/pendidikan/npsn/69891562
Kabupaten Bandung Barat,Cililin,paud,69835857,SUMUR BANDUNG,JL. RAYA CILILIN,Cililin,SWASTA,https://referensi.data.kemendikdasmen.go.id/pendidikan/npsn/69835857
Kabupaten Bandung Barat,Cililin,paud,70055630,TK AR RAZKY,Kp. Pasirkadu RT. 001 RW. 008,Mukapayung,SWASTA,https://referensi.data.kemendikdasmen.go.id/pendidikan/npsn/70055630
Kabupaten Bandung Barat,Cililin,paud,20267450,TK BINA BANGSA ASH SHIDIQ,Kp. Cileutik Rt 04 Rw 17,Mukapayung,SWASTA,https://referensi.data.kemendikdasmen.go.id/pendidikan/npsn/20267450
Kabupaten Bandung Barat,Cililin,paud,69964070,TK DARUL JAMAN,Kp. Citaragtag Rt.01/13,Mukapayung,SWASTA,https://referensi.data.kemendikdasmen.go.id/pendidikan/npsn/69964070
Kabupaten Bandung Barat,Cililin,paud,20267477,TK ISLAM ARAFAH,JL PASIR JATI,Mukapayung,SWASTA,https://referensi.data.kemendikdasmen.go.id/pendidikan/npsn/20267477
Kabupaten Bandung Barat,Cililin,paud,70040396,TK NEGERI CILILIN,Jl. Cinta Karya No.65,Cililin,NEGERI,https://referensi.data.kemendikdasmen.go.id/pendidikan/npsn/70040396
Kabupaten Bandung Barat,Cililin,paud,70055323,TK NURUL HIDAYAH,Kp. Babakan RT.03 RW.06,Cililin,SWASTA,https://referensi.data.kemendikdasmen.go.id/pendidikan/npsn/70055323
Kabupaten Bandung Barat,Cililin,paud,70042706,TK PELITA HATI,Kp. Rancapanggung RT. 004 RW. 008,Rancapanggung,SWASTA,https://referensi.data.kemendikdasmen.go.id/pendidikan/npsn/70042706
Kabupaten Bandung Barat,Cililin,paud,69835716,TK PLUS HASANATUL HUDA,Tangan-Tangan Rw. 16,Bongas,SWASTA,https://referensi.data.kemendikdasmen.go.id/pendidikan/npsn/69835716
Kabupaten Bandung Barat,Cililin,paud,70050784,TK PLUS MUTIARA BUNDA,Jl. Datarmanggu RT. 003 RW. 010,Bongas,SWASTA,https://referensi.data.kemendikdasmen.go.id/pendidikan/npsn/70050784
Kabupaten Bandung Barat,Cililin,paud,69971741,TK SAHABAT MENTARI,JL. TANJUNGSARI RT 04 RW 09,Bongas,SWASTA,https://referensi.data.kemendikdasmen.go.id/pendidikan/npsn/69971741
Kabupaten Bandung Barat,Cililin,paud,20267539,TK SUMUR BANDUNG,JL PASAR CILILIN,Cililin,SWASTA,https://referensi.data.kemendikdasmen.go.id/pendidikan/npsn/20267539
Kabupaten Bandung Barat,Cihampelas,paud,69835885,KB Al-Hikmah,JL. Raya Citapen No 32,Citapen,SWASTA,https://referensi.data.kemendikdasmen.go.id/pendidikan/npsn/69835885
Kabupaten Bandung Barat,Cihampelas,paud,69836197,SPS AZ ZAHRA,Kp.CI AJAG RT.03 RW.04,Tanjungjaya,SWASTA,https://referensi.data.kemendikdasmen.go.id/pendidikan/npsn/69836197
Kabupaten Bandung Barat,Cihampelas,paud,69836205,SPS BUNGA HARAPAN,KP. WARUDOYONG RT.02 RW.03,Mekarjaya,SWASTA,https://referensi.data.kemendikdasmen.go.id/pendidikan/npsn/69836205
Kabupaten Bandung Barat,Cihampelas,paud,69836203,SPS DAHLIA KUNING,JL. LAPANG CIPULUS MAROKO RT.01 RW.02,Mekarjaya,SWASTA,https://referensi.data.kemendikdasmen.go.id/pendidikan/npsn/69836203
Kabupaten Bandung Barat,Cihampelas,paud,69836189,SPS MAWAR,KP. BABAKAN CIANJUR RT. 07 RW. 03,Cihampelas,SWASTA,https://referensi.data.kemendikdasmen.go.id/pendidikan/npsn/69836189
Kabupaten Bandung Barat,Cihampelas,paud,69986758,KB AL IKHLAS,KP. CINTA KARYA RT 02 RW 05,Citapen,SWASTA,https://referensi.data.kemendikdasmen.go.id/pendidikan/npsn/69986758
Kabupaten Bandung Barat,Cihampelas,paud,69891508,KB AL-ABDANI,JL. Pembangunan RT.01 RW.09,Cihampelas,SWASTA,https://referensi.data.kemendikdasmen.go.id/pendidikan/npsn/69891508
Kabupaten Bandung Barat,Cihampelas,paud,69835889,KB ALHUSNA,Kp.Cisarongge Sasak Bubur RT.03 RW.10,Mekarmukti,SWASTA,https://referensi.data.kemendikdasmen.go.id/pendidikan/npsn/69835889
Kabupaten Bandung Barat,Cihampelas,paud,69835883,KB BAHRUL AMIN CEBA,Jl. Raya Ciraden RT.06 RW.03,Citapen,SWASTA,https://referensi.data.kemendikdasmen.go.id/pendidikan/npsn/69835883
Kabupaten Bandung Barat,Cihampelas,paud,69835895,KB DARUL HIDAYAH,KP. MAROKO RT.06 RW.01,Mekarjaya,SWASTA,https://referensi.data.kemendikdasmen.go.id/pendidikan/npsn/69835895
Kabupaten Bandung Barat,Cihampelas,paud,69968593,KB Lulu Galby,Kp. Cicalengka Rt.06 Rw.04,Mekarmukti,SWASTA,https://referensi.data.kemendikdasmen.go.id/pendidikan/npsn/69968593
Kabupaten Bandung Barat,Cihampelas,paud,69835893,KB RAUDLATUL JANNAH,KP. SUKAGUNA RT.01 RW.07,Mekarjaya,SWASTA,https://referensi.data.kemendikdasmen.go.id/pendidikan/npsn/69835893
Kabupaten Bandung Barat,Cihampelas,paud,69835896,KB RIYADLUSHSHOLIHIN,KP. CIBALOK RT.02 RW.05,Mekarjaya,SWASTA,https://referensi.data.kemendikdasmen.go.id/pendidikan/npsn/69835896
Kabupaten Bandung Barat,Cihampelas,paud,69835882,KB Tarbiyatun Najah,Kp. Babakan Tarogong RT.01 RW.06,Citapen,SWASTA,https://referensi.data.kemendikdasmen.go.id/pendidikan/npsn/69835882
Kabupaten Bandung Barat,Cihampelas,paud,70057985,KB YAHISHA,Kp. Cihamirung RT. 002 RW. 011,Mekarjaya,SWASTA,https://referensi.data.kemendikdasmen.go.id/pendidikan/npsn/70057985
Kabupaten Bandung Barat,Cihampelas,paud,70051864,KOBER AL HIDAYAH,Kp. BAHUBANG RT. 002 RW.007,Situwangi,SWASTA,https://referensi.data.kemendikdasmen.go.id/pendidikan/npsn/70051864
Kabupaten Bandung Barat,Cihampelas,paud,70051862,KOBER AL HUSNA,Kp. Pojok RT 002 RW 011,Situwangi,SWASTA,https://referensi.data.kemendikdasmen.go.id/pendidikan/npsn/70051862
Kabupaten Bandung Barat,Cihampelas,paud,69836176,KOBER AS SYIFFA,Kp. Patrol RT.01 RW.08,Pataruman,SWASTA,https://referensi.data.kemendikdasmen.go.id/pendidikan/npsn/69836176
Kabupaten Bandung Barat,Cihampelas,paud,70051861,KOBER ASH-SHIDIQ,Kp. Balakasap RT. 001 RW. 002,Pataruman,SWASTA,https://referensi.data.kemendikdasmen.go.id/pendidikan/npsn/70051861
Kabupaten Bandung Barat,Cihampelas,paud,70051552,KOBER CERIA,KP. JAYA MEKAR RT 004 RW 008,Cipatik,SWASTA,https://referensi.data.kemendikdasmen.go.id/pendidikan/npsn/70051552
Kabupaten Bandung Barat,Cihampelas,paud,70055587,KOBER MAWAR MERAH,Kp. Bahubang RT. 002 RW. 006,Situwangi,SWASTA,https://referensi.data.kemendikdasmen.go.id/pendidikan/npsn/70055587
Kabupaten Bandung Barat,Cihampelas,paud,70034179,KOBER PELITA BANGSA,PERUMAHAN ALAM SANGGAR INDAH CLUSTER LAVENDER 3 No. 6 RT. 03/ RW. 12,Citapen,SWASTA,https://referensi.data.kemendikdasmen.go.id/pendidikan/npsn/70034179
Kabupaten Bandung Barat,Cihampelas,paud,70054061,PAUD KOBER KITABUNAA,Komplek Puri Indah Cihampelas Blok E10 No.1 RT. 007 RW. 005,Citapen,SWASTA,https://referensi.data.kemendikdasmen.go.id/pendidikan/npsn/70054061
Kabupaten Bandung Barat,Cihampelas,paud,70058375,PAUDQ AL-HIDAYAH,PERUM ALAM SANGGAR INDAH CLUSTER SERUNI 6 NO 4 RT 7 RW 13,Citapen,SWASTA,https://referensi.data.kemendikdasmen.go.id/pendidikan/npsn/70058375
Kabupaten Bandung Barat,Cihampelas,paud,70039412,PAUDQ. AL BAIHAQI,KP. BALAKASAP,Pataruman,SWASTA,https://referensi.data.kemendikdasmen.go.id/pendidikan/npsn/70039412
Kabupaten Bandung Barat,Cihampelas,paud,70039242,PAUDQ. AL MUHAJIRIN,PERUM ALAM SANGGAR INDAH,Citapen,SWASTA,https://referensi.data.kemendikdasmen.go.id/pendidikan/npsn/70039242
Kabupaten Bandung Barat,Cihampelas,paud,69854614,RA An-Nisa Al Mukhtariyah Mande,Kp. Sayuran Rt 01 Rw 09,Pataruman,SWASTA,https://referensi.data.kemendikdasmen.go.id/pendidikan/npsn/69854614
Kabupaten Bandung Barat,Cihampelas,paud,69738167,RA Mutiara Qolbu,Jl. Raya Cihampelas No. 167 RT 02 RW 02,Cihampelas,SWASTA,https://referensi.data.kemendikdasmen.go.id/pendidikan/npsn/69738167
Kabupaten Bandung Barat,Cihampelas,paud,70045260,RA Uswatun Hasanah,Kp. Cisalak RT 01 RW 02,Kec. Cihampelas,SWASTA,https://referensi.data.kemendikdasmen.go.id/pendidikan/npsn/70045260
Kabupaten Bandung Barat,Cihampelas,paud,69738286,RA/BA/TA AL HIDAYAH,Kp. Pasir Peundeuy Rt 01 Rw 09,Pataruman,SWASTA,https://referensi.data.kemendikdasmen.go.id/pendidikan/npsn/69738286
Kabupaten Bandung Barat,Cihampelas,paud,69738145,RA/BA/TA AL-ABDANI,Kp. Salakopi Rt 01 Rw 09,Cihampelas,SWASTA,https://referensi.data.kemendikdasmen.go.id/pendidikan/npsn/69738145
Kabupaten Bandung Barat,Cihampelas,paud,69738146,RA/BA/TA AL-AMIN,Kp. Maroko Rt 08 Rw 02,Cihampelas,SWASTA,https://referensi.data.kemendikdasmen.go.id/pendidikan/npsn/69738146
Kabupaten Bandung Barat,Cihampelas,paud,69738147,RA/BA/TA AL-FURQON,Kp. Sukalilah Rt 04 Rw 07,Cipatik,SWASTA,https://referensi.data.kemendikdasmen.go.id/pendidikan/npsn/69738147
Kabupaten Bandung Barat,Cihampelas,paud,69738149,RA/BA/TA AL-HIDAYAH CITAPEN,Jl. Raya Citapen Rt 03 Rw 02,Citapen,SWASTA,https://referensi.data.kemendikdasmen.go.id/pendidikan/npsn/69738149
Kabupaten Bandung Barat,Cihampelas,paud,69738150,RA/BA/TA AL-HIKMAH NAGRAK,Kp. Nagrak Rt 03 Rw 06,Mekarmukti,SWASTA,https://referensi.data.kemendikdasmen.go.id/pendidikan/npsn/69738150
Kabupaten Bandung Barat,Cihampelas,paud,69738151,RA/BA/TA AL-HUDA,Kp. Gunung Dukuh Rt 03 Rw 03,Kec. Cihampelas,SWASTA,https://referensi.data.kemendikdasmen.go.id/pendidikan/npsn/69738151
Kabupaten Bandung Barat,Cihampelas,paud,69738152,RA/BA/TA AL-IKHLAS,Kp. Cicalengka Rt 04 Rw 03,Mekarmukti,SWASTA,https://referensi.data.kemendikdasmen.go.id/pendidikan/npsn/69738152
Kabupaten Bandung Barat,Cihampelas,paud,69738153,RA/BA/TA AL-MU AWWANAH,Kp. Rongga Rt 01 Rw 06,Kec. Cihampelas,SWASTA,https://referensi.data.kemendikdasmen.go.id/pendidikan/npsn/69738153
Kabupaten Bandung Barat,Cihampelas,paud,69738155,RA/BA/TA AL-MUNAWAROH,Kp. Sukatengah Rt 04 Rw 03,Situwangi,SWASTA,https://referensi.data.kemendikdasmen.go.id/pendidikan/npsn/69738155
Kabupaten Bandung Barat,Cihampelas,paud,69738156,RA/BA/TA AL-MUNTAHARI,Kp. Cilambuuh,Kec. Cihampelas,SWASTA,https://referensi.data.kemendikdasmen.go.id/pendidikan/npsn/69738156
Kabupaten Bandung Barat,Cihampelas,paud,69738144,RA/BA/TA AR-RAHMAH CICALENGKA,Kp. Cicalengka Rt 06 Rw 03,Citapen,SWASTA,https://referensi.data.kemendikdasmen.go.id/pendidikan/npsn/69738144
Kabupaten Bandung Barat,Cihampelas,paud,69738157,RA/BA/TA AR-RAHMAH GOLEWANG,Kp. Golewang Rt 03 Rw10,Kec. Cihampelas,SWASTA,https://referensi.data.kemendikdasmen.go.id/pendidikan/npsn/69738157
Kabupaten Bandung Barat,Cihampelas,paud,69738158,RA/BA/TA ASSAIDIYAH,Kp. Citapen Kidul Rt 06 Rw 05,Citapen,SWASTA,https://referensi.data.kemendikdasmen.go.id/pendidikan/npsn/69738158
Kabupaten Bandung Barat,Cihampelas,paud,69738159,RA/BA/TA AT-TAQWA,Jl. Pajagalan No. 5 Rt 02 Rw 02,Pataruman,SWASTA,https://referensi.data.kemendikdasmen.go.id/pendidikan/npsn/69738159
Kabupaten Bandung Barat,Cihampelas,paud,69738160,RA/BA/TA DAARUL HIKMAH,Kp. Bunisari Rt 02 Rw 10,Cipatik,SWASTA,https://referensi.data.kemendikdasmen.go.id/pendidikan/npsn/69738160
Kabupaten Bandung Barat,Cihampelas,paud,69738161,RA/BA/TA DARUL FALAH,Jl. Cihampelas Rt 05 Rw 02,Cihampelas,SWASTA,https://referensi.data.kemendikdasmen.go.id/pendidikan/npsn/69738161
Kabupaten Bandung Barat,Cihampelas,paud,69738162,RA/BA/TA HUSNUL KHOTIMAH,Jl. Babakan Irigasi Rt 06 Rw 04,Kec. Cihampelas,SWASTA,https://referensi.data.kemendikdasmen.go.id/pendidikan/npsn/69738162
Kabupaten Bandung Barat,Cihampelas,paud,69738163,RA/BA/TA KHAIUMMAH,Kp. Cihurang Rt 01 Rw 04,Situwangi,SWASTA,https://referensi.data.kemendikdasmen.go.id/pendidikan/npsn/69738163
Kabupaten Bandung Barat,Cihampelas,paud,69738164,RA/BA/TA MIFTAHUL FALAH,Kp. Selakopi Rt 06 Rw 08,Cipatik,SWASTA,https://referensi.data.kemendikdasmen.go.id/pendidikan/npsn/69738164
Kabupaten Bandung Barat,Cihampelas,paud,69738165,RA/BA/TA MIFTAHUL HIDAYAH,Kp. Cilimus RT 03 RW 11,Tanjungjaya,SWASTA,https://referensi.data.kemendikdasmen.go.id/pendidikan/npsn/69738165
Kabupaten Bandung Barat,Cihampelas,paud,69738166,RA/BA/TA MUSLIMIN AWILARANGAN,Kp. Awilarangan Rt 08 Rw 07,Pataruman,SWASTA,https://referensi.data.kemendikdasmen.go.id/pendidikan/npsn/69738166
Kabupaten Bandung Barat,Cihampelas,paud,69738168,RA/BA/TA NURUL HIKMAH,Jl. Raya Bbs Kp. Saapan Rt 02 Rw 02,Singajaya,SWASTA,https://referensi.data.kemendikdasmen.go.id/pendidikan/npsn/69738168
Kabupaten Bandung Barat,Cihampelas,paud,69738169,RA/BA/TA NURUL INAYAH,Kp. Palayangan Rt 03 Rw 05,Pataruman,SWASTA,https://referensi.data.kemendikdasmen.go.id/pendidikan/npsn/69738169
Kabupaten Bandung Barat,Cihampelas,paud,69738170,RA/BA/TA PERSIS 155 AL-FALAH,Kp. Nagrak Rt 04 Rw 06,Mekarmukti,SWASTA,https://referensi.data.kemendikdasmen.go.id/pendidikan/npsn/69738170
Kabupaten Bandung Barat,Cihampelas,paud,69738171,RA/BA/TA PERSIS NO. 111 AL-HIKMAH,Kp. Citapen Rt 04 Rw 03,Citapen,SWASTA,https://referensi.data.kemendikdasmen.go.id/pendidikan/npsn/69738171
Kabupaten Bandung Barat,Cihampelas,paud,69738172,RA/BA/TA RAUDATUL IRFAN,Kp. Tembong Sari No. 45 Rt 03 Rw 03,Citapen,SWASTA,https://referensi.data.kemendikdasmen.go.id/pendidikan/npsn/69738172
Kabupaten Bandung Barat,Cihampelas,paud,69738173,RA/BA/TA TARBIYATUN NAJAH,Kp. Rancamanjah Rt 06 Rw 06,Pataruman,SWASTA,https://referensi.data.kemendikdasmen.go.id/pendidikan/npsn/69738173
Kabupaten Bandung Barat,Cihampelas,paud,69976171,RIYADLUSHOLIHIN,Kp. Cibalok RT 02/05,Mekarjaya,SWASTA,https://referensi.data.kemendikdasmen.go.id/pendidikan/npsn/69976171
Kabupaten Bandung Barat,Cihampelas,paud,69976170,SHIFATUL ULYA,Kp. Cipadung RT 03/03,Singajaya,SWASTA,https://referensi.data.kemendikdasmen.go.id/pendidikan/npsn/69976170
Kabupaten Bandung Barat,Cihampelas,paud,69929946,SPS AL QURAN MANAARUL HUDA,Kp. Cisarongge RT.O2 RW.11,Mekarmukti,SWASTA,https://referensi.data.kemendikdasmen.go.id/pendidikan/npsn/69929946
Kabupaten Bandung Barat,Cihampelas,paud,69891565,SPS AL-BAROKAH,Kp. Garung RT.01 RW.07,Pataruman,SWASTA,https://referensi.data.kemendikdasmen.go.id/pendidikan/npsn/69891565
Kabupaten Bandung Barat,Cihampelas,paud,69836194,SPS AL-FATHONAH,JL. CIHAMPELAS RT.04 RW.02,Cihampelas,SWASTA,https://referensi.data.kemendikdasmen.go.id/pendidikan/npsn/69836194
Kabupaten Bandung Barat,Cihampelas,paud,69836169,SPS ANGGREK 1,KP. CISALAK RT.02 RW.03,Tanjungwangi,SWASTA,https://referensi.data.kemendikdasmen.go.id/pendidikan/npsn/69836169
Kabupaten Bandung Barat,Cihampelas,paud,69836191,SPS ANGGREK BIRU,Jl. CIPANJI RT.02 RW.12,Cihampelas,SWASTA,https://referensi.data.kemendikdasmen.go.id/pendidikan/npsn/69836191
Kabupaten Bandung Barat,Cihampelas,paud,69836167,SPS ANGGREK II,KP. CIBUNAR RT. 04 RW.05,Tanjungwangi,SWASTA,https://referensi.data.kemendikdasmen.go.id/pendidikan/npsn/69836167
Kabupaten Bandung Barat,Cihampelas,paud,69836179,SPS ANGGREK PUTIH,Kp. BUNISARI RT. 02 RW. 06,Pataruman,SWASTA,https://referensi.data.kemendikdasmen.go.id/pendidikan/npsn/69836179
Kabupaten Bandung Barat,Cihampelas,paud,69836172,SPS ANGGREK PUTIH,Kp. CICAPAR RT.002 RW.003,Situwangi,SWASTA,https://referensi.data.kemendikdasmen.go.id/pendidikan/npsn/69836172
Kabupaten Bandung Barat,Cihampelas,paud,69836206,SPS ANGGREK PUTIH,KP. PARIGI RT. 01 /01,Mekarjaya,SWASTA,https://referensi.data.kemendikdasmen.go.id/pendidikan/npsn/69836206
Kabupaten Bandung Barat,Cihampelas,paud,69836187,SPS ANNISA,KP. CICALENGKA RT. 05 / RW. 06,Mekarmukti,SWASTA,https://referensi.data.kemendikdasmen.go.id/pendidikan/npsn/69836187
Kabupaten Bandung Barat,Cihampelas,paud,69836200,SPS ANNUR,KP. NYANGEGENG RT.02 RW.11,Tanjungjaya,SWASTA,https://referensi.data.kemendikdasmen.go.id/pendidikan/npsn/69836200
Kabupaten Bandung Barat,Cihampelas,paud,69965061,SPS ASY SYADIAH,Kp. Pasar Rt.03 Rw.02,Mekarmukti,SWASTA,https://referensi.data.kemendikdasmen.go.id/pendidikan/npsn/69965061
Kabupaten Bandung Barat,Cihampelas,paud,69836201,SPS AT TAQWA,JL. SUKATENGAH RT.02 RW.03,Tanjungjaya,SWASTA,https://referensi.data.kemendikdasmen.go.id/pendidikan/npsn/69836201
Kabupaten Bandung Barat,Cihampelas,paud,69836202,SPS BUNGA ASTER,KP. PASIR PENDEUY RT.03 RW.09,Mekarjaya,SWASTA,https://referensi.data.kemendikdasmen.go.id/pendidikan/npsn/69836202
Kabupaten Bandung Barat,Cihampelas,paud,69891567,SPS BUNGA PLAMBOYAN,Kp. Cilambuuh RT.03 RW.08,Mekarjaya,SWASTA,https://referensi.data.kemendikdasmen.go.id/pendidikan/npsn/69891567
Kabupaten Bandung Barat,Cihampelas,paud,69836199,SPS CAHAYA,KP. RANCARIRIP RT.02 RW.02,Tanjungjaya,SWASTA,https://referensi.data.kemendikdasmen.go.id/pendidikan/npsn/69836199
Kabupaten Bandung Barat,Cihampelas,paud,69836171,SPS CEMPAKA,Kp. Pojok RT.01 RW.07,Tanjungwangi,SWASTA,https://referensi.data.kemendikdasmen.go.id/pendidikan/npsn/69836171
Kabupaten Bandung Barat,Cihampelas,paud,69836177,SPS CEMPAKA 1,Kp .Cempaka RT.08 RW.01,Pataruman,SWASTA,https://referensi.data.kemendikdasmen.go.id/pendidikan/npsn/69836177
Kabupaten Bandung Barat,Cihampelas,paud,69836184,SPS DARUL HASANAH,KP. NEGLASARI RT.02 RW.07,Citapen,SWASTA,https://referensi.data.kemendikdasmen.go.id/pendidikan/npsn/69836184
Kabupaten Bandung Barat,Cihampelas,paud,69836188,SPS HARAPAN BANGSA,Kp. Rongga RT.05 RW.07,Cihampelas,SWASTA,https://referensi.data.kemendikdasmen.go.id/pendidikan/npsn/69836188
Kabupaten Bandung Barat,Cihampelas,paud,70052063,SPS KENANGA,Kp Cicalengka RT001 RW 003,Mekarmukti,SWASTA,https://referensi.data.kemendikdasmen.go.id/pendidikan/npsn/70052063
Kabupaten Bandung Barat,Cihampelas,paud,69836185,SPS KUMBANG MELATI,Jl. Citapen Kidul RT.02 RW.04,Citapen,SWASTA,https://referensi.data.kemendikdasmen.go.id/pendidikan/npsn/69836185
Kabupaten Bandung Barat,Cihampelas,paud,69836198,SPS LESTARY,"Kp, Mareleng RT. 01 RW. 09",Tanjungjaya,SWASTA,https://referensi.data.kemendikdasmen.go.id/pendidikan/npsn/69836198
Kabupaten Bandung Barat,Cihampelas,paud,69836204,SPS MAWAR MERAH,Kp. SADANG RT.03 RW.06,Mekarjaya,SWASTA,https://referensi.data.kemendikdasmen.go.id/pendidikan/npsn/69836204
Kabupaten Bandung Barat,Cihampelas,paud,69891563,SPS MAWAR PUTIH,KP. SITUWANGI RT.03 RW.12,Situwangi,SWASTA,https://referensi.data.kemendikdasmen.go.id/pendidikan/npsn/69891563
Kabupaten Bandung Barat,Cihampelas,paud,69836190,SPS MELATI,KP. BABAKAN CIANJUR RT.02 RW.04,Cihampelas,SWASTA,https://referensi.data.kemendikdasmen.go.id/pendidikan/npsn/69836190
Kabupaten Bandung Barat,Cihampelas,paud,69836178,SPS MELATI,KP. BALAKASAP RT. 01 RW. 04,Pataruman,SWASTA,https://referensi.data.kemendikdasmen.go.id/pendidikan/npsn/69836178
Kabupaten Bandung Barat,Cihampelas,paud,69836168,SPS MELATI 02,"KP. Cisalak RT,03 RW.02",Tanjungwangi,SWASTA,https://referensi.data.kemendikdasmen.go.id/pendidikan/npsn/69836168
Kabupaten Bandung Barat,Cihampelas,paud,69836166,SPS NURROHMAN,JL. Nyalindung RT.04 RW.02,Singajaya,SWASTA,https://referensi.data.kemendikdasmen.go.id/pendidikan/npsn/69836166
Kabupaten Bandung Barat,Cihampelas,paud,69836180,SPS Nurul Huda,JL. Terusan soreang cipatik RT.02 RW.05,Pataruman,SWASTA,https://referensi.data.kemendikdasmen.go.id/pendidikan/npsn/69836180
Kabupaten Bandung Barat,Cihampelas,paud,69929948,SPS NUSA INDAH,Kp. Rancakuda Rt.01 Rw.01,Citapen,SWASTA,https://referensi.data.kemendikdasmen.go.id/pendidikan/npsn/69929948
Kabupaten Bandung Barat,Cihampelas,paud,69967327,SPS PESONA BUNDA,Kp. Pasar Rt.01 Rw.02,Mekarmukti,SWASTA,https://referensi.data.kemendikdasmen.go.id/pendidikan/npsn/69967327
Kabupaten Bandung Barat,Cihampelas,paud,69929895,SPS SHOKA LUMIGAR,Kp. Cisarongge RT.03 RW.01,Mekarmukti,SWASTA,https://referensi.data.kemendikdasmen.go.id/pendidikan/npsn/69929895
Kabupaten Bandung Barat,Cihampelas,paud,69836192,SPS TAAM Ar-rahman,Kp. Salakopi RT.05 RW.05,Cihampelas,SWASTA,https://referensi.data.kemendikdasmen.go.id/pendidikan/npsn/69836192
Kabupaten Bandung Barat,Cihampelas,paud,69836195,SPS TERATAI,Kp.AWILARANGAN RT. 07 RW. 07,Mekarmukti,SWASTA,https://referensi.data.kemendikdasmen.go.id/pendidikan/npsn/69836195
Kabupaten Bandung Barat,Cihampelas,paud,69836174,SPS TULIP,JL. Balakasap RT.04 RW.03,Pataruman,SWASTA,https://referensi.data.kemendikdasmen.go.id/pendidikan/npsn/69836174
Kabupaten Bandung Barat,Cihampelas,paud,69971744,TK ADZIKRA,PERUM PESONA PRIMA CITAPEN BLOK B1 NO.48 RT 01 RW 08,Citapen,SWASTA,https://referensi.data.kemendikdasmen.go.id/pendidikan/npsn/69971744
Kabupaten Bandung Barat,Cihampelas,paud,69996120,TK AL ZHAFRAH,Perum Bumi Citra Indah Blok N7 RT.05 RW.06,Pataruman,SWASTA,https://referensi.data.kemendikdasmen.go.id/pendidikan/npsn/69996120
Kabupaten Bandung Barat,Cihampelas,paud,69956362,TK AL-LATIEF NURSALAM,Kp. Cihamirung No. 16 RT.005 RW.004,Mekarjaya,SWASTA,https://referensi.data.kemendikdasmen.go.id/pendidikan/npsn/69956362
Kabupaten Bandung Barat,Cihampelas,paud,69835718,TK AN NIDA,KP. SUKAGUNA RT.02 RW.07,Mekarjaya,SWASTA,https://referensi.data.kemendikdasmen.go.id/pendidikan/npsn/69835718
Kabupaten Bandung Barat,Cihampelas,paud,69917791,TK ANGGREK,Kp. Tambakan RT.01 RT.04,Cipatik,SWASTA,https://referensi.data.kemendikdasmen.go.id/pendidikan/npsn/69917791
Kabupaten Bandung Barat,Cihampelas,paud,69836173,TK ANGGREK UNGU,KP. PAOJAN RT 002 RW 010,Situwangi,SWASTA,https://referensi.data.kemendikdasmen.go.id/pendidikan/npsn/69836173
Kabupaten Bandung Barat,Cihampelas,paud,69993037,TK BINA INSAN QURANI,PERUM ALAM SANGGAR INDAH CLUSTER KEMUNING 64 NO.8,Citapen,SWASTA,https://referensi.data.kemendikdasmen.go.id/pendidikan/npsn/69993037
Kabupaten Bandung Barat,Cihampelas,paud,70063995,TK INKLUSI UMI HAMZAH,Komplek Bumi Citra Indah 2 Blok K8 No. 33-34 RT. 0 RW. 010,Kec. Cihampelas,SWASTA,https://referensi.data.kemendikdasmen.go.id/pendidikan/npsn/70063995
Kabupaten Bandung Barat,Cihampelas,paud,70053682,TK INSAN KAMIL,Puri Indah Cihampelas Blok I1 No. 27 RT. 003 RW. 005,Citapen,SWASTA,https://referensi.data.kemendikdasmen.go.id/pendidikan/npsn/70053682
Kabupaten Bandung Barat,Cihampelas,paud,69917793,TK MELATI,Kp. Cibinong RT.01 RW.01,Tanjungwangi,SWASTA,https://referensi.data.kemendikdasmen.go.id/pendidikan/npsn/69917793
Kabupaten Bandung Barat,Cihampelas,paud,69956293,TK MUKHTARUL UMMAH,Jalan Cihampelas No. 43 Cipanji Rt.01 Rw.01,Cihampelas,SWASTA,https://referensi.data.kemendikdasmen.go.id/pendidikan/npsn/69956293
Kabupaten Bandung Barat,Cihampelas,paud,69971742,TK MUTIARA,Perumahan Nuansa Bukit Cihampelas RT.002 RW.012,Singajaya,SWASTA,https://referensi.data.kemendikdasmen.go.id/pendidikan/npsn/69971742
Kabupaten Bandung Barat,Cihampelas,paud,70041180,TK NEGERI CIHAMPELAS,Jl. Cicalengka No 1,Mekarmukti,NEGERI,https://referensi.data.kemendikdasmen.go.id/pendidikan/npsn/70041180
Kabupaten Bandung Barat,Cihampelas,paud,20267510,TK NUSA INDAH,KP CEMPAKA RT.05 RW.01,Pataruman,SWASTA,https://referensi.data.kemendikdasmen.go.id/pendidikan/npsn/20267510
Kabupaten Bandung Barat,Cihampelas,paud,69971869,TK PELITA BANGSA,PERUM ALAM SANGGAR INDAH LAVENDER 3,Citapen,SWASTA,https://referensi.data.kemendikdasmen.go.id/pendidikan/npsn/69971869
Kabupaten Bandung Barat,Cihampelas,paud,69891458,TK PERMATA BUNDA,BUDIGALIH,Tanjungjaya,SWASTA,https://referensi.data.kemendikdasmen.go.id/pendidikan/npsn/69891458
Kabupaten Bandung Barat,Cihampelas,paud,69872153,TK PERMATA IBU,Kp.Cicalengka RT.03 RW.04,Mekarmukti,SWASTA,https://referensi.data.kemendikdasmen.go.id/pendidikan/npsn/69872153
Kabupaten Bandung Barat,Cihampelas,paud,69891455,TK SATU ATAP CIPATIK,JL. RAYA CIPATIK,Cipatik,SWASTA,https://referensi.data.kemendikdasmen.go.id/pendidikan/npsn/69891455
Kabupaten Bandung Barat,Cihampelas,paud,69917790,TK TERATAI,Kp. Cangkuang RT.03 RW.06,Cipatik,SWASTA,https://referensi.data.kemendikdasmen.go.id/pendidikan/npsn/69917790
Kabupaten Bandung Barat,Cihampelas,paud,70057071,TK Tunas Inspiratif,Jln. SDN Babakan Cianjur RT 008 RW 004,Cihampelas,SWASTA,https://referensi.data.kemendikdasmen.go.id/pendidikan/npsn/70057071
Kabupaten Bandung Barat,Cihampelas,paud,70015172,TK UMMAH MARIAM,Jln. Nyalindung Kp. Cipadung RT 01 RW 03,Singajaya,SWASTA,https://referensi.data.kemendikdasmen.go.id/pendidikan/npsn/70015172
Kabupaten Bandung Barat,Cihampelas,paud,70063993,TKIT AL AMIIN ISLAMIC SCHOOL,Perumahan Bumi Citra Indah 2 Ruko Blok Flaminggo 2 Blok F No.15 RT. 008 RW. 010,Cipatik,SWASTA,https://referensi.data.kemendikdasmen.go.id/pendidikan/npsn/70063993
Kabupaten Bandung Barat,Cipongkor,paud,69836240,DAYANG,KP. JALAN CAGAK RT 04 RW 04,Baranangsiang,SWASTA,https://referensi.data.kemendikdasmen.go.id/pendidikan/npsn/69836240
Kabupaten Bandung Barat,Cipongkor,paud,69836238,FAJAR HARAPAN,JL. PLTA SAGULING,Baranangsiang,SWASTA,https://referensi.data.kemendikdasmen.go.id/pendidikan/npsn/69836238
Kabupaten Bandung Barat,Cipongkor,paud,69929249,KB AL BAROKAH,Kp. Cisereh Rt.02 Rw.06,Cijambu,SWASTA,https://referensi.data.kemendikdasmen.go.id/pendidikan/npsn/69929249
Kabupaten Bandung Barat,Cipongkor,paud,69981709,KB AL HADID,Kp. Ciketa Rt 03/07,Cijambu,SWASTA,https://referensi.data.kemendikdasmen.go.id/pendidikan/npsn/69981709
Kabupaten Bandung Barat,Cipongkor,paud,69937909,KB AL HASANAH,kP. Pasir Terasi Rt. 01/03,Cijambu,SWASTA,https://referensi.data.kemendikdasmen.go.id/pendidikan/npsn/69937909
Kabupaten Bandung Barat,Cipongkor,paud,69970270,KB AL HIDAYAH,Kp. Jaura Rt 03/06 Ds. Cijenuk,Cijenuk,SWASTA,https://referensi.data.kemendikdasmen.go.id/pendidikan/npsn/69970270
Kabupaten Bandung Barat,Cipongkor,paud,69966371,KB Al Istila,Kp. Sukasirna Rt 02 Rw 02,Girimukti,SWASTA,https://referensi.data.kemendikdasmen.go.id/pendidikan/npsn/69966371
Kabupaten Bandung Barat,Cipongkor,paud,69968592,KB AL YASIR,Kp. Mareleng Rt 01 Rw 07,Cijenuk,SWASTA,https://referensi.data.kemendikdasmen.go.id/pendidikan/npsn/69968592
Kabupaten Bandung Barat,Cipongkor,paud,70040326,KB AL-AKBAR,Kp. Cikukuk RT. 004 RW. 008,Baranangsiang,SWASTA,https://referensi.data.kemendikdasmen.go.id/pendidikan/npsn/70040326
Kabupaten Bandung Barat,Cipongkor,paud,69971511,KB ALIYYUL MUNTAHA,Kp. Cidahu Rt 02/03 Ds. Sarinagen,Sarinagen,SWASTA,https://referensi.data.kemendikdasmen.go.id/pendidikan/npsn/69971511
Kabupaten Bandung Barat,Cipongkor,paud,69968713,KB ASSYAFIIYAH,Kp. Ciranca Rt 01/04 Ds. Sukamulya,Sukamulya,SWASTA,https://referensi.data.kemendikdasmen.go.id/pendidikan/npsn/69968713
Kabupaten Bandung Barat,Cipongkor,paud,69975260,KB DARUL AMANAH,Kp. Pasir gombong RT 02 RW 06 Des. Girimukti,Girimukti,SWASTA,https://referensi.data.kemendikdasmen.go.id/pendidikan/npsn/69975260
Kabupaten Bandung Barat,Cipongkor,paud,69964304,KB NUR HIDAYAH,Kp. Cipari Rt.04/01,Cijambu,SWASTA,https://referensi.data.kemendikdasmen.go.id/pendidikan/npsn/69964304
Kabupaten Bandung Barat,Cipongkor,paud,69970658,KB NURUL ALMAARIF,Kp. Cilimus Rt 03/01 Ds. Sarinagen,Sarinagen,SWASTA,https://referensi.data.kemendikdasmen.go.id/pendidikan/npsn/69970658
Kabupaten Bandung Barat,Cipongkor,paud,69968974,KB NURUL JANNAH,SURAMANGGALA RT 08 RW 01,Baranangsiang,SWASTA,https://referensi.data.kemendikdasmen.go.id/pendidikan/npsn/69968974
Kabupaten Bandung Barat,Cipongkor,paud,69835897,KB QUR ANUL BAHRI,Kp. PALASARI Rt 04/07,Cintaasih,SWASTA,https://referensi.data.kemendikdasmen.go.id/pendidikan/npsn/69835897
Kabupaten Bandung Barat,Cipongkor,paud,69963027,KB ROSADA,KP. PASIRTEREP RT.02 RW.03,Cijenuk,SWASTA,https://referensi.data.kemendikdasmen.go.id/pendidikan/npsn/69963027
Kabupaten Bandung Barat,Cipongkor,paud,69981708,KB ROUDHOTUSSYARIF,Kp. Cipeuteuy Rt 01/07,Sukamulya,SWASTA,https://referensi.data.kemendikdasmen.go.id/pendidikan/npsn/69981708
Kabupaten Bandung Barat,Cipongkor,paud,69969663,KB SURYA KENCANA,Kp. Pasirpanjang RT 03 RW 02,Neglasari,SWASTA,https://referensi.data.kemendikdasmen.go.id/pendidikan/npsn/69969663
Kabupaten Bandung Barat,Cipongkor,paud,69974370,KOBER AL BASIR,Kp. Cibanteng Rt 03/02 Ds. Sukamulya,Sukamulya,SWASTA,https://referensi.data.kemendikdasmen.go.id/pendidikan/npsn/69974370
Kabupaten Bandung Barat,Cipongkor,paud,69992588,KOBER AL FATAH,KP. BOJONG LOA RT.01 RW.04,Cibenda,SWASTA,https://referensi.data.kemendikdasmen.go.id/pendidikan/npsn/69992588
Kabupaten Bandung Barat,Cipongkor,paud,70055614,KOBER AL FATIH,Kp. Gading RT. 002 RW. 001,Cibenda,SWASTA,https://referensi.data.kemendikdasmen.go.id/pendidikan/npsn/70055614
Kabupaten Bandung Barat,Cipongkor,paud,70060112,KOBER AL- FATAH,Kp. Pangauban RT. 002 RW. 002,Cijenuk,SWASTA,https://referensi.data.kemendikdasmen.go.id/pendidikan/npsn/70060112
Kabupaten Bandung Barat,Cipongkor,paud,69891570,KOBER AN-NUR,Kp. Sukamulya Rt. 003 Rw. 006,Mekarsari,SWASTA,https://referensi.data.kemendikdasmen.go.id/pendidikan/npsn/69891570
Kabupaten Bandung Barat,Cipongkor,paud,69974070,KOBER ARSYAKAYLA,Kp. Sasak Rt 02/08,Cijenuk,SWASTA,https://referensi.data.kemendikdasmen.go.id/pendidikan/npsn/69974070
Kabupaten Bandung Barat,Cipongkor,paud,69835902,KOBER ASSAIDIYAH,Kp. Cibanteng Rt 01/05 Ds. Citalem,Citalem,SWASTA,https://referensi.data.kemendikdasmen.go.id/pendidikan/npsn/69835902
Kabupaten Bandung Barat,Cipongkor,paud,69835915,KOBER AZ ZAHRA CERIA,Kp. Rawa Tempele Ds. Sirnagalih,Sirnagalih,SWASTA,https://referensi.data.kemendikdasmen.go.id/pendidikan/npsn/69835915
Kabupaten Bandung Barat,Cipongkor,paud,69973777,KOBER MANARUL HUDA,Kp. Sumumput Rt 03/04 Ds. Sarinagen,Sarinagen,SWASTA,https://referensi.data.kemendikdasmen.go.id/pendidikan/npsn/69973777
Kabupaten Bandung Barat,Cipongkor,paud,70063352,KOBER MATA AN-NIHAYAH,KP BOJONG RANCA,Cijenuk,SWASTA,https://referensi.data.kemendikdasmen.go.id/pendidikan/npsn/70063352
Kabupaten Bandung Barat,Cipongkor,paud,69974528,KOBER MIFTAHUL HIDAYAH,Kp. Pasirkiara Rt 01/03 Ds. Cijenuk,Cijenuk,SWASTA,https://referensi.data.kemendikdasmen.go.id/pendidikan/npsn/69974528
Kabupaten Bandung Barat,Cipongkor,paud,69974372,KOBER MISBAHULQURO,Kp. Cibinong Rt 02/01 Ds. Sukamulya,Sukamulya,SWASTA,https://referensi.data.kemendikdasmen.go.id/pendidikan/npsn/69974372
Kabupaten Bandung Barat,Cipongkor,paud,70063351,KOBER NUR SYAMSI,JL CIJAMBE RT 02 RW 01,Cicangkang Hilir,SWASTA,https://referensi.data.kemendikdasmen.go.id/pendidikan/npsn/70063351
Kabupaten Bandung Barat,Cipongkor,paud,70037415,KOBER NURUL ANWAR,Kp. Cigarung RT. 003 RW. 001,Mekarsari,SWASTA,https://referensi.data.kemendikdasmen.go.id/pendidikan/npsn/70037415
Kabupaten Bandung Barat,Cipongkor,paud,69835899,KOBER NURUL KARIM,Pasir Malaka RT 01 RW 03 Desa Neglasari,Neglasari,SWASTA,https://referensi.data.kemendikdasmen.go.id/pendidikan/npsn/69835899
Kabupaten Bandung Barat,Cipongkor,paud,69882685,KOBERAT-TARIQH,CIBURUY,Citalem,SWASTA,https://referensi.data.kemendikdasmen.go.id/pendidikan/npsn/69882685
Kabupaten Bandung Barat,Cipongkor,paud,69836231,NURUL FALAH AL-KAMILAH,KP. CIMEGA RT. 01/06,Sarinagen,SWASTA,https://referensi.data.kemendikdasmen.go.id/pendidikan/npsn/69836231
Kabupaten Bandung Barat,Cipongkor,paud,70046834,PAUDQ AL-MUBAROKAH,KP. PASIR KOLOTOK,Kec. Cipongkor,SWASTA,https://referensi.data.kemendikdasmen.go.id/pendidikan/npsn/70046834
Kabupaten Bandung Barat,Cipongkor,paud,70044593,PAUDQ KENANGA,KP. BABAKAN,Kec. Cipongkor,SWASTA,https://referensi.data.kemendikdasmen.go.id/pendidikan/npsn/70044593
Kabupaten Bandung Barat,Cipongkor,paud,70039451,PAUDQ. ARSYIFA,KP. BOJONG SEMPUR,Baranangsiang,SWASTA,https://referensi.data.kemendikdasmen.go.id/pendidikan/npsn/70039451
Kabupaten Bandung Barat,Cipongkor,paud,70039456,PAUDQ. ADDAWAMAH,KP. CIMENET,Karangsari,SWASTA,https://referensi.data.kemendikdasmen.go.id/pendidikan/npsn/70039456
Kabupaten Bandung Barat,Cipongkor,paud,70039452,PAUDQ. AL MAHMUDAH,KP. CILOA,Sukamulya,SWASTA,https://referensi.data.kemendikdasmen.go.id/pendidikan/npsn/70039452
Kabupaten Bandung Barat,Cipongkor,paud,70039461,PAUDQ. AL-GHANIYA,KP. CIGAGAK,Baranangsiang,SWASTA,https://referensi.data.kemendikdasmen.go.id/pendidikan/npsn/70039461
Kabupaten Bandung Barat,Cipongkor,paud,70023961,PAUDQ. AL-HAFIZH,KP. CIGEDONG,Cintaasih,SWASTA,https://referensi.data.kemendikdasmen.go.id/pendidikan/npsn/70023961
Kabupaten Bandung Barat,Cipongkor,paud,70039457,PAUDQ. AL-MANSYUR ABDURAHMAN,KP. CIJAWA,Baranangsiang,SWASTA,https://referensi.data.kemendikdasmen.go.id/pendidikan/npsn/70039457
Kabupaten Bandung Barat,Cipongkor,paud,70047954,PAUDQ. AL-MUBAROKAH,KP. PASIRKOLOTOK RT 001 RW. 010,Citalem,SWASTA,https://referensi.data.kemendikdasmen.go.id/pendidikan/npsn/70047954
Kabupaten Bandung Barat,Cipongkor,paud,70039453,PAUDQ. AL-MUHAJIRIN,KP. CIBINONG,Sarinagen,SWASTA,https://referensi.data.kemendikdasmen.go.id/pendidikan/npsn/70039453
Kabupaten Bandung Barat,Cipongkor,paud,70039455,PAUDQ. CENDIKIA DARUL FALAH,KP. CIPANCUR,Citalem,SWASTA,https://referensi.data.kemendikdasmen.go.id/pendidikan/npsn/70039455
Kabupaten Bandung Barat,Cipongkor,paud,70039460,PAUDQ. INARA,KP. PAMOYANAN,Baranangsiang,SWASTA,https://referensi.data.kemendikdasmen.go.id/pendidikan/npsn/70039460
Kabupaten Bandung Barat,Cipongkor,paud,70039459,PAUDQ. NUR AFIAH,KP. SINDANGWANGI,Cibenda,SWASTA,https://referensi.data.kemendikdasmen.go.id/pendidikan/npsn/70039459
Kabupaten Bandung Barat,Cipongkor,paud,70039458,PAUDQ. NURUL GINA,KP. PASIR PICIS,Cijambu,SWASTA,https://referensi.data.kemendikdasmen.go.id/pendidikan/npsn/70039458
Kabupaten Bandung Barat,Cipongkor,paud,70039454,PAUDQ. NURUL HUDA AL-MUSRI,KP. CIKAWUNG,Baranangsiang,SWASTA,https://referensi.data.kemendikdasmen.go.id/pendidikan/npsn/70039454
Kabupaten Bandung Barat,Cipongkor,paud,70044309,PAUDQU ARSYIFA,KP BOJONG SEMPUR,Kec. Cipongkor,SWASTA,https://referensi.data.kemendikdasmen.go.id/pendidikan/npsn/70044309
Kabupaten Bandung Barat,Cipongkor,paud,70043528,RA AL ABROR,Kp. Pasir Kuya Rt 04 Rw 06,Sukamulya,SWASTA,https://referensi.data.kemendikdasmen.go.id/pendidikan/npsn/70043528
Kabupaten Bandung Barat,Cipongkor,paud,69854619,RA An-Nazwa,Kp. Loa Rt 03 Rw 09,Karangsari,SWASTA,https://referensi.data.kemendikdasmen.go.id/pendidikan/npsn/69854619
Kabupaten Bandung Barat,Cipongkor,paud,70028820,RA BAITURRAHMAT NEGLASARI,Kp. Cipeundeuy Rt 01 Rw 06,Neglasari,SWASTA,https://referensi.data.kemendikdasmen.go.id/pendidikan/npsn/70028820
Kabupaten Bandung Barat,Cipongkor,paud,69927373,RA Darussalam Cipongkor,Kp. Sirnagalih RT 01 RW 04,Sirnagalih,SWASTA,https://referensi.data.kemendikdasmen.go.id/pendidikan/npsn/69927373
Kabupaten Bandung Barat,Cipongkor,paud,69976168,RA KHOERUNNI`MAH,Kp. Cibanas RT 05 RW 03,Mekarsari,SWASTA,https://referensi.data.kemendikdasmen.go.id/pendidikan/npsn/69976168
Kabupaten Bandung Barat,Cipongkor,paud,69854618,RA Sabilil Haqqi,Kp. Langgar RT 01/03 Desa Cibenda,Cibenda,SWASTA,https://referensi.data.kemendikdasmen.go.id/pendidikan/npsn/69854618
Kabupaten Bandung Barat,Cipongkor,paud,69738253,RA/BA/TA AL MUNAWAROH CIPONGKOR,Kp. Genteng Rt 02 Rw 02,Karangsari,SWASTA,https://referensi.data.kemendikdasmen.go.id/pendidikan/npsn/69738253
Kabupaten Bandung Barat,Cipongkor,paud,69738249,RA/BA/TA AL-BARQUNNAJAH,Jl. Pln Gunung Karang No. 12,Cijenuk,SWASTA,https://referensi.data.kemendikdasmen.go.id/pendidikan/npsn/69738249
Kabupaten Bandung Barat,Cipongkor,paud,69738250,RA/BA/TA AL-FAJAR,Kp. Girimukti Rt 01 Rw 03,Girimukti,SWASTA,https://referensi.data.kemendikdasmen.go.id/pendidikan/npsn/69738250
Kabupaten Bandung Barat,Cipongkor,paud,69738251,RA/BA/TA AL-FATAH,Jl. Plta Saguling Kaum Neglasari,Cicangkang Hilir,SWASTA,https://referensi.data.kemendikdasmen.go.id/pendidikan/npsn/69738251
Kabupaten Bandung Barat,Cipongkor,paud,69738252,RA/BA/TA AL-IHSAN,Kp. Cijambe,Cijambu,SWASTA,https://referensi.data.kemendikdasmen.go.id/pendidikan/npsn/69738252
Kabupaten Bandung Barat,Cipongkor,paud,69738254,RA/BA/TA ANNIHAYAH,Kp. Bojongranca Rt 02 Rw 01,Karangsari,SWASTA,https://referensi.data.kemendikdasmen.go.id/pendidikan/npsn/69738254
Kabupaten Bandung Barat,Cipongkor,paud,69738255,RA/BA/TA ANWARURROHMAN,Kp. Cilame Rt 06 Rw 05,Citalem,SWASTA,https://referensi.data.kemendikdasmen.go.id/pendidikan/npsn/69738255
Kabupaten Bandung Barat,Cipongkor,paud,69738256,RA/BA/TA AR-RIDHO,KP. BABAKAN CITALEM RT 02/04,Citalem,SWASTA,https://referensi.data.kemendikdasmen.go.id/pendidikan/npsn/69738256
Kabupaten Bandung Barat,Cipongkor,paud,69738257,RA/BA/TA AT TAQWA,JL. KAUM KP. CINAGEN SARINAGEN CIPONGKOR,Sarinagen,SWASTA,https://referensi.data.kemendikdasmen.go.id/pendidikan/npsn/69738257
Kabupaten Bandung Barat,Cipongkor,paud,69738258,RA/BA/TA AZ-ZAHRA,Jl. Desa Sirnagalih No. 45,Sarinagen,SWASTA,https://referensi.data.kemendikdasmen.go.id/pendidikan/npsn/69738258
Kabupaten Bandung Barat,Cipongkor,paud,69738259,RA/BA/TA BINAYAH 1,Kp. Cantrawayang Rt 02 Rw 03,Karangsari,SWASTA,https://referensi.data.kemendikdasmen.go.id/pendidikan/npsn/69738259
Kabupaten Bandung Barat,Cipongkor,paud,69738260,RA/BA/TA BINAYAH 2,Jl. Citapos Pasirmanglid Kp. Cikadu Lebak Rt 01 Rw 05,Cintaasih,SWASTA,https://referensi.data.kemendikdasmen.go.id/pendidikan/npsn/69738260
Kabupaten Bandung Barat,Cipongkor,paud,69738261,RA/BA/TA BINAYAH 3,JL.GUNUNG KARANG KP.CIKADU TONGOH RT/RW.01/07,Cicangkang Hilir,SWASTA,https://referensi.data.kemendikdasmen.go.id/pendidikan/npsn/69738261
Kabupaten Bandung Barat,Cipongkor,paud,69738262,RA/BA/TA BINAYAH 4,JL.CITAPOS CIMAREL KP. CIMAREL RT/RW. 02/04,Cintaasih,SWASTA,https://referensi.data.kemendikdasmen.go.id/pendidikan/npsn/69738262
Kabupaten Bandung Barat,Cipongkor,paud,69738263,RA/BA/TA DAARUL AHKAAM,KP. CIBANGBAN RT 03/04,Karangsari,SWASTA,https://referensi.data.kemendikdasmen.go.id/pendidikan/npsn/69738263
Kabupaten Bandung Barat,Cipongkor,paud,69738264,RA/BA/TA DARUSSALAM CIPONGKOR,Kp. Darussalam Rt 03 Rw 11,Karangsari,SWASTA,https://referensi.data.kemendikdasmen.go.id/pendidikan/npsn/69738264
Kabupaten Bandung Barat,Cipongkor,paud,69738265,RA/BA/TA MIFTAHUL FALAH,Kp. Ciparay Rt 02 Rw 05,Karangsari,SWASTA,https://referensi.data.kemendikdasmen.go.id/pendidikan/npsn/69738265
Kabupaten Bandung Barat,Cipongkor,paud,69738266,RA/BA/TA NURUL ABROR,Kp. Joglo Rt 01 Rw 02,Kec. Cipongkor,SWASTA,https://referensi.data.kemendikdasmen.go.id/pendidikan/npsn/69738266
Kabupaten Bandung Barat,Cipongkor,paud,69738267,RA/BA/TA NURUL ANAM,Kp. Cigombong Rt 02 Rw 05,Cibenda,SWASTA,https://referensi.data.kemendikdasmen.go.id/pendidikan/npsn/69738267
Kabupaten Bandung Barat,Cipongkor,paud,69738268,RA/BA/TA NURUL HUDA,Kp. Cihuni Rt 003 Rw 006 Ds Citalem Kec Cipongkor,Citalem,SWASTA,https://referensi.data.kemendikdasmen.go.id/pendidikan/npsn/69738268
Kabupaten Bandung Barat,Cipongkor,paud,69738269,RA/BA/TA NURUL IMAN,Kp. Seuseupan Rt 03 Rw 04,Kec. Cipongkor,SWASTA,https://referensi.data.kemendikdasmen.go.id/pendidikan/npsn/69738269
Kabupaten Bandung Barat,Cipongkor,paud,69738270,RA/BA/TA NURUL WASILAH,Kp. Kupangnunggal Rt 02 Rw 04,Karangsari,SWASTA,https://referensi.data.kemendikdasmen.go.id/pendidikan/npsn/69738270
Kabupaten Bandung Barat,Cipongkor,paud,69738271,RA/BA/TA NURUSSA ADAH,Kp. Cinagen Rt 02 Rw 04,Karangsari,SWASTA,https://referensi.data.kemendikdasmen.go.id/pendidikan/npsn/69738271
Kabupaten Bandung Barat,Cipongkor,paud,69738272,RA/BA/TA SITI KHODIJAH 04,KP. SUMUR KEMBANG 02/07 CITALEM CIPONGKOR,Citalem,SWASTA,https://referensi.data.kemendikdasmen.go.id/pendidikan/npsn/69738272
Kabupaten Bandung Barat,Cipongkor,paud,69738273,RA/BA/TA SYARIF HIDAYATULLOH 1,Kp. Cibanas Rt 04 Rw 02,Karangsari,SWASTA,https://referensi.data.kemendikdasmen.go.id/pendidikan/npsn/69738273
Kabupaten Bandung Barat,Cipongkor,paud,69738274,RA/BA/TA SYARIF HIDAYATULLOH 2,Kp. Cipait Rt 04 Rw 04,Karangsari,SWASTA,https://referensi.data.kemendikdasmen.go.id/pendidikan/npsn/69738274
Kabupaten Bandung Barat,Cipongkor,paud,69738275,RA/BA/TA SYIFAAUL HIKMAH,Kp. Cibuluh Rt 01 Rw 06,Cijambu,SWASTA,https://referensi.data.kemendikdasmen.go.id/pendidikan/npsn/69738275
Kabupaten Bandung Barat,Cipongkor,paud,69738276,RA/BA/TA ULUL ALBAB,Kp. Bebedahan Rt 01 Rw 01,Karangsari,SWASTA,https://referensi.data.kemendikdasmen.go.id/pendidikan/npsn/69738276
Kabupaten Bandung Barat,Cipongkor,paud,69835914,RIYADUL BIDAYAH,KP LAMPING RT 01 RW 01,Sirnagalih,SWASTA,https://referensi.data.kemendikdasmen.go.id/pendidikan/npsn/69835914
Kabupaten Bandung Barat,Cipongkor,paud,69979208,SPS AL KAUTSAR,Kp. Sempur Bajeg Rt 01/03 Ds. Cicangkanghilir,Cicangkang Hilir,SWASTA,https://referensi.data.kemendikdasmen.go.id/pendidikan/npsn/69979208
Kabupaten Bandung Barat,Cipongkor,paud,69836244,SPS AL AMALIYAH,KP TOTOSAN,Baranangsiang,SWASTA,https://referensi.data.kemendikdasmen.go.id/pendidikan/npsn/69836244
Kabupaten Bandung Barat,Cipongkor,paud,69836230,SPS Al Azkia,Kp. Ciangkrong rt 02 rw 08,Sarinagen,SWASTA,https://referensi.data.kemendikdasmen.go.id/pendidikan/npsn/69836230
Kabupaten Bandung Barat,Cipongkor,paud,69966362,SPS AL BADAR,Kp. Darunadwah,Girimukti,SWASTA,https://referensi.data.kemendikdasmen.go.id/pendidikan/npsn/69966362
Kabupaten Bandung Barat,Cipongkor,paud,69969661,SPS AL FAISAL,Kp. Cikaracak no. 85 B Rt 02/03 Ds. Cijambu,Cijambu,SWASTA,https://referensi.data.kemendikdasmen.go.id/pendidikan/npsn/69969661
Kabupaten Bandung Barat,Cipongkor,paud,69836239,SPS AL-ITISOM,Kp. Citiis Rt 01/03,Baranangsiang,SWASTA,https://referensi.data.kemendikdasmen.go.id/pendidikan/npsn/69836239
Kabupaten Bandung Barat,Cipongkor,paud,70040518,SPS AL-MAHIRA,Kp. Ciangkrong RT. 002 RW.008,Sarinagen,SWASTA,https://referensi.data.kemendikdasmen.go.id/pendidikan/npsn/70040518
Kabupaten Bandung Barat,Cipongkor,paud,69882687,SPS AL-MASDUQIYYAH,CIBALOK RT 01/04,Citalem,SWASTA,https://referensi.data.kemendikdasmen.go.id/pendidikan/npsn/69882687
Kabupaten Bandung Barat,Cipongkor,paud,69836220,SPS AL-MUAWANAH,Kp. Sukamaju Rt 01/06 Ds. Cicangkanghilir,Cicangkang Hilir,SWASTA,https://referensi.data.kemendikdasmen.go.id/pendidikan/npsn/69836220
Kabupaten Bandung Barat,Cipongkor,paud,69968948,SPS AL-MUBTADIIN,kp cipari,Cijambu,SWASTA,https://referensi.data.kemendikdasmen.go.id/pendidikan/npsn/69968948
Kabupaten Bandung Barat,Cipongkor,paud,69882686,SPS AL-MUKAROMAH,KP. SUKAMULYA,Cibenda,SWASTA,https://referensi.data.kemendikdasmen.go.id/pendidikan/npsn/69882686
Kabupaten Bandung Barat,Cipongkor,paud,69836233,SPS AL-MUNAWAROH,KP. GENTENG RT 02/02,Cintaasih,SWASTA,https://referensi.data.kemendikdasmen.go.id/pendidikan/npsn/69836233
Kabupaten Bandung Barat,Cipongkor,paud,69836232,SPS ANUR CIKANCANA,Jl. AMD Manunggal 50 No.85A,Cibenda,SWASTA,https://referensi.data.kemendikdasmen.go.id/pendidikan/npsn/69836232
Kabupaten Bandung Barat,Cipongkor,paud,69987565,SPS AR RIDWAN,Kp. Cikawung Rt 01/10,Cijenuk,SWASTA,https://referensi.data.kemendikdasmen.go.id/pendidikan/npsn/69987565
Kabupaten Bandung Barat,Cipongkor,paud,69882688,SPS AR-RAHMAN,Kp. Cipongkor Rt. 01 Rw. 06,Mekarsari,SWASTA,https://referensi.data.kemendikdasmen.go.id/pendidikan/npsn/69882688
Kabupaten Bandung Barat,Cipongkor,paud,69969488,SPS AS SOPA,Kp. Pasir Teureup Rt 02/03 Ds. Cijenuk,Cijenuk,SWASTA,https://referensi.data.kemendikdasmen.go.id/pendidikan/npsn/69969488
Kabupaten Bandung Barat,Cipongkor,paud,69836215,SPS AS-SUBBAN,PASIR MUNCANG RT.02/05,Cijenuk,SWASTA,https://referensi.data.kemendikdasmen.go.id/pendidikan/npsn/69836215
Kabupaten Bandung Barat,Cipongkor,paud,69966370,SPS Bahrul Ulum,Kp. Mariuk Rt 02 Rw 02,Neglasari,SWASTA,https://referensi.data.kemendikdasmen.go.id/pendidikan/npsn/69966370
Kabupaten Bandung Barat,Cipongkor,paud,69836207,SPS BINAYAH,Pasir Manglid Rt 01/05,Karangsari,SWASTA,https://referensi.data.kemendikdasmen.go.id/pendidikan/npsn/69836207
Kabupaten Bandung Barat,Cipongkor,paud,69882689,SPS DARUL IBTIDA,Tegal Panjang,Cijambu,SWASTA,https://referensi.data.kemendikdasmen.go.id/pendidikan/npsn/69882689
Kabupaten Bandung Barat,Cipongkor,paud,69966790,SPS HABIBUL FURQON,Kp. Cijenuk Rt 04 Rw 04,Cijenuk,SWASTA,https://referensi.data.kemendikdasmen.go.id/pendidikan/npsn/69966790
Kabupaten Bandung Barat,Cipongkor,paud,70040517,SPS NURSSABYAN TAMAN FIRDAUS,Kp. Cigarung RT. 004 RW. 001,Mekarsari,SWASTA,https://referensi.data.kemendikdasmen.go.id/pendidikan/npsn/70040517
Kabupaten Bandung Barat,Cipongkor,paud,69891571,SPS NURUL HIDAYAH,KP. JATI RT. 02 RW. 06,Cintaasih,SWASTA,https://referensi.data.kemendikdasmen.go.id/pendidikan/npsn/69891571
Kabupaten Bandung Barat,Cipongkor,paud,69917029,SPS NURUSSHIBYAN,Kp. Ciparay Rt.01/05,Sarinagen,SWASTA,https://referensi.data.kemendikdasmen.go.id/pendidikan/npsn/69917029
Kabupaten Bandung Barat,Cipongkor,paud,69978081,SPS PAUD AL KANDIYAS,Kp. Cigagak Rt.07/05 Desa Baranangsiang Kec. Cipongkor KBB,Baranangsiang,SWASTA,https://referensi.data.kemendikdasmen.go.id/pendidikan/npsn/69978081
Kabupaten Bandung Barat,Cipongkor,paud,69836227,SPS QATRUNNADA,Jl. PLTA Saguling Kp. Cipereng,Citalem,SWASTA,https://referensi.data.kemendikdasmen.go.id/pendidikan/npsn/69836227
Kabupaten Bandung Barat,Cipongkor,paud,69970705,SPS RIYADLUL JANAH,KP PUNCAK SUJI RT 01 RW 04,Cintaasih,SWASTA,https://referensi.data.kemendikdasmen.go.id/pendidikan/npsn/69970705
Kabupaten Bandung Barat,Cipongkor,paud,69969627,SPS RIYADUL JANAH CIPONGKOR,Kp. Babakan Rt 03/05 Ds. Cijambu,Cijambu,SWASTA,https://referensi.data.kemendikdasmen.go.id/pendidikan/npsn/69969627
Kabupaten Bandung Barat,Cipongkor,paud,69973805,SPS SRIWULAN,Kp. Saronge Rt 02/08 Ds. Girimukti,Girimukti,SWASTA,https://referensi.data.kemendikdasmen.go.id/pendidikan/npsn/69973805
Kabupaten Bandung Barat,Cipongkor,paud,69933230,SPS TAAM AT TAQWA AL MUSRI,Kp. Cijengkol Rt.01 RW 08,Baranangsiang,SWASTA,https://referensi.data.kemendikdasmen.go.id/pendidikan/npsn/69933230
Kabupaten Bandung Barat,Cipongkor,paud,69931980,SPS TAAM NURUL WASILAH,kp.kupanenggang RT. 02/04,Girimukti,SWASTA,https://referensi.data.kemendikdasmen.go.id/pendidikan/npsn/69931980
Kabupaten Bandung Barat,Cipongkor,paud,69836209,SPS WILADATUL BINA,KP. PANGKALAN RT02/05,Girimukti,SWASTA,https://referensi.data.kemendikdasmen.go.id/pendidikan/npsn/69836209
Kabupaten Bandung Barat,Cipongkor,paud,69975423,TAAM AL IKHLAS,Kp. Cikawung 03/08 Ds. Sukamulya,Sukamulya,SWASTA,https://referensi.data.kemendikdasmen.go.id/pendidikan/npsn/69975423
Kabupaten Bandung Barat,Cipongkor,paud,69974643,TAAM AL ISTIQOMAH,Kp. Babakan,Cijambu,SWASTA,https://referensi.data.kemendikdasmen.go.id/pendidikan/npsn/69974643
Kabupaten Bandung Barat,Cipongkor,paud,69975419,TAAM NURUL HUDA AL MUSRI,Kp. Cikawung 03/02 Ds. Baranangsiang,Baranangsiang,SWASTA,https://referensi.data.kemendikdasmen.go.id/pendidikan/npsn/69975419
Kabupaten Bandung Barat,Cipongkor,paud,69966935,TK AL-IKHLASH CIKAWUNG,Kp. Ciimba Rt.03 Rw.08,Sukamulya,SWASTA,https://referensi.data.kemendikdasmen.go.id/pendidikan/npsn/69966935
Kabupaten Bandung Barat,Cipongkor,paud,70023712,TK ANAK CEMERLANG,Kp. Cibungur No 1 RT 003 RW 007,Sarinagen,SWASTA,https://referensi.data.kemendikdasmen.go.id/pendidikan/npsn/70023712
Kabupaten Bandung Barat,Cipongkor,paud,70038219,TK ARSYAKAYLA,Kp. Sasak RT. 002 RW. 006,Cijenuk,SWASTA,https://referensi.data.kemendikdasmen.go.id/pendidikan/npsn/70038219
Kabupaten Bandung Barat,Cipongkor,paud,70053555,TK DARUL MUTAALLIMIN,Kp. Cirawa RT. 004 RW. 004,Sirnagalih,SWASTA,https://referensi.data.kemendikdasmen.go.id/pendidikan/npsn/70053555
Kabupaten Bandung Barat,Cipongkor,paud,70061699,TK MIFTAHUL MUBIN,Kp. Cidahu RT. 002 RW. 003,Sarinagen,SWASTA,https://referensi.data.kemendikdasmen.go.id/pendidikan/npsn/70061699
Kabupaten Bandung Barat,Cipongkor,paud,70055621,TK NAPISAH,Kp. Cigagak RT. 007 RW. 005,Baranangsiang,SWASTA,https://referensi.data.kemendikdasmen.go.id/pendidikan/npsn/70055621
Kabupaten Bandung Barat,Cipongkor,paud,70044867,TK NURUL ALFIZAR,KP. CISALADAK RT.001 RW.003,Mekarsari,SWASTA,https://referensi.data.kemendikdasmen.go.id/pendidikan/npsn/70044867
Kabupaten Bandung Barat,Cipongkor,paud,20267509,TK NURUSSAADAH,Jl. PLTA Saguling Kp. Ciakar Rt 02/07 Ds. Sarinagen,Sarinagen,SWASTA,https://referensi.data.kemendikdasmen.go.id/pendidikan/npsn/20267509
Kabupaten Bandung Barat,Cipongkor,paud,69956363,TK RIYADUL JANNAH,Kampung Suramanggala Rt.08 Rw.01,Baranangsiang,SWASTA,https://referensi.data.kemendikdasmen.go.id/pendidikan/npsn/69956363
Kabupaten Bandung Barat,Cipongkor,paud,69995926,TK RUBAIYAH SURAHMAN,Jl. raya PLTA Saguling (Kp. Sumur Kembang),Citalem,SWASTA,https://referensi.data.kemendikdasmen.go.id/pendidikan/npsn/69995926
Kabupaten Bandung Barat,Cipongkor,paud,69989842,TK TUNAS MANDIRI,Kp. Cipeletek RT.03 RW.08,Cijenuk,SWASTA,https://referensi.data.kemendikdasmen.go.id/pendidikan/npsn/69989842
Kabupaten Bandung Barat,Batujajar,paud,69835926,INSAN CENDIKIA,GALANGGANG,Galanggang,SWASTA,https://referensi.data.kemendikdasmen.go.id/pendidikan/npsn/69835926
Kabupaten Bandung Barat,Batujajar,paud,69835923,KB AL AMINAH,Jl.Terusan Leuwigajah Kp. Cipanggulaan Rt 03/05 Ds.Giriasih,Giriasih,SWASTA,https://referensi.data.kemendikdasmen.go.id/pendidikan/npsn/69835923
Kabupaten Bandung Barat,Batujajar,paud,69891576,KB AR- ROHMAH,BLOK RANCA RT 03 RW 02,Batujajar Barat,SWASTA,https://referensi.data.kemendikdasmen.go.id/pendidikan/npsn/69891576
Kabupaten Bandung Barat,Batujajar,paud,69835930,KB BHINA SWAKARYA,Kp. Seketando RT.02 RW.14,Cangkorah,SWASTA,https://referensi.data.kemendikdasmen.go.id/pendidikan/npsn/69835930
Kabupaten Bandung Barat,Batujajar,paud,69835919,KB DEWI SRI,JL. SMP Gg. PAUD,Batujajar Barat,SWASTA,https://referensi.data.kemendikdasmen.go.id/pendidikan/npsn/69835919
Kabupaten Bandung Barat,Batujajar,paud,69836245,KB ESHAL DALIA,GIRIMULYA,Selacau,SWASTA,https://referensi.data.kemendikdasmen.go.id/pendidikan/npsn/69836245
Kabupaten Bandung Barat,Batujajar,paud,69835925,KB NUSA INDAH,GALANGGANG RT. 02 RW. 12,Galanggang,SWASTA,https://referensi.data.kemendikdasmen.go.id/pendidikan/npsn/69835925
Kabupaten Bandung Barat,Batujajar,paud,69971506,KB PANORAMA PUTRA INDONESIA,Kp. Neglasari RT.01 RW.13,Galanggang,SWASTA,https://referensi.data.kemendikdasmen.go.id/pendidikan/npsn/69971506
Kabupaten Bandung Barat,Batujajar,paud,69891575,KB TARBIYATUL ULA,Jl. Blok Panca Tengah RT.006 RW.003,Batujajar Barat,SWASTA,https://referensi.data.kemendikdasmen.go.id/pendidikan/npsn/69891575
Kabupaten Bandung Barat,Batujajar,paud,69974206,KOBER NURULFALAH,KP. RANCA GEDE RT 03 RW 15,Selacau,SWASTA,https://referensi.data.kemendikdasmen.go.id/pendidikan/npsn/69974206
Kabupaten Bandung Barat,Batujajar,paud,70039462,PAUDQ. NURUL HIKMAH AL-MUSRI1,JL. SINARMUKTI KP. RANCAGEDE,Selacau,SWASTA,https://referensi.data.kemendikdasmen.go.id/pendidikan/npsn/70039462
Kabupaten Bandung Barat,Batujajar,paud,69836247,POS PAUD KENARI,JL. DESA BLOK PASANTREN NO. 11,Batujajar Barat,SWASTA,https://referensi.data.kemendikdasmen.go.id/pendidikan/npsn/69836247
Kabupaten Bandung Barat,Batujajar,paud,69854613,RA Albidayah,Jl. Raya Batujajar No. 13 RT 03/08 Ds. Giriasih,Batujajar Barat,SWASTA,https://referensi.data.kemendikdasmen.go.id/pendidikan/npsn/69854613
Kabupaten Bandung Barat,Batujajar,paud,69738112,RA/BA/TA AL-AMINAH,JL. LEUWIGAJAH KP. CIPANGGULAAN RT 03/V DS. GIRIASIH BATUJAJAR,Galanggang,SWASTA,https://referensi.data.kemendikdasmen.go.id/pendidikan/npsn/69738112
Kabupaten Bandung Barat,Batujajar,paud,69738114,RA/BA/TA AL-FALAH,JL. SINAR JAYA RT 01/16 DS. BATUJAJAR BARAT BATUJAJAR,Batujajar Barat,SWASTA,https://referensi.data.kemendikdasmen.go.id/pendidikan/npsn/69738114
Kabupaten Bandung Barat,Batujajar,paud,69738116,RA/BA/TA AL-MA MUR,CIHURIP DS. PANGAUBAN BATUJAJAR,Pangauban,SWASTA,https://referensi.data.kemendikdasmen.go.id/pendidikan/npsn/69738116
Kabupaten Bandung Barat,Batujajar,paud,69738117,RA/BA/TA AL-MUBAROK,JL. LEUWIGAJAH NO. 25 DS. GIRIASIH BATUJAJAR,Kec. Batujajar,SWASTA,https://referensi.data.kemendikdasmen.go.id/pendidikan/npsn/69738117
Kabupaten Bandung Barat,Batujajar,paud,69738118,RA/BA/TA AL-MUTA ALIM,JL. HEGARMANAH 2 RT 01/06 NO. 9 DS. GALANGGANG BATUJAJAR,Galanggang,SWASTA,https://referensi.data.kemendikdasmen.go.id/pendidikan/npsn/69738118
Kabupaten Bandung Barat,Batujajar,paud,69738120,RA/BA/TA ANAK KREATIF,KP. PASIR PAKU RT 01 / RW 12,Kec. Batujajar,SWASTA,https://referensi.data.kemendikdasmen.go.id/pendidikan/npsn/69738120
Kabupaten Bandung Barat,Batujajar,paud,69738121,RA/BA/TA AS-SALAAM,JL. RAYA CIBODAS 243 DS. PANGAUBAN BATUJAJAR,Pangauban,SWASTA,https://referensi.data.kemendikdasmen.go.id/pendidikan/npsn/69738121
Kabupaten Bandung Barat,Batujajar,paud,69738122,RA/BA/TA ASSALAFIYYAH,BLOK PESANTREN NO. 7 RT 01/07 DS. BATUJAJAR BATUJAJAR BARAT,Batujajar Barat,SWASTA,https://referensi.data.kemendikdasmen.go.id/pendidikan/npsn/69738122
Kabupaten Bandung Barat,Batujajar,paud,69738123,RA/BA/TA ASSULAIMANIYAH,KP. CANGKORAH RT 01/01 DS. CANGKORAH BATUJAJAR,Cangkorah,SWASTA,https://referensi.data.kemendikdasmen.go.id/pendidikan/npsn/69738123
Kabupaten Bandung Barat,Batujajar,paud,69738124,RA/BA/TA ASY SYAHID,NEGLASARI RT 02 RW 15 DESA GALANGGANG BATUJAJAR,Kec. Batujajar,SWASTA,https://referensi.data.kemendikdasmen.go.id/pendidikan/npsn/69738124
Kabupaten Bandung Barat,Batujajar,paud,69738126,RA/BA/TA AT TAQWA,KP.PANGAUBAN RT 01/05,Pangauban,SWASTA,https://referensi.data.kemendikdasmen.go.id/pendidikan/npsn/69738126
Kabupaten Bandung Barat,Batujajar,paud,69738125,RA/BA/TA AT-TAMIMY,KP. SINARMUKTI RT 03/04 DS. SELACAU,Kec. Batujajar,SWASTA,https://referensi.data.kemendikdasmen.go.id/pendidikan/npsn/69738125
Kabupaten Bandung Barat,Batujajar,paud,69738127,RA/BA/TA BANURAJA,JL. BANURAJA DESA PANGAUBAN BATUJAJAR,Batujajar Barat,SWASTA,https://referensi.data.kemendikdasmen.go.id/pendidikan/npsn/69738127
Kabupaten Bandung Barat,Batujajar,paud,69738128,RA/BA/TA BIDAYATUL MUTA LIMIN,KP. SEKEBANGBARA RT 02 RW 12 DS CANGKORAH BATUJAJAR,Kec. Batujajar,SWASTA,https://referensi.data.kemendikdasmen.go.id/pendidikan/npsn/69738128
Kabupaten Bandung Barat,Batujajar,paud,69738129,RA/BA/TA DAARUL MUTTAQIIN,KP. HAURNGAMBANG RT.04 RW.07 BATUJAJAR TIMUR,Pangauban,SWASTA,https://referensi.data.kemendikdasmen.go.id/pendidikan/npsn/69738129
Kabupaten Bandung Barat,Batujajar,paud,69738130,RA/BA/TA FATHUL FALAH,JL. GALANGGANG NO. 46 RT 03/10 DS. GALANGGANG BATUJAJAR,Galanggang,SWASTA,https://referensi.data.kemendikdasmen.go.id/pendidikan/npsn/69738130
Kabupaten Bandung Barat,Batujajar,paud,69738131,RA/BA/TA HUSNUL KHOTIMAH,JL. SINAR MUKTI RT 02/03 DS. SELACAU BATUJAJAR,Kec. Batujajar,SWASTA,https://referensi.data.kemendikdasmen.go.id/pendidikan/npsn/69738131
Kabupaten Bandung Barat,Batujajar,paud,69738132,RA/BA/TA JAUHARUL HUDA,KP. PANGAUBAN RT 03/05 DS. PANGAUBAN BATUJAJAR,Pangauban,SWASTA,https://referensi.data.kemendikdasmen.go.id/pendidikan/npsn/69738132
Kabupaten Bandung Barat,Batujajar,paud,69738133,RA/BA/TA NURUL FALAH 1,KP. SEKELOA RT. 02 RW. 09,Selacau,SWASTA,https://referensi.data.kemendikdasmen.go.id/pendidikan/npsn/69738133
Kabupaten Bandung Barat,Batujajar,paud,69738134,RA/BA/TA NURUL FALAH 2,BLOK GG. SANGGAR RT. 02 RW. 01,Galanggang,SWASTA,https://referensi.data.kemendikdasmen.go.id/pendidikan/npsn/69738134
Kabupaten Bandung Barat,Batujajar,paud,69738135,RA/BA/TA NURUL HUDA,KP. CIBOGO RT. 04 RW. 12,Kec. Batujajar,SWASTA,https://referensi.data.kemendikdasmen.go.id/pendidikan/npsn/69738135
Kabupaten Bandung Barat,Batujajar,paud,69738136,RA/BA/TA NURUL IMAN,KP. CIMANGLID RT 01/RW 15,Kec. Batujajar,SWASTA,https://referensi.data.kemendikdasmen.go.id/pendidikan/npsn/69738136
Kabupaten Bandung Barat,Batujajar,paud,69738140,RA/BA/TA TARBIYATUL AULA,KP. NEGLASARI RT 02/13 DS. GALANGGANG BATUJAJAR,Galanggang,SWASTA,https://referensi.data.kemendikdasmen.go.id/pendidikan/npsn/69738140
Kabupaten Bandung Barat,Batujajar,paud,69738141,RA/BA/TA TAUHIDUL IFKAR,JL. PANGAUBAN KP. SUKAMANAH RT.02/02 PANGAUBAN,Pangauban,SWASTA,https://referensi.data.kemendikdasmen.go.id/pendidikan/npsn/69738141
Kabupaten Bandung Barat,Batujajar,paud,69738143,RA/BA/TA ULUL ALBAB,KP. PAJAJARAN DS. PANGAUBAN BATUJAJAR,Batujajar Barat,SWASTA,https://referensi.data.kemendikdasmen.go.id/pendidikan/npsn/69738143
Kabupaten Bandung Barat,Batujajar,paud,69978858,SPS AL HASANIYAH,Kp. Sukasari Ds. Galanggang,Galanggang,SWASTA,https://referensi.data.kemendikdasmen.go.id/pendidikan/npsn/69978858
Kabupaten Bandung Barat,Batujajar,paud,69891578,SPS AL KAUTSAR,BABAKAN PARI,Batujajar Timur,SWASTA,https://referensi.data.kemendikdasmen.go.id/pendidikan/npsn/69891578
Kabupaten Bandung Barat,Batujajar,paud,69836258,SPS AN NUR,KP. CIBODAS RT. 04 RW.07,Pangauban,SWASTA,https://referensi.data.kemendikdasmen.go.id/pendidikan/npsn/69836258
Kabupaten Bandung Barat,Batujajar,paud,69836260,SPS ARAFAH,SUKAMANAH,Pangauban,SWASTA,https://referensi.data.kemendikdasmen.go.id/pendidikan/npsn/69836260
Kabupaten Bandung Barat,Batujajar,paud,69836259,SPS AZ-ZAHRA,CIBODAS RT.01 RW.08,Pangauban,SWASTA,https://referensi.data.kemendikdasmen.go.id/pendidikan/npsn/69836259
Kabupaten Bandung Barat,Batujajar,paud,69836250,SPS MERPATI,JL. RAYA BATUJAJAR NO. 193,Batujajar Timur,SWASTA,https://referensi.data.kemendikdasmen.go.id/pendidikan/npsn/69836250
Kabupaten Bandung Barat,Batujajar,paud,69836256,SPS NURUL HUDA,KP. CITUNJUNG RT 03 RW 01,Galanggang,SWASTA,https://referensi.data.kemendikdasmen.go.id/pendidikan/npsn/69836256
Kabupaten Bandung Barat,Batujajar,paud,69836253,SPS NUSA INDAH 02,BLOK JAMBU NO 70 RT. 03 / 02,Galanggang,SWASTA,https://referensi.data.kemendikdasmen.go.id/pendidikan/npsn/69836253
Kabupaten Bandung Barat,Batujajar,paud,69937541,SPS POS PAUD KENANGA,Perum Giriasih Permai RT 05 RW 14,Giriasih,SWASTA,https://referensi.data.kemendikdasmen.go.id/pendidikan/npsn/69937541
Kabupaten Bandung Barat,Batujajar,paud,69836249,SPS TAAM AL QOMAR,BLOK RANCA RT. 06 / II,Batujajar Barat,SWASTA,https://referensi.data.kemendikdasmen.go.id/pendidikan/npsn/69836249
Kabupaten Bandung Barat,Batujajar,paud,69836251,SPS TAAM AT TAQWA,HAURNGAMBANG,Batujajar Timur,SWASTA,https://referensi.data.kemendikdasmen.go.id/pendidikan/npsn/69836251
Kabupaten Bandung Barat,Batujajar,paud,70025673,SPS TAAM MANBAURROSYAD,KP PASIR PAKU RT 02 RW 11,Giriasih,SWASTA,https://referensi.data.kemendikdasmen.go.id/pendidikan/npsn/70025673
Kabupaten Bandung Barat,Batujajar,paud,69836257,SPS TAAM NURUL QOMAR,KP. SUKAMANAH RT.02.RW.02,Pangauban,SWASTA,https://referensi.data.kemendikdasmen.go.id/pendidikan/npsn/69836257
Kabupaten Bandung Barat,Batujajar,paud,70025675,SPS TAAM THORIQUL HUSNA,Kp. Gunung Leutik RT 003 RW 012,Batujajar Timur,SWASTA,https://referensi.data.kemendikdasmen.go.id/pendidikan/npsn/70025675
Kabupaten Bandung Barat,Batujajar,paud,69975415,TAAM AL IKHLAS,Kp. Seketando Rt 02/14 Ds. Cangkorah,Cangkorah,SWASTA,https://referensi.data.kemendikdasmen.go.id/pendidikan/npsn/69975415
Kabupaten Bandung Barat,Batujajar,paud,69975416,TAAM AL MUCHLISIN,Kp. Jalantir Rt 02/14 Ds. Selacau,Selacau,SWASTA,https://referensi.data.kemendikdasmen.go.id/pendidikan/npsn/69975416
Kabupaten Bandung Barat,Batujajar,paud,69891513,TAAM AL MUHAJIRIN,BLOK SINARJAYA RT. 06 / 16,Batujajar Barat,SWASTA,https://referensi.data.kemendikdasmen.go.id/pendidikan/npsn/69891513
Kabupaten Bandung Barat,Batujajar,paud,69975418,TAAM DAARUL BAROKAH,Kp. Cihurip Rt 01/12 Ds. Cihurip,Pangauban,SWASTA,https://referensi.data.kemendikdasmen.go.id/pendidikan/npsn/69975418
Kabupaten Bandung Barat,Batujajar,paud,70003497,TK AL QOMARUN,KP. BABAKAN PARI RT 04 RW 05,Batujajar Timur,SWASTA,https://referensi.data.kemendikdasmen.go.id/pendidikan/npsn/70003497
Kabupaten Bandung Barat,Batujajar,paud,20267435,TK AL-AKMAL,JL BATUJAJAR NO 389,Galanggang,SWASTA,https://referensi.data.kemendikdasmen.go.id/pendidikan/npsn/20267435
Kabupaten Bandung Barat,Batujajar,paud,69891464,TK AN - NUR,KP CIBODAS RT.04 RW.07,Pangauban,SWASTA,https://referensi.data.kemendikdasmen.go.id/pendidikan/npsn/69891464
Kabupaten Bandung Barat,Batujajar,paud,70048383,TK AR ROHMAH,Blok Ranca RT. 003 RW. 002,Batujajar Barat,SWASTA,https://referensi.data.kemendikdasmen.go.id/pendidikan/npsn/70048383
Kabupaten Bandung Barat,Batujajar,paud,69835723,TK ARRAHMAN,BABAKAN PARI RT 02/04,Batujajar Timur,SWASTA,https://referensi.data.kemendikdasmen.go.id/pendidikan/npsn/69835723
Kabupaten Bandung Barat,Batujajar,paud,70058155,TK ARROHMAH AL BAROKAH,Kp. Cibeber Hilir RT. 001 RW. 004,Giriasih,SWASTA,https://referensi.data.kemendikdasmen.go.id/pendidikan/npsn/70058155
Kabupaten Bandung Barat,Batujajar,paud,20267446,TK ASH SHODIQIYYAH,BLOK BABAKAN SARI NO.53,Batujajar Barat,SWASTA,https://referensi.data.kemendikdasmen.go.id/pendidikan/npsn/20267446
Kabupaten Bandung Barat,Batujajar,paud,20267445,TK ASHABUL KAHFI,JL PASIR PAKU,Giriasih,SWASTA,https://referensi.data.kemendikdasmen.go.id/pendidikan/npsn/20267445
Kabupaten Bandung Barat,Batujajar,paud,70055585,TK AT TAQWA,Kp. Haurngambang RT. 003 RW. 006,Batujajar Timur,SWASTA,https://referensi.data.kemendikdasmen.go.id/pendidikan/npsn/70055585
Kabupaten Bandung Barat,Batujajar,paud,69891514,TK BHINA SWAKARYA,KP.SEKETANDO DESA CANGKORAH,Cangkorah,SWASTA,https://referensi.data.kemendikdasmen.go.id/pendidikan/npsn/69891514
Kabupaten Bandung Barat,Batujajar,paud,70031425,TK CERIA SILIH ASIH,Perum Pangauban Silih Asih Blok Q No. 23 RT 001 RW 006,Pangauban,SWASTA,https://referensi.data.kemendikdasmen.go.id/pendidikan/npsn/70031425
Kabupaten Bandung Barat,Batujajar,paud,20267475,TK INJA,Kp. CIBUNGUR RT 01 RW 10,Batujajar Timur,SWASTA,https://referensi.data.kemendikdasmen.go.id/pendidikan/npsn/20267475
Kabupaten Bandung Barat,Batujajar,paud,20267476,TK INSAN CENDIKIA,JL GALANGGANG,Galanggang,SWASTA,https://referensi.data.kemendikdasmen.go.id/pendidikan/npsn/20267476
Kabupaten Bandung Barat,Batujajar,paud,20267478,TK ISLAM BANURAJA,JL BANURAJA,Pangauban,SWASTA,https://referensi.data.kemendikdasmen.go.id/pendidikan/npsn/20267478
Kabupaten Bandung Barat,Batujajar,paud,70043978,TK ISLAM TERPADU BAITUL MUBAROKAH,Jl. Blok Sinarjaya RT. 005 RW. 016,Batujajar Barat,SWASTA,https://referensi.data.kemendikdasmen.go.id/pendidikan/npsn/70043978
Kabupaten Bandung Barat,Batujajar,paud,70044051,TK IT AL ZAFIR,Kp. Pasir Astana RT. 002 RW. 003,Cangkorah,SWASTA,https://referensi.data.kemendikdasmen.go.id/pendidikan/npsn/70044051
Kabupaten Bandung Barat,Batujajar,paud,20267483,TK KARTIKA XV 5,JL PARAYUDA N0 4,Galanggang,SWASTA,https://referensi.data.kemendikdasmen.go.id/pendidikan/npsn/20267483
Kabupaten Bandung Barat,Batujajar,paud,20267498,TK MUHAIMAH,BLOK WARUNG PULUS,Batujajar Barat,SWASTA,https://referensi.data.kemendikdasmen.go.id/pendidikan/npsn/20267498
Kabupaten Bandung Barat,Batujajar,paud,69872154,TK PERSADA,DUNGUSPURNA RT 1 RW 8,Galanggang,SWASTA,https://referensi.data.kemendikdasmen.go.id/pendidikan/npsn/69872154
Kabupaten Bandung Barat,Batujajar,paud,69918034,TK PURI INSANI,Komp PURI INDAH LESTARI Rt 08 Rw 16,Batujajar Timur,SWASTA,https://referensi.data.kemendikdasmen.go.id/pendidikan/npsn/69918034
Kabupaten Bandung Barat,Batujajar,paud,20267532,TK RAUDHATUL ULUM,JL GALANGGANG,Galanggang,SWASTA,https://referensi.data.kemendikdasmen.go.id/pendidikan/npsn/20267532
Kabupaten Bandung Barat,Batujajar,paud,69891461,TK SATU ATAP SDN 1 CIBUNGUR,CIBUNGUR RT.01/10,Batujajar Timur,SWASTA,https://referensi.data.kemendikdasmen.go.id/pendidikan/npsn/69891461
Kabupaten Bandung Barat,Batujajar,paud,70060863,TK SIBYANUL AQWA,Kp. Cibungur RT. 001 RW. 010,Batujajar Timur,SWASTA,https://referensi.data.kemendikdasmen.go.id/pendidikan/npsn/70060863
Kabupaten Bandung Barat,Batujajar,paud,20267536,TK SITI AMINAH,JL RAYA BATUJAJAR NO 223,Batujajar Timur,SWASTA,https://referensi.data.kemendikdasmen.go.id/pendidikan/npsn/20267536
Kabupaten Bandung Barat,Batujajar,paud,70002310,TK TAHFIDZ DARUL IHSAN,Perum Graha Kencana Batujajar Blok G1 RT. 01 RW. 17,Batujajar Timur,SWASTA,https://referensi.data.kemendikdasmen.go.id/pendidikan/npsn/70002310
Kabupaten Bandung Barat,Batujajar,paud,69891574,TK TERPADU KENANGA BATUJAJAR,Kp. Cicangkuang Rt.003/008 No. 11 Batujajar Kab. Bandung Barat,Giriasih,SWASTA,https://referensi.data.kemendikdasmen.go.id/pendidikan/npsn/69891574
Kabupaten Bandung Barat,Batujajar,paud,20279849,TKS AL KHOIRIYAH BANI YUSUF,KP. SINAR MUKTI RT 03 RW 04,Selacau,SWASTA,https://referensi.data.kemendikdasmen.go.id/pendidikan/npsn/20279849
Kabupaten Bandung Barat,Cipatat,paud,69835961,AL BAROKAH,KP. TONJONG RT. 02/02,Nyalindung,SWASTA,https://referensi.data.kemendikdasmen.go.id/pendidikan/npsn/69835961
Kabupaten Bandung Barat,Cipatat,paud,69835963,Al Firdaus,Kp. Cimentang Rt. 02 /07,Nyalindung,SWASTA,https://referensi.data.kemendikdasmen.go.id/pendidikan/npsn/69835963
Kabupaten Bandung Barat,Cipatat,paud,69835943,AL JABAAR,KP. NYOMPLONG,Cipatat,SWASTA,https://referensi.data.kemendikdasmen.go.id/pendidikan/npsn/69835943
Kabupaten Bandung Barat,Cipatat,paud,69835977,AL MUZAYYIN,KP. KUTALAKSANA RT. 03 /02,Mandalawangi,SWASTA,https://referensi.data.kemendikdasmen.go.id/pendidikan/npsn/69835977
Kabupaten Bandung Barat,Cipatat,paud,69835957,Al-AMANAH,Kp.Cigintung Rt.01 / 21,Gunungmasigit,SWASTA,https://referensi.data.kemendikdasmen.go.id/pendidikan/npsn/69835957
Kabupaten Bandung Barat,Cipatat,paud,69835956,AR RAUDHAH,KP. CIHALIMUN RT 01 RW 19,Gunungmasigit,SWASTA,https://referensi.data.kemendikdasmen.go.id/pendidikan/npsn/69835956
Kabupaten Bandung Barat,Cipatat,paud,69835958,AZ ZAHRA,GUNUNG MASIGIT,Gunungmasigit,SWASTA,https://referensi.data.kemendikdasmen.go.id/pendidikan/npsn/69835958
Kabupaten Bandung Barat,Cipatat,paud,69835933,BUNDA PERTIWI,KP. SUKAATI RT. 02/05,Rajamandala Kulon,SWASTA,https://referensi.data.kemendikdasmen.go.id/pendidikan/npsn/69835933
Kabupaten Bandung Barat,Cipatat,paud,69835952,CITATAH ENDAH,KP. CIKATOMAS RT. 01 RW. 07,Citatah,SWASTA,https://referensi.data.kemendikdasmen.go.id/pendidikan/npsn/69835952
Kabupaten Bandung Barat,Cipatat,paud,69835944,HARAPAN IBU,NYOMPLONG,Cipatat,SWASTA,https://referensi.data.kemendikdasmen.go.id/pendidikan/npsn/69835944
Kabupaten Bandung Barat,Cipatat,paud,69835947,HARAPAN MULYA,KP. KARANG MULYA RT 02 RW 01,Citatah,SWASTA,https://referensi.data.kemendikdasmen.go.id/pendidikan/npsn/69835947
Kabupaten Bandung Barat,Cipatat,paud,69891520,IAP MANDIRI,CIBIHBUL,Gunungmasigit,SWASTA,https://referensi.data.kemendikdasmen.go.id/pendidikan/npsn/69891520
Kabupaten Bandung Barat,Cipatat,paud,70000651,KB AL AMANAH ASSIDIQIAH,Kamp. Pareang Pintu RT.01 RW.05,Mandalasari,SWASTA,https://referensi.data.kemendikdasmen.go.id/pendidikan/npsn/70000651
Kabupaten Bandung Barat,Cipatat,paud,69835971,KB AL MUHAJIRIN,KP. MEDALWANGI RT. 01 RW. 13,Mandalasari,SWASTA,https://referensi.data.kemendikdasmen.go.id/pendidikan/npsn/69835971
Kabupaten Bandung Barat,Cipatat,paud,69968994,KB AL-FAATIH,KP NYALINDUNG RT 02 RW 12,Cirawamekar,SWASTA,https://referensi.data.kemendikdasmen.go.id/pendidikan/npsn/69968994
Kabupaten Bandung Barat,Cipatat,paud,69891522,KB AL-IKHLAS,KP.CIPICUNG,Rajamandala Kulon,SWASTA,https://referensi.data.kemendikdasmen.go.id/pendidikan/npsn/69891522
Kabupaten Bandung Barat,Cipatat,paud,69986737,KB ANNASRULLAH,KP. PABRIK RT 01 RW 08,Mandalawangi,SWASTA,https://referensi.data.kemendikdasmen.go.id/pendidikan/npsn/69986737
Kabupaten Bandung Barat,Cipatat,paud,70007291,KB BAITUL MUTTAQIEN,KP. GUNUNGBATU RT.01 RW.06,Ciptaharja,SWASTA,https://referensi.data.kemendikdasmen.go.id/pendidikan/npsn/70007291
Kabupaten Bandung Barat,Cipatat,paud,69986766,KB BAITURRAHMAN,KP. PABUARANRT 01 RW 01,Mandalawangi,SWASTA,https://referensi.data.kemendikdasmen.go.id/pendidikan/npsn/69986766
Kabupaten Bandung Barat,Cipatat,paud,69835978,KB BERINGIN,KP.CICARINGIN RT.03 RW.07,Mandalawangi,SWASTA,https://referensi.data.kemendikdasmen.go.id/pendidikan/npsn/69835978
Kabupaten Bandung Barat,Cipatat,paud,69835972,KB CEMPAKA PUTIH,KP. KIARA MARGALUYU RT. 01 RW. 12,Mandalasari,SWASTA,https://referensi.data.kemendikdasmen.go.id/pendidikan/npsn/69835972
Kabupaten Bandung Barat,Cipatat,paud,69917027,KB CERDIK,"Kp, nyomplong Rt.02/17",Rajamandala Kulon,SWASTA,https://referensi.data.kemendikdasmen.go.id/pendidikan/npsn/69917027
Kabupaten Bandung Barat,Cipatat,paud,69835955,KB CERMAT,KP CIMERANG,Citatah,SWASTA,https://referensi.data.kemendikdasmen.go.id/pendidikan/npsn/69835955
Kabupaten Bandung Barat,Cipatat,paud,69835931,KB IHYAULBARKAH,KP. BBK RANCABENTANG RT.02 RW.02,Rajamandala Kulon,SWASTA,https://referensi.data.kemendikdasmen.go.id/pendidikan/npsn/69835931
Kabupaten Bandung Barat,Cipatat,paud,69835970,KB KAMPUNG BELAJAR,KP. BUNGUR RT. 02 RW. 09,Mandalasari,SWASTA,https://referensi.data.kemendikdasmen.go.id/pendidikan/npsn/69835970
Kabupaten Bandung Barat,Cipatat,paud,69835937,KB KARYA NUGRAHA,PERUM GRIYA SUKARAME ASRI BLOK E. No. 11-12,Ciptaharja,SWASTA,https://referensi.data.kemendikdasmen.go.id/pendidikan/npsn/69835937
Kabupaten Bandung Barat,Cipatat,paud,69891524,KB KHAIRUNNISA,Kp. Ciruman RT. 02 RW. 02,Rajamandala Kulon,SWASTA,https://referensi.data.kemendikdasmen.go.id/pendidikan/npsn/69891524
Kabupaten Bandung Barat,Cipatat,paud,69984413,KB MEDINA AZAHRA,KP. KARANGLAYUNG RT 01 RW 09,Kertamukti,SWASTA,https://referensi.data.kemendikdasmen.go.id/pendidikan/npsn/69984413
Kabupaten Bandung Barat,Cipatat,paud,69968985,KB MEKARWANGI,JL. GOA PAWON RT 001 RW 012,Gunungmasigit,SWASTA,https://referensi.data.kemendikdasmen.go.id/pendidikan/npsn/69968985
Kabupaten Bandung Barat,Cipatat,paud,69835946,KB MUTIARA ILMU,Kp. Sekip RT. 02 RW. 09,Cipatat,SWASTA,https://referensi.data.kemendikdasmen.go.id/pendidikan/npsn/69835946
Kabupaten Bandung Barat,Cipatat,paud,69891523,KB NAJMIATUL ULUM,Kp. Pareang Lio,Rajamandala Kulon,SWASTA,https://referensi.data.kemendikdasmen.go.id/pendidikan/npsn/69891523
Kabupaten Bandung Barat,Cipatat,paud,69835979,KB NAZUSSALAM,KP PABUARAN,Mandalawangi,SWASTA,https://referensi.data.kemendikdasmen.go.id/pendidikan/npsn/69835979
Kabupaten Bandung Barat,Cipatat,paud,69891469,KB NURUL HUDA,Kp. Cijengkol RT.01 RW.12,Nyalindung,SWASTA,https://referensi.data.kemendikdasmen.go.id/pendidikan/npsn/69891469
Kabupaten Bandung Barat,Cipatat,paud,69968993,KB NUSANTARA,KP CIPARANG RT 02 RW 07,Cipatat,SWASTA,https://referensi.data.kemendikdasmen.go.id/pendidikan/npsn/69968993
Kabupaten Bandung Barat,Cipatat,paud,69835959,KB SHIROTUN DHAU UN,KP. CIRAWA RT 03 RW 06,Cirawamekar,SWASTA,https://referensi.data.kemendikdasmen.go.id/pendidikan/npsn/69835959
Kabupaten Bandung Barat,Cipatat,paud,69835939,KB TERPADU,KP.SAKOLA RT.01 RW 14,Ciptaharja,SWASTA,https://referensi.data.kemendikdasmen.go.id/pendidikan/npsn/69835939
Kabupaten Bandung Barat,Cipatat,paud,69933613,KOBER AL MUHTADIN,Kp. Rawasari Rt.03 Rw.07,Mandalasari,SWASTA,https://referensi.data.kemendikdasmen.go.id/pendidikan/npsn/69933613
Kabupaten Bandung Barat,Cipatat,paud,69933612,KOBER ASYROZ,Kp. Pasegan Rt.01 Rw.17,Cipatat,SWASTA,https://referensi.data.kemendikdasmen.go.id/pendidikan/npsn/69933612
Kabupaten Bandung Barat,Cipatat,paud,70043828,KOBER BANDUNG BARAT FOUNDATION-1,Jl. Raya Purwakarta KM 10 Rt. 001 Rw.011,Sumurbandung,SWASTA,https://referensi.data.kemendikdasmen.go.id/pendidikan/npsn/70043828
Kabupaten Bandung Barat,Cipatat,paud,69835936,KOBER BINA PRATAMA,JL. RAYA SUKARAME KOMPLEK UPTD PENDIDIKAN,Ciptaharja,SWASTA,https://referensi.data.kemendikdasmen.go.id/pendidikan/npsn/69835936
Kabupaten Bandung Barat,Cipatat,paud,69917028,KOBER KASIH IBU,KOBER KASIH IBU,Mandalawangi,SWASTA,https://referensi.data.kemendikdasmen.go.id/pendidikan/npsn/69917028
Kabupaten Bandung Barat,Cipatat,paud,69938980,KOBER TUNAS HARAPAN,Kp. Cioray Kidul,Ciptaharja,SWASTA,https://referensi.data.kemendikdasmen.go.id/pendidikan/npsn/69938980
Kabupaten Bandung Barat,Cipatat,paud,69891587,Miftahul Huda Al-Barokah,Kp. Cirawa RT 01 RW 14,Cirawamekar,SWASTA,https://referensi.data.kemendikdasmen.go.id/pendidikan/npsn/69891587
Kabupaten Bandung Barat,Cipatat,paud,69835950,MUTIARA IBU,KP. WARUNG TIWU RT. 02 /16,Citatah,SWASTA,https://referensi.data.kemendikdasmen.go.id/pendidikan/npsn/69835950
Kabupaten Bandung Barat,Cipatat,paud,70046092,PAUDQ AT-TAUFIK,Kp. Warung Jambe,Kec. Cipatat,SWASTA,https://referensi.data.kemendikdasmen.go.id/pendidikan/npsn/70046092
Kabupaten Bandung Barat,Cipatat,paud,70046703,PAUDQ MANARUL HUDA,KP. CABEAREY,Kec. Cipatat,SWASTA,https://referensi.data.kemendikdasmen.go.id/pendidikan/npsn/70046703
Kabupaten Bandung Barat,Cipatat,paud,70046102,PAUDQ RAUDHATUL JANNAH,KP. SUKAMAJU,Kec. Cipatat,SWASTA,https://referensi.data.kemendikdasmen.go.id/pendidikan/npsn/70046102
Kabupaten Bandung Barat,Cipatat,paud,70039410,PAUDQ. AL HUSNA,KP. CINONA,Cipatat,SWASTA,https://referensi.data.kemendikdasmen.go.id/pendidikan/npsn/70039410
Kabupaten Bandung Barat,Cipatat,paud,70039411,PAUDQ. AL-FATHIN,KP. CIBUANA,Gunungmasigit,SWASTA,https://referensi.data.kemendikdasmen.go.id/pendidikan/npsn/70039411
Kabupaten Bandung Barat,Cipatat,paud,70039400,PAUDQ. AL-IKHLAS CERIA,KP. PAKEMITAN,Rajamandala Kulon,SWASTA,https://referensi.data.kemendikdasmen.go.id/pendidikan/npsn/70039400
Kabupaten Bandung Barat,Cipatat,paud,70039404,PAUDQ. BABUSSALAM,KP. CIKOKOSAN,Kertamukti,SWASTA,https://referensi.data.kemendikdasmen.go.id/pendidikan/npsn/70039404
Kabupaten Bandung Barat,Cipatat,paud,70039396,PAUDQ. SIROJUL HIDAYAH,KP. MANGGAH,Kertamukti,SWASTA,https://referensi.data.kemendikdasmen.go.id/pendidikan/npsn/70039396
Kabupaten Bandung Barat,Cipatat,paud,69836269,POS PAUD AL-INAYAH,Kp. Kutalaksana Rt 02/02 Ds. Mandalawangi,Mandalawangi,SWASTA,https://referensi.data.kemendikdasmen.go.id/pendidikan/npsn/69836269
Kabupaten Bandung Barat,Cipatat,paud,69836266,Pos Paud Nurul Ihsan,Kp.Sugihmukti Rt.02 / 12,Kertamukti,SWASTA,https://referensi.data.kemendikdasmen.go.id/pendidikan/npsn/69836266
Kabupaten Bandung Barat,Cipatat,paud,69836268,POS PAUD PELANGI SARIMUKTI,KP. JATI RT 01 RW 01,Sarimukti,SWASTA,https://referensi.data.kemendikdasmen.go.id/pendidikan/npsn/69836268
Kabupaten Bandung Barat,Cipatat,paud,69854617,RA Miftahul Ulum,Kp. Balekambang RT 04 RW 10 Ds. Cirawamekar,Cirawamekar,SWASTA,https://referensi.data.kemendikdasmen.go.id/pendidikan/npsn/69854617
Kabupaten Bandung Barat,Cipatat,paud,69993959,RA RIYADUL ILMI,Kp. Ciames RT 02 RW 20,Gunungmasigit,SWASTA,https://referensi.data.kemendikdasmen.go.id/pendidikan/npsn/69993959
Kabupaten Bandung Barat,Cipatat,paud,69738220,RA/BA/TA AL-AFANDIYAH,KP. CINTA LAKSANA RT.02 RW.03 GUNUNG MASIGIT,Cipatat,SWASTA,https://referensi.data.kemendikdasmen.go.id/pendidikan/npsn/69738220
Kabupaten Bandung Barat,Cipatat,paud,69738221,RA/BA/TA AL-FAROBI,KP.PAKEMITAN RT 01/11,Cipatat,SWASTA,https://referensi.data.kemendikdasmen.go.id/pendidikan/npsn/69738221
Kabupaten Bandung Barat,Cipatat,paud,69738222,RA/BA/TA AL-FIRDAUS,KOMP. AL FIRDAUS NO. 88 CIPTAHARJA - CIPATAT,Sarimukti,SWASTA,https://referensi.data.kemendikdasmen.go.id/pendidikan/npsn/69738222
Kabupaten Bandung Barat,Cipatat,paud,69738223,RA/BA/TA AL-HASANIAH,KP.WARUNG JAMBE RT 01/RW 08,Cipatat,SWASTA,https://referensi.data.kemendikdasmen.go.id/pendidikan/npsn/69738223
Kabupaten Bandung Barat,Cipatat,paud,69738224,RA/BA/TA AL-HUDA,KP. SIRNASARI RT.01 RW.15,Kec. Cipatat,SWASTA,https://referensi.data.kemendikdasmen.go.id/pendidikan/npsn/69738224
Kabupaten Bandung Barat,Cipatat,paud,69738218,RA/BA/TA AL-KAUTSAR,KP. SUKARAME RT 02/02,Kertamukti,SWASTA,https://referensi.data.kemendikdasmen.go.id/pendidikan/npsn/69738218
Kabupaten Bandung Barat,Cipatat,paud,69738219,RA/BA/TA AL-MANAR.,"KP.KAUM RT01/RW11,DESA MANDALASARI,CIPATAT.",Rajamandala Kulon,SWASTA,https://referensi.data.kemendikdasmen.go.id/pendidikan/npsn/69738219
Kabupaten Bandung Barat,Cipatat,paud,69738225,RA/BA/TA AL-MAQSHUDIYAH,PERUM CIPATAT ELOK BLOK I NO. 1 DS. CIPTAHARJA CIPATAT,Cipatat,SWASTA,https://referensi.data.kemendikdasmen.go.id/pendidikan/npsn/69738225
Kabupaten Bandung Barat,Cipatat,paud,69738226,RA/BA/TA AL-MARDHIYAH,PAKEMITAN RT 03 / XII NO. 17 RAJAMANDALA - CIPATAT,Cipatat,SWASTA,https://referensi.data.kemendikdasmen.go.id/pendidikan/npsn/69738226
Kabupaten Bandung Barat,Cipatat,paud,69738227,RA/BA/TA AL-MARZUQI,KP. SUKAMANAH RT. 02/07 DS. SARIMUKTI CIPATAT,Mandalasari,SWASTA,https://referensi.data.kemendikdasmen.go.id/pendidikan/npsn/69738227
Kabupaten Bandung Barat,Cipatat,paud,69738228,RA/BA/TA AL-MUSRI KERTAMUKTI,KP. CIKONDANG RT.02 RW.14 DESA KERTAMUKTI,Kec. Cipatat,SWASTA,https://referensi.data.kemendikdasmen.go.id/pendidikan/npsn/69738228
Kabupaten Bandung Barat,Cipatat,paud,69738229,RA/BA/TA AR-RAHMAT,KP. CISITU RT 01 / 02 CITATAH - CIPATAT,Citatah,SWASTA,https://referensi.data.kemendikdasmen.go.id/pendidikan/npsn/69738229
Kabupaten Bandung Barat,Cipatat,paud,69738230,RA/BA/TA ASY-SYIFA,KP. CISADANG JLN. STASION RAJAMANDALA RT 03/10 DS. MANDALASARI KEC. CIPATAT,Cipatat,SWASTA,https://referensi.data.kemendikdasmen.go.id/pendidikan/npsn/69738230
Kabupaten Bandung Barat,Cipatat,paud,69738231,RA/BA/TA AZ-ZUHRIYAH,KP. EMPANGSARI RT. 04/20 DS. RAJAMANDALA CIPATAT,Kertamukti,SWASTA,https://referensi.data.kemendikdasmen.go.id/pendidikan/npsn/69738231
Kabupaten Bandung Barat,Cipatat,paud,69738232,RA/BA/TA BAROKATUL KAMILAH,KP. CIMERANG RT.04 RW.12 CITATAH,Cipatat,SWASTA,https://referensi.data.kemendikdasmen.go.id/pendidikan/npsn/69738232
Kabupaten Bandung Barat,Cipatat,paud,69738233,RA/BA/TA CIORAY,KOMPLEK PLN CIORAY TROMOL POS 7,Kertamukti,SWASTA,https://referensi.data.kemendikdasmen.go.id/pendidikan/npsn/69738233
Kabupaten Bandung Barat,Cipatat,paud,69738234,RA/BA/TA DAARUT TAQWA,KP. CIJUHUNG RT 07 RW 05,Ciptaharja,SWASTA,https://referensi.data.kemendikdasmen.go.id/pendidikan/npsn/69738234
Kabupaten Bandung Barat,Cipatat,paud,69738235,RA/BA/TA DARUSSALAM,KP. PAMUCATAN RT 01 / 01,Cipatat,SWASTA,https://referensi.data.kemendikdasmen.go.id/pendidikan/npsn/69738235
Kabupaten Bandung Barat,Cipatat,paud,69738236,RA/BA/TA MIFTAHUL ARIFIN,KP.CIRANJI RT.01 RW.03,Cipatat,SWASTA,https://referensi.data.kemendikdasmen.go.id/pendidikan/npsn/69738236
Kabupaten Bandung Barat,Cipatat,paud,69738237,RA/BA/TA NURUL BAROKAH,KP. MEKARSARI RT. 05 RW. 14,Kertamukti,SWASTA,https://referensi.data.kemendikdasmen.go.id/pendidikan/npsn/69738237
Kabupaten Bandung Barat,Cipatat,paud,69738239,RA/BA/TA QOLBUN SALIIM,KP BOJONG HONJE RT01 RW15 CITATAH,Kertamukti,SWASTA,https://referensi.data.kemendikdasmen.go.id/pendidikan/npsn/69738239
Kabupaten Bandung Barat,Cipatat,paud,69738240,RA/BA/TA ZAINUL ATIQ,KP. JAMBU DIPA RT.01 RW.08 KERTAMUKTI,Kec. Cipatat,SWASTA,https://referensi.data.kemendikdasmen.go.id/pendidikan/npsn/69738240
Kabupaten Bandung Barat,Cipatat,paud,69835954,SALAK MANIS,KP. SELAJAMBE RT. 04 / 13,Citatah,SWASTA,https://referensi.data.kemendikdasmen.go.id/pendidikan/npsn/69835954
Kabupaten Bandung Barat,Cipatat,paud,69835949,SAWO MANIS,KP. CITATAH,Citatah,SWASTA,https://referensi.data.kemendikdasmen.go.id/pendidikan/npsn/69835949
Kabupaten Bandung Barat,Cipatat,paud,69891584,SPS AL-ANWAR,KP.SUKALILAH RT.01 RW 14,Rajamandala Kulon,SWASTA,https://referensi.data.kemendikdasmen.go.id/pendidikan/npsn/69891584
Kabupaten Bandung Barat,Cipatat,paud,69968991,SPS AL-KAHFI,KP BABAKAN BANDUNG,Rajamandala Kulon,SWASTA,https://referensi.data.kemendikdasmen.go.id/pendidikan/npsn/69968991
Kabupaten Bandung Barat,Cipatat,paud,70015945,SPS BAITUL ILMI,Kp. Cisaladah No.66 Rt.05 Rw.11,Ciptaharja,SWASTA,https://referensi.data.kemendikdasmen.go.id/pendidikan/npsn/70015945
Kabupaten Bandung Barat,Cipatat,paud,69836264,SPS MANGGIS,KP.CIJUHUNG RT.03 RW 05,Ciptaharja,SWASTA,https://referensi.data.kemendikdasmen.go.id/pendidikan/npsn/69836264
Kabupaten Bandung Barat,Cipatat,paud,69836263,SPS MELATI,PERUM CIPATAT ELOK BLOK A RT 01 RW 15,Ciptaharja,SWASTA,https://referensi.data.kemendikdasmen.go.id/pendidikan/npsn/69836263
Kabupaten Bandung Barat,Cipatat,paud,69836265,SPS MELATI PUTIH,KP.CIRAWA MEKAR RT.01 RW.03,Cirawamekar,SWASTA,https://referensi.data.kemendikdasmen.go.id/pendidikan/npsn/69836265
Kabupaten Bandung Barat,Cipatat,paud,69891586,SPS RAHMATUSSYADIAH,KP.CINANGSI.RT 01 RW 04,Cipatat,SWASTA,https://referensi.data.kemendikdasmen.go.id/pendidikan/npsn/69891586
Kabupaten Bandung Barat,Cipatat,paud,70038890,SPS RIYADUSSYIFA,Kp. Ciwalahir No. 20 Rt.001 Rw.007,Cipatat,SWASTA,https://referensi.data.kemendikdasmen.go.id/pendidikan/npsn/70038890
Kabupaten Bandung Barat,Cipatat,paud,69836261,SPS TAAM AL-BARQI,KP. WARUNG JAMBE RT.03 RW.10,Rajamandala Kulon,SWASTA,https://referensi.data.kemendikdasmen.go.id/pendidikan/npsn/69836261
Kabupaten Bandung Barat,Cipatat,paud,70028450,TK AL-HASANAH,Kp. Pamucatan Rt.003 Rw.001,Gunungmasigit,SWASTA,https://referensi.data.kemendikdasmen.go.id/pendidikan/npsn/70028450
Kabupaten Bandung Barat,Cipatat,paud,20267436,TK ALIFYA,JL GUNUNG MASIGIT,Gunungmasigit,SWASTA,https://referensi.data.kemendikdasmen.go.id/pendidikan/npsn/20267436
Kabupaten Bandung Barat,Cipatat,paud,69891468,TK ALIFYA 2,CIWALAHIR RT 01 RW 07,Cirawamekar,SWASTA,https://referensi.data.kemendikdasmen.go.id/pendidikan/npsn/69891468
Kabupaten Bandung Barat,Cipatat,paud,70031199,TK AR-RASYID,Kp. Liunggunung Rt.001 Rw.016,Gunungmasigit,SWASTA,https://referensi.data.kemendikdasmen.go.id/pendidikan/npsn/70031199
Kabupaten Bandung Barat,Cipatat,paud,69917393,TK AS SALAAM,Kp. Cibogo No.17 Rt.05 Rw.04,Citatah,SWASTA,https://referensi.data.kemendikdasmen.go.id/pendidikan/npsn/69917393
Kabupaten Bandung Barat,Cipatat,paud,69891467,TK AT- TAUFIQ,KP KEBON KALAPA RT 02 RW 03,Cipatat,SWASTA,https://referensi.data.kemendikdasmen.go.id/pendidikan/npsn/69891467
Kabupaten Bandung Barat,Cipatat,paud,69872155,TK CIPTA MULIA,PERUM SAGITARIUS NO A-9 RT 02 RW 14,Ciptaharja,SWASTA,https://referensi.data.kemendikdasmen.go.id/pendidikan/npsn/69872155
Kabupaten Bandung Barat,Cipatat,paud,70038892,TK DARUL AFKAR,Kp. Pareang Kolot Rt.002 Rw.004,Mandalasari,SWASTA,https://referensi.data.kemendikdasmen.go.id/pendidikan/npsn/70038892
Kabupaten Bandung Barat,Cipatat,paud,20267489,TK KURNIA ILLAHI,KP.BABAKAN KURNIA RT 01 RW 11,Mandalawangi,SWASTA,https://referensi.data.kemendikdasmen.go.id/pendidikan/npsn/20267489
Kabupaten Bandung Barat,Cipatat,paud,20267491,TK MANDALA KENCANA,JL.PABUARAN NO 5,Mandalawangi,SWASTA,https://referensi.data.kemendikdasmen.go.id/pendidikan/npsn/20267491
Kabupaten Bandung Barat,Cipatat,paud,70062224,TK MUTIARA SUMURBANDUNG,KP SUMUR BANDUNG NO 005 RT 02/ RW 12,Sumurbandung,SWASTA,https://referensi.data.kemendikdasmen.go.id/pendidikan/npsn/70062224
Kabupaten Bandung Barat,Cipatat,paud,69882684,TK NURUL FALAH,CINANGKA RT 02 RW 06,Rajamandala Kulon,SWASTA,https://referensi.data.kemendikdasmen.go.id/pendidikan/npsn/69882684
Kabupaten Bandung Barat,Cipatat,paud,69872157,TK NURUL HUDA INSANI,KP SINGAPURA RT 01/RW 12,Sumurbandung,SWASTA,https://referensi.data.kemendikdasmen.go.id/pendidikan/npsn/69872157
Kabupaten Bandung Barat,Cipatat,paud,69964835,TK NUURUL QAMAR AZZAHRA,KP CIKONDANG RT 01 RW 14,Kertamukti,SWASTA,https://referensi.data.kemendikdasmen.go.id/pendidikan/npsn/69964835
Kabupaten Bandung Barat,Cipatat,paud,20267521,TK PERTIWI,JL. RAYA SUKARAME NO. 177,Ciptaharja,SWASTA,https://referensi.data.kemendikdasmen.go.id/pendidikan/npsn/20267521
Kabupaten Bandung Barat,Cipatat,paud,69835728,TK QANITAH,KP.KIARA RT.01 RW.12,Mandalawangi,SWASTA,https://referensi.data.kemendikdasmen.go.id/pendidikan/npsn/69835728
Kabupaten Bandung Barat,Cipatat,paud,69918382,TK SATU ATAP MARGALUYU,Jl.Raya Citatah Km 30,Cipatat,SWASTA,https://referensi.data.kemendikdasmen.go.id/pendidikan/npsn/69918382
Kabupaten Bandung Barat,Cipatat,paud,69917396,TK TUNAS BANGSA,Jl. Drs. A. Manan No.21 Rt.01/14,Cipatat,SWASTA,https://referensi.data.kemendikdasmen.go.id/pendidikan/npsn/69917396
Kabupaten Bandung Barat,Cipatat,paud,69872156,TK TUNAS KARTIKA,KP. PAKEMITAN,Rajamandala Kulon,SWASTA,https://referensi.data.kemendikdasmen.go.id/pendidikan/npsn/69872156
Kabupaten Bandung Barat,Cipatat,paud,20267541,TK TUNAS KARYA,KOMP.PTPN VIII,Rajamandala Kulon,SWASTA,https://referensi.data.kemendikdasmen.go.id/pendidikan/npsn/20267541
Kabupaten Bandung Barat,Padalarang,paud,69835991,KB AL AMANAH,JL. LETKOL GA MANULANG NO. 63,Padalarang,SWASTA,https://referensi.data.kemendikdasmen.go.id/pendidikan/npsn/69835991
Kabupaten Bandung Barat,Padalarang,paud,69835981,KB AL BAROKAH,PERUM LAKSANA MEKAR ASRI,Laksanamekar,SWASTA,https://referensi.data.kemendikdasmen.go.id/pendidikan/npsn/69835981
Kabupaten Bandung Barat,Padalarang,paud,69836005,KB AL HASANAH,Kp. Cikamuning RT.03 RW.01,Tagogapu,SWASTA,https://referensi.data.kemendikdasmen.go.id/pendidikan/npsn/69836005
Kabupaten Bandung Barat,Padalarang,paud,69836003,KB AL HUDA,JL. RAYA PURWAKARTA NO. 422,Tagogapu,SWASTA,https://referensi.data.kemendikdasmen.go.id/pendidikan/npsn/69836003
Kabupaten Bandung Barat,Padalarang,paud,69836009,KB AL IMAN,Jl. Raaya Purwakarta KP. Muara Cipada,Cempakamekar,SWASTA,https://referensi.data.kemendikdasmen.go.id/pendidikan/npsn/69836009
Kabupaten Bandung Barat,Padalarang,paud,69891527,KB ANGGREK PUTIH 8,Perum Ciampel Indah Jl. Melati Rt.02 Rw.08,Laksanamekar,SWASTA,https://referensi.data.kemendikdasmen.go.id/pendidikan/npsn/69891527
Kabupaten Bandung Barat,Padalarang,paud,69836004,KB ARROYAN,KP. CIKAMUNING RT. 01 RW.01,Tagogapu,SWASTA,https://referensi.data.kemendikdasmen.go.id/pendidikan/npsn/69836004
Kabupaten Bandung Barat,Padalarang,paud,69835992,KB AT TAWABIN,KP. CIPADANG MANAH RT.02 RW.16,Padalarang,SWASTA,https://referensi.data.kemendikdasmen.go.id/pendidikan/npsn/69835992
Kabupaten Bandung Barat,Padalarang,paud,69922736,KB ATSILAH,Kp. Babakan Solokan RT.01 RW.17,Cempakamekar,SWASTA,https://referensi.data.kemendikdasmen.go.id/pendidikan/npsn/69922736
Kabupaten Bandung Barat,Padalarang,paud,69835989,KB AULADI,"KOMPK PPI,BLOK G10,NO.17",Padalarang,SWASTA,https://referensi.data.kemendikdasmen.go.id/pendidikan/npsn/69835989
Kabupaten Bandung Barat,Padalarang,paud,69836007,KB BUNDA ASRI,KP. NEGLASARI RT.01 RW.13,Tagogapu,SWASTA,https://referensi.data.kemendikdasmen.go.id/pendidikan/npsn/69836007
Kabupaten Bandung Barat,Padalarang,paud,69920888,KB CAHAYA BANGSA CLASSICAL SCHOOL,Jl. Bujangga Manik Kav 1 Kota Baru Parahyangan,Padalarang,SWASTA,https://referensi.data.kemendikdasmen.go.id/pendidikan/npsn/69920888
Kabupaten Bandung Barat,Padalarang,paud,69836008,KB DOA IBU,Kp. Nyondol RT.02 RW.08,Cempakamekar,SWASTA,https://referensi.data.kemendikdasmen.go.id/pendidikan/npsn/69836008
Kabupaten Bandung Barat,Padalarang,paud,69979958,KB INSAN MANDIRI,Kp. Pamucatan Rt 03/09,Ciburuy,SWASTA,https://referensi.data.kemendikdasmen.go.id/pendidikan/npsn/69979958
Kabupaten Bandung Barat,Padalarang,paud,69835993,KB KASIH IBU,KP. CIJEUNGJING NO. 66 RT. 03 /21,Kertamulya,SWASTA,https://referensi.data.kemendikdasmen.go.id/pendidikan/npsn/69835993
Kabupaten Bandung Barat,Padalarang,paud,69922245,KB MANDIRI,Kp. Babakan Pasir Angin RT.02 RW.15,Ciburuy,SWASTA,https://referensi.data.kemendikdasmen.go.id/pendidikan/npsn/69922245
Kabupaten Bandung Barat,Padalarang,paud,69835996,KB MAWAR CIBURUY,KP. CIKADU RT.01 RW.13,Ciburuy,SWASTA,https://referensi.data.kemendikdasmen.go.id/pendidikan/npsn/69835996
Kabupaten Bandung Barat,Padalarang,paud,69972122,KB MUTIARA ILMU,PERUM BATUJAJAR REGENCY BLOK N-5 RT 05 RW 15,Laksanamekar,SWASTA,https://referensi.data.kemendikdasmen.go.id/pendidikan/npsn/69972122
Kabupaten Bandung Barat,Padalarang,paud,69835999,KB MUTIARA KASIH,Kp. BABAKAN RT.02 RW.10,Tagogapu,SWASTA,https://referensi.data.kemendikdasmen.go.id/pendidikan/npsn/69835999
Kabupaten Bandung Barat,Padalarang,paud,69835982,KB NUSA BANGSA,KP. CIMAREME,Cimerang,SWASTA,https://referensi.data.kemendikdasmen.go.id/pendidikan/npsn/69835982
Kabupaten Bandung Barat,Padalarang,paud,69836002,KB RUHUT TAQWA,Jl. Purwakarta Kp. Cilio RT.01 RW.02,Tagogapu,SWASTA,https://referensi.data.kemendikdasmen.go.id/pendidikan/npsn/69836002
Kabupaten Bandung Barat,Padalarang,paud,69835987,KB TUNAS CITRA ASRI,KOMP. CITRA PADALARANG INDAH C125,Jayamekar,SWASTA,https://referensi.data.kemendikdasmen.go.id/pendidikan/npsn/69835987
Kabupaten Bandung Barat,Padalarang,paud,70037909,KOBER AL IRSYAD SATYA,"Jl. Parahyangan KM 2,7 Kota Baru Parahyangan",Kertajaya,SWASTA,https://referensi.data.kemendikdasmen.go.id/pendidikan/npsn/70037909
Kabupaten Bandung Barat,Padalarang,paud,70056835,KOBER KINDLY PRESCHOOL AND KINDERGA,Kota Bali Residence Blok A No. 2 RT. 002 RW. 023,Padalarang,SWASTA,https://referensi.data.kemendikdasmen.go.id/pendidikan/npsn/70056835
Kabupaten Bandung Barat,Padalarang,paud,70055593,KOBER PAUD AL MADINAH,Kp. Cigentur RT. 003 RW. 010,Kertajaya,SWASTA,https://referensi.data.kemendikdasmen.go.id/pendidikan/npsn/70055593
Kabupaten Bandung Barat,Padalarang,paud,70044544,PAUDQ AL-KHOIR,JL. KEPUH NO. 39,Kec. Padalarang,SWASTA,https://referensi.data.kemendikdasmen.go.id/pendidikan/npsn/70044544
Kabupaten Bandung Barat,Padalarang,paud,70048599,PAUDQ BANI ABDUL MALIK,Kp.Laksanamekar Rt.002 Rw.005 Ds.Laksanamekar Kec.Padalarang Kab.Bandung Barat,Laksanamekar,SWASTA,https://referensi.data.kemendikdasmen.go.id/pendidikan/npsn/70048599
Kabupaten Bandung Barat,Padalarang,paud,70046411,PAUDQ NURUL QURAN,JL. H. DASUKI KP. CIJEUNGJING,Kertamulya,SWASTA,https://referensi.data.kemendikdasmen.go.id/pendidikan/npsn/70046411
Kabupaten Bandung Barat,Padalarang,paud,70047959,PAUDQ. BANI ABDUL MALIK,KP. LAKSANA MEKAR RT. 002 RW. 002,Laksanamekar,SWASTA,https://referensi.data.kemendikdasmen.go.id/pendidikan/npsn/70047959
Kabupaten Bandung Barat,Padalarang,paud,70039401,PAUDQ. HIDAYATUNNAUFAL,Kp.pasir kiara desa cijenuk,Padalarang,SWASTA,https://referensi.data.kemendikdasmen.go.id/pendidikan/npsn/70039401
Kabupaten Bandung Barat,Padalarang,paud,69993953,RA AL-LATHIF,Perumahan Bentang Padalarang Regency Blok C8 No. 31,Jayamekar,SWASTA,https://referensi.data.kemendikdasmen.go.id/pendidikan/npsn/69993953
Kabupaten Bandung Barat,Padalarang,paud,70043527,RA DARUSSALAM,Gunung Bentang Rt. 001 Rw. 015,Jayamekar,SWASTA,https://referensi.data.kemendikdasmen.go.id/pendidikan/npsn/70043527
Kabupaten Bandung Barat,Padalarang,paud,70029115,RA HISNUL MUSLIMIN,Kp. Babakan Priangan RT 02 RW 05,Tagogapu,SWASTA,https://referensi.data.kemendikdasmen.go.id/pendidikan/npsn/70029115
Kabupaten Bandung Barat,Padalarang,paud,69738381,RA/BA/TA ABDUL MALIK,JL. CIBINGBIN DS. LAKSANAMEKAR RT 05 / 04 PADALARANG,Laksanamekar,SWASTA,https://referensi.data.kemendikdasmen.go.id/pendidikan/npsn/69738381
Kabupaten Bandung Barat,Padalarang,paud,69738405,RA/BA/TA AL- HIDAYAH,KP. KUTALUHUR RT 02/08,Kertamulya,SWASTA,https://referensi.data.kemendikdasmen.go.id/pendidikan/npsn/69738405
Kabupaten Bandung Barat,Padalarang,paud,69738382,RA/BA/TA AL-ADZKAR,JLN. RAYA CIBURUY DS. CIBURUY PADALARANG,Ciburuy,SWASTA,https://referensi.data.kemendikdasmen.go.id/pendidikan/npsn/69738382
Kabupaten Bandung Barat,Padalarang,paud,69738384,RA/BA/TA AL-FITHROH,JLN. RAYA TAGOG GG. H MUSTOFA NO.3,Kertajaya,SWASTA,https://referensi.data.kemendikdasmen.go.id/pendidikan/npsn/69738384
Kabupaten Bandung Barat,Padalarang,paud,69738385,RA/BA/TA AL-HIDAYAH SIMPANG,JL. SIMPANG RT. 02/08 DS. KERTAJAYA PADALARANG,Kec. Padalarang,SWASTA,https://referensi.data.kemendikdasmen.go.id/pendidikan/npsn/69738385
Kabupaten Bandung Barat,Padalarang,paud,69738386,RA/BA/TA AL-HIDAYAH SUDIMAMPIR,"JL. LETKOL GA MANULANG NO. 57 RT 02 RW 01 SUDIMAMPIR, PADALARANG",Jayamekar,SWASTA,https://referensi.data.kemendikdasmen.go.id/pendidikan/npsn/69738386
Kabupaten Bandung Barat,Padalarang,paud,69738387,RA/BA/TA AL-ISLAMIYAH,KP RANCABALI JL. LETKOL GG MANULANG 9,Kertajaya,SWASTA,https://referensi.data.kemendikdasmen.go.id/pendidikan/npsn/69738387
Kabupaten Bandung Barat,Padalarang,paud,69738388,RA/BA/TA AL-JAZILA,KP. CIBURUY RT.01/RW.05 PADALARANG,Ciburuy,SWASTA,https://referensi.data.kemendikdasmen.go.id/pendidikan/npsn/69738388
Kabupaten Bandung Barat,Padalarang,paud,69738389,RA/BA/TA AL-JIHAD,KP. KEPUH RT 01/XIII DS. PADALARANG PADALARANG,Kertajaya,SWASTA,https://referensi.data.kemendikdasmen.go.id/pendidikan/npsn/69738389
Kabupaten Bandung Barat,Padalarang,paud,69738390,RA/BA/TA AL-MUHTADIN,KP. SUKAMAJU RT 02 / 06 DESA PADALARANG PADALARANG,Kertajaya,SWASTA,https://referensi.data.kemendikdasmen.go.id/pendidikan/npsn/69738390
Kabupaten Bandung Barat,Padalarang,paud,69738391,RA/BA/TA AL-WAKAF,JL. CARINGIN RT 01/10 DS. KERTAJAYA PADALARANG,Cimerang,SWASTA,https://referensi.data.kemendikdasmen.go.id/pendidikan/npsn/69738391
Kabupaten Bandung Barat,Padalarang,paud,69738392,RA/BA/TA ALMUNIRIYYAH,JI. U. SURYADI ORION NO.32 RT 002 RW 013,Kec. Padalarang,SWASTA,https://referensi.data.kemendikdasmen.go.id/pendidikan/npsn/69738392
Kabupaten Bandung Barat,Padalarang,paud,69738393,RA/BA/TA AN-NUUR,PERUM PONDOK PADALARANG INDAH BLOK F3 NO. 1 PADALARANG,Padalarang,SWASTA,https://referensi.data.kemendikdasmen.go.id/pendidikan/npsn/69738393
Kabupaten Bandung Barat,Padalarang,paud,69738394,RA/BA/TA ANAK MASA DEPAN,KP. TIPAR BARAT RT 01 RW 02,Kertajaya,SWASTA,https://referensi.data.kemendikdasmen.go.id/pendidikan/npsn/69738394
Kabupaten Bandung Barat,Padalarang,paud,69738395,RA/BA/TA ANTASSALAM,JL. RADAR 184 RT.01 RW.06 DS. LAKSANAMEKAR PADALARANG,Kec. Padalarang,SWASTA,https://referensi.data.kemendikdasmen.go.id/pendidikan/npsn/69738395
Kabupaten Bandung Barat,Padalarang,paud,69738396,RA/BA/TA ANWARUSSALAM,CIPADANGMANAH NO.62 RT.02 RW.16,Padalarang,SWASTA,https://referensi.data.kemendikdasmen.go.id/pendidikan/npsn/69738396
Kabupaten Bandung Barat,Padalarang,paud,69738397,RA/BA/TA AS-SA AADAH,JL. RAYA BATUJAJAR NO. 129 RT 09/03 CIAMPEL DS. LAKSANAMEKAR PADALARANG,Kec. Padalarang,SWASTA,https://referensi.data.kemendikdasmen.go.id/pendidikan/npsn/69738397
Kabupaten Bandung Barat,Padalarang,paud,69738398,RA/BA/TA AT-TIBYAAN,KEBON KALAPA RT. 03/01,Kertajaya,SWASTA,https://referensi.data.kemendikdasmen.go.id/pendidikan/npsn/69738398
Kabupaten Bandung Barat,Padalarang,paud,69738400,RA/BA/TA DARUL HUDA,KP. GARUNGGANG RT 04 RW 10,Padalarang,SWASTA,https://referensi.data.kemendikdasmen.go.id/pendidikan/npsn/69738400
Kabupaten Bandung Barat,Padalarang,paud,69738401,RA/BA/TA NURUL HIDAYAH,JL. NGAMPRAH KP. KEBON KALAPA RT 02/02,Jayamekar,SWASTA,https://referensi.data.kemendikdasmen.go.id/pendidikan/npsn/69738401
Kabupaten Bandung Barat,Padalarang,paud,69738402,RA/BA/TA SABILIL HUDA,KP. ANDIR RT. 04 RW. 04 CIBURUY,Kec. Padalarang,SWASTA,https://referensi.data.kemendikdasmen.go.id/pendidikan/npsn/69738402
Kabupaten Bandung Barat,Padalarang,paud,69738403,RA/BA/TA SIROJUL WILDAN,KP. SIRNASARI RT 03 RW 06,Kertajaya,SWASTA,https://referensi.data.kemendikdasmen.go.id/pendidikan/npsn/69738403
Kabupaten Bandung Barat,Padalarang,paud,69738404,RA/BA/TA USWATUN HASANAH,JLN. CIJEUNGJING NO. 22 DESA KERTAMULYA PADALARANG,Kec. Padalarang,SWASTA,https://referensi.data.kemendikdasmen.go.id/pendidikan/npsn/69738404
Kabupaten Bandung Barat,Padalarang,paud,69935235,SPS AIUEO,Kp. Gantungan RT.05 RW.07,Jayamekar,SWASTA,https://referensi.data.kemendikdasmen.go.id/pendidikan/npsn/69935235
Kabupaten Bandung Barat,Padalarang,paud,69919819,SPS AL MUHAJIRIN,Kp. Cimerang RT.03 RW.06,Cimerang,SWASTA,https://referensi.data.kemendikdasmen.go.id/pendidikan/npsn/69919819
Kabupaten Bandung Barat,Padalarang,paud,69976678,SPS AL MUNAWAR CIMERANG,KP. Ciluncat RT.01 RW.10,Cimerang,SWASTA,https://referensi.data.kemendikdasmen.go.id/pendidikan/npsn/69976678
Kabupaten Bandung Barat,Padalarang,paud,69910153,SPS ANGGREK PUTIH 2,Kp. Tipar Barat Rt.08/02,Laksanamekar,SWASTA,https://referensi.data.kemendikdasmen.go.id/pendidikan/npsn/69910153
Kabupaten Bandung Barat,Padalarang,paud,69919820,SPS ANGGREK PUTIH XIII,Kp. Tipar Silih Asih Blok A19,Laksanamekar,SWASTA,https://referensi.data.kemendikdasmen.go.id/pendidikan/npsn/69919820
Kabupaten Bandung Barat,Padalarang,paud,70049104,SPS AR RAHMAN,Kp. Babakan RT. 001 RW. 008,Cimerang,SWASTA,https://referensi.data.kemendikdasmen.go.id/pendidikan/npsn/70049104
Kabupaten Bandung Barat,Padalarang,paud,69836281,SPS BINA CERIA,Jl. UTAMA KOMP PPI RW 22,Padalarang,SWASTA,https://referensi.data.kemendikdasmen.go.id/pendidikan/npsn/69836281
Kabupaten Bandung Barat,Padalarang,paud,69954126,SPS BINTANG CERIA 24,Perum. Bentang Padalarang Regency Rw. 24,Jayamekar,SWASTA,https://referensi.data.kemendikdasmen.go.id/pendidikan/npsn/69954126
Kabupaten Bandung Barat,Padalarang,paud,69836272,SPS HARAPAN BUNDA,KP. CIBACANG RT.04 RW 05,Cipeundeuy,SWASTA,https://referensi.data.kemendikdasmen.go.id/pendidikan/npsn/69836272
Kabupaten Bandung Barat,Padalarang,paud,69923433,SPS KASIH IBU KHAZANAH 9,Kp. Babakan Talang Bawah RT.03 RW.09,Kertamulya,SWASTA,https://referensi.data.kemendikdasmen.go.id/pendidikan/npsn/69923433
Kabupaten Bandung Barat,Padalarang,paud,69921207,SPS KASIH IBU MANDIRI,Kp. Situsaeur RT.02 RW.01,Kertamulya,SWASTA,https://referensi.data.kemendikdasmen.go.id/pendidikan/npsn/69921207
Kabupaten Bandung Barat,Padalarang,paud,69937820,SPS KASIH IBU PERMATA HATI,Kp. Pos Kulon Rt.04 Rw.03,Kertamulya,SWASTA,https://referensi.data.kemendikdasmen.go.id/pendidikan/npsn/69937820
Kabupaten Bandung Barat,Padalarang,paud,69935236,SPS KUNTUM MEKAR 12,Kp. Gantungan RT.02 RW.12,Jayamekar,SWASTA,https://referensi.data.kemendikdasmen.go.id/pendidikan/npsn/69935236
Kabupaten Bandung Barat,Padalarang,paud,69836273,SPS MAWAR 3 DAN 4,"BLOK Salim RT,02 RW.03",Kertajaya,SWASTA,https://referensi.data.kemendikdasmen.go.id/pendidikan/npsn/69836273
Kabupaten Bandung Barat,Padalarang,paud,69923432,SPS MAWAR MEKAR 1,Kp. Babakan Kamulyan RT.02 RW.01,Ciburuy,SWASTA,https://referensi.data.kemendikdasmen.go.id/pendidikan/npsn/69923432
Kabupaten Bandung Barat,Padalarang,paud,69891590,SPS MELATI,Kp. Sadang Kulon RT.01 RW.17,Ciburuy,SWASTA,https://referensi.data.kemendikdasmen.go.id/pendidikan/npsn/69891590
Kabupaten Bandung Barat,Padalarang,paud,69836276,SPS MELATI 18 AL FURQON,JL RAYA CIBURUY RT.01 RW.18,Padalarang,SWASTA,https://referensi.data.kemendikdasmen.go.id/pendidikan/npsn/69836276
Kabupaten Bandung Barat,Padalarang,paud,69836279,SPS MELATI 21,Komp KPAD Sejahtera RW.21,Padalarang,SWASTA,https://referensi.data.kemendikdasmen.go.id/pendidikan/npsn/69836279
Kabupaten Bandung Barat,Padalarang,paud,69891589,SPS MELATI 7,KP. BABAKAN LOA RT.05 RW.07,Padalarang,SWASTA,https://referensi.data.kemendikdasmen.go.id/pendidikan/npsn/69891589
Kabupaten Bandung Barat,Padalarang,paud,69836275,SPS NUSA INDAH,PERUM BINAKARYA RT.02 RW.18,Jayamekar,SWASTA,https://referensi.data.kemendikdasmen.go.id/pendidikan/npsn/69836275
Kabupaten Bandung Barat,Padalarang,paud,69976679,SPS PERMATA BUNDA MELATI 02,KP. SUDIMAMPIR RT.04 RW.02,Padalarang,SWASTA,https://referensi.data.kemendikdasmen.go.id/pendidikan/npsn/69976679
Kabupaten Bandung Barat,Padalarang,paud,69891588,SPS TAAM AL MARDIYAH,KP. TIPAR TIMUR RT.03 RW.01,Laksanamekar,SWASTA,https://referensi.data.kemendikdasmen.go.id/pendidikan/npsn/69891588
Kabupaten Bandung Barat,Padalarang,paud,69891592,SPS TAAM AL MUJTABA,KP. SUDIMAMPIR POJOK RT.03 RW.13,Cempakamekar,SWASTA,https://referensi.data.kemendikdasmen.go.id/pendidikan/npsn/69891592
Kabupaten Bandung Barat,Padalarang,paud,69836278,SPS TUNAS MANDIRI,Jl. GA Manulang,Padalarang,SWASTA,https://referensi.data.kemendikdasmen.go.id/pendidikan/npsn/69836278
Kabupaten Bandung Barat,Padalarang,paud,69835983,TAAM BUSTANUL HIDAYAH,CIPEUNDEUY,Cipeundeuy,SWASTA,https://referensi.data.kemendikdasmen.go.id/pendidikan/npsn/69835983
Kabupaten Bandung Barat,Padalarang,paud,20267433,TK AL IRSYAD SATYA,"Jl. Raya Parahyangan KM 2,7 Kota Baru Parahyangan",Padalarang,SWASTA,https://referensi.data.kemendikdasmen.go.id/pendidikan/npsn/20267433
Kabupaten Bandung Barat,Padalarang,paud,70063994,TK AL MUJTAHIDIN,Cidadap,Padalarang,SWASTA,https://referensi.data.kemendikdasmen.go.id/pendidikan/npsn/70063994
Kabupaten Bandung Barat,Padalarang,paud,69872163,TK AL-MASRUROH,JL. PURWAKARTA KP. GEMBOL,Kertamulya,SWASTA,https://referensi.data.kemendikdasmen.go.id/pendidikan/npsn/69872163
Kabupaten Bandung Barat,Padalarang,paud,69872162,TK ANANDA,Kp. Cihaliwung wetan Rt.01 Rw.08,Kertamulya,SWASTA,https://referensi.data.kemendikdasmen.go.id/pendidikan/npsn/69872162
Kabupaten Bandung Barat,Padalarang,paud,90101171,TK Bandung Aliance Intercultural School,"Jl. Bujanggamanik Kav.2, Kota Baru Parahyangan",Laksanamekar,SWASTA,https://referensi.data.kemendikdasmen.go.id/pendidikan/npsn/90101171
Kabupaten Bandung Barat,Padalarang,paud,20267454,TK BINA MANDIRI II,PPI Blok A3 Jl. Anis No.10-11 RT.02 RW.22,Padalarang,SWASTA,https://referensi.data.kemendikdasmen.go.id/pendidikan/npsn/20267454
Kabupaten Bandung Barat,Padalarang,paud,20267461,TK BUNDA LIA INSIDI,Jl. Cimerang No. 24 RT 01 RW 05,Cimerang,SWASTA,https://referensi.data.kemendikdasmen.go.id/pendidikan/npsn/20267461
Kabupaten Bandung Barat,Padalarang,paud,20267464,TK CAHAYA BANGSA CLASSICAL SCHOOL,Jl. Bujangga Manik Kav 1 Kota Baru Parahyangan,Cipeundeuy,SWASTA,https://referensi.data.kemendikdasmen.go.id/pendidikan/npsn/20267464
Kabupaten Bandung Barat,Padalarang,paud,69872158,TK CIPTA PARAMARTA PARAHYANGAN,PERUM BATUJAJAR REGENCY BLOK N.50,Laksanamekar,SWASTA,https://referensi.data.kemendikdasmen.go.id/pendidikan/npsn/69872158
Kabupaten Bandung Barat,Padalarang,paud,69989303,TK ESA AL-FAKHRIYAH,KP. BABAKAN LOA RT.03 RW.08,Padalarang,SWASTA,https://referensi.data.kemendikdasmen.go.id/pendidikan/npsn/69989303
Kabupaten Bandung Barat,Padalarang,paud,20267469,TK FAMILY,"Jln. Perkebunan Pangheotan, Kp. Cikurutug RT 01 RW 12",Cempakamekar,SWASTA,https://referensi.data.kemendikdasmen.go.id/pendidikan/npsn/20267469
Kabupaten Bandung Barat,Padalarang,paud,20267552,TK I ASY-SYIFA,ISTIQOMAH,Kertamulya,SWASTA,https://referensi.data.kemendikdasmen.go.id/pendidikan/npsn/20267552
Kabupaten Bandung Barat,Padalarang,paud,20267553,TK I SITI KHADIJAH,Jl. Orion No. 461 Padalarang,Kertajaya,SWASTA,https://referensi.data.kemendikdasmen.go.id/pendidikan/npsn/20267553
Kabupaten Bandung Barat,Padalarang,paud,69972819,TK ISLAM AL FATAH,KP. CIPTAKARYA RT.08 RW.07,Laksanamekar,SWASTA,https://referensi.data.kemendikdasmen.go.id/pendidikan/npsn/69972819
Kabupaten Bandung Barat,Padalarang,paud,20267551,TK ISLAM AN-NABILLAH,JL Raya Ciburuy No.770/244,Ciburuy,SWASTA,https://referensi.data.kemendikdasmen.go.id/pendidikan/npsn/20267551
Kabupaten Bandung Barat,Padalarang,paud,20267479,TK ISLAM BINA INSAN,KP.KEPUH RT 02/10,Padalarang,SWASTA,https://referensi.data.kemendikdasmen.go.id/pendidikan/npsn/20267479
Kabupaten Bandung Barat,Padalarang,paud,69835732,TK ISLAM NUURUSY-SYIFA,CIJEUNGJING GG. KUPA,Kertamulya,SWASTA,https://referensi.data.kemendikdasmen.go.id/pendidikan/npsn/69835732
Kabupaten Bandung Barat,Padalarang,paud,69971314,TK IT SMART KIDS,JL. PIRUS RAYA NO. 1 RT.01 RW.29,Padalarang,SWASTA,https://referensi.data.kemendikdasmen.go.id/pendidikan/npsn/69971314
Kabupaten Bandung Barat,Padalarang,paud,69990618,TK KARAKTER SABILUL ILMY,Jl. GA Manulang No.65A Kp. Sudimampir RT.06 RW.03,Padalarang,SWASTA,https://referensi.data.kemendikdasmen.go.id/pendidikan/npsn/69990618
Kabupaten Bandung Barat,Padalarang,paud,20267482,TK KARTIKA VIII-25,Jl. Gunung Gede No.2 Pusdikav RT.003 RW.004,Jayamekar,SWASTA,https://referensi.data.kemendikdasmen.go.id/pendidikan/npsn/20267482
Kabupaten Bandung Barat,Padalarang,paud,20267487,TK KENANGA,Jl. Melati Blok D No.9 - 11 Komplek Baloper,Padalarang,SWASTA,https://referensi.data.kemendikdasmen.go.id/pendidikan/npsn/20267487
Kabupaten Bandung Barat,Padalarang,paud,70060737,TK KINDERLAND PRESCHOOL,Jl. Gelap Nyawang Kav. 5a Kota Baru Parahyangan,Cipeundeuy,SWASTA,https://referensi.data.kemendikdasmen.go.id/pendidikan/npsn/70060737
Kabupaten Bandung Barat,Padalarang,paud,70056837,TK KINDLY KINDERGARTEN,Kota Bali Residence Blok A No. 2 RT. 002 RW. 023,Kertajaya,SWASTA,https://referensi.data.kemendikdasmen.go.id/pendidikan/npsn/70056837
Kabupaten Bandung Barat,Padalarang,paud,20267502,TK MUSTIKA,Jl. Raya Purwakarta No.207 Cikamuning Rt.01 Rw.20,Ciburuy,SWASTA,https://referensi.data.kemendikdasmen.go.id/pendidikan/npsn/20267502
Kabupaten Bandung Barat,Padalarang,paud,70023541,TK MUTIARA BUNDA,Perumahan Bumi Cempaka Asri Blok L1 No.1 RT 03 RW 25,Cempakamekar,SWASTA,https://referensi.data.kemendikdasmen.go.id/pendidikan/npsn/70023541
Kabupaten Bandung Barat,Padalarang,paud,69872161,TK NEO MAHARDIKA,jl. pasir gede rt/rw 03/03 ds. jayamekar,Padalarang,SWASTA,https://referensi.data.kemendikdasmen.go.id/pendidikan/npsn/69872161
Kabupaten Bandung Barat,Padalarang,paud,20267515,TK PELITA HARAPAN BANGSA,Jl. GA Manulang Kp. Purabaya RT 01/RW 06,Jayamekar,SWASTA,https://referensi.data.kemendikdasmen.go.id/pendidikan/npsn/20267515
Kabupaten Bandung Barat,Padalarang,paud,20267525,TK PGRI DAHLIA,Jl. GUNUNG BENTANG,Jayamekar,SWASTA,https://referensi.data.kemendikdasmen.go.id/pendidikan/npsn/20267525
Kabupaten Bandung Barat,Padalarang,paud,20267531,TK RIAN KUMARAJAYA,Jl. Gedong V Komplek Gedong X,Kertamulya,SWASTA,https://referensi.data.kemendikdasmen.go.id/pendidikan/npsn/20267531
Kabupaten Bandung Barat,Padalarang,paud,69975096,TK SAWARGI,JL. SUDIMAMPIR RT 01 RW 17,Kertajaya,SWASTA,https://referensi.data.kemendikdasmen.go.id/pendidikan/npsn/69975096
Kabupaten Bandung Barat,Padalarang,paud,69971139,TKK BPK PENABUR KBP,JL. PARAHYANGAN KAV. 10C,Kertajaya,SWASTA,https://referensi.data.kemendikdasmen.go.id/pendidikan/npsn/69971139
Kabupaten Bandung Barat,Ngamprah,paud,69835735,AL INAYAH II,KOMP. PADASUKA INDAH II C NO. 25,Gadobangkong,SWASTA,https://referensi.data.kemendikdasmen.go.id/pendidikan/npsn/69835735
Kabupaten Bandung Barat,Ngamprah,paud,69835742,AN NISA,BLOK H-I NO. 44,Cilame,SWASTA,https://referensi.data.kemendikdasmen.go.id/pendidikan/npsn/69835742
Kabupaten Bandung Barat,Ngamprah,paud,69836285,BAABUSSALAM,Kp. Kebon Kalapa Rt 02/02,Cimareme,SWASTA,https://referensi.data.kemendikdasmen.go.id/pendidikan/npsn/69836285
Kabupaten Bandung Barat,Ngamprah,paud,69976172,BERKAH ILMU,JALAN CIKANDANG NO 64,Cimareme,SWASTA,https://referensi.data.kemendikdasmen.go.id/pendidikan/npsn/69976172
Kabupaten Bandung Barat,Ngamprah,paud,69835741,BINA MULIA MANDIRI,Jl. Raya Permata Blok P 8 No. 12 A,Tanimulya,SWASTA,https://referensi.data.kemendikdasmen.go.id/pendidikan/npsn/69835741
Kabupaten Bandung Barat,Ngamprah,paud,69836015,HARAPAN PERTIWI,KP. TAMIANG RESIK,Gadobangkong,SWASTA,https://referensi.data.kemendikdasmen.go.id/pendidikan/npsn/69836015
Kabupaten Bandung Barat,Ngamprah,paud,69836012,KB AL AZHAR SYIFA BUDI PARAHYANGAN,Jl. Raya Cimareme No. 340 RT.01 RW.01,Cimareme,SWASTA,https://referensi.data.kemendikdasmen.go.id/pendidikan/npsn/69836012
Kabupaten Bandung Barat,Ngamprah,paud,69924125,KB AL BASYARI LEBAKSARI,Kp. Lebaksari Rt.01 Rw.02,Mekarsari,SWASTA,https://referensi.data.kemendikdasmen.go.id/pendidikan/npsn/69924125
Kabupaten Bandung Barat,Ngamprah,paud,69924141,KB AL KHOIRIYAH,Jl. H. Ghofur Kp. Cibuntu Rt.02 Rw.09,Cilame,SWASTA,https://referensi.data.kemendikdasmen.go.id/pendidikan/npsn/69924141
Kabupaten Bandung Barat,Ngamprah,paud,69932944,KB AL KOMARIAH,Jl. Raya Purwakarta Km3 Kp. Warung Awi Rt.02/07,Bojongkoneng,SWASTA,https://referensi.data.kemendikdasmen.go.id/pendidikan/npsn/69932944
Kabupaten Bandung Barat,Ngamprah,paud,69924122,KB AS SALAM,Jl. Ngamprah Kidul No.22 Rt.03/02,Ngamprah,SWASTA,https://referensi.data.kemendikdasmen.go.id/pendidikan/npsn/69924122
Kabupaten Bandung Barat,Ngamprah,paud,69836016,KB ASSYARIFAH,BABAKAN CIANJUR,Gadobangkong,SWASTA,https://referensi.data.kemendikdasmen.go.id/pendidikan/npsn/69836016
Kabupaten Bandung Barat,Ngamprah,paud,69916648,KB BABUSSALAM,KP. CIHAMPELAS RT.01 RW. 04,Bojongkoneng,SWASTA,https://referensi.data.kemendikdasmen.go.id/pendidikan/npsn/69916648
Kabupaten Bandung Barat,Ngamprah,paud,69916591,KB BAITURROHIM,JL. DIRAWINATA NO.12,Tanimulya,SWASTA,https://referensi.data.kemendikdasmen.go.id/pendidikan/npsn/69916591
Kabupaten Bandung Barat,Ngamprah,paud,69836011,KB BERDIKARI,JL BABAKAN ROHMAT NO 31,Cimareme,SWASTA,https://referensi.data.kemendikdasmen.go.id/pendidikan/npsn/69836011
Kabupaten Bandung Barat,Ngamprah,paud,69916594,KB BINA ILMU MANDIIRI,JL. PADALARANG KP.CIBURIAL NO.04 RT.03/08,Margajaya,SWASTA,https://referensi.data.kemendikdasmen.go.id/pendidikan/npsn/69916594
Kabupaten Bandung Barat,Ngamprah,paud,69836024,KB BINA MULIA MANDIRI,Permata Blok P 8 no 12 A,Tanimulya,SWASTA,https://referensi.data.kemendikdasmen.go.id/pendidikan/npsn/69836024
Kabupaten Bandung Barat,Ngamprah,paud,69916592,KB BUDI MEKAR,KP. CIKAWATI RT.03 RW.02,Pakuhaji,SWASTA,https://referensi.data.kemendikdasmen.go.id/pendidikan/npsn/69916592
Kabupaten Bandung Barat,Ngamprah,paud,69928934,KB CIKAL GEMILANG,Jl. Raya Gadobangkong No.167 B Depan Pusdikter,Cimareme,SWASTA,https://referensi.data.kemendikdasmen.go.id/pendidikan/npsn/69928934
Kabupaten Bandung Barat,Ngamprah,paud,69916647,KB FATHUR RAHMAN,"JL. H GOFUR, KOMP GRAHA BUKIT RAYA 3 B-1 RT.08/25",Cilame,SWASTA,https://referensi.data.kemendikdasmen.go.id/pendidikan/npsn/69916647
Kabupaten Bandung Barat,Ngamprah,paud,69972624,KB MIFTAHUSSALAM,Kp. Cibuntu Rt 03/09 Ds. Bojongkoneng,Bojongkoneng,SWASTA,https://referensi.data.kemendikdasmen.go.id/pendidikan/npsn/69972624
Kabupaten Bandung Barat,Ngamprah,paud,69956290,KB MUTIARA QOLBI,Kampung Cukang Kawung Rt.01 Rw.05,Pakuhaji,SWASTA,https://referensi.data.kemendikdasmen.go.id/pendidikan/npsn/69956290
Kabupaten Bandung Barat,Ngamprah,paud,69891532,KB NIAGARA,PURI CIPAGERAN INDAH 2 BLOK D NO. 12-15A,Tanimulya,SWASTA,https://referensi.data.kemendikdasmen.go.id/pendidikan/npsn/69891532
Kabupaten Bandung Barat,Ngamprah,paud,69891533,KB NUR INSANI,KP. CIJERAH RT 06 RW 04,Tanimulya,SWASTA,https://referensi.data.kemendikdasmen.go.id/pendidikan/npsn/69891533
Kabupaten Bandung Barat,Ngamprah,paud,69924131,KB TUNAS AL MUHAJIRIN,Jl. H. Ghofur Perum Binakarya Rt.04/01,Pakuhaji,SWASTA,https://referensi.data.kemendikdasmen.go.id/pendidikan/npsn/69924131
Kabupaten Bandung Barat,Ngamprah,paud,69919824,KB TUNAS HARAPAN KONENGSARI,Kp. Pasirhaur Rt.03 Rw.13,Bojongkoneng,SWASTA,https://referensi.data.kemendikdasmen.go.id/pendidikan/npsn/69919824
Kabupaten Bandung Barat,Ngamprah,paud,69916613,KB TUNAS MERDEKA,JL. GALUDRA NO.14 RT.01 RW.08,Cilame,SWASTA,https://referensi.data.kemendikdasmen.go.id/pendidikan/npsn/69916613
Kabupaten Bandung Barat,Ngamprah,paud,69836014,PAUDIYAH,KOMP. PADASUKA INDAH II C NO. 25,Gadobangkong,SWASTA,https://referensi.data.kemendikdasmen.go.id/pendidikan/npsn/69836014
Kabupaten Bandung Barat,Ngamprah,paud,70052163,PAUDQ AL-BARKAH KHOIRIYAH,JL. NGAMPRAH,Kec. Ngamprah,SWASTA,https://referensi.data.kemendikdasmen.go.id/pendidikan/npsn/70052163
Kabupaten Bandung Barat,Ngamprah,paud,70051984,PAUDQ BAITUL HUDA,KP. BABAKAN MEKAR,Kec. Ngamprah,SWASTA,https://referensi.data.kemendikdasmen.go.id/pendidikan/npsn/70051984
Kabupaten Bandung Barat,Ngamprah,paud,70056115,PAUDQ NURUL HUDA AZZAINIYAH,JL. PAKUHAJI KP. RANDUKURUNG,Pakuhaji,SWASTA,https://referensi.data.kemendikdasmen.go.id/pendidikan/npsn/70056115
Kabupaten Bandung Barat,Ngamprah,paud,70039414,PAUDQ. AL-HASANAH,KP. CIPULUS NO. 15,Ngamprah,SWASTA,https://referensi.data.kemendikdasmen.go.id/pendidikan/npsn/70039414
Kabupaten Bandung Barat,Ngamprah,paud,70039403,PAUDQ. AL-IKHLAS,KOMPLEK PADASUKA INDAH II C-65,Ngamprah,SWASTA,https://referensi.data.kemendikdasmen.go.id/pendidikan/npsn/70039403
Kabupaten Bandung Barat,Ngamprah,paud,70047957,PAUDQ. BAITUL HUDA,KP. BABAKAN MEKAR RT. 004 RW. 018,Bojongkoneng,SWASTA,https://referensi.data.kemendikdasmen.go.id/pendidikan/npsn/70047957
Kabupaten Bandung Barat,Ngamprah,paud,70039405,PAUDQ. BAITURRAHIM,"JL. TERUSAN KBB, KM,09 KP. BABAKAN GARUT NO 58",Mekarsari,SWASTA,https://referensi.data.kemendikdasmen.go.id/pendidikan/npsn/70039405
Kabupaten Bandung Barat,Ngamprah,paud,70039408,PAUDQ. BAITURRAHMAN,KP. CIHAMPELAS NO. 05,Ngamprah,SWASTA,https://referensi.data.kemendikdasmen.go.id/pendidikan/npsn/70039408
Kabupaten Bandung Barat,Ngamprah,paud,70039406,PAUDQ. FIRDAUS,GRAHA BUKIT RAYA BLOK H 7 NO. 11,Cilame,SWASTA,https://referensi.data.kemendikdasmen.go.id/pendidikan/npsn/70039406
Kabupaten Bandung Barat,Ngamprah,paud,70039407,PAUDQ. GO CERDAS,KP. CIPAMEUTINGAN NO. 05,Mekarsari,SWASTA,https://referensi.data.kemendikdasmen.go.id/pendidikan/npsn/70039407
Kabupaten Bandung Barat,Ngamprah,paud,70047958,PAUDQ. RAUDHATUL MUTAALIMIIN AL-BAROKAH,KP. BABAKAN TEGALLAJA,Sukatani,SWASTA,https://referensi.data.kemendikdasmen.go.id/pendidikan/npsn/70047958
Kabupaten Bandung Barat,Ngamprah,paud,70039409,PAUDQ. ROHMATUL HUDA,KP. CIJAMIL,Mekarsari,SWASTA,https://referensi.data.kemendikdasmen.go.id/pendidikan/npsn/70039409
Kabupaten Bandung Barat,Ngamprah,paud,70039397,PAUDQ. TAHFIDZ IHYAUL QURAN,JL. SOMAWINATA GRIYA KELAPA GADING NO A4,Ngamprah,SWASTA,https://referensi.data.kemendikdasmen.go.id/pendidikan/npsn/70039397
Kabupaten Bandung Barat,Ngamprah,paud,69836299,POS PAUD ASTER,BOTANI RAYA,Tanimulya,SWASTA,https://referensi.data.kemendikdasmen.go.id/pendidikan/npsn/69836299
Kabupaten Bandung Barat,Ngamprah,paud,69967350,Pos Paud Cempaka,Jl. Dirawinata Kp. Cukangkawung Rt 01/XI,Tanimulya,SWASTA,https://referensi.data.kemendikdasmen.go.id/pendidikan/npsn/69967350
Kabupaten Bandung Barat,Ngamprah,paud,69836295,POS PAUD GRAHA ROSELLA,GRAHA BUKIT RAYA,Cilame,SWASTA,https://referensi.data.kemendikdasmen.go.id/pendidikan/npsn/69836295
Kabupaten Bandung Barat,Ngamprah,paud,69967483,POS PAUD KENANGA,Jl. Bunisari Rt.02/11,Gadobangkong,SWASTA,https://referensi.data.kemendikdasmen.go.id/pendidikan/npsn/69967483
Kabupaten Bandung Barat,Ngamprah,paud,69836287,POS PAUD MELATI,BUNISARI KULON,Gadobangkong,SWASTA,https://referensi.data.kemendikdasmen.go.id/pendidikan/npsn/69836287
Kabupaten Bandung Barat,Ngamprah,paud,69967968,Pos Paud TABUCI,Komplek Taman Bunga Cilame Blok 3 No. 9 Rt 1/23,Cilame,SWASTA,https://referensi.data.kemendikdasmen.go.id/pendidikan/npsn/69967968
Kabupaten Bandung Barat,Ngamprah,paud,69756021,RA ADZ-DZIKRI,JL. RANCABOGO NO 8,Ngamprah,SWASTA,https://referensi.data.kemendikdasmen.go.id/pendidikan/npsn/69756021
Kabupaten Bandung Barat,Ngamprah,paud,69993952,RA AS-SAFINAH AL-MUQTADIRIYAH,Kp. Ciburial RT 04 RW 06,Margajaya,SWASTA,https://referensi.data.kemendikdasmen.go.id/pendidikan/npsn/69993952
Kabupaten Bandung Barat,Ngamprah,paud,69854630,RA Inovatif Naashirussunnah,Jl. Permata Raya Z-2 No. 40 RT 01/RW 05,Margajaya,SWASTA,https://referensi.data.kemendikdasmen.go.id/pendidikan/npsn/69854630
Kabupaten Bandung Barat,Ngamprah,paud,69756022,RA NURUL AZMI,KOMP. TAMAN BUNGA CILAME F1 NO 8,Ngamprah,SWASTA,https://referensi.data.kemendikdasmen.go.id/pendidikan/npsn/69756022
Kabupaten Bandung Barat,Ngamprah,paud,69854629,RA RIYADLUL HUDA,Kp. Ngamprah No. 2 RT 01 RW 02,Ngamprah,SWASTA,https://referensi.data.kemendikdasmen.go.id/pendidikan/npsn/69854629
Kabupaten Bandung Barat,Ngamprah,paud,69738359,RA/BA/TA - QURROTA AYUN TANIMULYA,KP. CIJERAH RT 05/04,Cimareme,SWASTA,https://referensi.data.kemendikdasmen.go.id/pendidikan/npsn/69738359
Kabupaten Bandung Barat,Ngamprah,paud,69738358,RA/BA/TA AL-AMANAH,KP. CARINGIN RT. 01/02 DS. MARGAJAYA,Kec. Ngamprah,SWASTA,https://referensi.data.kemendikdasmen.go.id/pendidikan/npsn/69738358
Kabupaten Bandung Barat,Ngamprah,paud,69738360,RA/BA/TA AL-FALAH,JL. RAYA GADOBANGKONG NO. 53 RT 06/02 NGAMPARAH,Gadobangkong,SWASTA,https://referensi.data.kemendikdasmen.go.id/pendidikan/npsn/69738360
Kabupaten Bandung Barat,Ngamprah,paud,69738361,RA/BA/TA AL-FATHUL MUSTAQIEM,"JL. RAYA PURWAKARTA KM. 2,7 DS. BOJONGKONENG NGAMPRAH",Bojongkoneng,SWASTA,https://referensi.data.kemendikdasmen.go.id/pendidikan/npsn/69738361
Kabupaten Bandung Barat,Ngamprah,paud,69738362,RA/BA/TA AL-IKHLASH,JL. CIHARASHAS RT.03 RW.05 MARGAJAYA,Kec. Ngamprah,SWASTA,https://referensi.data.kemendikdasmen.go.id/pendidikan/npsn/69738362
Kabupaten Bandung Barat,Ngamprah,paud,69738363,RA/BA/TA AL-IKHWAN,JL. RAYA CIMAREME NO. 290 B RT. 04 RW. 01 BLKG RM MEGASARI DS. CIMAREME NGAMPRAH,Cimareme,SWASTA,https://referensi.data.kemendikdasmen.go.id/pendidikan/npsn/69738363
Kabupaten Bandung Barat,Ngamprah,paud,69738364,RA/BA/TA AL-JARIYAH,KP. CARINGIN RT. 05 RT. 03 MARGAJAYA MARGAJAYA NGAMPRAH,Margajaya,SWASTA,https://referensi.data.kemendikdasmen.go.id/pendidikan/npsn/69738364
Kabupaten Bandung Barat,Ngamprah,paud,69738365,RA/BA/TA AL-KAUTSAR,KP. CIBUNTU RT 03/09,Kec. Ngamprah,SWASTA,https://referensi.data.kemendikdasmen.go.id/pendidikan/npsn/69738365
Kabupaten Bandung Barat,Ngamprah,paud,69738366,RA/BA/TA AL-MU AWANAH,SUKAMAJU RT. 01/01 DS. CILAME NGAMPRAH,Sukatani,SWASTA,https://referensi.data.kemendikdasmen.go.id/pendidikan/npsn/69738366
Kabupaten Bandung Barat,Ngamprah,paud,69738367,RA/BA/TA AL-MU TASHIM,CIBURIAL NO. 72 RT. 02/12 DS. MARGAJAYA NGAMPRAH,Margajaya,SWASTA,https://referensi.data.kemendikdasmen.go.id/pendidikan/npsn/69738367
Kabupaten Bandung Barat,Ngamprah,paud,69738368,RA/BA/TA ASSAKINAH,JL. H. GOFUR KP. RAWA TENGAH RT. 01 RW. 07,Sukatani,SWASTA,https://referensi.data.kemendikdasmen.go.id/pendidikan/npsn/69738368
Kabupaten Bandung Barat,Ngamprah,paud,69738369,RA/BA/TA DAARUL AULAD,GRAHA BUKIT RAYA 1 E3 / 33 CILAME NGAMPRAH,Margajaya,SWASTA,https://referensi.data.kemendikdasmen.go.id/pendidikan/npsn/69738369
Kabupaten Bandung Barat,Ngamprah,paud,69738370,RA/BA/TA FATHIMAH AL-HAJIRI,JL. KIANSANTANG RT.06/16 KOMP. BUMI PAKUSARAKAN LAMA,Tanimulya,SWASTA,https://referensi.data.kemendikdasmen.go.id/pendidikan/npsn/69738370
Kabupaten Bandung Barat,Ngamprah,paud,69738371,RA/BA/TA INSAN KAMIL,GRAHA BUKIT RAYA III BLOK B1 NO. 10,Margajaya,SWASTA,https://referensi.data.kemendikdasmen.go.id/pendidikan/npsn/69738371
Kabupaten Bandung Barat,Ngamprah,paud,69738372,RA/BA/TA KHOIRUL MARDLIYAH,KP.BABAKAN CIANJUR NO.66 RT/RW 03/10,Kec. Ngamprah,SWASTA,https://referensi.data.kemendikdasmen.go.id/pendidikan/npsn/69738372
Kabupaten Bandung Barat,Ngamprah,paud,69738374,RA/BA/TA MIFTAHUL JANNAH,KOMP. CILAME PERMAI BLK MASJID BESAR DS. CILAME NGAMPRAH,Cimareme,SWASTA,https://referensi.data.kemendikdasmen.go.id/pendidikan/npsn/69738374
Kabupaten Bandung Barat,Ngamprah,paud,69738376,RA/BA/TA NUR ASSALAM,PERUM PESONA LEMBAH CIDAHU BLOK A NO. 06,Pakuhaji,SWASTA,https://referensi.data.kemendikdasmen.go.id/pendidikan/npsn/69738376
Kabupaten Bandung Barat,Ngamprah,paud,69738377,RA/BA/TA NURUL JIHAD,KOMP. PERMATA CIMAHI RT. 09/14 DS. TANIMULYA NGAMPRAH,Tanimulya,SWASTA,https://referensi.data.kemendikdasmen.go.id/pendidikan/npsn/69738377
Kabupaten Bandung Barat,Ngamprah,paud,69738379,RA/BA/TA TARBIYATUL AULAD,KOMP. CILAME INDAH RT.01 RW.XX CILAME NGAMPRAH,Mekarsari,SWASTA,https://referensi.data.kemendikdasmen.go.id/pendidikan/npsn/69738379
Kabupaten Bandung Barat,Ngamprah,paud,69738380,RA/BA/TA ZAMRUD,JL.ZAMRUD I NO.19 KOMP.PERMATA CIMAHI,Cimareme,SWASTA,https://referensi.data.kemendikdasmen.go.id/pendidikan/npsn/69738380
Kabupaten Bandung Barat,Ngamprah,paud,69836296,ROEMAH PELANGI,KOMPLEK BUMIPAKUSARAKAN II BLOK D NO 3,Tanimulya,SWASTA,https://referensi.data.kemendikdasmen.go.id/pendidikan/npsn/69836296
Kabupaten Bandung Barat,Ngamprah,paud,69836284,SPS AT TAUFIQ,Kp.BABAKAN NO.31 RT.01 RW.10,Cimareme,SWASTA,https://referensi.data.kemendikdasmen.go.id/pendidikan/npsn/69836284
Kabupaten Bandung Barat,Ngamprah,paud,69916611,SPS BINA PUTRA,KP. KEBON KALAPA RT.02/02,Tanimulya,SWASTA,https://referensi.data.kemendikdasmen.go.id/pendidikan/npsn/69916611
Kabupaten Bandung Barat,Ngamprah,paud,69916614,SPS CAHYA GEMILANG,JL. CIBATU RT.02/06,Cilame,SWASTA,https://referensi.data.kemendikdasmen.go.id/pendidikan/npsn/69916614
Kabupaten Bandung Barat,Ngamprah,paud,69916612,SPS GRAHA BERSERI,GBR 3 BLOK D4 NO 7 RT.10 RW.25,Cilame,SWASTA,https://referensi.data.kemendikdasmen.go.id/pendidikan/npsn/69916612
Kabupaten Bandung Barat,Ngamprah,paud,69925421,SPS INSAN KAML,Kp. Pangkalan no.48 Rt.02 Rw.08,Cimanggu,SWASTA,https://referensi.data.kemendikdasmen.go.id/pendidikan/npsn/69925421
Kabupaten Bandung Barat,Ngamprah,paud,69916610,SPS MIFTAHUL ILMI,KP CIMANGGU RT.001 RW.013,Cimanggu,SWASTA,https://referensi.data.kemendikdasmen.go.id/pendidikan/npsn/69916610
Kabupaten Bandung Barat,Ngamprah,paud,69916615,SPS NUURUL HIDAYAH,KP. CIHARASHAS,Margajaya,SWASTA,https://referensi.data.kemendikdasmen.go.id/pendidikan/npsn/69916615
Kabupaten Bandung Barat,Ngamprah,paud,69836283,SPS PAUD AL HIDAYAH,JL. RAYA BATUJAJAR,Cimareme,SWASTA,https://referensi.data.kemendikdasmen.go.id/pendidikan/npsn/69836283
Kabupaten Bandung Barat,Ngamprah,paud,69836292,SPS PAUD NUSA INDAH,ANDIR,Gadobangkong,SWASTA,https://referensi.data.kemendikdasmen.go.id/pendidikan/npsn/69836292
Kabupaten Bandung Barat,Ngamprah,paud,69924109,SPS POS PAUD ANGGREK,Jl. Infantri Rt.04 Rw.19,Cilame,SWASTA,https://referensi.data.kemendikdasmen.go.id/pendidikan/npsn/69924109
Kabupaten Bandung Barat,Ngamprah,paud,69924132,SPS POS PAUD ANGGREK HI 21,Puri Cipageran Indah 2 C Rt 03 Rw 21,Tanimulya,SWASTA,https://referensi.data.kemendikdasmen.go.id/pendidikan/npsn/69924132
Kabupaten Bandung Barat,Ngamprah,paud,69986874,SPS POS PAUD KANA,JL.PONDOK DUSTIRA IV RT.05 RW.08,Gadobangkong,SWASTA,https://referensi.data.kemendikdasmen.go.id/pendidikan/npsn/69986874
Kabupaten Bandung Barat,Ngamprah,paud,69891595,SPS POS PAUD WIJAYA KUSUMAH,BUMI PAKUSARAKAN,Tanimulya,SWASTA,https://referensi.data.kemendikdasmen.go.id/pendidikan/npsn/69891595
Kabupaten Bandung Barat,Ngamprah,paud,69916598,SPS RAUDHATUL JANNAH,"CIHALIWUNG WETAN , RT. 5 , RW. 3 ,",Sukatani,SWASTA,https://referensi.data.kemendikdasmen.go.id/pendidikan/npsn/69916598
Kabupaten Bandung Barat,Ngamprah,paud,69924107,SPS TAAM AL MUBAROK,Kp. Cikawati RT.02 RW.06,Pakuhaji,SWASTA,https://referensi.data.kemendikdasmen.go.id/pendidikan/npsn/69924107
Kabupaten Bandung Barat,Ngamprah,paud,69924110,SPS TAAM AT TAQWA,Jl. Ngamprah Kaler 01/09,Ngamprah,SWASTA,https://referensi.data.kemendikdasmen.go.id/pendidikan/npsn/69924110
Kabupaten Bandung Barat,Ngamprah,paud,69920295,SPS TAAM DARUL MUHSININ,Jl. Raya Bukit Permata Rt.06/22,Cilame,SWASTA,https://referensi.data.kemendikdasmen.go.id/pendidikan/npsn/69920295
Kabupaten Bandung Barat,Ngamprah,paud,69836293,SPS TUNAS BUNISARI,JL.BUNISARI RT.05 RW.05,Gadobangkong,SWASTA,https://referensi.data.kemendikdasmen.go.id/pendidikan/npsn/69836293
Kabupaten Bandung Barat,Ngamprah,paud,69836298,TAAM AL IKHWAN,JL. HAJI GOPUR,Tanimulya,SWASTA,https://referensi.data.kemendikdasmen.go.id/pendidikan/npsn/69836298
Kabupaten Bandung Barat,Ngamprah,paud,69967351,TAAM DAARUL QURAN,Kp. Campaka Rt 01 Rw 12,Pakuhaji,SWASTA,https://referensi.data.kemendikdasmen.go.id/pendidikan/npsn/69967351
Kabupaten Bandung Barat,Ngamprah,paud,69968675,TAAM DARUL HUDA,Kp. Ciburial Rt 04 Rw 09 Ds. Margajaya,Margajaya,SWASTA,https://referensi.data.kemendikdasmen.go.id/pendidikan/npsn/69968675
Kabupaten Bandung Barat,Ngamprah,paud,20267547,TK AL AMIN,JL. SOMAWINATA NO. 05 RT.03/07,Tanimulya,SWASTA,https://referensi.data.kemendikdasmen.go.id/pendidikan/npsn/20267547
Kabupaten Bandung Barat,Ngamprah,paud,20267428,TK AL AZHAR SYIFA BUDI PARAHYANGAN,Jl. Raya Cimareme No.340,Cimareme,SWASTA,https://referensi.data.kemendikdasmen.go.id/pendidikan/npsn/20267428
Kabupaten Bandung Barat,Ngamprah,paud,20267425,TK AL FALAH PERMATA,JL ZAMRUD 11 RT.03 RW.13,Tanimulya,SWASTA,https://referensi.data.kemendikdasmen.go.id/pendidikan/npsn/20267425
Kabupaten Bandung Barat,Ngamprah,paud,70060400,TK AL KHOIRIYAH,Jl. H. Gopur Kp. Cibuntu RT. 004 RW. 009,Cilame,SWASTA,https://referensi.data.kemendikdasmen.go.id/pendidikan/npsn/70060400
Kabupaten Bandung Barat,Ngamprah,paud,69882683,TK AL-IKHWAN,Jl.Cimareme No. 290 B RT.04/01 Kec.Ngamprah,Cimareme,SWASTA,https://referensi.data.kemendikdasmen.go.id/pendidikan/npsn/69882683
Kabupaten Bandung Barat,Ngamprah,paud,69873720,TK AR ROOFIAH,CIHAMPELAS RT. 05 / 04,Bojongkoneng,SWASTA,https://referensi.data.kemendikdasmen.go.id/pendidikan/npsn/69873720
Kabupaten Bandung Barat,Ngamprah,paud,70057939,TK BAABUSSALAM,Kp. kebon Kalapa No 56 RT 02 RW 02,Cimareme,SWASTA,https://referensi.data.kemendikdasmen.go.id/pendidikan/npsn/70057939
Kabupaten Bandung Barat,Ngamprah,paud,69967851,TK BINA INSAN MANDIRI,Kp. Ciwantani Rt.05/ Rw.17,Cilame,SWASTA,https://referensi.data.kemendikdasmen.go.id/pendidikan/npsn/69967851
Kabupaten Bandung Barat,Ngamprah,paud,20267460,TK BUKIT PERMATA,Jl. Sumur Bor Rt.01/04,Cilame,SWASTA,https://referensi.data.kemendikdasmen.go.id/pendidikan/npsn/20267460
Kabupaten Bandung Barat,Ngamprah,paud,20267465,TK CAHAYA PERMATA,Jl. Topaz No. 28-30 Permata Cimahi,Tanimulya,SWASTA,https://referensi.data.kemendikdasmen.go.id/pendidikan/npsn/20267465
Kabupaten Bandung Barat,Ngamprah,paud,69835744,TK FITHRAH AULADI,PERUM ITB BUKIT RAHMAH PERMAI BLOK D 19 RT.05/02,Cilame,SWASTA,https://referensi.data.kemendikdasmen.go.id/pendidikan/npsn/69835744
Kabupaten Bandung Barat,Ngamprah,paud,20267471,TK GRAHA ANANDA,Komplek Graha Bukit Raya Blok F VII No. 35-36 Rt.03/21,Cilame,SWASTA,https://referensi.data.kemendikdasmen.go.id/pendidikan/npsn/20267471
Kabupaten Bandung Barat,Ngamprah,paud,20267474,TK HARAPAN IBU,Jl. Gadobangkong No. 167,Cimareme,SWASTA,https://referensi.data.kemendikdasmen.go.id/pendidikan/npsn/20267474
Kabupaten Bandung Barat,Ngamprah,paud,69891474,TK ISLAM AULIA AS SALAM,JL. H. Gophur Rt.02 Rw.03 No.32 Ds. Tanimulya Kecamatan Ngamprah,Tanimulya,SWASTA,https://referensi.data.kemendikdasmen.go.id/pendidikan/npsn/69891474
Kabupaten Bandung Barat,Ngamprah,paud,69958585,TK ISLAM AZ-ZAHRA,Jalan Tegallaja Rt.01 Rw.06,Sukatani,SWASTA,https://referensi.data.kemendikdasmen.go.id/pendidikan/npsn/69958585
Kabupaten Bandung Barat,Ngamprah,paud,20267448,TK ISLAM BAIT AL HIKMAH,JL RAYA GADO BANGKONG NO.112,Gadobangkong,SWASTA,https://referensi.data.kemendikdasmen.go.id/pendidikan/npsn/20267448
Kabupaten Bandung Barat,Ngamprah,paud,70031202,TK ISLAM CENDEKIA GEMILANG,Jl. Cempaka Rt.003 Rw.003,Cimareme,SWASTA,https://referensi.data.kemendikdasmen.go.id/pendidikan/npsn/70031202
Kabupaten Bandung Barat,Ngamprah,paud,70060280,TK IT Al Barkah Khoiriyah,Jln. Ngamprah Kidul RT.001 RW.003,Ngamprah,SWASTA,https://referensi.data.kemendikdasmen.go.id/pendidikan/npsn/70060280
Kabupaten Bandung Barat,Ngamprah,paud,70054674,TK IT Fitrah Insani,Kp. Pojok RT.002 RW.012,Tanimulya,SWASTA,https://referensi.data.kemendikdasmen.go.id/pendidikan/npsn/70054674
Kabupaten Bandung Barat,Ngamprah,paud,70061691,TK IT ROHMATUL HUDA,Jl. Cijamil RT. 001 RW. 016,Cilame,SWASTA,https://referensi.data.kemendikdasmen.go.id/pendidikan/npsn/70061691
Kabupaten Bandung Barat,Ngamprah,paud,69835738,TK KASIH IBU,JL. H GHOFUR NO. 18 RT. 05/IV,Tanimulya,SWASTA,https://referensi.data.kemendikdasmen.go.id/pendidikan/npsn/69835738
Kabupaten Bandung Barat,Ngamprah,paud,70055615,TK KHOIRUR ROOZIQIIN MONTESSORI,Jl. Raya Cimareme No. 256 RT. 001 RW. 002,Cimareme,SWASTA,https://referensi.data.kemendikdasmen.go.id/pendidikan/npsn/70055615
Kabupaten Bandung Barat,Ngamprah,paud,69835743,TK LAYYINA,"GBR I G-1 NO. 1, 11",Cilame,SWASTA,https://referensi.data.kemendikdasmen.go.id/pendidikan/npsn/69835743
Kabupaten Bandung Barat,Ngamprah,paud,69944372,TK LUTHFIYYAH,Kp. Cipameutingan Rt.02 Rw.07 Ds Cilame Kec. Ngamprah Kab. Bandung Barat,Cilame,SWASTA,https://referensi.data.kemendikdasmen.go.id/pendidikan/npsn/69944372
Kabupaten Bandung Barat,Ngamprah,paud,20267494,TK MENARA,Kp. Babakan Garut Rt.02 Rw.11,Mekarsari,SWASTA,https://referensi.data.kemendikdasmen.go.id/pendidikan/npsn/20267494
Kabupaten Bandung Barat,Ngamprah,paud,70062511,TK MIFTAHUL HUDA,Kp. Ciburial RT. 004 RW. 010,Margajaya,SWASTA,https://referensi.data.kemendikdasmen.go.id/pendidikan/npsn/70062511
Kabupaten Bandung Barat,Ngamprah,paud,20267497,TK MUFID,KOMP. GRAHA BUKIT RAYA 3.A 5 NO 26,Cilame,SWASTA,https://referensi.data.kemendikdasmen.go.id/pendidikan/npsn/20267497
Kabupaten Bandung Barat,Ngamprah,paud,69872166,TK MUFID 2,Komplek Taman Bunga Cilame Blok C2 No. 3,Cilame,SWASTA,https://referensi.data.kemendikdasmen.go.id/pendidikan/npsn/69872166
Kabupaten Bandung Barat,Ngamprah,paud,69835736,TK MUTIARA IBU,JL. RAYA GADOBANGKONG NO 166 B RT 04 RW 04,Gadobangkong,SWASTA,https://referensi.data.kemendikdasmen.go.id/pendidikan/npsn/69835736
Kabupaten Bandung Barat,Ngamprah,paud,70041198,TK NEGERI NGAMPRAH,JL. INFANTRI REI Komp Cilame Permai,Cilame,NEGERI,https://referensi.data.kemendikdasmen.go.id/pendidikan/npsn/70041198
Kabupaten Bandung Barat,Ngamprah,paud,69835740,TK NIAGARA,KOMPLEK PURI CIPAGERAN INDAH II BLOK D2 NO. 12A-15A,Tanimulya,SWASTA,https://referensi.data.kemendikdasmen.go.id/pendidikan/npsn/69835740
Kabupaten Bandung Barat,Ngamprah,paud,20267511,TK PARIKESIT,KOMP. PERMATA CIMAHI BLOK I NO. 02,Tanimulya,SWASTA,https://referensi.data.kemendikdasmen.go.id/pendidikan/npsn/20267511
Kabupaten Bandung Barat,Ngamprah,paud,20267517,TK PERMATA BUNDA,GRIYA ASRI PAKUSARAKAN 2 A-23 RT.04 RW.25,Tanimulya,SWASTA,https://referensi.data.kemendikdasmen.go.id/pendidikan/npsn/20267517
Kabupaten Bandung Barat,Ngamprah,paud,20267518,TK PERMATA HATI,JL INTAN I BLOK V6 NO. 03 KOMPLEK PERMATA CIMAHI,Tanimulya,SWASTA,https://referensi.data.kemendikdasmen.go.id/pendidikan/npsn/20267518
Kabupaten Bandung Barat,Ngamprah,paud,69835737,TK PLUS AL HIKMAH,Komp.Tanimulya Jl.Botani No. 1 Rt.004/Rw.015,Tanimulya,SWASTA,https://referensi.data.kemendikdasmen.go.id/pendidikan/npsn/69835737
Kabupaten Bandung Barat,Ngamprah,paud,20267533,TK SAFIRA,KOMPLEK BUMI PAKUSARAKAN 2 BLOK G2 NO. 01,Tanimulya,SWASTA,https://referensi.data.kemendikdasmen.go.id/pendidikan/npsn/20267533
Kabupaten Bandung Barat,Ngamprah,paud,70058199,TK SCHOOL GARDEN,Perum Taman Firdaus RT.003 RW.014,Pakuhaji,SWASTA,https://referensi.data.kemendikdasmen.go.id/pendidikan/npsn/70058199
Kabupaten Bandung Barat,Ngamprah,paud,69891475,TK SMART KIDS,JL PANORAMA RAYA PURI CIPAGERAN INDAH 2 BLOK D8 NO.5-6,Tanimulya,SWASTA,https://referensi.data.kemendikdasmen.go.id/pendidikan/npsn/69891475
Kabupaten Bandung Barat,Ngamprah,paud,69872159,TK TERPADU SITI FATIMAH,Jl. Cisalak Rt.01/05,Ngamprah,SWASTA,https://referensi.data.kemendikdasmen.go.id/pendidikan/npsn/69872159
Kabupaten Bandung Barat,Ngamprah,paud,70034294,TK TUNAS HARAPAN KONENGSARI,Kp. Pasir Haur RT 003 RW 013,Bojongkoneng,SWASTA,https://referensi.data.kemendikdasmen.go.id/pendidikan/npsn/70034294
Kabupaten Bandung Barat,Ngamprah,paud,20267429,TK UI PLUS AL GHARBIYAH,JL. BUNISARI KULON NO 05,Gadobangkong,SWASTA,https://referensi.data.kemendikdasmen.go.id/pendidikan/npsn/20267429
Kabupaten Bandung Barat,Parongpong,paud,69891534,CAHAYA IBU,KP. CIPANJAK NO. 2 RT. 04 / 11,Cigugur Girang,SWASTA,https://referensi.data.kemendikdasmen.go.id/pendidikan/npsn/69891534
Kabupaten Bandung Barat,Parongpong,paud,69982370,KB BUNDA FLORIA,JL. Mekarwangi No.107 RT.01 RW.09,Sariwangi,SWASTA,https://referensi.data.kemendikdasmen.go.id/pendidikan/npsn/69982370
Kabupaten Bandung Barat,Parongpong,paud,69933227,KB FIRDAUS PERCIKAN IMAN,Jl. Bukit Firdaus No. 9 Komp. Gerlong Permai,Ciwaruga,SWASTA,https://referensi.data.kemendikdasmen.go.id/pendidikan/npsn/69933227
Kabupaten Bandung Barat,Parongpong,paud,69982505,KB KEMILAU ZAMAN,JL. CIHANJUANG KP. CIBALIGO NO. 19 RT 02 RW 14,Cihanjuang,SWASTA,https://referensi.data.kemendikdasmen.go.id/pendidikan/npsn/69982505
Kabupaten Bandung Barat,Parongpong,paud,90101132,KB MUTIARA NUSANTARA,"JL. Sersan Bajuri Km 1,5 RT 03 RW 01, Sukabaru, Cihideung, Prongpong, Bandung ba",Ciwaruga,SWASTA,https://referensi.data.kemendikdasmen.go.id/pendidikan/npsn/90101132
Kabupaten Bandung Barat,Parongpong,paud,69982413,KB YUKAINAA,KP. KEBON HUI RT 02 RW 03,Cigugur Girang,SWASTA,https://referensi.data.kemendikdasmen.go.id/pendidikan/npsn/69982413
Kabupaten Bandung Barat,Parongpong,paud,69932965,KOBER AL AMIN,Jl. Kolonel Masturi No.188 Rt.01 Rw.16,Cihideung,SWASTA,https://referensi.data.kemendikdasmen.go.id/pendidikan/npsn/69932965
Kabupaten Bandung Barat,Parongpong,paud,69836030,KOBER AL HIDAYAH PERMATA,Kp. Babakan No.10 RT.01 RW.09,Cigugur Girang,SWASTA,https://referensi.data.kemendikdasmen.go.id/pendidikan/npsn/69836030
Kabupaten Bandung Barat,Parongpong,paud,70048215,KOBER ROOFID,Kp. Mokla RT. 2 RW. 13,Cihanjuang Rahayu,SWASTA,https://referensi.data.kemendikdasmen.go.id/pendidikan/npsn/70048215
Kabupaten Bandung Barat,Parongpong,paud,69836033,MELATI,Jl. TUGU RT. 01/08 CIHANJUANG RAHAYU,Cihanjuang Rahayu,SWASTA,https://referensi.data.kemendikdasmen.go.id/pendidikan/npsn/69836033
Kabupaten Bandung Barat,Parongpong,paud,69836302,MITRA BERSAMA,KP MOKLA,Cihanjuang Rahayu,SWASTA,https://referensi.data.kemendikdasmen.go.id/pendidikan/npsn/69836302
Kabupaten Bandung Barat,Parongpong,paud,69836032,NUSANTARA,KP. CIBALIGO JL. PLN N0.183 RT. 05/01,Cihanjuang,SWASTA,https://referensi.data.kemendikdasmen.go.id/pendidikan/npsn/69836032
Kabupaten Bandung Barat,Parongpong,paud,70050182,PAUDQ AL-HASANAH,KP. PANYAIRAN RT. 01 RW. 10,Cihideung,SWASTA,https://referensi.data.kemendikdasmen.go.id/pendidikan/npsn/70050182
Kabupaten Bandung Barat,Parongpong,paud,70048003,PAUDQ ANWARUL IMAN AL MUSRII,KP. CISASAWI NO.69,Kec. Parongpong,SWASTA,https://referensi.data.kemendikdasmen.go.id/pendidikan/npsn/70048003
Kabupaten Bandung Barat,Parongpong,paud,70048634,PAUDQ AS-SOLIHAT,KP. PANEUNGTEUNG,Kec. Parongpong,SWASTA,https://referensi.data.kemendikdasmen.go.id/pendidikan/npsn/70048634
Kabupaten Bandung Barat,Parongpong,paud,70048628,PAUDQ BHAKTI INSANI,"Jl. Cihanjuang KM,6,3 Kp. Tutugan No. 303",Kec. Parongpong,SWASTA,https://referensi.data.kemendikdasmen.go.id/pendidikan/npsn/70048628
Kabupaten Bandung Barat,Parongpong,paud,70046704,PAUDQ BUNGA BANGSA,JL. CIHANJUANG KP. CISASAWI GANG H MUKHLIS,Kec. Parongpong,SWASTA,https://referensi.data.kemendikdasmen.go.id/pendidikan/npsn/70046704
Kabupaten Bandung Barat,Parongpong,paud,70046084,PAUDQ NURUL HUDA,JL. SARIWANGI GG. CEMARA 3,Kec. Parongpong,SWASTA,https://referensi.data.kemendikdasmen.go.id/pendidikan/npsn/70046084
Kabupaten Bandung Barat,Parongpong,paud,70039447,PAUDQ. AL MALIKI,CIWARUGA,Ciwaruga,SWASTA,https://referensi.data.kemendikdasmen.go.id/pendidikan/npsn/70039447
Kabupaten Bandung Barat,Parongpong,paud,70023958,PAUDQ. AL-AMANAH CENDIKIA,KP. PARIGILAME NO. 03,Ciwaruga,SWASTA,https://referensi.data.kemendikdasmen.go.id/pendidikan/npsn/70023958
Kabupaten Bandung Barat,Parongpong,paud,70048042,PAUDQ. AL-AMIN,JL. KOLONEL MASTURI NO. 188 RT. 002 RW. 016,Cihideung,SWASTA,https://referensi.data.kemendikdasmen.go.id/pendidikan/npsn/70048042
Kabupaten Bandung Barat,Parongpong,paud,70048044,PAUDQ. AL-HASANAH,KP. PANYAIRAN RT. 001 RW. 010,Cihideung,SWASTA,https://referensi.data.kemendikdasmen.go.id/pendidikan/npsn/70048044
Kabupaten Bandung Barat,Parongpong,paud,70015839,PAUDQ. NURBUWAT,"JL. CIHANJUANG KM 4,3 NO. 45 KP. KARANGSARI RT. 003 RW. 003",Cihanjuang,SWASTA,https://referensi.data.kemendikdasmen.go.id/pendidikan/npsn/70015839
Kabupaten Bandung Barat,Parongpong,paud,70044312,PAUDQU AL-MAARIF,Jl. Cihanjuang Blk. 35 RT 002/008,Kec. Parongpong,SWASTA,https://referensi.data.kemendikdasmen.go.id/pendidikan/npsn/70044312
Kabupaten Bandung Barat,Parongpong,paud,69836301,PERMATA HANJUANG,KOMP. BUMI HANJUANG,Cihanjuang,SWASTA,https://referensi.data.kemendikdasmen.go.id/pendidikan/npsn/69836301
Kabupaten Bandung Barat,Parongpong,paud,69756023,RA AL FALAH RAUDHATUL JANNAH,KP. SUKAMAJU RT 06 RW 05,Kec. Parongpong,SWASTA,https://referensi.data.kemendikdasmen.go.id/pendidikan/npsn/69756023
Kabupaten Bandung Barat,Parongpong,paud,70052520,RA AL QOMAR,Jl. Waruga Jaya,Kec. Parongpong,SWASTA,https://referensi.data.kemendikdasmen.go.id/pendidikan/npsn/70052520
Kabupaten Bandung Barat,Parongpong,paud,69854632,RA Baghdadiyah Al-Istiqomah,Kp. Mekarwangi RT 02/08 Ds. Karyawangi,Karyawangi,SWASTA,https://referensi.data.kemendikdasmen.go.id/pendidikan/npsn/69854632
Kabupaten Bandung Barat,Parongpong,paud,69854631,RA Bintang Brillian,"Jl. Sariwangi, Terusan Gang Apit No. 72C",Sariwangi,SWASTA,https://referensi.data.kemendikdasmen.go.id/pendidikan/npsn/69854631
Kabupaten Bandung Barat,Parongpong,paud,69738414,RA/BA/TA AL IMAN,JL SERSAN BAJURI KP.PASIR SEREH RT 02 RW 09,Kec. Parongpong,SWASTA,https://referensi.data.kemendikdasmen.go.id/pendidikan/npsn/69738414
Kabupaten Bandung Barat,Parongpong,paud,69738408,RA/BA/TA AL-HIDAYAH,JL. TERUSAN SERSAN BAJURI KP. PANYAIRAN RT. 03 RW. 11 CIHIDEUNG PARONGPONG,Kec. Parongpong,SWASTA,https://referensi.data.kemendikdasmen.go.id/pendidikan/npsn/69738408
Kabupaten Bandung Barat,Parongpong,paud,69738409,RA/BA/TA AL-HIKMAH,JL. BARU RT 02/I CIGUGUR GIRANG,Cigugur Girang,SWASTA,https://referensi.data.kemendikdasmen.go.id/pendidikan/npsn/69738409
Kabupaten Bandung Barat,Parongpong,paud,69738410,RA/BA/TA AL-IQRO,KP. PANGSOR RT. 03/07,Karyawangi,SWASTA,https://referensi.data.kemendikdasmen.go.id/pendidikan/npsn/69738410
Kabupaten Bandung Barat,Parongpong,paud,69738411,RA/BA/TA AL-IRSYAD,KP. PANEUNGTEUNG RT. 01/11,Cihanjuang,SWASTA,https://referensi.data.kemendikdasmen.go.id/pendidikan/npsn/69738411
Kabupaten Bandung Barat,Parongpong,paud,69738413,RA/BA/TA AL-MU MIN,JL. KOLONEL MASTURI RT. 05 RW. 15,Kec. Parongpong,SWASTA,https://referensi.data.kemendikdasmen.go.id/pendidikan/npsn/69738413
Kabupaten Bandung Barat,Parongpong,paud,69738415,RA/BA/TA AR-RAHMAN GIRI INDAH,JL. GIRI INDAH KP. NYAMPAY RT 04 RW 15,Karyawangi,SWASTA,https://referensi.data.kemendikdasmen.go.id/pendidikan/npsn/69738415
Kabupaten Bandung Barat,Parongpong,paud,69738416,RA/BA/TA AS-SHAFA,KARYAWANGI RT 01 / 05 NO. 69,Karyawangi,SWASTA,https://referensi.data.kemendikdasmen.go.id/pendidikan/npsn/69738416
Kabupaten Bandung Barat,Parongpong,paud,69738417,RA/BA/TA BADRISSALAM,KP.MEKARWANGI RT 03/12 DS.SARIWANGI KEC.PARONGPONG,Karyawangi,SWASTA,https://referensi.data.kemendikdasmen.go.id/pendidikan/npsn/69738417
Kabupaten Bandung Barat,Parongpong,paud,69738418,RA/BA/TA DARUL HIKMAH,JL. SARIWANGI NO. 81 DS. SARIWANGI PARONGPONG,Sariwangi,SWASTA,https://referensi.data.kemendikdasmen.go.id/pendidikan/npsn/69738418
Kabupaten Bandung Barat,Parongpong,paud,69738419,RA/BA/TA LAA TANSA,JL. SARIWANGI NO.07,Sariwangi,SWASTA,https://referensi.data.kemendikdasmen.go.id/pendidikan/npsn/69738419
Kabupaten Bandung Barat,Parongpong,paud,69738406,RA/BA/TA MIFTAHUL JANNAH,JL.CIWARUGA NO.17 DESA CIWARUGA KECAMATAN PARONGPONG KABUPATEN BANDUNG BARAT 405,Ciwaruga,SWASTA,https://referensi.data.kemendikdasmen.go.id/pendidikan/npsn/69738406
Kabupaten Bandung Barat,Parongpong,paud,69738420,RA/BA/TA MIFTAHUL ULUM,JL.CIHANJUANG RT 04/02 KEL/DESA CIHANJUANG,Ciwaruga,SWASTA,https://referensi.data.kemendikdasmen.go.id/pendidikan/npsn/69738420
Kabupaten Bandung Barat,Parongpong,paud,69738421,RA/BA/TA MIFTAHUS SHOLIHAT,"JL. CIHANJUANG KM 8,2 RT. 02 RW 16 CIHANJUANG PARONGPONG",Ciwaruga,SWASTA,https://referensi.data.kemendikdasmen.go.id/pendidikan/npsn/69738421
Kabupaten Bandung Barat,Parongpong,paud,69738422,RA/BA/TA NURUL HUDA,JL. WARUGAJAYA RT. 01/15,Ciwaruga,SWASTA,https://referensi.data.kemendikdasmen.go.id/pendidikan/npsn/69738422
Kabupaten Bandung Barat,Parongpong,paud,69738423,RA/BA/TA NURUSY-SYIFA,JL.CIHANJUANG KP. TUTUGAN RT 01 RW 06 DS. CIHANJUANG RAHAYU,Ciwaruga,SWASTA,https://referensi.data.kemendikdasmen.go.id/pendidikan/npsn/69738423
Kabupaten Bandung Barat,Parongpong,paud,69738424,RA/BA/TA RIDHAUS SHOLEH,KP. KEBONHUI RT 03 RW 17,Kec. Parongpong,SWASTA,https://referensi.data.kemendikdasmen.go.id/pendidikan/npsn/69738424
Kabupaten Bandung Barat,Parongpong,paud,69933229,SPS CAHAYA HATI,Kp. Parongpong No.73,Karyawangi,SWASTA,https://referensi.data.kemendikdasmen.go.id/pendidikan/npsn/69933229
Kabupaten Bandung Barat,Parongpong,paud,69836300,SPS ECO PESANTREN DT,JL. CIGUGUR GIRANG NO. 33 KP. PANGSOR,Cigugur Girang,SWASTA,https://referensi.data.kemendikdasmen.go.id/pendidikan/npsn/69836300
Kabupaten Bandung Barat,Parongpong,paud,69932971,SPS TAAM AL MUTTAQIN,Kp. Kebonhui Rt.03/03,Cigugur Girang,SWASTA,https://referensi.data.kemendikdasmen.go.id/pendidikan/npsn/69932971
Kabupaten Bandung Barat,Parongpong,paud,69937833,SPS TAAM MUTIARA BARU,Kp. Baru Rt. 01/01 No. 23,Cigugur Girang,SWASTA,https://referensi.data.kemendikdasmen.go.id/pendidikan/npsn/69937833
Kabupaten Bandung Barat,Parongpong,paud,69984034,TAAM NURUL UKHUWAH,KP. KARYAWANGI RT 03 RW 06,Karyawangi,SWASTA,https://referensi.data.kemendikdasmen.go.id/pendidikan/npsn/69984034
Kabupaten Bandung Barat,Parongpong,paud,90101173,Taman Kanak-Kanak SIS Bandung,"Jl. Sersan Bajuri Km 1,5 Rt 3 Rw 1, Sukabaru, Cihideung, Prongpang, Bandung Bara",Ciwaruga,SWASTA,https://referensi.data.kemendikdasmen.go.id/pendidikan/npsn/90101173
Kabupaten Bandung Barat,Parongpong,paud,69872170,TK AL BAROKAH,JL.NYAMPAY NO.5,Karyawangi,SWASTA,https://referensi.data.kemendikdasmen.go.id/pendidikan/npsn/69872170
Kabupaten Bandung Barat,Parongpong,paud,69835751,TK AL PANKULI,JL. SARIWANGI RT.02/08,Sariwangi,SWASTA,https://referensi.data.kemendikdasmen.go.id/pendidikan/npsn/69835751
Kabupaten Bandung Barat,Parongpong,paud,69835750,TK AMAL KELUARGA,Jl. Cigugur Girang No. 297,Cigugur Girang,SWASTA,https://referensi.data.kemendikdasmen.go.id/pendidikan/npsn/69835750
Kabupaten Bandung Barat,Parongpong,paud,20267443,TK ASH SHIDIQ,JL.TERS.SERSAN BAJURI,Cihideung,SWASTA,https://referensi.data.kemendikdasmen.go.id/pendidikan/npsn/20267443
Kabupaten Bandung Barat,Parongpong,paud,20267447,TK ASSALAM,JL.CIGUGUR GIRANG NO.16A,Cigugur Girang,SWASTA,https://referensi.data.kemendikdasmen.go.id/pendidikan/npsn/20267447
Kabupaten Bandung Barat,Parongpong,paud,70061806,TK BAITUL MANSYURIN,Kp. Kancah RT.001 RW.013,Cihideung,SWASTA,https://referensi.data.kemendikdasmen.go.id/pendidikan/npsn/70061806
Kabupaten Bandung Barat,Parongpong,paud,70031498,TK BUNDA FLORIA,Jl. Pangkalan No.03 RT.001 RW.010,Sariwangi,SWASTA,https://referensi.data.kemendikdasmen.go.id/pendidikan/npsn/70031498
Kabupaten Bandung Barat,Parongpong,paud,70036058,TK CAHAYA TUNAS BANGSA,Jl. Karyawangi No. 81 RT 001 RW 007,Ciwaruga,SWASTA,https://referensi.data.kemendikdasmen.go.id/pendidikan/npsn/70036058
Kabupaten Bandung Barat,Parongpong,paud,70033988,TK CALLISTA FAIHA OLIVIA,Kp. Parongpong No.10 RT 005 RW 011,Karyawangi,SWASTA,https://referensi.data.kemendikdasmen.go.id/pendidikan/npsn/70033988
Kabupaten Bandung Barat,Parongpong,paud,70000563,TK CERDAS CENDEKIA,Komp. Bumi Sariwangi 2 No.8,Sariwangi,SWASTA,https://referensi.data.kemendikdasmen.go.id/pendidikan/npsn/70000563
Kabupaten Bandung Barat,Parongpong,paud,69835753,TK DAARUL FIKRI,KOMP. CIBALIGO PERMAI JL. DAARUL FIKRI NO 2,Cihanjuang,SWASTA,https://referensi.data.kemendikdasmen.go.id/pendidikan/npsn/69835753
Kabupaten Bandung Barat,Parongpong,paud,69835752,TK DAARUS SA ADAH,JL. CIHANJUANG NO. 103,Cihanjuang,SWASTA,https://referensi.data.kemendikdasmen.go.id/pendidikan/npsn/69835752
Kabupaten Bandung Barat,Parongpong,paud,20267470,TK FIRDAUS PERCIKAN IMAN,Jl. Bukit Firdaus No. 9 RT.07 RW.08,Ciwaruga,SWASTA,https://referensi.data.kemendikdasmen.go.id/pendidikan/npsn/20267470
Kabupaten Bandung Barat,Parongpong,paud,69891477,TK FUN KIDS,"Perumahan Puri Budi Asri Blok C Nomor 6-7, Kabupaten Bandung Barat",Cihanjuang,SWASTA,https://referensi.data.kemendikdasmen.go.id/pendidikan/npsn/69891477
Kabupaten Bandung Barat,Parongpong,paud,69835755,TK HANJUANG,KOMP. CIBALIGO PERMAI,Cihanjuang,SWASTA,https://referensi.data.kemendikdasmen.go.id/pendidikan/npsn/69835755
Kabupaten Bandung Barat,Parongpong,paud,20267473,TK HARAPAN IBU,Jl. Cipanjak RT. 04/XI Ds. Cigugur,Ciwaruga,SWASTA,https://referensi.data.kemendikdasmen.go.id/pendidikan/npsn/20267473
Kabupaten Bandung Barat,Parongpong,paud,70061117,TK ISLAM TERPADU DARUSSALAM,Komplek Pondok Hijau Indah Blok G No. 1-2 RT. 002 RW. 010,Ciwaruga,SWASTA,https://referensi.data.kemendikdasmen.go.id/pendidikan/npsn/70061117
Kabupaten Bandung Barat,Parongpong,paud,69835758,TK KARTIKA X - 3,JL. KOLONEL MASTURI KOMPLEK DENKAVKUD RT 02/11 KECAMATAN PARONGPONG,Karyawangi,SWASTA,https://referensi.data.kemendikdasmen.go.id/pendidikan/npsn/69835758
Kabupaten Bandung Barat,Parongpong,paud,20267496,TK MENTARI HATI,Jl.Cihanjuang Rahayu No.307,Cihanjuang Rahayu,SWASTA,https://referensi.data.kemendikdasmen.go.id/pendidikan/npsn/20267496
Kabupaten Bandung Barat,Parongpong,paud,69835746,TK PLUS AL AZHAR,Jl. Terusan Sersan Bajuri Kp. Pasir Sereh Rt.01 Rw.09,Cihideung,SWASTA,https://referensi.data.kemendikdasmen.go.id/pendidikan/npsn/69835746
Kabupaten Bandung Barat,Parongpong,paud,69835747,TK PLUS DARUL IHSAN,KP. SUKAMULYA RT. 02 / 03,Cihideung,SWASTA,https://referensi.data.kemendikdasmen.go.id/pendidikan/npsn/69835747
Kabupaten Bandung Barat,Parongpong,paud,69872169,TK ROOFID,CIHANJUANG RAHAYU,Cihanjuang Rahayu,SWASTA,https://referensi.data.kemendikdasmen.go.id/pendidikan/npsn/69872169
Kabupaten Bandung Barat,Parongpong,paud,20267535,TK SELARAS,KP. CICARITA NO.68 RT.02 RW.17,Ciwaruga,SWASTA,https://referensi.data.kemendikdasmen.go.id/pendidikan/npsn/20267535
Kabupaten Bandung Barat,Parongpong,paud,70063671,TK STARLAND PRESCHOOL & KINDERGARTEN,Jl. Setiabudi Regency No. G61 RT. 001 RW. 001,Kec. Parongpong,SWASTA,https://referensi.data.kemendikdasmen.go.id/pendidikan/npsn/70063671
Kabupaten Bandung Barat,Parongpong,paud,69835754,TK SYIFAUL QOLBI,KP. KARANGSARI RT. 05 /03,Cihanjuang,SWASTA,https://referensi.data.kemendikdasmen.go.id/pendidikan/npsn/69835754
Kabupaten Bandung Barat,Parongpong,paud,70055594,TK TASDIQUL QURAN,Jl. Cihanjuang No. 34 RT. 001 RW. 015,Cihanjuang,SWASTA,https://referensi.data.kemendikdasmen.go.id/pendidikan/npsn/70055594
Kabupaten Bandung Barat,Parongpong,paud,20279840,TKIT AL KUROMA,KP. PANYAIRAN RT.03/02,Cigugur Girang,SWASTA,https://referensi.data.kemendikdasmen.go.id/pendidikan/npsn/20279840
Kabupaten Bandung Barat,Parongpong,paud,20279838,TKS BINA HASAN CENDIKIA,Jl. Cihanjuang komp. Bumi Hanjuang B-32 Rt 02 Rw 11,Cihanjuang,SWASTA,https://referensi.data.kemendikdasmen.go.id/pendidikan/npsn/20279838
Kabupaten Bandung Barat,Parongpong,paud,69835757,TUNAS KARYA,SUKAWANA,Karyawangi,SWASTA,https://referensi.data.kemendikdasmen.go.id/pendidikan/npsn/69835757
Kabupaten Bandung Barat,Lembang,paud,69836043,BUNGA NUSANTARA,JAYAGIRI NO. 63 RT.01 /XI,Jayagiri,SWASTA,https://referensi.data.kemendikdasmen.go.id/pendidikan/npsn/69836043
Kabupaten Bandung Barat,Lembang,paud,69836037,KB ADZ DZIKRO,TUGU LAKSANA RT.02 / RW.13,Pagerwangi,SWASTA,https://referensi.data.kemendikdasmen.go.id/pendidikan/npsn/69836037
Kabupaten Bandung Barat,Lembang,paud,69836038,KB AL KAUTSAR,NYAMPAY RT. 01 RW. 14,Langensari,SWASTA,https://referensi.data.kemendikdasmen.go.id/pendidikan/npsn/69836038
Kabupaten Bandung Barat,Lembang,paud,69836039,KB AL MUSYAWARAH,POJOK GIRANG RT 003 RW 004,Cikahuripan,SWASTA,https://referensi.data.kemendikdasmen.go.id/pendidikan/npsn/69836039
Kabupaten Bandung Barat,Lembang,paud,69931983,KB ANAK MULIA,Jl. Lapang No.09 Rt.01 Rw.11,Cibogo,SWASTA,https://referensi.data.kemendikdasmen.go.id/pendidikan/npsn/69931983
Kabupaten Bandung Barat,Lembang,paud,69940493,KB ASH SHODDIQ,Kp. Babakan Bandung Rw.10,Pagerwangi,SWASTA,https://referensi.data.kemendikdasmen.go.id/pendidikan/npsn/69940493
Kabupaten Bandung Barat,Lembang,paud,69942927,KB CAHAYA BINTANG,"Jl. Maribaya No.1, Ruko Central Lembang Blok B-6 Kec. Lembang Kabupaten Bandung",Jayagiri,SWASTA,https://referensi.data.kemendikdasmen.go.id/pendidikan/npsn/69942927
Kabupaten Bandung Barat,Lembang,paud,69940490,KB CALAKAN,Kp. Ciburial RT 02 RW 05,Cibogo,SWASTA,https://referensi.data.kemendikdasmen.go.id/pendidikan/npsn/69940490
Kabupaten Bandung Barat,Lembang,paud,69836040,KB DAHLIA,POJOK TENGAH,Cikahuripan,SWASTA,https://referensi.data.kemendikdasmen.go.id/pendidikan/npsn/69836040
Kabupaten Bandung Barat,Lembang,paud,69935228,KB EAGLE,Jl. Baru Adjak No. 194B Rt.04 Rw.06,Lembang,SWASTA,https://referensi.data.kemendikdasmen.go.id/pendidikan/npsn/69935228
Kabupaten Bandung Barat,Lembang,paud,69836045,KB GEGER SUNTEN,KP CIBODAS,Suntenjaya,SWASTA,https://referensi.data.kemendikdasmen.go.id/pendidikan/npsn/69836045
Kabupaten Bandung Barat,Lembang,paud,69891536,KB HARAPAN IBU,Kp. Citespong Rt.02 Rw.02,Sukajaya,SWASTA,https://referensi.data.kemendikdasmen.go.id/pendidikan/npsn/69891536
Kabupaten Bandung Barat,Lembang,paud,69836041,KB MIFTAHUL IMAN,KOLONEL MASTURI CITESPONG RT. 02 RW. 01,Sukajaya,SWASTA,https://referensi.data.kemendikdasmen.go.id/pendidikan/npsn/69836041
Kabupaten Bandung Barat,Lembang,paud,69836044,KB MITRA INSANI,Kp. Lebak Hideng Pasir Ipis RT.03 RW.17,Jayagiri,SWASTA,https://referensi.data.kemendikdasmen.go.id/pendidikan/npsn/69836044
Kabupaten Bandung Barat,Lembang,paud,69972436,KB PELITA INDONESIA,JL. RAYA LEMBANG NO. 194,Lembang,SWASTA,https://referensi.data.kemendikdasmen.go.id/pendidikan/npsn/69972436
Kabupaten Bandung Barat,Lembang,paud,69942924,KB ROUDHOTUL HASANAH,JL. KOLMAS 129 KP. PAMECELAN RT 02 RW 05,Sukajaya,SWASTA,https://referensi.data.kemendikdasmen.go.id/pendidikan/npsn/69942924
Kabupaten Bandung Barat,Lembang,paud,69872174,KB WONDERLAND,Jl. SUKALAKSANA NO.07 RT.04 RW.02,Cikahuripan,SWASTA,https://referensi.data.kemendikdasmen.go.id/pendidikan/npsn/69872174
Kabupaten Bandung Barat,Lembang,paud,69836042,KINANTI,KP. BABAKAN AMPERA RT. 05 /16 JL. JAYAGIRI,Jayagiri,SWASTA,https://referensi.data.kemendikdasmen.go.id/pendidikan/npsn/69836042
Kabupaten Bandung Barat,Lembang,paud,69836357,KOBER ALIF,SADANG,Cikidang,SWASTA,https://referensi.data.kemendikdasmen.go.id/pendidikan/npsn/69836357
Kabupaten Bandung Barat,Lembang,paud,69836352,PAUD MAWAR MELATI III,JL. TANGKUBAN PERAHU KP. CIBURIAL RT. 03 / 03,Cibogo,SWASTA,https://referensi.data.kemendikdasmen.go.id/pendidikan/npsn/69836352
Kabupaten Bandung Barat,Lembang,paud,70052239,PAUDQ AL-FURQON,KP. NAGRAK,Kec. Lembang,SWASTA,https://referensi.data.kemendikdasmen.go.id/pendidikan/npsn/70052239
Kabupaten Bandung Barat,Lembang,paud,70045376,PAUDQ AL-HIKMAH,JL. DAGO GIRI KP. BUNISARI,Kec. Lembang,SWASTA,https://referensi.data.kemendikdasmen.go.id/pendidikan/npsn/70045376
Kabupaten Bandung Barat,Lembang,paud,70046446,PAUDQ AL-IHSAAN PLUS,JL. TANGKUBAN PERAHU KP. PONDOK NO. 50,Kec. Lembang,SWASTA,https://referensi.data.kemendikdasmen.go.id/pendidikan/npsn/70046446
Kabupaten Bandung Barat,Lembang,paud,70046094,PAUDQ AL-MARUF,JL. KOLONEL MASTURI RT 03 RW 01 DESA SUKAJAYA,Kec. Lembang,SWASTA,https://referensi.data.kemendikdasmen.go.id/pendidikan/npsn/70046094
Kabupaten Bandung Barat,Lembang,paud,70046085,PAUDQ NURUL HUDA,KP. POJOK TENGAH,Kec. Lembang,SWASTA,https://referensi.data.kemendikdasmen.go.id/pendidikan/npsn/70046085
Kabupaten Bandung Barat,Lembang,paud,70062349,PAUDQ NURUL JANNAH,KP. WARUNG CARINGIN,Mekarwangi,SWASTA,https://referensi.data.kemendikdasmen.go.id/pendidikan/npsn/70062349
Kabupaten Bandung Barat,Lembang,paud,70023873,PAUDQ. AL-ANSHOR,KP. TUGULAKSANA NO. 16 RT. 001 RW. 013,Pagerwangi,SWASTA,https://referensi.data.kemendikdasmen.go.id/pendidikan/npsn/70023873
Kabupaten Bandung Barat,Lembang,paud,70039243,PAUDQ. AL-FITROH,KP. SINDANGWAAS NO.142,Mekarwangi,SWASTA,https://referensi.data.kemendikdasmen.go.id/pendidikan/npsn/70039243
Kabupaten Bandung Barat,Lembang,paud,70048043,PAUDQ. AL-FURQON,KP. NAGRAK,Sukajaya,SWASTA,https://referensi.data.kemendikdasmen.go.id/pendidikan/npsn/70048043
Kabupaten Bandung Barat,Lembang,paud,70023870,PAUDQ. AL-HIJRAH 19,JL. WANGUNSARI RT. 001 RW. 002 NO. 30 KP. CIJENGKOL,Wangunsari,SWASTA,https://referensi.data.kemendikdasmen.go.id/pendidikan/npsn/70023870
Kabupaten Bandung Barat,Lembang,paud,70047953,PAUDQ. AL-IHSAAN PLUS,JL. TANGKUBAN PERAHU KP. PONDOK NO. 50 RT 002 RW. 003,Cikole,SWASTA,https://referensi.data.kemendikdasmen.go.id/pendidikan/npsn/70047953
Kabupaten Bandung Barat,Lembang,paud,70023957,PAUDQ. AL-MUKHLISIN,KP. SUKAMULYA,Lembang,SWASTA,https://referensi.data.kemendikdasmen.go.id/pendidikan/npsn/70023957
Kabupaten Bandung Barat,Lembang,paud,70039137,PAUDQ. BAITUL ILMI,JL. SESKO AU KP. MEKARSARI,Mekarwangi,SWASTA,https://referensi.data.kemendikdasmen.go.id/pendidikan/npsn/70039137
Kabupaten Bandung Barat,Lembang,paud,70023871,PAUDQ. BAITUL MAARIF,KP. CIKAWARI RT. 003 RW. 004,Wangunharja,SWASTA,https://referensi.data.kemendikdasmen.go.id/pendidikan/npsn/70023871
Kabupaten Bandung Barat,Lembang,paud,70039240,PAUDQ. BAITURROHMAN,JL. DAGO GIRI KP. SUKAMENAK,Mekarwangi,SWASTA,https://referensi.data.kemendikdasmen.go.id/pendidikan/npsn/70039240
Kabupaten Bandung Barat,Lembang,paud,70039106,PAUDQ. LP-4 NURUL HUDA,KP. PASIR WANGI,Pagerwangi,SWASTA,https://referensi.data.kemendikdasmen.go.id/pendidikan/npsn/70039106
Kabupaten Bandung Barat,Lembang,paud,70023872,PAUDQ. NURUL FALAH,KP. CIBEUREUM RT. 002 RW. 001,Wangunharja,SWASTA,https://referensi.data.kemendikdasmen.go.id/pendidikan/npsn/70023872
Kabupaten Bandung Barat,Lembang,paud,70039199,PAUDQ. SYIARUL HUDA,JL. MANOKO KP. CIBODAS,Cibodas,SWASTA,https://referensi.data.kemendikdasmen.go.id/pendidikan/npsn/70039199
Kabupaten Bandung Barat,Lembang,paud,69891597,POS PAUD AL LUQMAN,MARIBAYA RT. 03 RW. 01,Kayuambon,SWASTA,https://referensi.data.kemendikdasmen.go.id/pendidikan/npsn/69891597
Kabupaten Bandung Barat,Lembang,paud,69836336,POS PAUD AL MUNAWWAROH,KP. MANOKO RT. 04 /03,Cikahuripan,SWASTA,https://referensi.data.kemendikdasmen.go.id/pendidikan/npsn/69836336
Kabupaten Bandung Barat,Lembang,paud,69836328,POS PAUD AMARILIS,JL. MAMA ADIWARTA RT. 03/RW. 12,Lembang,SWASTA,https://referensi.data.kemendikdasmen.go.id/pendidikan/npsn/69836328
Kabupaten Bandung Barat,Lembang,paud,69836329,POS PAUD ANGGREK MEKAR,MURHADI KP.SUKAJADI RT. 03 / 02,Lembang,SWASTA,https://referensi.data.kemendikdasmen.go.id/pendidikan/npsn/69836329
Kabupaten Bandung Barat,Lembang,paud,69836356,POS PAUD ANGGREK VII,KP. CIKOLE RT. 02 / 07,Cikole,SWASTA,https://referensi.data.kemendikdasmen.go.id/pendidikan/npsn/69836356
Kabupaten Bandung Barat,Lembang,paud,69891600,POS PAUD BARKATUL HUDA,Kp. Cikareumbi RT. 03 RW. 04,Cikidang,SWASTA,https://referensi.data.kemendikdasmen.go.id/pendidikan/npsn/69891600
Kabupaten Bandung Barat,Lembang,paud,69836330,POS PAUD BHAYANGKARA CERIA,SUKAMANTRI NO.01 RT. 01 / RW. 06,Lembang,SWASTA,https://referensi.data.kemendikdasmen.go.id/pendidikan/npsn/69836330
Kabupaten Bandung Barat,Lembang,paud,69836315,POS PAUD HARAPAN BUNDA 04,CIJENGKOL RT. 03 /04,Wangunsari,SWASTA,https://referensi.data.kemendikdasmen.go.id/pendidikan/npsn/69836315
Kabupaten Bandung Barat,Lembang,paud,69836310,POS PAUD HARAPAN BUNDA 11,KP. ARENG RT.03/12,Wangunsari,SWASTA,https://referensi.data.kemendikdasmen.go.id/pendidikan/npsn/69836310
Kabupaten Bandung Barat,Lembang,paud,69836312,POS PAUD HARAPAN BUNDA 14,CIRATEUN PEUNTAS RT.02 / RW.13,Wangunsari,SWASTA,https://referensi.data.kemendikdasmen.go.id/pendidikan/npsn/69836312
Kabupaten Bandung Barat,Lembang,paud,69836327,POS PAUD JERUK MANIS,CIJERUK RT. 04 / RW. 08,Lembang,SWASTA,https://referensi.data.kemendikdasmen.go.id/pendidikan/npsn/69836327
Kabupaten Bandung Barat,Lembang,paud,69836337,POS PAUD KASTURI,KP. BARUNAGRI RT. 02 /03,Sukajaya,SWASTA,https://referensi.data.kemendikdasmen.go.id/pendidikan/npsn/69836337
Kabupaten Bandung Barat,Lembang,paud,69836320,POS PAUD KENANGA MEKAR,KP. BUNIWANGI,Mekarwangi,SWASTA,https://referensi.data.kemendikdasmen.go.id/pendidikan/npsn/69836320
Kabupaten Bandung Barat,Lembang,paud,69836333,POS PAUD KUNCUP HARAPAN CERIA,GG. MINATU RT. 03 / RW.01,Lembang,SWASTA,https://referensi.data.kemendikdasmen.go.id/pendidikan/npsn/69836333
Kabupaten Bandung Barat,Lembang,paud,69836344,POS PAUD MELATI 01 DARUL AZHAR,JL. WEDANA NO 130 RT.03/01,Jayagiri,SWASTA,https://referensi.data.kemendikdasmen.go.id/pendidikan/npsn/69836344
Kabupaten Bandung Barat,Lembang,paud,69836349,POS PAUD MELATI 02,SUKAHAJI NO. 100 RT. 02 RW. 02,Jayagiri,SWASTA,https://referensi.data.kemendikdasmen.go.id/pendidikan/npsn/69836349
Kabupaten Bandung Barat,Lembang,paud,69836347,POS PAUD MELATI 08,KP.GENTENG RT.03/08,Jayagiri,SWASTA,https://referensi.data.kemendikdasmen.go.id/pendidikan/npsn/69836347
Kabupaten Bandung Barat,Lembang,paud,69836345,POS PAUD MELATI 09 JAYAGIRI,PONDOK BUAH BATU RT. 03 / 09,Jayagiri,SWASTA,https://referensi.data.kemendikdasmen.go.id/pendidikan/npsn/69836345
Kabupaten Bandung Barat,Lembang,paud,69836362,POS PAUD MELATI CERIA,KP. SUKAMULYA RT. 01 / 02,Cibodas,SWASTA,https://referensi.data.kemendikdasmen.go.id/pendidikan/npsn/69836362
Kabupaten Bandung Barat,Lembang,paud,69836317,POS PAUD MELATI PAGERWANGI,SUKANAGARA NO.9 RT.02/RW.04,Pagerwangi,SWASTA,https://referensi.data.kemendikdasmen.go.id/pendidikan/npsn/69836317
Kabupaten Bandung Barat,Lembang,paud,69836338,POS PAUD MUTIARA BUNDA,PAMECALAN/KOLMAS RT. 01 / 04,Sukajaya,SWASTA,https://referensi.data.kemendikdasmen.go.id/pendidikan/npsn/69836338
Kabupaten Bandung Barat,Lembang,paud,69836332,POS PAUD MUTIARA CERIA,KP. SUKAMANDI JL. MUTIARA II RT. 01/05,Lembang,SWASTA,https://referensi.data.kemendikdasmen.go.id/pendidikan/npsn/69836332
Kabupaten Bandung Barat,Lembang,paud,69836319,POS PAUD NURUL ILMI,PAGERMANEUH RT. 03 RW. 07,Pagerwangi,SWASTA,https://referensi.data.kemendikdasmen.go.id/pendidikan/npsn/69836319
Kabupaten Bandung Barat,Lembang,paud,69836324,POS PAUD PLAMBOYAN 11,KP. SUKAMAJU TIMUR RT. 02 /11,Kayuambon,SWASTA,https://referensi.data.kemendikdasmen.go.id/pendidikan/npsn/69836324
Kabupaten Bandung Barat,Lembang,paud,69836314,POS PAUD PUSTAKA CERIA,WANGUNSARI RT. 04 RW. 05,Wangunsari,SWASTA,https://referensi.data.kemendikdasmen.go.id/pendidikan/npsn/69836314
Kabupaten Bandung Barat,Lembang,paud,69836303,POS PAUD SEKARWANGI 13,"Jl. Raya Lembang Km 11,5 Kp. cihideung RT 01/13",Gudangkahuripan,SWASTA,https://referensi.data.kemendikdasmen.go.id/pendidikan/npsn/69836303
Kabupaten Bandung Barat,Lembang,paud,69962133,POS PAUD TERPADU KARTINI PKM WADAH CIBODAS,jl. maribaya timur kp. babakan jati rt.04 rw.05,Cibodas,SWASTA,https://referensi.data.kemendikdasmen.go.id/pendidikan/npsn/69962133
Kabupaten Bandung Barat,Lembang,paud,69836321,POS PAUD TUNAS CERIA,MARIBAYA N0 292 KM 3,Langensari,SWASTA,https://referensi.data.kemendikdasmen.go.id/pendidikan/npsn/69836321
Kabupaten Bandung Barat,Lembang,paud,69836366,POS PAUD TUNAS HARAPAN 1,JL. MARIBAYA TIMUR KP. PATROL RT. 01 / 06,Suntenjaya,SWASTA,https://referensi.data.kemendikdasmen.go.id/pendidikan/npsn/69836366
Kabupaten Bandung Barat,Lembang,paud,69836367,POS PAUD TUNAS HARAPAN II,MARIBAYA TIMUR,Suntenjaya,SWASTA,https://referensi.data.kemendikdasmen.go.id/pendidikan/npsn/69836367
Kabupaten Bandung Barat,Lembang,paud,69836368,POS PAUD TUNAS HARAPAN III,DAGO RT. 01 RW. 17,Suntenjaya,SWASTA,https://referensi.data.kemendikdasmen.go.id/pendidikan/npsn/69836368
Kabupaten Bandung Barat,Lembang,paud,69836323,POS PAUD WIJAYA KUSUMA,JL/ WIJAYA NO. 4 RT.02 RW.03,Kayuambon,SWASTA,https://referensi.data.kemendikdasmen.go.id/pendidikan/npsn/69836323
Kabupaten Bandung Barat,Lembang,paud,69854626,RA Asy-Syifa,Jl. Tangkuban Parahu Kp. Pasar Ahad Ds. Cikole,Wangunsari,SWASTA,https://referensi.data.kemendikdasmen.go.id/pendidikan/npsn/69854626
Kabupaten Bandung Barat,Lembang,paud,69738344,RA/BA/TA AL FURQON,JL. GRAND HOTEL NO. 176 LEMBANG,Lembang,SWASTA,https://referensi.data.kemendikdasmen.go.id/pendidikan/npsn/69738344
Kabupaten Bandung Barat,Lembang,paud,69738332,RA/BA/TA AL-AZHAR,KP. NYAMPAY RT 01/06 DESA LANGENSARI,Kayuambon,SWASTA,https://referensi.data.kemendikdasmen.go.id/pendidikan/npsn/69738332
Kabupaten Bandung Barat,Lembang,paud,69738333,RA/BA/TA AL-FALAAH,KP.CIHIDEUNG GUDANG RT.03 RW.02 DESA GUDANG KAHURIPAN,Gudangkahuripan,SWASTA,https://referensi.data.kemendikdasmen.go.id/pendidikan/npsn/69738333
Kabupaten Bandung Barat,Lembang,paud,69738334,RA/BA/TA AL-FAUZAN,KP. CILUMBER RT 04/08,Cikole,SWASTA,https://referensi.data.kemendikdasmen.go.id/pendidikan/npsn/69738334
Kabupaten Bandung Barat,Lembang,paud,69738335,RA/BA/TA AL-HIDAYAH,JL. RAYA LEMBANG NO. 295,Lembang,SWASTA,https://referensi.data.kemendikdasmen.go.id/pendidikan/npsn/69738335
Kabupaten Bandung Barat,Lembang,paud,69738336,RA/BA/TA AL-HIKMAH,JL. GUNUNG PUTRI NO. 93 RT. 02 RW. 09 JAYAGIRI LEMBANG,Kec. Lembang,SWASTA,https://referensi.data.kemendikdasmen.go.id/pendidikan/npsn/69738336
Kabupaten Bandung Barat,Lembang,paud,69738337,RA/BA/TA AL-IKHLAS,KP. CIBURIAL RT03/06 DS.,Cikahuripan,SWASTA,https://referensi.data.kemendikdasmen.go.id/pendidikan/npsn/69738337
Kabupaten Bandung Barat,Lembang,paud,69738338,RA/BA/TA AL-KAUTSAR,KP. NYAMPAY RT. 01/14,Kayuambon,SWASTA,https://referensi.data.kemendikdasmen.go.id/pendidikan/npsn/69738338
Kabupaten Bandung Barat,Lembang,paud,69738339,RA/BA/TA AL-MABRUR,KP.GENTENG RT.03 RW.08 JAYAGIRI LEMBANG,Suntenjaya,SWASTA,https://referensi.data.kemendikdasmen.go.id/pendidikan/npsn/69738339
Kabupaten Bandung Barat,Lembang,paud,69738340,RA/BA/TA AL-MANSYURIAH SA ADAH,KP. CIKAWARI RT. 04/04 WANGUNHARJA LEMBANG,Pagerwangi,SWASTA,https://referensi.data.kemendikdasmen.go.id/pendidikan/npsn/69738340
Kabupaten Bandung Barat,Lembang,paud,69738341,RA/BA/TA AL-MUHAJIRIN,"GEDONG LIMA RT 02 RW 10, SUKAJAYA",Gudangkahuripan,SWASTA,https://referensi.data.kemendikdasmen.go.id/pendidikan/npsn/69738341
Kabupaten Bandung Barat,Lembang,paud,69738342,RA/BA/TA AL-MUHTADIN,JL. LAPANG II RT.03 RW.01 CIKOLE LEMBANG,Jayagiri,SWASTA,https://referensi.data.kemendikdasmen.go.id/pendidikan/npsn/69738342
Kabupaten Bandung Barat,Lembang,paud,69738343,RA/BA/TA AL-MUNAWWAROH,KP.MANOKO RT 04/03 DS. CIKAHURIPAN,Kec. Lembang,SWASTA,https://referensi.data.kemendikdasmen.go.id/pendidikan/npsn/69738343
Kabupaten Bandung Barat,Lembang,paud,69738345,RA/BA/TA ALFITROH,KP. NYALINDUNG RT 04 RW 08,Langensari,SWASTA,https://referensi.data.kemendikdasmen.go.id/pendidikan/npsn/69738345
Kabupaten Bandung Barat,Lembang,paud,69738331,RA/BA/TA AN NISA,KP. PASAR AHAD,Wangunsari,SWASTA,https://referensi.data.kemendikdasmen.go.id/pendidikan/npsn/69738331
Kabupaten Bandung Barat,Lembang,paud,69738346,RA/BA/TA AR-RASYIIDU,JL. TANGKUBAN PERAHU NO.26,Langensari,SWASTA,https://referensi.data.kemendikdasmen.go.id/pendidikan/npsn/69738346
Kabupaten Bandung Barat,Lembang,paud,69738347,RA/BA/TA AR-ROCHMAH,KP. CICALUNG RT.03 RW.06,Cikidang,SWASTA,https://referensi.data.kemendikdasmen.go.id/pendidikan/npsn/69738347
Kabupaten Bandung Barat,Lembang,paud,69738348,RA/BA/TA AT-TAUHID,KP. PONDOK 03/03,Kayuambon,SWASTA,https://referensi.data.kemendikdasmen.go.id/pendidikan/npsn/69738348
Kabupaten Bandung Barat,Lembang,paud,69738349,RA/BA/TA GITA,JL. GRAND HOTEL NO. 44 RT.04 RW.05 LEMBANG LEMBANG,Kec. Lembang,SWASTA,https://referensi.data.kemendikdasmen.go.id/pendidikan/npsn/69738349
Kabupaten Bandung Barat,Lembang,paud,69738350,RA/BA/TA ISTIQOMAH,JL. ISTIQOMAH NO 3,Cikidang,SWASTA,https://referensi.data.kemendikdasmen.go.id/pendidikan/npsn/69738350
Kabupaten Bandung Barat,Lembang,paud,69738351,RA/BA/TA IZUL ULA,KP. BABAKAN JATI RT 04/05 DS.CIBODAS,Kec. Lembang,SWASTA,https://referensi.data.kemendikdasmen.go.id/pendidikan/npsn/69738351
Kabupaten Bandung Barat,Lembang,paud,69738352,RA/BA/TA MANARUL HUDA,JL.MARIBAYA TIMUR KP.SUKAMAJU TIMUR RT.01 RW.03,Jayagiri,SWASTA,https://referensi.data.kemendikdasmen.go.id/pendidikan/npsn/69738352
Kabupaten Bandung Barat,Lembang,paud,69738353,RA/BA/TA MUSTIKA,KP. SUKAMULYA LANGENSARI LEMBANG,Langensari,SWASTA,https://referensi.data.kemendikdasmen.go.id/pendidikan/npsn/69738353
Kabupaten Bandung Barat,Lembang,paud,69738354,RA/BA/TA NURUL HIDAYAH LEMBANG,KP. BEWAK NO. 38,Kec. Lembang,SWASTA,https://referensi.data.kemendikdasmen.go.id/pendidikan/npsn/69738354
Kabupaten Bandung Barat,Lembang,paud,69738355,RA/BA/TA NURUL HUDA,KP. PONDOK RT. 05/03,Kec. Lembang,SWASTA,https://referensi.data.kemendikdasmen.go.id/pendidikan/npsn/69738355
Kabupaten Bandung Barat,Lembang,paud,69738356,RA/BA/TA NURUL IMAN,KP. PASIR IPIS 03/06,Jayagiri,SWASTA,https://referensi.data.kemendikdasmen.go.id/pendidikan/npsn/69738356
Kabupaten Bandung Barat,Lembang,paud,69738357,RA/BA/TA RAUDLATUL IRFAN,KP. CIBEDUG 04/12,Cibogo,SWASTA,https://referensi.data.kemendikdasmen.go.id/pendidikan/npsn/69738357
Kabupaten Bandung Barat,Lembang,paud,69891599,SPS AR ROHMAN MELATI 9,Kp. Cilumber Balai RT. 04 RW. 09,Cibogo,SWASTA,https://referensi.data.kemendikdasmen.go.id/pendidikan/npsn/69891599
Kabupaten Bandung Barat,Lembang,paud,69836309,SPS HARAPAN BUNDA 3,KP. CIJENGKOL RT. 01 RW 03,Wangunsari,SWASTA,https://referensi.data.kemendikdasmen.go.id/pendidikan/npsn/69836309
Kabupaten Bandung Barat,Lembang,paud,69836334,SPS BOUGENVILLE CERIA,JL. REPELITA 2 RT 02 RW 04 KP. MEKARSARI,Lembang,SWASTA,https://referensi.data.kemendikdasmen.go.id/pendidikan/npsn/69836334
Kabupaten Bandung Barat,Lembang,paud,69836340,SPS BUAH HATI,SUKADAMI RT.02 / RW.07,Sukajaya,SWASTA,https://referensi.data.kemendikdasmen.go.id/pendidikan/npsn/69836340
Kabupaten Bandung Barat,Lembang,paud,69836335,SPS BUNGA MAWAR,KP. KARAMAT RT. 02 / 06,Cikahuripan,SWASTA,https://referensi.data.kemendikdasmen.go.id/pendidikan/npsn/69836335
Kabupaten Bandung Barat,Lembang,paud,69836318,SPS MAWAR CERIA,KP. BUKANAGARA I RT. 06 RW. 01,Pagerwangi,SWASTA,https://referensi.data.kemendikdasmen.go.id/pendidikan/npsn/69836318
Kabupaten Bandung Barat,Lembang,paud,69836306,SPS MENTARI,JL RAYA LEMBANG KP. ANDIR RT. 01 / 05,Gudangkahuripan,SWASTA,https://referensi.data.kemendikdasmen.go.id/pendidikan/npsn/69836306
Kabupaten Bandung Barat,Lembang,paud,69836322,SPS MUTIARA SAKINAH,KOMP. BTN CIPUTRI INDAH,Langensari,SWASTA,https://referensi.data.kemendikdasmen.go.id/pendidikan/npsn/69836322
Kabupaten Bandung Barat,Lembang,paud,69928347,SPS PAUD IZATUL ISLAM,Kp. Cireyod Rt.03/011,Cikidang,SWASTA,https://referensi.data.kemendikdasmen.go.id/pendidikan/npsn/69928347
Kabupaten Bandung Barat,Lembang,paud,69941979,SPS PAUD SEKARWANGI 14,"Jl. Raya Lembang KM. 12,7 Kp. Cihideung RT.01 RW.14",Gudangkahuripan,SWASTA,https://referensi.data.kemendikdasmen.go.id/pendidikan/npsn/69941979
Kabupaten Bandung Barat,Lembang,paud,69947670,SPS POS PAUD AN-NUR,Kp. Cisalasih Rt.01/Rw.10 Ds. Cikidang Kec. Lembang,Cikidang,SWASTA,https://referensi.data.kemendikdasmen.go.id/pendidikan/npsn/69947670
Kabupaten Bandung Barat,Lembang,paud,69836354,SPS POS PAUD BALEBAT,KP. CIBURIAL RT.03 RW.06,Cibogo,SWASTA,https://referensi.data.kemendikdasmen.go.id/pendidikan/npsn/69836354
Kabupaten Bandung Barat,Lembang,paud,69836359,SPS POS PAUD CEMPAKA PUTIH,KP. CICALUNG RT. 03 / 08 JL. MARIBAYA ATAS,Wangunharja,SWASTA,https://referensi.data.kemendikdasmen.go.id/pendidikan/npsn/69836359
Kabupaten Bandung Barat,Lembang,paud,69836326,SPS POS PAUD CENDANA 8,Jl. Kenanga RT 01 RW 08 Kp. Pangragajian,Kayuambon,SWASTA,https://referensi.data.kemendikdasmen.go.id/pendidikan/npsn/69836326
Kabupaten Bandung Barat,Lembang,paud,69836304,SPS POS PAUD CERIA,Kp. Bakti Sejati RT. 01 RW. 09,Gudangkahuripan,SWASTA,https://referensi.data.kemendikdasmen.go.id/pendidikan/npsn/69836304
Kabupaten Bandung Barat,Lembang,paud,69836331,SPS POS PAUD FLAMBOYAN CERIA,KP. Caringin Pencut RT.03 RW.07,Lembang,SWASTA,https://referensi.data.kemendikdasmen.go.id/pendidikan/npsn/69836331
Kabupaten Bandung Barat,Lembang,paud,69836365,SPS POS PAUD HARAPAN BANGSA,CIBEUYING RT.02 RW.10,Cibodas,SWASTA,https://referensi.data.kemendikdasmen.go.id/pendidikan/npsn/69836365
Kabupaten Bandung Barat,Lembang,paud,69836311,SPS POS PAUD HARAPAN BUNDA 12,Kp. Cirateun Peuntas RT.03 RW.15,Wangunsari,SWASTA,https://referensi.data.kemendikdasmen.go.id/pendidikan/npsn/69836311
Kabupaten Bandung Barat,Lembang,paud,69836313,SPS POS PAUD HARAPAN BUNDA 15,Kp. Areng RT.03 RW.07,Wangunsari,SWASTA,https://referensi.data.kemendikdasmen.go.id/pendidikan/npsn/69836313
Kabupaten Bandung Barat,Lembang,paud,69836316,SPS POS PAUD HARAPAN BUNDA 9 AL FURQON,Kp. Areng RT.01 RW.10,Wangunsari,SWASTA,https://referensi.data.kemendikdasmen.go.id/pendidikan/npsn/69836316
Kabupaten Bandung Barat,Lembang,paud,69836307,SPS POS PAUD KENANGA,"Jl. Raya lembang KM.12,6 Cihideung RT. 04 RW. 04",Gudangkahuripan,SWASTA,https://referensi.data.kemendikdasmen.go.id/pendidikan/npsn/69836307
Kabupaten Bandung Barat,Lembang,paud,69836361,SPS POS PAUD KENANGA CERIA,Kp.Cibeunying Maribaya Timur RT.02 RW.13,Cibodas,SWASTA,https://referensi.data.kemendikdasmen.go.id/pendidikan/npsn/69836361
Kabupaten Bandung Barat,Lembang,paud,69836360,SPS POS PAUD MAWAR,CIBEUREUM RT 04/ 01,Wangunharja,SWASTA,https://referensi.data.kemendikdasmen.go.id/pendidikan/npsn/69836360
Kabupaten Bandung Barat,Lembang,paud,69836350,SPS POS PAUD MELATI 03 JAYAGIRI,Kp. Bewak RT. 02 RW.03,Jayagiri,SWASTA,https://referensi.data.kemendikdasmen.go.id/pendidikan/npsn/69836350
Kabupaten Bandung Barat,Lembang,paud,69836342,SPS POS PAUD MELATI 10 ZABAL NUR,KP. Gunungputri RT. 02 RW.10,Jayagiri,SWASTA,https://referensi.data.kemendikdasmen.go.id/pendidikan/npsn/69836342
Kabupaten Bandung Barat,Lembang,paud,69836358,SPS POS PAUD MELATI WANGUNHARJA,CIKAWARI RT. 03 / 04,Wangunharja,SWASTA,https://referensi.data.kemendikdasmen.go.id/pendidikan/npsn/69836358
Kabupaten Bandung Barat,Lembang,paud,69836341,SPS POS PAUD MELATI XI,Jl. Jayagiri II RT.02 RW.11,Jayagiri,SWASTA,https://referensi.data.kemendikdasmen.go.id/pendidikan/npsn/69836341
Kabupaten Bandung Barat,Lembang,paud,69836353,SPS POS PAUD QURROTUL AINI,Kp. Cilumber RT.02 RW.12,Cibogo,SWASTA,https://referensi.data.kemendikdasmen.go.id/pendidikan/npsn/69836353
Kabupaten Bandung Barat,Lembang,paud,69989007,SPS SEDAP MALAM,KP. CISITU RT. 04 RW.11,Cibodas,SWASTA,https://referensi.data.kemendikdasmen.go.id/pendidikan/npsn/69989007
Kabupaten Bandung Barat,Lembang,paud,69836305,SPS SEKARWANGI FIRDAUS,KP. PASIRWANGI RT. 05 RW 11,Gudangkahuripan,SWASTA,https://referensi.data.kemendikdasmen.go.id/pendidikan/npsn/69836305
Kabupaten Bandung Barat,Lembang,paud,69836346,SPS TSABITUL AZMI MELATI XIV,BARULAKSANA RT 03 RW 14,Jayagiri,SWASTA,https://referensi.data.kemendikdasmen.go.id/pendidikan/npsn/69836346
Kabupaten Bandung Barat,Lembang,paud,20267431,TK AL INAYAH,JL. MARIBAYA TIMUR No.222 RT.01 RW.03,Cibodas,SWASTA,https://referensi.data.kemendikdasmen.go.id/pendidikan/npsn/20267431
Kabupaten Bandung Barat,Lembang,paud,70062372,TK ALAM AISYIYAH BUSTANUL ATHFAL LEMBANG,"Kavling Addanu, Jl. Cisaroni RT. 004 RW. 008",Cikahuripan,SWASTA,https://referensi.data.kemendikdasmen.go.id/pendidikan/npsn/70062372
Kabupaten Bandung Barat,Lembang,paud,20267437,TK ALIIFAH,Jl. Buni Asih RT.03 RW.10,Langensari,SWASTA,https://referensi.data.kemendikdasmen.go.id/pendidikan/npsn/20267437
Kabupaten Bandung Barat,Lembang,paud,20279844,TK AMANAH,JL. BAKTI SEJATI NO.23 KP. BATUREOK NO.23 RT.01 RW.09,Gudangkahuripan,SWASTA,https://referensi.data.kemendikdasmen.go.id/pendidikan/npsn/20279844
Kabupaten Bandung Barat,Lembang,paud,20267451,TK BINA BAKAT MANDIRI I,JL BUKANAGARA NO 8,Pagerwangi,SWASTA,https://referensi.data.kemendikdasmen.go.id/pendidikan/npsn/20267451
Kabupaten Bandung Barat,Lembang,paud,20267452,TK BINA BAKAT MANDIRI II,JL.KOL.MASTURI NO. 14 RT.02 RW.06,Cikahuripan,SWASTA,https://referensi.data.kemendikdasmen.go.id/pendidikan/npsn/20267452
Kabupaten Bandung Barat,Lembang,paud,20267459,TK BPP CITRA RESMI III,"Jl. Raya Lembang km,12 ,6 Kp. Cihideung RT.04 RW.04",Gudangkahuripan,SWASTA,https://referensi.data.kemendikdasmen.go.id/pendidikan/npsn/20267459
Kabupaten Bandung Barat,Lembang,paud,20267462,TK BUNGA ANGGREK,JL BARU ADJAK,Lembang,SWASTA,https://referensi.data.kemendikdasmen.go.id/pendidikan/npsn/20267462
Kabupaten Bandung Barat,Lembang,paud,69975892,TK FIRDAUS,JL. RAYA LEMBANG KM 13.1 KP. ANDIR RT 03 RW 06,Gudangkahuripan,SWASTA,https://referensi.data.kemendikdasmen.go.id/pendidikan/npsn/69975892
Kabupaten Bandung Barat,Lembang,paud,20267427,TK ISLAM TERPDU AL- AMANAH,KP. CIBOGO RT.01 RW.11,Cibogo,SWASTA,https://referensi.data.kemendikdasmen.go.id/pendidikan/npsn/20267427
Kabupaten Bandung Barat,Lembang,paud,20267556,TK ISLAM WALADUN SHOLIH,JL JAYAGIRI II NO.37 RT.02 RW.15,Jayagiri,SWASTA,https://referensi.data.kemendikdasmen.go.id/pendidikan/npsn/20267556
Kabupaten Bandung Barat,Lembang,paud,70036846,TK IT AYA SOFYA,Kp. Cisalasih Rt. 01 Rw. 10,Cikidang,SWASTA,https://referensi.data.kemendikdasmen.go.id/pendidikan/npsn/70036846
Kabupaten Bandung Barat,Lembang,paud,70034186,TK IT THORIQUSSALAM,Kp. Sadang RT 03 / RW. 09,Cikidang,SWASTA,https://referensi.data.kemendikdasmen.go.id/pendidikan/npsn/70034186
Kabupaten Bandung Barat,Lembang,paud,20267480,TK KARTIKA XIX 42,JL TANGKUBAN PERAHU NO 224,Cikole,SWASTA,https://referensi.data.kemendikdasmen.go.id/pendidikan/npsn/20267480
Kabupaten Bandung Barat,Lembang,paud,20267485,TK KEMALA BHAYANGKARI 19,JL BHAYANGKARA II,Lembang,SWASTA,https://referensi.data.kemendikdasmen.go.id/pendidikan/npsn/20267485
Kabupaten Bandung Barat,Lembang,paud,20267486,TK KEMALA BHAYANGKARI 48,JL.MARIBAYA NO 53 Rt.02 Rw.05 Kayuambon Lembang,Kayuambon,SWASTA,https://referensi.data.kemendikdasmen.go.id/pendidikan/npsn/20267486
Kabupaten Bandung Barat,Lembang,paud,69872172,TK KINDERDORF,JL PENEROPONGAN BINTANG,Lembang,SWASTA,https://referensi.data.kemendikdasmen.go.id/pendidikan/npsn/69872172
Kabupaten Bandung Barat,Lembang,paud,20279846,TK KRISTEN GIRI ASIH,JL. JAYAGIRI NO.8A RT.04 RW.11,Jayagiri,SWASTA,https://referensi.data.kemendikdasmen.go.id/pendidikan/npsn/20279846
Kabupaten Bandung Barat,Lembang,paud,69872173,TK MENTARI BUNDA,"JL.Kolonel Masturi, Kp. Kramat RT.02 RW.07",Cikahuripan,SWASTA,https://referensi.data.kemendikdasmen.go.id/pendidikan/npsn/69872173
Kabupaten Bandung Barat,Lembang,paud,20267501,TK MUSTIKA,Jl. Maribaya No. 140,Langensari,SWASTA,https://referensi.data.kemendikdasmen.go.id/pendidikan/npsn/20267501
Kabupaten Bandung Barat,Lembang,paud,20267503,TK MUTIARA,KP. BARUNAGRI RT.02 RW.03,Sukajaya,SWASTA,https://referensi.data.kemendikdasmen.go.id/pendidikan/npsn/20267503
Kabupaten Bandung Barat,Lembang,paud,20267506,TK NURANI,JL. PANORAMA II NO 2 RT.03 RW.11,Lembang,SWASTA,https://referensi.data.kemendikdasmen.go.id/pendidikan/npsn/20267506
Kabupaten Bandung Barat,Lembang,paud,69892035,TK PELITA INDONESIA,JL. RAYA LEMBANG NO.194,Gudangkahuripan,SWASTA,https://referensi.data.kemendikdasmen.go.id/pendidikan/npsn/69892035
Kabupaten Bandung Barat,Lembang,paud,20267516,TK PERMATA,JL. MARIBAYA NO.64,Kayuambon,SWASTA,https://referensi.data.kemendikdasmen.go.id/pendidikan/npsn/20267516
Kabupaten Bandung Barat,Lembang,paud,20267522,TK PERTIWI,JL. WEDANA NO.113 RT.03 RW.01,Jayagiri,SWASTA,https://referensi.data.kemendikdasmen.go.id/pendidikan/npsn/20267522
Kabupaten Bandung Barat,Lembang,paud,20267524,TK PGRI,JL. PASARRAYA PANORAMA NO.21,Lembang,SWASTA,https://referensi.data.kemendikdasmen.go.id/pendidikan/npsn/20267524
Kabupaten Bandung Barat,Lembang,paud,69975893,TK PLUS AL QOMARIAH,JL. KOLONEL MASTURI KP. PAMECELAN RT 03 RW 04,Sukajaya,SWASTA,https://referensi.data.kemendikdasmen.go.id/pendidikan/npsn/69975893
Kabupaten Bandung Barat,Lembang,paud,69835748,TK PURNAMA,Kp. Pamecelan RT.002 RW.006,Sukajaya,SWASTA,https://referensi.data.kemendikdasmen.go.id/pendidikan/npsn/69835748
Kabupaten Bandung Barat,Lembang,paud,69872175,TK PUSPAWANGI,CICALUNG RT. 02 RW. 06,Wangunharja,SWASTA,https://referensi.data.kemendikdasmen.go.id/pendidikan/npsn/69872175
Kabupaten Bandung Barat,Lembang,paud,20279843,TK PUTRA PERTIWI,Kp. Citespong Rt.02 Rw.02,Sukajaya,SWASTA,https://referensi.data.kemendikdasmen.go.id/pendidikan/npsn/20279843
Kabupaten Bandung Barat,Lembang,paud,20267529,TK PUTRA SILIWANGI 1,KP. ARENG NO.117 RT.03 RW.08,Wangunsari,SWASTA,https://referensi.data.kemendikdasmen.go.id/pendidikan/npsn/20267529
Kabupaten Bandung Barat,Lembang,paud,20267530,TK PUTRA SILIWANGI II,KP. CIJENGKOL RT.03 RW.02,Wangunsari,SWASTA,https://referensi.data.kemendikdasmen.go.id/pendidikan/npsn/20267530
Kabupaten Bandung Barat,Lembang,paud,70031497,TK TAHFIZH QURAN MQ,Jl. Sukamaju Barat No.129 RT.004 RW.014,Cibodas,SWASTA,https://referensi.data.kemendikdasmen.go.id/pendidikan/npsn/70031497
Kabupaten Bandung Barat,Lembang,paud,20267540,TK TERPADU PELITA,JL.REPELITA 3 NO.90,Lembang,SWASTA,https://referensi.data.kemendikdasmen.go.id/pendidikan/npsn/20267540
Kabupaten Bandung Barat,Lembang,paud,20267550,TK WONDERLAND,JL. Manoko 127 Kp. Sukalaksana RT.04 RW.02,Cikahuripan,SWASTA,https://referensi.data.kemendikdasmen.go.id/pendidikan/npsn/20267550
Kabupaten Bandung Barat,Lembang,paud,69872171,TK ZAHIRA,JL. WIJAYA C.98 BTN RT.02/03 BTN PUSDIKAJEN,Kayuambon,SWASTA,https://referensi.data.kemendikdasmen.go.id/pendidikan/npsn/69872171
Kabupaten Bandung Barat,Lembang,paud,70036847,TKIT MUTIARA BELIA,Jl. Manoko Kp. Cibodas Rt. 06 Rw. 01,Cikahuripan,SWASTA,https://referensi.data.kemendikdasmen.go.id/pendidikan/npsn/70036847
Kabupaten Bandung Barat,Cisarua,paud,69976866,KB ADE IRMA SURYANI,KP. PARATAG RT 02 RW 07,Jambudipa,SWASTA,https://referensi.data.kemendikdasmen.go.id/pendidikan/npsn/69976866
Kabupaten Bandung Barat,Cisarua,paud,69961856,KB AZ-ZAHRA,Kp. LOJI RT.02 RW.02,Cipada,SWASTA,https://referensi.data.kemendikdasmen.go.id/pendidikan/npsn/69961856
Kabupaten Bandung Barat,Cisarua,paud,69919275,KB BINA BANGSA,Kp. Cilimus Rt.02 Rw.03,Padaasih,SWASTA,https://referensi.data.kemendikdasmen.go.id/pendidikan/npsn/69919275
Kabupaten Bandung Barat,Cisarua,paud,69968740,KB BINA SATRIA,Kp. Pasircalung RT.02 RW.07,Cipada,SWASTA,https://referensi.data.kemendikdasmen.go.id/pendidikan/npsn/69968740
Kabupaten Bandung Barat,Cisarua,paud,69976802,KB GIFFARY,KP. CITALIO RT 04 RW 06,Jambudipa,SWASTA,https://referensi.data.kemendikdasmen.go.id/pendidikan/npsn/69976802
Kabupaten Bandung Barat,Cisarua,paud,69836050,KB MELATI,Kp. PASIRHALANG RT.01 RW.12,Tugumukti,SWASTA,https://referensi.data.kemendikdasmen.go.id/pendidikan/npsn/69836050
Kabupaten Bandung Barat,Cisarua,paud,69836051,LESTARI,PONDOK,Pasirlangu,SWASTA,https://referensi.data.kemendikdasmen.go.id/pendidikan/npsn/69836051
Kabupaten Bandung Barat,Cisarua,paud,70046062,PAUDQ HABIBURROHMAH,JL. TUGU NO. 31,Kec. Cisarua,SWASTA,https://referensi.data.kemendikdasmen.go.id/pendidikan/npsn/70046062
Kabupaten Bandung Barat,Cisarua,paud,70039133,PAUDQ. AL-BAROKAH,KP. BARUJUMAAH,Cipada,SWASTA,https://referensi.data.kemendikdasmen.go.id/pendidikan/npsn/70039133
Kabupaten Bandung Barat,Cisarua,paud,70047939,PAUDQ. AL-HIDAYAH,KP. BOJONG RT. 001 RW. 001,Sadangmekar,SWASTA,https://referensi.data.kemendikdasmen.go.id/pendidikan/npsn/70047939
Kabupaten Bandung Barat,Cisarua,paud,70039463,PAUDQ. ANNUR,Tugu 6 RT.02/04TUGUMUKTI CISARUA BANDUNG BARAT,Tugumukti,SWASTA,https://referensi.data.kemendikdasmen.go.id/pendidikan/npsn/70039463
Kabupaten Bandung Barat,Cisarua,paud,70023955,PAUDQ. ARRASYID,KP. CIKAWARI,Pasirlangu,SWASTA,https://referensi.data.kemendikdasmen.go.id/pendidikan/npsn/70023955
Kabupaten Bandung Barat,Cisarua,paud,70039135,PAUDQ. DARUL AMANAH,KP. KIARALAWANG,Jambudipa,SWASTA,https://referensi.data.kemendikdasmen.go.id/pendidikan/npsn/70039135
Kabupaten Bandung Barat,Cisarua,paud,70023959,PAUDQ. MARDHLAATILLAH,JL. KOLONEL MASTURI CISARUA,Jambudipa,SWASTA,https://referensi.data.kemendikdasmen.go.id/pendidikan/npsn/70023959
Kabupaten Bandung Barat,Cisarua,paud,70023960,PAUDQ. NAHDLATUL ULAMA,KP. PONDOK,Pasirhalang,SWASTA,https://referensi.data.kemendikdasmen.go.id/pendidikan/npsn/70023960
Kabupaten Bandung Barat,Cisarua,paud,70039132,PAUDQ. NURUL IMAN,KP. BARUKAI BARAT,Jambudipa,SWASTA,https://referensi.data.kemendikdasmen.go.id/pendidikan/npsn/70039132
Kabupaten Bandung Barat,Cisarua,paud,70039239,PAUDQ. NURUL IMAN,KP. PARATAG KULON,Jambudipa,SWASTA,https://referensi.data.kemendikdasmen.go.id/pendidikan/npsn/70039239
Kabupaten Bandung Barat,Cisarua,paud,70039244,PAUDQ. RIYADUL BADIAH,KP SUKAMAJU,Pasirhalang,SWASTA,https://referensi.data.kemendikdasmen.go.id/pendidikan/npsn/70039244
Kabupaten Bandung Barat,Cisarua,paud,70039238,PAUDQ. YAMIJAR,KP. BABAKAN CINTA,Pasirhalang,SWASTA,https://referensi.data.kemendikdasmen.go.id/pendidikan/npsn/70039238
Kabupaten Bandung Barat,Cisarua,paud,70043813,PAUDQU ASHIBYAN DARUSSALAM,KP. PARATAG,Cipada,SWASTA,https://referensi.data.kemendikdasmen.go.id/pendidikan/npsn/70043813
Kabupaten Bandung Barat,Cisarua,paud,69738281,RA/BA/TA AL-FALAAH,KP. CIPANAS RT 03/05,Cipada,SWASTA,https://referensi.data.kemendikdasmen.go.id/pendidikan/npsn/69738281
Kabupaten Bandung Barat,Cisarua,paud,69738277,RA/BA/TA AL-HIKMAH,KP. CISARUA RT 03/07,Cipada,SWASTA,https://referensi.data.kemendikdasmen.go.id/pendidikan/npsn/69738277
Kabupaten Bandung Barat,Cisarua,paud,69738282,RA/BA/TA AL-HIKMAH TUGUMUKTI,KP.PASIRHALANG RT01/03,Pasirhalang,SWASTA,https://referensi.data.kemendikdasmen.go.id/pendidikan/npsn/69738282
Kabupaten Bandung Barat,Cisarua,paud,69738283,RA/BA/TA AL-IKHLAS II,KP. PASIRLANGU RT 03 RW 02,Pasirlangu,SWASTA,https://referensi.data.kemendikdasmen.go.id/pendidikan/npsn/69738283
Kabupaten Bandung Barat,Cisarua,paud,69738284,RA/BA/TA AL-ISTIQOMAH,KP. CIPEUSING RT. 03 RW. 04,Kertawangi,SWASTA,https://referensi.data.kemendikdasmen.go.id/pendidikan/npsn/69738284
Kabupaten Bandung Barat,Cisarua,paud,69738285,RA/BA/TA AL-MASHUM YABIS,JL. SUKARAJA RT. 05/07 DS. PASIRLANGU KECAMATAN CISARUA KAB. BANDUNG BARAT,Pasirhalang,SWASTA,https://referensi.data.kemendikdasmen.go.id/pendidikan/npsn/69738285
Kabupaten Bandung Barat,Cisarua,paud,69738278,RA/BA/TA AS-SHOLIHIN,JL. KOL MASTURI KP. PARATAG KAUM RT. 03/08,Pasirhalang,SWASTA,https://referensi.data.kemendikdasmen.go.id/pendidikan/npsn/69738278
Kabupaten Bandung Barat,Cisarua,paud,69738279,RA/BA/TA FIRDAUS,KP.SINDANGSARI RT 02 RW 07,Pasirhalang,SWASTA,https://referensi.data.kemendikdasmen.go.id/pendidikan/npsn/69738279
Kabupaten Bandung Barat,Cisarua,paud,69738288,RA/BA/TA MADRASAH ALAM,JL.MEKARTANI KP.BARUAHAD RT 04/13,Jambudipa,SWASTA,https://referensi.data.kemendikdasmen.go.id/pendidikan/npsn/69738288
Kabupaten Bandung Barat,Cisarua,paud,69738289,RA/BA/TA MIFTAHUN NAJAA,KP. CIBADAK RT. 01 RW. 01 HP. 085 314 881633,Cipada,SWASTA,https://referensi.data.kemendikdasmen.go.id/pendidikan/npsn/69738289
Kabupaten Bandung Barat,Cisarua,paud,69738290,RA/BA/TA NU BANI SULAIMAN,KP. PONDOK RT 04/04,Kec. Cisarua,SWASTA,https://referensi.data.kemendikdasmen.go.id/pendidikan/npsn/69738290
Kabupaten Bandung Barat,Cisarua,paud,69738292,RA/BA/TA QURROTA A`YUN CISARUA,KP. PASIR KUNING,Pasirlangu,SWASTA,https://referensi.data.kemendikdasmen.go.id/pendidikan/npsn/69738292
Kabupaten Bandung Barat,Cisarua,paud,69976801,SPS AL HIKMAH MANDIRI,KP. KEBON CAU RT 02 RW 05,Kertawangi,SWASTA,https://referensi.data.kemendikdasmen.go.id/pendidikan/npsn/69976801
Kabupaten Bandung Barat,Cisarua,paud,69836375,SPS AL IKHSAN,KP. KOLELEGA RT. 03 / 01,Sadangmekar,SWASTA,https://referensi.data.kemendikdasmen.go.id/pendidikan/npsn/69836375
Kabupaten Bandung Barat,Cisarua,paud,69836372,SPS AL MUNAJAT,JALAN TUGU II RT. 01 RW. 06,Tugumukti,SWASTA,https://referensi.data.kemendikdasmen.go.id/pendidikan/npsn/69836372
Kabupaten Bandung Barat,Cisarua,paud,69836370,SPS AL MUSLIMUN,KP. PANYANDAAN RT.01 RW.14,Jambudipa,SWASTA,https://referensi.data.kemendikdasmen.go.id/pendidikan/npsn/69836370
Kabupaten Bandung Barat,Cisarua,paud,69836373,SPS ASTER,JL. SUKARAJA NO.38,Pasirlangu,SWASTA,https://referensi.data.kemendikdasmen.go.id/pendidikan/npsn/69836373
Kabupaten Bandung Barat,Cisarua,paud,69891601,SPS AT-TAUHID,Kp. Cilengsar RT.02 RW.01,Sadangmekar,SWASTA,https://referensi.data.kemendikdasmen.go.id/pendidikan/npsn/69891601
Kabupaten Bandung Barat,Cisarua,paud,69836374,SPS KUNCUP HARAPAN,Kp. LOJI RT.02 RW.02,Cipada,SWASTA,https://referensi.data.kemendikdasmen.go.id/pendidikan/npsn/69836374
Kabupaten Bandung Barat,Cisarua,paud,69976723,SPS MAWAR 10,JL. GANDRUNG RT 04 RW 10,Jambudipa,SWASTA,https://referensi.data.kemendikdasmen.go.id/pendidikan/npsn/69976723
Kabupaten Bandung Barat,Cisarua,paud,69882690,SPS MEKARWANGI,JL. KP. MEKARWANGI RT.02 RW.05,Jambudipa,SWASTA,https://referensi.data.kemendikdasmen.go.id/pendidikan/npsn/69882690
Kabupaten Bandung Barat,Cisarua,paud,69961858,SPS NURUL HIKMAH,KP. BABAKAN MUNCANG,Padaasih,SWASTA,https://referensi.data.kemendikdasmen.go.id/pendidikan/npsn/69961858
Kabupaten Bandung Barat,Cisarua,paud,69882691,SPS ROSELLA,KP. PAMOYANAN RT.03 RW.14,Padaasih,SWASTA,https://referensi.data.kemendikdasmen.go.id/pendidikan/npsn/69882691
Kabupaten Bandung Barat,Cisarua,paud,69835759,TK KEMALA BHAYANGKARI 47,Jl. Kol Masturi 110 SPN Cisarua,Jambudipa,SWASTA,https://referensi.data.kemendikdasmen.go.id/pendidikan/npsn/69835759
Kabupaten Bandung Barat,Cisarua,paud,69872177,TK NURDZAKKY,BABAKAN MUNCANG RT 03 RW 12,Padaasih,SWASTA,https://referensi.data.kemendikdasmen.go.id/pendidikan/npsn/69872177
Kabupaten Bandung Barat,Cisarua,paud,69835761,TK RIYADLLUN NAJJAH,Kp. Cibolang RT.04 RW.10,Kertawangi,SWASTA,https://referensi.data.kemendikdasmen.go.id/pendidikan/npsn/69835761
Kabupaten Bandung Barat,Cisarua,paud,69872178,TK SEHATI,Jl. Kol Masturi No.319 RT.02 RW.06,Kertawangi,SWASTA,https://referensi.data.kemendikdasmen.go.id/pendidikan/npsn/69872178
Kabupaten Bandung Barat,Cisarua,paud,69872176,TK SPACETOON,Jl. Kol Masturi Kp. Gandrung No.01 RT.02 RW.10,Jambudipa,SWASTA,https://referensi.data.kemendikdasmen.go.id/pendidikan/npsn/69872176
Kabupaten Bandung Barat,Cisarua,paud,69836369,TUNAS MEKAR,CISARUA - PADALARANG NO. 208,Pasirhalang,SWASTA,https://referensi.data.kemendikdasmen.go.id/pendidikan/npsn/69836369
Kabupaten Bandung Barat,Cikalongwetan,paud,69836400,AL ALIM,RAJAMANDALA RT. 03 / 12,Mandalamukti,SWASTA,https://referensi.data.kemendikdasmen.go.id/pendidikan/npsn/69836400
Kabupaten Bandung Barat,Cikalongwetan,paud,69836411,AL AMIN RANCASUNI,KP. SANCANG RT. 02 / 14,Cisomang Barat,SWASTA,https://referensi.data.kemendikdasmen.go.id/pendidikan/npsn/69836411
Kabupaten Bandung Barat,Cikalongwetan,paud,69836391,AL FIKRI,CIPARE RT. 02 / 08,Cipada,SWASTA,https://referensi.data.kemendikdasmen.go.id/pendidikan/npsn/69836391
Kabupaten Bandung Barat,Cikalongwetan,paud,69836396,AL FURQON,KP. PANGHEOTAN RT. 01 / 16,Mandalamukti,SWASTA,https://referensi.data.kemendikdasmen.go.id/pendidikan/npsn/69836396
Kabupaten Bandung Barat,Cikalongwetan,paud,69836383,AL HUDA,BONGKOK Rt. 03/15,Mekarjaya,SWASTA,https://referensi.data.kemendikdasmen.go.id/pendidikan/npsn/69836383
Kabupaten Bandung Barat,Cikalongwetan,paud,69836059,AL IKHLAS,SUKALUYU,Puteran,SWASTA,https://referensi.data.kemendikdasmen.go.id/pendidikan/npsn/69836059
Kabupaten Bandung Barat,Cikalongwetan,paud,69836382,AL JIHAD,KP. PANGLESERAN RT. 03 / 09,Mandalasari,SWASTA,https://referensi.data.kemendikdasmen.go.id/pendidikan/npsn/69836382
Kabupaten Bandung Barat,Cikalongwetan,paud,69836407,AL WASILAH,PINANGSIANG RT. 02 / 13,Rende,SWASTA,https://referensi.data.kemendikdasmen.go.id/pendidikan/npsn/69836407
Kabupaten Bandung Barat,Cikalongwetan,paud,69836398,AL-ALIF,WARUNGDOMBA RT 01 RW 07,Mandalamukti,SWASTA,https://referensi.data.kemendikdasmen.go.id/pendidikan/npsn/69836398
Kabupaten Bandung Barat,Cikalongwetan,paud,69836386,AL-FURQON,CIPADAGIRANG RT 01 RW 01,Mekarjaya,SWASTA,https://referensi.data.kemendikdasmen.go.id/pendidikan/npsn/69836386
Kabupaten Bandung Barat,Cikalongwetan,paud,69836390,ANGGREK,PASIR MALANG RT. 03 / 04,Cipada,SWASTA,https://referensi.data.kemendikdasmen.go.id/pendidikan/npsn/69836390
Kabupaten Bandung Barat,Cikalongwetan,paud,69836410,BAHRUL ULUM,Cisomang Hilir Rt. 02/02,Tenjolaut,SWASTA,https://referensi.data.kemendikdasmen.go.id/pendidikan/npsn/69836410
Kabupaten Bandung Barat,Cikalongwetan,paud,69836394,BOUGENVILLE,Kp. Kadupugur Rt. 03/10,Ganjarsari,SWASTA,https://referensi.data.kemendikdasmen.go.id/pendidikan/npsn/69836394
Kabupaten Bandung Barat,Cikalongwetan,paud,69836417,BOUGENVILLE,KP. SUKAJADI RT 01 RW 01,Wangunjaya,SWASTA,https://referensi.data.kemendikdasmen.go.id/pendidikan/npsn/69836417
Kabupaten Bandung Barat,Cikalongwetan,paud,69836056,BUDI LUHUR,KP.CIGINTUNG RT. 03 / 01,Ciptagumati,SWASTA,https://referensi.data.kemendikdasmen.go.id/pendidikan/npsn/69836056
Kabupaten Bandung Barat,Cikalongwetan,paud,69836409,DAHLIA,Kp. Rende kidul Rt. 04/12,Rende,SWASTA,https://referensi.data.kemendikdasmen.go.id/pendidikan/npsn/69836409
Kabupaten Bandung Barat,Cikalongwetan,paud,69836404,DARUL WAHAB,KP. LAPANG RW. 04,Cikalong,SWASTA,https://referensi.data.kemendikdasmen.go.id/pendidikan/npsn/69836404
Kabupaten Bandung Barat,Cikalongwetan,paud,69836393,HARAPAN BUNDA,Kp. Bojongsero RT. 02 RW. 04,Ganjarsari,SWASTA,https://referensi.data.kemendikdasmen.go.id/pendidikan/npsn/69836393
Kabupaten Bandung Barat,Cikalongwetan,paud,69836384,HARAPAN BUNDA,CINEGLA Rt. 01/07,Mekarjaya,SWASTA,https://referensi.data.kemendikdasmen.go.id/pendidikan/npsn/69836384
Kabupaten Bandung Barat,Cikalongwetan,paud,69836385,HARAPAN BUNDA II,KP. CIPEUTEUY RT. 01 RW.05,Mekarjaya,SWASTA,https://referensi.data.kemendikdasmen.go.id/pendidikan/npsn/69836385
Kabupaten Bandung Barat,Cikalongwetan,paud,69836055,KB AL-HIKMAH,WARUNGJATI RT 03 RW 10,Ciptagumati,SWASTA,https://referensi.data.kemendikdasmen.go.id/pendidikan/npsn/69836055
Kabupaten Bandung Barat,Cikalongwetan,paud,69937902,KB ANISA,Kp. Ciganda Rt. 01/03 Ds. Rende,Rende,SWASTA,https://referensi.data.kemendikdasmen.go.id/pendidikan/npsn/69937902
Kabupaten Bandung Barat,Cikalongwetan,paud,69954123,KB CAHAYA BUNDA,Kampung Sukamulya Rt. 04 Rw. 02,Puteran,SWASTA,https://referensi.data.kemendikdasmen.go.id/pendidikan/npsn/69954123
Kabupaten Bandung Barat,Cikalongwetan,paud,69932557,KB PAUD TERPADU BELLA,Kp. Warung Domba Rt.01 Rw.05,Mandalamukti,SWASTA,https://referensi.data.kemendikdasmen.go.id/pendidikan/npsn/69932557
Kabupaten Bandung Barat,Cikalongwetan,paud,69922744,KOBER ADH DHIYA,Kp. Cidaplang Rt.03/10,Mandalamukti,SWASTA,https://referensi.data.kemendikdasmen.go.id/pendidikan/npsn/69922744
Kabupaten Bandung Barat,Cikalongwetan,paud,70052894,KOBER AL MUDAARIS,Kp. Tenjolaut RT.01 RW.06,Tenjolaut,SWASTA,https://referensi.data.kemendikdasmen.go.id/pendidikan/npsn/70052894
Kabupaten Bandung Barat,Cikalongwetan,paud,70052892,KOBER MURSYIDUL FALAH,Kp. Ciloa RT.02 RW.06,Wangunjaya,SWASTA,https://referensi.data.kemendikdasmen.go.id/pendidikan/npsn/70052892
Kabupaten Bandung Barat,Cikalongwetan,paud,69836397,MANDALA,KP. CIPEUSING RT. 01 / 13,Mandalamukti,SWASTA,https://referensi.data.kemendikdasmen.go.id/pendidikan/npsn/69836397
Kabupaten Bandung Barat,Cikalongwetan,paud,69836405,MANGGIS,PERUM CIMANGU PERMAI RT. 10 / 04,Cikalong,SWASTA,https://referensi.data.kemendikdasmen.go.id/pendidikan/npsn/69836405
Kabupaten Bandung Barat,Cikalongwetan,paud,69836376,MAWAR,KP. CIPEUTI RT. 02 / 02,Kanangasari,SWASTA,https://referensi.data.kemendikdasmen.go.id/pendidikan/npsn/69836376
Kabupaten Bandung Barat,Cikalongwetan,paud,69836387,MEKAR HARAPAN,LEMBANG DANO RT. 01 / 02,Cipada,SWASTA,https://referensi.data.kemendikdasmen.go.id/pendidikan/npsn/69836387
Kabupaten Bandung Barat,Cikalongwetan,paud,69836392,MELATI,CILEULEUY RT. 02 / 07,Cipada,SWASTA,https://referensi.data.kemendikdasmen.go.id/pendidikan/npsn/69836392
Kabupaten Bandung Barat,Cikalongwetan,paud,69891603,MERPATI,KP. GADOD RT. 01 / 12,Cipada,SWASTA,https://referensi.data.kemendikdasmen.go.id/pendidikan/npsn/69891603
Kabupaten Bandung Barat,Cikalongwetan,paud,69836416,MIFTAHUL FALAH,KP. TENGGEK RT. 03 / 04,Wangunjaya,SWASTA,https://referensi.data.kemendikdasmen.go.id/pendidikan/npsn/69836416
Kabupaten Bandung Barat,Cikalongwetan,paud,69836414,MIFTAHUL FALAH 1,Parakan Kadu Rt 03 Rw 06,Wangunjaya,SWASTA,https://referensi.data.kemendikdasmen.go.id/pendidikan/npsn/69836414
Kabupaten Bandung Barat,Cikalongwetan,paud,69836378,MIFTAHUL ULUM,CIMENTENG RT. 01/ 08,Kanangasari,SWASTA,https://referensi.data.kemendikdasmen.go.id/pendidikan/npsn/69836378
Kabupaten Bandung Barat,Cikalongwetan,paud,69836379,MUKHTARUL HUDA,KP. CIGENTUR RT. 02 / 01,Mandalasari,SWASTA,https://referensi.data.kemendikdasmen.go.id/pendidikan/npsn/69836379
Kabupaten Bandung Barat,Cikalongwetan,paud,69836058,NURAENI,CIGANDA,Rende,SWASTA,https://referensi.data.kemendikdasmen.go.id/pendidikan/npsn/69836058
Kabupaten Bandung Barat,Cikalongwetan,paud,69836412,NURUL HASANAH,Perum Mandalasari RT 0 RW 16,Mandalasari,SWASTA,https://referensi.data.kemendikdasmen.go.id/pendidikan/npsn/69836412
Kabupaten Bandung Barat,Cikalongwetan,paud,69836054,NURUL HIDAYAH,CIKUBANG RTT. 02/17,Mandalamukti,SWASTA,https://referensi.data.kemendikdasmen.go.id/pendidikan/npsn/69836054
Kabupaten Bandung Barat,Cikalongwetan,paud,70046832,PAUDQ AR-ROSYD ASSAMAD,KP. CIGANDA,Kec. Cikalongwetan,SWASTA,https://referensi.data.kemendikdasmen.go.id/pendidikan/npsn/70046832
Kabupaten Bandung Barat,Cikalongwetan,paud,70050725,PAUDQ AR-ROSYD ASSAMAD 2,Kp. Cinusa,Kec. Cikalongwetan,SWASTA,https://referensi.data.kemendikdasmen.go.id/pendidikan/npsn/70050725
Kabupaten Bandung Barat,Cikalongwetan,paud,70046064,PAUDQ ASSAADAH,Kp Warga Saluyu,Kec. Cikalongwetan,SWASTA,https://referensi.data.kemendikdasmen.go.id/pendidikan/npsn/70046064
Kabupaten Bandung Barat,Cikalongwetan,paud,70047961,PAUDQ. AR-ROSYD ASSAMAD,KP. CIGANDA,Rende,SWASTA,https://referensi.data.kemendikdasmen.go.id/pendidikan/npsn/70047961
Kabupaten Bandung Barat,Cikalongwetan,paud,70047962,PAUDQ. AR-ROSYD ASSAMAD 2,KP. CINUSA,Rende,SWASTA,https://referensi.data.kemendikdasmen.go.id/pendidikan/npsn/70047962
Kabupaten Bandung Barat,Cikalongwetan,paud,70039134,PAUDQ. DARUL IKHWAN,KP. BABAKAN,Cipada,SWASTA,https://referensi.data.kemendikdasmen.go.id/pendidikan/npsn/70039134
Kabupaten Bandung Barat,Cikalongwetan,paud,70039198,PAUDQ. FATIMAH AZ-ZAHRA,KP. SIRNASARI,Cikalong,SWASTA,https://referensi.data.kemendikdasmen.go.id/pendidikan/npsn/70039198
Kabupaten Bandung Barat,Cikalongwetan,paud,70039131,PAUDQ. NURUSSAADAH AL-MUSRI,KP/DUSUN PANGALENGAN,Cikalong,SWASTA,https://referensi.data.kemendikdasmen.go.id/pendidikan/npsn/70039131
Kabupaten Bandung Barat,Cikalongwetan,paud,70052407,PAUDQ. RIYADUL HUDA,Jl. AMD Ciawitali Kp. Cilengis Dusun 2 RT 021 RW 005,Mandalasari,SWASTA,https://referensi.data.kemendikdasmen.go.id/pendidikan/npsn/70052407
Kabupaten Bandung Barat,Cikalongwetan,paud,70039395,PAUDQ. RIYADUL MUBTADIIN,KP. CILEUNCA,Cikalong,SWASTA,https://referensi.data.kemendikdasmen.go.id/pendidikan/npsn/70039395
Kabupaten Bandung Barat,Cikalongwetan,paud,69756024,RA AL SALAM,KP. TANJUNG BARU RT 01 RW 12,Cikalong,SWASTA,https://referensi.data.kemendikdasmen.go.id/pendidikan/npsn/69756024
Kabupaten Bandung Barat,Cikalongwetan,paud,69854615,RA An-Nur,Jl. Raya Rende Kp. Sirnasari RT 06 RW 01,Rende,SWASTA,https://referensi.data.kemendikdasmen.go.id/pendidikan/npsn/69854615
Kabupaten Bandung Barat,Cikalongwetan,paud,69738175,RA/BA/TA AISYAH,KP. CIBUNGBULANG RT. 01 RW. 11 DESA CISOMANG BARAT KEC. CIKALONGWETAN,Cipada,SWASTA,https://referensi.data.kemendikdasmen.go.id/pendidikan/npsn/69738175
Kabupaten Bandung Barat,Cikalongwetan,paud,69738176,RA/BA/TA AL-FALAH,DUSUN BLOK LEMBUR RT 02/09,Kec. Cikalongwetan,SWASTA,https://referensi.data.kemendikdasmen.go.id/pendidikan/npsn/69738176
Kabupaten Bandung Barat,Cikalongwetan,paud,69738177,RA/BA/TA AL-HASAN,JL. RAYA PURWAKARTA KP.CIAWITALI RT 03 RW 03 DESA MANDALASARI KECAMATAN CIKALONG,Kec. Cikalongwetan,SWASTA,https://referensi.data.kemendikdasmen.go.id/pendidikan/npsn/69738177
Kabupaten Bandung Barat,Cikalongwetan,paud,69738178,RA/BA/TA AL-HIDAYAH,JL. RAYA PURWAKARTA KP. WARUNGJATI RT 04 RW 06,Puteran,SWASTA,https://referensi.data.kemendikdasmen.go.id/pendidikan/npsn/69738178
Kabupaten Bandung Barat,Cikalongwetan,paud,69738179,RA/BA/TA AL-HILAL,JL. RAYA CIKALONGWETAN 290 A CIKALONGWETAN,Cikalong,SWASTA,https://referensi.data.kemendikdasmen.go.id/pendidikan/npsn/69738179
Kabupaten Bandung Barat,Cikalongwetan,paud,69738180,RA/BA/TA AL-IKHLAS,KP. TAPOS KANANGASARI KEC. CIKALONGWETAN,Kanangasari,SWASTA,https://referensi.data.kemendikdasmen.go.id/pendidikan/npsn/69738180
Kabupaten Bandung Barat,Cikalongwetan,paud,69738182,RA/BA/TA AL-MANAR,KP. LEMBANG DANO RT 01 / 02 DS. CIPADA CIKALONGWETAN,Kanangasari,SWASTA,https://referensi.data.kemendikdasmen.go.id/pendidikan/npsn/69738182
Kabupaten Bandung Barat,Cikalongwetan,paud,69738184,RA/BA/TA AN-NUR,KP. SUKARASA RT 03/ RW 02 DS. WANGUNJAYA CIKALONGWETAN,Puteran,SWASTA,https://referensi.data.kemendikdasmen.go.id/pendidikan/npsn/69738184
Kabupaten Bandung Barat,Cikalongwetan,paud,69738185,RA/BA/TA LAM ALIF,JL. AMD 77 KP. CIRAJA RT.01/04,Mekarjaya,SWASTA,https://referensi.data.kemendikdasmen.go.id/pendidikan/npsn/69738185
Kabupaten Bandung Barat,Cikalongwetan,paud,69738186,RA/BA/TA MIFTAHUL JANNAH,KP. CIHANJUANG RT 01 RW 11,Cipada,SWASTA,https://referensi.data.kemendikdasmen.go.id/pendidikan/npsn/69738186
Kabupaten Bandung Barat,Cikalongwetan,paud,69738187,RA/BA/TA PERSIS CISOMANG,JALAN CISOMANG BARAT RT.04/RW.09 KP.CISOMANG TENGAH,Cisomang Barat,SWASTA,https://referensi.data.kemendikdasmen.go.id/pendidikan/npsn/69738187
Kabupaten Bandung Barat,Cikalongwetan,paud,69836380,SINAR SARI,KP. CIASMAN RT. 02 / 21,Mandalasari,SWASTA,https://referensi.data.kemendikdasmen.go.id/pendidikan/npsn/69836380
Kabupaten Bandung Barat,Cikalongwetan,paud,69836377,SINAR UTAMI,KP. CISELA RT. 03 / 10,Kanangasari,SWASTA,https://referensi.data.kemendikdasmen.go.id/pendidikan/npsn/69836377
Kabupaten Bandung Barat,Cikalongwetan,paud,69891606,SPS ADZ DZIKRI,kP. Hegarmanah Rt. 01/08,Ganjarsari,SWASTA,https://referensi.data.kemendikdasmen.go.id/pendidikan/npsn/69891606
Kabupaten Bandung Barat,Cikalongwetan,paud,69836408,SPS AL HIDAYAH,MALINGPING RT. 02 / XI,Rende,SWASTA,https://referensi.data.kemendikdasmen.go.id/pendidikan/npsn/69836408
Kabupaten Bandung Barat,Cikalongwetan,paud,69836389,SPS AL IHSAN,BALEPULANG RT. 02 / 10,Cipada,SWASTA,https://referensi.data.kemendikdasmen.go.id/pendidikan/npsn/69836389
Kabupaten Bandung Barat,Cikalongwetan,paud,69935811,SPS ANGSANA MEKAR,Kp.Pasir angsana mekar Rt.04 Rw.08,Rende,SWASTA,https://referensi.data.kemendikdasmen.go.id/pendidikan/npsn/69935811
Kabupaten Bandung Barat,Cikalongwetan,paud,69968556,SPS ASSALAFIYYAH,Kp. Rende Rt 01 Rw 02,Rende,SWASTA,https://referensi.data.kemendikdasmen.go.id/pendidikan/npsn/69968556
Kabupaten Bandung Barat,Cikalongwetan,paud,69920270,SPS AZHARUL UM,Kp. Cigentur Rt.02 Rw.03,Mandalasari,SWASTA,https://referensi.data.kemendikdasmen.go.id/pendidikan/npsn/69920270
Kabupaten Bandung Barat,Cikalongwetan,paud,69836401,SPS HARAPAN PERTIWI,KP. PASAR RT. 04 / 02,Ciptagumati,SWASTA,https://referensi.data.kemendikdasmen.go.id/pendidikan/npsn/69836401
Kabupaten Bandung Barat,Cikalongwetan,paud,69836381,SPS IKHSAN,KP. SIRNARAJA RT. 03 / 12,Mandalasari,SWASTA,https://referensi.data.kemendikdasmen.go.id/pendidikan/npsn/69836381
Kabupaten Bandung Barat,Cikalongwetan,paud,69933616,SPS KANZUL UMMAH,Kp. Tanjung Biru Rt.02 Rw.15,Mandalamukti,SWASTA,https://referensi.data.kemendikdasmen.go.id/pendidikan/npsn/69933616
Kabupaten Bandung Barat,Cikalongwetan,paud,69933618,SPS KHAERUNNISA,Kp. CIkalong Kolot Rt.02 Rw.08,Cikalong,SWASTA,https://referensi.data.kemendikdasmen.go.id/pendidikan/npsn/69933618
Kabupaten Bandung Barat,Cikalongwetan,paud,69836406,SPS MIFTAHUL HUDA,KP BOJONG RT. 02 / 11,Cikalong,SWASTA,https://referensi.data.kemendikdasmen.go.id/pendidikan/npsn/69836406
Kabupaten Bandung Barat,Cikalongwetan,paud,69935805,SPS MIFTAHUSSAADAH,Kp. CIanca Rt.02 Rw.08,Cisomang Barat,SWASTA,https://referensi.data.kemendikdasmen.go.id/pendidikan/npsn/69935805
Kabupaten Bandung Barat,Cikalongwetan,paud,69891602,SPS PAUD HIKMAH,Kp. Bobojong RT.02 RW.12,Kanangasari,SWASTA,https://referensi.data.kemendikdasmen.go.id/pendidikan/npsn/69891602
Kabupaten Bandung Barat,Cikalongwetan,paud,69836399,SPS SEKAR ARUM,Kp.Warung Domba RT O1 RW 03,Mandalamukti,SWASTA,https://referensi.data.kemendikdasmen.go.id/pendidikan/npsn/69836399
Kabupaten Bandung Barat,Cikalongwetan,paud,70052893,SPS TUNAS INSANI,Kp. Kadupugur RT.03 RW.11,Ganjarsari,SWASTA,https://referensi.data.kemendikdasmen.go.id/pendidikan/npsn/70052893
Kabupaten Bandung Barat,Cikalongwetan,paud,69836402,SPS TUNAS MEKAR,"GUDANG, RT. 04 / 04",Ciptagumati,SWASTA,https://referensi.data.kemendikdasmen.go.id/pendidikan/npsn/69836402
Kabupaten Bandung Barat,Cikalongwetan,paud,70042704,TK AL-HANIF,Kp. Warung Domba RT. 002 RW. 001,Mandalamukti,SWASTA,https://referensi.data.kemendikdasmen.go.id/pendidikan/npsn/70042704
Kabupaten Bandung Barat,Cikalongwetan,paud,70052890,TK Bella,Kp. Warungdomba RT.01 RW.05 Desa Mandalamukti,Mandalamukti,SWASTA,https://referensi.data.kemendikdasmen.go.id/pendidikan/npsn/70052890
Kabupaten Bandung Barat,Cikalongwetan,paud,20279842,TK MERAH PUTIH,KP. CIANCA RT.02 RW.07,Cisomang Barat,SWASTA,https://referensi.data.kemendikdasmen.go.id/pendidikan/npsn/20279842
Kabupaten Bandung Barat,Cikalongwetan,paud,20267512,TK PATIMAH,Jl. Raya Rende RT.04 RW.01,Rende,SWASTA,https://referensi.data.kemendikdasmen.go.id/pendidikan/npsn/20267512
Kabupaten Bandung Barat,Cikalongwetan,paud,20267520,TK PERTIWI,JL RAYA CIKALONG WETAN,Cikalong,SWASTA,https://referensi.data.kemendikdasmen.go.id/pendidikan/npsn/20267520
Kabupaten Bandung Barat,Cikalongwetan,paud,20267543,TK TUNAS KARYA MASWATI,PTPN VIII MASWATI,Kanangasari,SWASTA,https://referensi.data.kemendikdasmen.go.id/pendidikan/npsn/20267543
Kabupaten Bandung Barat,Cikalongwetan,paud,20267544,TK TUNAS KARYA PANGLEJAR,JL RAYA CIKALONG WETAN RT.01 RW.04,Cisomang Barat,SWASTA,https://referensi.data.kemendikdasmen.go.id/pendidikan/npsn/20267544
Kabupaten Bandung Barat,Cikalongwetan,paud,69836403,TUNAS HARAPAN,TAGOG RT. 02 / 03,Ciptagumati,SWASTA,https://referensi.data.kemendikdasmen.go.id/pendidikan/npsn/69836403
Kabupaten Bandung Barat,Cikalongwetan,paud,69836388,ULUL ALBAB,KP. KIARAPAYUNG RT. 02 / 03,Cipada,SWASTA,https://referensi.data.kemendikdasmen.go.id/pendidikan/npsn/69836388
Kabupaten Bandung Barat,Cikalongwetan,paud,69836052,USWATUN HASANAH,CIBITUNG RT. 01 / 06,Ganjarsari,SWASTA,https://referensi.data.kemendikdasmen.go.id/pendidikan/npsn/69836052
Kabupaten Bandung Barat,Cipeundeuy,paud,69836077,AL IKHSAN,BOJONG RT. 02 RW. 04,Bojongmekar,SWASTA,https://referensi.data.kemendikdasmen.go.id/pendidikan/npsn/69836077
Kabupaten Bandung Barat,Cipeundeuy,paud,69836091,AL-HIDAYAH,Cijati RT 02 RW 14,Jatimekar,SWASTA,https://referensi.data.kemendikdasmen.go.id/pendidikan/npsn/69836091
Kabupaten Bandung Barat,Cipeundeuy,paud,69836087,ANUGRAH,KP. CINANGKA RT. 01 RW. 09,Margalaksana,SWASTA,https://referensi.data.kemendikdasmen.go.id/pendidikan/npsn/69836087
Kabupaten Bandung Barat,Cipeundeuy,paud,69836421,BINA GUNA,JL. RAYA CIPEUNDEUY,Cipeundeuy,SWASTA,https://referensi.data.kemendikdasmen.go.id/pendidikan/npsn/69836421
Kabupaten Bandung Barat,Cipeundeuy,paud,69836079,HIKMAH,BOJONG RR. 02 RW. 01,Bojongmekar,SWASTA,https://referensi.data.kemendikdasmen.go.id/pendidikan/npsn/69836079
Kabupaten Bandung Barat,Cipeundeuy,paud,69932547,KB AL BAROKAH,Kp. Tugaran RT 02 RW 16,Nanggeleng,SWASTA,https://referensi.data.kemendikdasmen.go.id/pendidikan/npsn/69932547
Kabupaten Bandung Barat,Cipeundeuy,paud,69932551,KB AL FAATHIR,Kp. Legok Asem Rt.01/02,Sirnagalih,SWASTA,https://referensi.data.kemendikdasmen.go.id/pendidikan/npsn/69932551
Kabupaten Bandung Barat,Cipeundeuy,paud,69933615,KB AL MUBIN,Kp. Ciburial,Jatimekar,SWASTA,https://referensi.data.kemendikdasmen.go.id/pendidikan/npsn/69933615
Kabupaten Bandung Barat,Cipeundeuy,paud,69836066,KB AL-BAYAN,Kampung Pasir Ucing RT 01 Rw 15,Nanggeleng,SWASTA,https://referensi.data.kemendikdasmen.go.id/pendidikan/npsn/69836066
Kabupaten Bandung Barat,Cipeundeuy,paud,69836094,KB AL-MUTTAQIN,TUGU,Ciharashas,SWASTA,https://referensi.data.kemendikdasmen.go.id/pendidikan/npsn/69836094
Kabupaten Bandung Barat,Cipeundeuy,paud,69836092,KB AR-ROJA,KP.CIEUNDEUY RT04/RW006 DESA.SUKAHAJI KEC.CIPEUNDEUY KAB.BANDUNG BARAT,Sukahaji,SWASTA,https://referensi.data.kemendikdasmen.go.id/pendidikan/npsn/69836092
Kabupaten Bandung Barat,Cipeundeuy,paud,69836102,KB Assalafiyyah,Cibitung,Ciroyom,SWASTA,https://referensi.data.kemendikdasmen.go.id/pendidikan/npsn/69836102
Kabupaten Bandung Barat,Cipeundeuy,paud,69891549,KB AT-TAQWA,BLOK TALANG,Sirnagalih,SWASTA,https://referensi.data.kemendikdasmen.go.id/pendidikan/npsn/69891549
Kabupaten Bandung Barat,Cipeundeuy,paud,69836080,KB BINAKARYA,NYENANG,Nyenang,SWASTA,https://referensi.data.kemendikdasmen.go.id/pendidikan/npsn/69836080
Kabupaten Bandung Barat,Cipeundeuy,paud,69921204,KB CIWANGUN SEJAHTERA,Kp. Cisauheun RT.03 RW.03,Sukahaji,SWASTA,https://referensi.data.kemendikdasmen.go.id/pendidikan/npsn/69921204
Kabupaten Bandung Barat,Cipeundeuy,paud,69891542,KB DAARUL HUDA,CIKIRAY HILIR RT.O1 RW.14,Nanggeleng,SWASTA,https://referensi.data.kemendikdasmen.go.id/pendidikan/npsn/69891542
Kabupaten Bandung Barat,Cipeundeuy,paud,69836063,KB KHADIJAH,KP Babakan Cikiray RT 01 RW 13,Nanggeleng,SWASTA,https://referensi.data.kemendikdasmen.go.id/pendidikan/npsn/69836063
Kabupaten Bandung Barat,Cipeundeuy,paud,69836065,KB MIFTAHUL FALAH,JL. CIBUNTU/ KP CIBUNTU,Nanggeleng,SWASTA,https://referensi.data.kemendikdasmen.go.id/pendidikan/npsn/69836065
Kabupaten Bandung Barat,Cipeundeuy,paud,69891543,KB NURLATIFAH,Jl Sirnaraja/kp. Babakan Tapos Rt/Rw 04/03,Sirnaraja,SWASTA,https://referensi.data.kemendikdasmen.go.id/pendidikan/npsn/69891543
Kabupaten Bandung Barat,Cipeundeuy,paud,69836070,KB NURUSSAADAH,jl sirnaraja kp. cinta asih rt/rw 02/04,Sirnaraja,SWASTA,https://referensi.data.kemendikdasmen.go.id/pendidikan/npsn/69836070
Kabupaten Bandung Barat,Cipeundeuy,paud,69975575,KB RAWASARI,Kp. Cipongporang Rt 02/09 Ds. Nyenang,Nyenang,SWASTA,https://referensi.data.kemendikdasmen.go.id/pendidikan/npsn/69975575
Kabupaten Bandung Barat,Cipeundeuy,paud,69836096,KB TARBIYATUL AULAD,PLTA CIRATA/SUKABETAH,Ciharashas,SWASTA,https://referensi.data.kemendikdasmen.go.id/pendidikan/npsn/69836096
Kabupaten Bandung Barat,Cipeundeuy,paud,69836061,KB WINAYA GUNA,KP. CITEMBONG 001/013,Margaluyu,SWASTA,https://referensi.data.kemendikdasmen.go.id/pendidikan/npsn/69836061
Kabupaten Bandung Barat,Cipeundeuy,paud,69836064,KOBER AL IKHLAS,KP CIRAHAYU,Nanggeleng,SWASTA,https://referensi.data.kemendikdasmen.go.id/pendidikan/npsn/69836064
Kabupaten Bandung Barat,Cipeundeuy,paud,69836074,KOBER AL-GUFRON,Kp.Nagrak RT 02 RW 06,Sirnaraja,SWASTA,https://referensi.data.kemendikdasmen.go.id/pendidikan/npsn/69836074
Kabupaten Bandung Barat,Cipeundeuy,paud,69836082,KOBER AL-HUSNA,KP. MARGALUYU RT.01 RW 11,Cipeundeuy,SWASTA,https://referensi.data.kemendikdasmen.go.id/pendidikan/npsn/69836082
Kabupaten Bandung Barat,Cipeundeuy,paud,69836081,KOBER AL-JIHAD,KP.BANJAR SARI,Nyenang,SWASTA,https://referensi.data.kemendikdasmen.go.id/pendidikan/npsn/69836081
Kabupaten Bandung Barat,Cipeundeuy,paud,69836062,KOBER AL-MUKHTARIAH,KP. CIBUNGUR RT 02 RW 08,Margaluyu,SWASTA,https://referensi.data.kemendikdasmen.go.id/pendidikan/npsn/69836062
Kabupaten Bandung Barat,Cipeundeuy,paud,69891547,KOBER BHINEKA,KP.HEGARMANAH,Cipeundeuy,SWASTA,https://referensi.data.kemendikdasmen.go.id/pendidikan/npsn/69891547
Kabupaten Bandung Barat,Cipeundeuy,paud,69891548,KOBER MANDALA,JLN.RAYA CIROYOM CIPEUNDEUY,Ciroyom,SWASTA,https://referensi.data.kemendikdasmen.go.id/pendidikan/npsn/69891548
Kabupaten Bandung Barat,Cipeundeuy,paud,69836067,KOBER NURUL HIDAYAH,TAPOS RT/RW 04/01,Sirnaraja,SWASTA,https://referensi.data.kemendikdasmen.go.id/pendidikan/npsn/69836067
Kabupaten Bandung Barat,Cipeundeuy,paud,69836076,MIFTAHUL IMAN,CIJATI RT 03 RW 11,Jatimekar,SWASTA,https://referensi.data.kemendikdasmen.go.id/pendidikan/npsn/69836076
Kabupaten Bandung Barat,Cipeundeuy,paud,69836071,NURUL ALAM,SINDANG PALAY RT. 001 RW. 010,Sirnaraja,SWASTA,https://referensi.data.kemendikdasmen.go.id/pendidikan/npsn/69836071
Kabupaten Bandung Barat,Cipeundeuy,paud,69976169,NURUL FALAH CIBUNGUR,Kp. Cibungur RT.01 RW.07,Margaluyu,SWASTA,https://referensi.data.kemendikdasmen.go.id/pendidikan/npsn/69976169
Kabupaten Bandung Barat,Cipeundeuy,paud,69836075,NURUL HIKMAH,CILANGKAP,Jatimekar,SWASTA,https://referensi.data.kemendikdasmen.go.id/pendidikan/npsn/69836075
Kabupaten Bandung Barat,Cipeundeuy,paud,69836078,PAUD AL-ISTIKOMAH,Kampung Ciwaru Rt 03 Rw 08,Bojongmekar,SWASTA,https://referensi.data.kemendikdasmen.go.id/pendidikan/npsn/69836078
Kabupaten Bandung Barat,Cipeundeuy,paud,69836090,PAUD ALHIDAYAH,KP CIJAWA,Sukahaji,SWASTA,https://referensi.data.kemendikdasmen.go.id/pendidikan/npsn/69836090
Kabupaten Bandung Barat,Cipeundeuy,paud,70046061,PAUDQ AL-HIDAYAH,Kp. Cimenteng,Kec. Cipeundeuy,SWASTA,https://referensi.data.kemendikdasmen.go.id/pendidikan/npsn/70046061
Kabupaten Bandung Barat,Cipeundeuy,paud,70023869,PAUDQ. AL-FALAH CIRATA,KP. CIRATA RT. 002 RW. 001,Ciroyom,SWASTA,https://referensi.data.kemendikdasmen.go.id/pendidikan/npsn/70023869
Kabupaten Bandung Barat,Cipeundeuy,paud,70047960,PAUDQ. AL-HIDAYAH,KP. CIMENTENG RT 001 RW 015,Ciharashas,SWASTA,https://referensi.data.kemendikdasmen.go.id/pendidikan/npsn/70047960
Kabupaten Bandung Barat,Cipeundeuy,paud,70039446,PAUDQ. AL-MAWADDAH,JL. PERTIGAAN KE PLTA CIRATAKP. NAGROG NO.3,Cipeundeuy,SWASTA,https://referensi.data.kemendikdasmen.go.id/pendidikan/npsn/70039446
Kabupaten Bandung Barat,Cipeundeuy,paud,70023956,PAUDQ. AL-MUNAWAROH,KP. NAGRAK,Sirnaraja,SWASTA,https://referensi.data.kemendikdasmen.go.id/pendidikan/npsn/70023956
Kabupaten Bandung Barat,Cipeundeuy,paud,70039418,PAUDQ. AL-MUTTAQIN,KP. CIKUDA RT 001 RW 016 DESA CIPEUNDEUY,Cipeundeuy,SWASTA,https://referensi.data.kemendikdasmen.go.id/pendidikan/npsn/70039418
Kabupaten Bandung Barat,Cipeundeuy,paud,70039445,PAUDQ. SYARIF HIDAYATULLAH,KP. CARINGIN,Margalaksana,SWASTA,https://referensi.data.kemendikdasmen.go.id/pendidikan/npsn/70039445
Kabupaten Bandung Barat,Cipeundeuy,paud,70043821,PAUDQU SYARIF HIDAYATULLAH,KP. CARINGIN,Kec. Cipeundeuy,SWASTA,https://referensi.data.kemendikdasmen.go.id/pendidikan/npsn/70043821
Kabupaten Bandung Barat,Cipeundeuy,paud,69836419,PERMATA BUNDA,KP. CITEMBONG DESA MARGALUYU,Margaluyu,SWASTA,https://referensi.data.kemendikdasmen.go.id/pendidikan/npsn/69836419
Kabupaten Bandung Barat,Cipeundeuy,paud,69995629,RA AL-KAUTSAR FADILATURROHMAH,Kp. Cisauheun RT 04 RW 04,Sukahaji,SWASTA,https://referensi.data.kemendikdasmen.go.id/pendidikan/npsn/69995629
Kabupaten Bandung Barat,Cipeundeuy,paud,69993469,RA AL-MUBAROKAH CIJAGRA,Kp. Cijagra RT 15 RW 06,Ciroyom,SWASTA,https://referensi.data.kemendikdasmen.go.id/pendidikan/npsn/69993469
Kabupaten Bandung Barat,Cipeundeuy,paud,69738243,RA/BA/TA AL ASY`ARY,KP. CICARIU RT 19 RW 07,Kec. Cipeundeuy,SWASTA,https://referensi.data.kemendikdasmen.go.id/pendidikan/npsn/69738243
Kabupaten Bandung Barat,Cipeundeuy,paud,69738241,RA/BA/TA AL-FALAH,KP. SUKARENDAH RT 02 RW 06 DS. SIRNAGALIH,Kec. Cipeundeuy,SWASTA,https://referensi.data.kemendikdasmen.go.id/pendidikan/npsn/69738241
Kabupaten Bandung Barat,Cipeundeuy,paud,69738242,RA/BA/TA AL-HIKMAH,KP. NAGROG KULON RT 02 RW 13,Kec. Cipeundeuy,SWASTA,https://referensi.data.kemendikdasmen.go.id/pendidikan/npsn/69738242
Kabupaten Bandung Barat,Cipeundeuy,paud,69738244,RA/BA/TA DAARUL FIKRI,JL.PLTA-CIRATA KP.CININGGUL RT. 01/03 DS. CIHARASHAS KEC. CIPEUNDEUY KAB.BANDUNG,Sirnaraja,SWASTA,https://referensi.data.kemendikdasmen.go.id/pendidikan/npsn/69738244
Kabupaten Bandung Barat,Cipeundeuy,paud,69738245,RA/BA/TA MUHTARUL HUDA,KP. BABAKAN RT.02/04 DS. SIRNAGALIH KEC. CIPEUNDEUY,Kec. Cipeundeuy,SWASTA,https://referensi.data.kemendikdasmen.go.id/pendidikan/npsn/69738245
Kabupaten Bandung Barat,Cipeundeuy,paud,69738246,RA/BA/TA NOOR ABIYYI,KP. CIHARASHAS RT.03/04 DS. CIHARASHAS KECF. CIPEUNDEUY,Ciharashas,SWASTA,https://referensi.data.kemendikdasmen.go.id/pendidikan/npsn/69738246
Kabupaten Bandung Barat,Cipeundeuy,paud,69738247,RA/BA/TA NURUL AS-SYIFAA,KP. CIBODAS RT 27 RW 10,Kec. Cipeundeuy,SWASTA,https://referensi.data.kemendikdasmen.go.id/pendidikan/npsn/69738247
Kabupaten Bandung Barat,Cipeundeuy,paud,69738248,RA/BA/TA SABIILUNNAJA,JL. RAYA CIPEUNDEUY RT 01/XI DS. CIPEUNDEUY CIPEUNDEUY,Cipeundeuy,SWASTA,https://referensi.data.kemendikdasmen.go.id/pendidikan/npsn/69738248
Kabupaten Bandung Barat,Cipeundeuy,paud,69836084,SAMUDRA KIDS,LEBAK WISATA RW. 06,Cipeundeuy,SWASTA,https://referensi.data.kemendikdasmen.go.id/pendidikan/npsn/69836084
Kabupaten Bandung Barat,Cipeundeuy,paud,69891480,SATU ATAP SDN 2 CIJAWA,Jl. Sukahaji RT 01/ RW 01,Sukahaji,SWASTA,https://referensi.data.kemendikdasmen.go.id/pendidikan/npsn/69891480
Kabupaten Bandung Barat,Cipeundeuy,paud,69836422,SPS ALISTIQOMAH,CISALAK,Sirnagalih,SWASTA,https://referensi.data.kemendikdasmen.go.id/pendidikan/npsn/69836422
Kabupaten Bandung Barat,Cipeundeuy,paud,20267467,TK DEWI SARTIKA,JL NANGGELENG-SIRNARAJA KP. CINANGSI RW. 07 DESA NANGGELENG,Nanggeleng,SWASTA,https://referensi.data.kemendikdasmen.go.id/pendidikan/npsn/20267467
Kabupaten Bandung Barat,Cipeundeuy,paud,20267468,TK ELEKTRIKA,JL BASE CAMP CIRATA,Ciroyom,SWASTA,https://referensi.data.kemendikdasmen.go.id/pendidikan/npsn/20267468
Kabupaten Bandung Barat,Cipeundeuy,paud,69973660,TK KARYA ANUGRAH,KP CINANGKA RT.01 RW.09,Margalaksana,SWASTA,https://referensi.data.kemendikdasmen.go.id/pendidikan/npsn/69973660
Kabupaten Bandung Barat,Cipeundeuy,paud,20267519,TK PERTIWI,Jl. Raya Cipeundeuy Kampung Margaluyu RT.02 RW.11,Cipeundeuy,SWASTA,https://referensi.data.kemendikdasmen.go.id/pendidikan/npsn/20267519
Kabupaten Bandung Barat,Cipeundeuy,paud,69836083,TUNAS BANGSA,KP. CIPEUNDEUY,Cipeundeuy,SWASTA,https://referensi.data.kemendikdasmen.go.id/pendidikan/npsn/69836083
Kabupaten Bandung Barat,Saguling,paud,69888171,AN NUR CIKANDE,KP. CIKANDE RT. 02 / 07,BOJONG HALEUANG,SWASTA,https://referensi.data.kemendikdasmen.go.id/pendidikan/npsn/69888171
Kabupaten Bandung Barat,Saguling,paud,69976173,BANI RASYID AL-BADRIYAH,Kp. Ciranji RT 03/09,SAGULING,SWASTA,https://referensi.data.kemendikdasmen.go.id/pendidikan/npsn/69976173
Kabupaten Bandung Barat,Saguling,paud,69888179,KB MANDIRI,KP CIPEUTEUY RT 04/05,SAGULING,SWASTA,https://referensi.data.kemendikdasmen.go.id/pendidikan/npsn/69888179
Kabupaten Bandung Barat,Saguling,paud,69932931,KB TUNAS CENDIKIA,Kp. Cileueur RT.03/RW.05,CIKANDE,SWASTA,https://referensi.data.kemendikdasmen.go.id/pendidikan/npsn/69932931
Kabupaten Bandung Barat,Saguling,paud,69888174,KB TUNAS HARAPAN BANGSA,KP. CIMALANG RT. 03 RW. 04,GIRIMUKTI,SWASTA,https://referensi.data.kemendikdasmen.go.id/pendidikan/npsn/69888174
Kabupaten Bandung Barat,Saguling,paud,69888177,KB TUNAS HIDAYAH MUSTOFA,KP. JALUPANGKIDUL RT. 03 RW. 05,GIRIMUKTI,SWASTA,https://referensi.data.kemendikdasmen.go.id/pendidikan/npsn/69888177
Kabupaten Bandung Barat,Saguling,paud,70039416,PAUDQ. AL-HIDAYAH,KP. CICALENGKA,GIRIMUKTI,SWASTA,https://referensi.data.kemendikdasmen.go.id/pendidikan/npsn/70039416
Kabupaten Bandung Barat,Saguling,paud,69738113,RA Al-Azka,Kp. Cipeuteuy RT 02 RW 06,SAGULING,SWASTA,https://referensi.data.kemendikdasmen.go.id/pendidikan/npsn/69738113
Kabupaten Bandung Barat,Saguling,paud,69738119,RA An-Nur,Kp. Ciranji RT 03 RW 08,SAGULING,SWASTA,https://referensi.data.kemendikdasmen.go.id/pendidikan/npsn/69738119
Kabupaten Bandung Barat,Saguling,paud,69738137,RA Nurussa`adah Al-Musri`,Kp. Cikereti RT 12 RW 05,SAGULING,SWASTA,https://referensi.data.kemendikdasmen.go.id/pendidikan/npsn/69738137
Kabupaten Bandung Barat,Saguling,paud,69738138,RA Riyadlul Mubtadiin,KP. SINARMUKTI RT 02/02 DS. GIRIMUKTI BATUJAJAR,GIRIMUKTI,SWASTA,https://referensi.data.kemendikdasmen.go.id/pendidikan/npsn/69738138
Kabupaten Bandung Barat,Saguling,paud,69738139,RA Siti Khadijah 02,Kp. Jalupang RT 03 RW 03,GIRIMUKTI,SWASTA,https://referensi.data.kemendikdasmen.go.id/pendidikan/npsn/69738139
Kabupaten Bandung Barat,Saguling,paud,69738142,RA Thoriqul Huda,Kp. Cileueur RT 01 RW 08,CIKANDE,SWASTA,https://referensi.data.kemendikdasmen.go.id/pendidikan/npsn/69738142
Kabupaten Bandung Barat,Saguling,paud,69888184,SPS A-TAQWA,KP. LEUWEUNG DATAR RT.02 RW.06,BOJONG HALEUANG,SWASTA,https://referensi.data.kemendikdasmen.go.id/pendidikan/npsn/69888184
Kabupaten Bandung Barat,Saguling,paud,69891581,SPS AL AMIN,KP. CIPEUNDEUY RT. 02 / 04 DESA JATI,JATI,SWASTA,https://referensi.data.kemendikdasmen.go.id/pendidikan/npsn/69891581
Kabupaten Bandung Barat,Saguling,paud,69888185,SPS AL-INAYAH,KP. DUNGUS KALONG RT 01/07,GIRIMUKTI,SWASTA,https://referensi.data.kemendikdasmen.go.id/pendidikan/npsn/69888185
Kabupaten Bandung Barat,Saguling,paud,69985687,SPS AR RAHMA,"Kp. Cipicung RT 001 RW 004,",CIPANGERAN,SWASTA,https://referensi.data.kemendikdasmen.go.id/pendidikan/npsn/69985687
Kabupaten Bandung Barat,Saguling,paud,69888183,SPS AZ-ZAHRA,KP CILESANG RT 02/04,CIKANDE,SWASTA,https://referensi.data.kemendikdasmen.go.id/pendidikan/npsn/69888183
Kabupaten Bandung Barat,Saguling,paud,69891583,SPS BINANGKIT,KP BABAKAN KERSEN,SAGULING,SWASTA,https://referensi.data.kemendikdasmen.go.id/pendidikan/npsn/69891583
Kabupaten Bandung Barat,Saguling,paud,69888182,SPS CEMPAKA,KP. CIKANDE RT/RW 02/02,CIKANDE,SWASTA,https://referensi.data.kemendikdasmen.go.id/pendidikan/npsn/69888182
Kabupaten Bandung Barat,Saguling,paud,69888188,SPS DAHLIA,MEKAR SARI RT 01 RW 04,SAGULING,SWASTA,https://referensi.data.kemendikdasmen.go.id/pendidikan/npsn/69888188
Kabupaten Bandung Barat,Saguling,paud,69891582,SPS DAHLIA MEKAR,KP. NANGKOD RT 04 RW 03,JATI,SWASTA,https://referensi.data.kemendikdasmen.go.id/pendidikan/npsn/69891582
Kabupaten Bandung Barat,Saguling,paud,69888187,SPS MAWAR,KP. CIGEMPOL RT 02 RW 01,CIPANGERAN,SWASTA,https://referensi.data.kemendikdasmen.go.id/pendidikan/npsn/69888187
Kabupaten Bandung Barat,Saguling,paud,69932967,SPS MAWAR 3,Kp. Cilutung Rt.01 Rw.03 Ds. CIpangeran,CIPANGERAN,SWASTA,https://referensi.data.kemendikdasmen.go.id/pendidikan/npsn/69932967
Kabupaten Bandung Barat,Saguling,paud,69888186,SPS MAWAR PUTIH 3,KP. JALUPANG RT 01 RW 03,GIRIMUKTI,SWASTA,https://referensi.data.kemendikdasmen.go.id/pendidikan/npsn/69888186
Kabupaten Bandung Barat,Saguling,paud,69888191,SPS MAWAR PUTIH 8,KP WARUDOYONG,GIRIMUKTI,SWASTA,https://referensi.data.kemendikdasmen.go.id/pendidikan/npsn/69888191
Kabupaten Bandung Barat,Saguling,paud,69888190,SPS NURUL HUDA,KP. CISALAK RT. 03 RW. 05,JATI,SWASTA,https://referensi.data.kemendikdasmen.go.id/pendidikan/npsn/69888190
Kabupaten Bandung Barat,Saguling,paud,20267453,TK BINA INSANI,JL DAM SAGULING Ds. Saguling,SAGULING,SWASTA,https://referensi.data.kemendikdasmen.go.id/pendidikan/npsn/20267453
Kabupaten Bandung Barat,Saguling,paud,70035892,TK KARUNIA SEJATI,Kp. Cipeundeuy No.17 Rt.001 Rw.004,JATI,SWASTA,https://referensi.data.kemendikdasmen.go.id/pendidikan/npsn/70035892
